Periodo_Real,Año,Mes,Codigo_Plan_SAP,Programa,Facultad,Gestion,Modalidad_Agrupada,Concluyeron el Plan,Admitidos Matriculados,Nuevos Traslados,Nuevos Convalidados,Permanentes Continuos,Perm. Siempre (0m),Perm. 1mes,Permanentes Incontinuos,Reincorporados (6-12m),Reincorporados (>12m),Riesgo Deserción (1m),Riesgo Deserción (2m),Deserción Temprana (3-6m),Deserción Tardía (7-12m),Deserción Muy Tardía (>12m),Retenidos (1m),Matríc. regular a Distancia,Estudiantes matrí. TOTAL
2014-02,2014,Febrero,O07010902,MAESTRIA EN EDUCACIÓN CON MENCIÓN EN INFORMÁTICA Y TECNOLOGÍA EDUCATIVA,Otros,Sin Partner (Propio),Presencial Regular,0,1,0,0,0,0,0,0,0,0,0,0,0,0,0,0,1,1
2014-03,2014,Marzo,O07010902,MAESTRIA EN EDUCACIÓN CON MENCIÓN EN INFORMÁTICA Y TECNOLOGÍA EDUCATIVA,Otros,Sin Partner (Propio),Presencial Regular,0,0,0,0,1,1,0,0,0,0,0,0,0,0,0,1,1,1
2014-04,2014,N/A,O07010902,MAESTRIA EN EDUCACIÓN CON MENCIÓN EN INFORMÁTICA Y TECNOLOGÍA EDUCATIVA,Otros,Sin Partner (Propio),Presencial Regular,0,0,0,0,0,0,0,0,0,0,1,0,0,0,0,0,0,0
2014-05,2014,N/A,O07010902,MAESTRIA EN EDUCACIÓN CON MENCIÓN EN INFORMÁTICA Y TECNOLOGÍA EDUCATIVA,Otros,Sin Partner (Propio),Presencial Regular,0,0,0,0,0,0,0,0,0,0,0,1,0,0,0,0,0,0
2014-06,2014,N/A,O07010902,MAESTRIA EN EDUCACIÓN CON MENCIÓN EN INFORMÁTICA Y TECNOLOGÍA EDUCATIVA,Otros,Sin Partner (Propio),Presencial Regular,0,0,0,0,0,0,0,0,0,0,0,0,1,0,0,0,0,0
2014-07,2014,N/A,O07010902,MAESTRIA EN EDUCACIÓN CON MENCIÓN EN INFORMÁTICA Y TECNOLOGÍA EDUCATIVA,Otros,Sin Partner (Propio),Presencial Regular,0,0,0,0,0,0,0,0,0,0,0,0,1,0,0,0,0,0
2014-08,2014,Agosto,O07010902,MAESTRIA EN EDUCACIÓN CON MENCIÓN EN INFORMÁTICA Y TECNOLOGÍA EDUCATIVA,Otros,Sin Partner (Propio),Presencial Regular,0,1,0,0,0,0,0,0,0,0,0,0,1,0,0,0,1,1
2014-09,2014,Setiembre,O07010902,MAESTRIA EN EDUCACIÓN CON MENCIÓN EN INFORMÁTICA Y TECNOLOGÍA EDUCATIVA,Otros,Sin Partner (Propio),Presencial Regular,0,1,0,0,1,1,0,0,0,0,0,0,1,0,0,1,2,2
2014-10,2014,Octubre,O07010902,MAESTRIA EN EDUCACIÓN CON MENCIÓN EN INFORMÁTICA Y TECNOLOGÍA EDUCATIVA,Otros,Sin Partner (Propio),Presencial Regular,0,0,0,0,2,2,0,0,0,0,0,0,0,1,0,2,2,2
2014-11,2014,Noviembre,O07010902,MAESTRIA EN EDUCACIÓN CON MENCIÓN EN INFORMÁTICA Y TECNOLOGÍA EDUCATIVA,Otros,Sin Partner (Propio),Presencial Regular,0,0,0,0,1,1,0,0,0,0,1,0,0,1,0,1,1,1
2014-12,2014,Diciembre,O07010902,MAESTRIA EN EDUCACIÓN CON MENCIÓN EN INFORMÁTICA Y TECNOLOGÍA EDUCATIVA,Otros,Sin Partner (Propio),Presencial Regular,0,1,0,0,1,1,0,0,0,0,0,1,0,1,0,1,2,2
2015-01,2015,N/A,O07010902,MAESTRIA EN EDUCACIÓN CON MENCIÓN EN INFORMÁTICA Y TECNOLOGÍA EDUCATIVA,Otros,Sin Partner (Propio),Presencial Regular,0,0,0,0,0,0,0,0,0,0,2,0,1,1,0,0,0,0
2015-02,2015,Febrero,O07010902,MAESTRIA EN EDUCACIÓN CON MENCIÓN EN INFORMÁTICA Y TECNOLOGÍA EDUCATIVA,Otros,Sin Partner (Propio),Presencial Regular,0,0,0,0,1,0,1,0,0,0,0,1,1,1,0,1,1,1
2015-03,2015,Marzo,O07010902,MAESTRIA EN EDUCACIÓN CON MENCIÓN EN INFORMÁTICA Y TECNOLOGÍA EDUCATIVA,Otros,Sin Partner (Propio),Presencial Regular,0,3,0,0,1,1,0,0,0,0,0,0,2,1,0,1,4,4
2015-04,2015,Abril,O07010902,MAESTRIA EN EDUCACIÓN CON MENCIÓN EN INFORMÁTICA Y TECNOLOGÍA EDUCATIVA,Otros,Sin Partner (Propio),Presencial Regular,0,4,0,0,2,2,0,0,0,0,2,0,2,0,1,2,6,6
2015-05,2015,Mayo,O07010902,MAESTRIA EN EDUCACIÓN CON MENCIÓN EN INFORMÁTICA Y TECNOLOGÍA EDUCATIVA,Otros,Sin Partner (Propio),Presencial Regular,0,13,0,0,0,0,0,0,0,0,6,2,1,1,1,0,13,13
2015-06,2015,Junio,O07010902,MAESTRIA EN EDUCACIÓN CON MENCIÓN EN INFORMÁTICA Y TECNOLOGÍA EDUCATIVA,Otros,Sin Partner (Propio),Presencial Regular,0,8,0,0,12,8,4,0,0,0,5,2,3,1,1,12,20,20
2015-07,2015,Julio,O07010902,MAESTRIA EN EDUCACIÓN CON MENCIÓN EN INFORMÁTICA Y TECNOLOGÍA EDUCATIVA,Otros,Sin Partner (Propio),Presencial Regular,0,9,0,0,17,17,0,0,0,0,3,5,4,2,1,17,26,26
2015-08,2015,Agosto,O07010902,MAESTRIA EN EDUCACIÓN CON MENCIÓN EN INFORMÁTICA Y TECNOLOGÍA EDUCATIVA,Otros,Sin Partner (Propio),Presencial Regular,0,8,0,0,24,23,1,0,0,0,3,2,9,2,1,24,32,32
2015-09,2015,Setiembre,O07010902,MAESTRIA EN EDUCACIÓN CON MENCIÓN EN INFORMÁTICA Y TECNOLOGÍA EDUCATIVA,Otros,Sin Partner (Propio),Presencial Regular,0,10,0,0,30,29,1,0,0,0,3,2,11,2,1,30,40,40
2015-10,2015,Octubre,O07010902,MAESTRIA EN EDUCACIÓN CON MENCIÓN EN INFORMÁTICA Y TECNOLOGÍA EDUCATIVA,Otros,Sin Partner (Propio),Presencial Regular,0,10,0,1,26,26,0,0,0,0,14,3,11,4,1,26,36,36
2015-11,2015,Noviembre,O07010902,MAESTRIA EN EDUCACIÓN CON MENCIÓN EN INFORMÁTICA Y TECNOLOGÍA EDUCATIVA,Otros,Sin Partner (Propio),Presencial Regular,0,5,0,0,45,35,10,0,0,0,1,4,12,5,2,45,50,50
2015-12,2015,Diciembre,O07010902,MAESTRIA EN EDUCACIÓN CON MENCIÓN EN INFORMÁTICA Y TECNOLOGÍA EDUCATIVA,Otros,Sin Partner (Propio),Presencial Regular,0,10,0,0,39,38,1,0,0,0,12,0,11,10,2,39,49,49
2016-01,2016,Enero,O07010902,MAESTRIA EN EDUCACIÓN CON MENCIÓN EN INFORMÁTICA Y TECNOLOGÍA EDUCATIVA,Otros,Sin Partner (Propio),Presencial Regular,2,8,0,0,47,42,5,2,0,0,5,7,7,11,3,47,56,59
2016-02,2016,Febrero,O07010902,MAESTRIA EN EDUCACIÓN CON MENCIÓN EN INFORMÁTICA Y TECNOLOGÍA EDUCATIVA,Otros,Sin Partner (Propio),Presencial Regular,1,15,3,0,37,37,0,2,1,0,19,5,10,12,3,37,56,56
2016-03,2016,Marzo,O07010902,MAESTRIA EN EDUCACIÓN CON MENCIÓN EN INFORMÁTICA Y TECNOLOGÍA EDUCATIVA,Otros,Sin Partner (Propio),Presencial Regular,0,21,0,0,49,42,7,1,0,0,13,12,12,14,3,49,71,71
2016-04,2016,Abril,O07010902,MAESTRIA EN EDUCACIÓN CON MENCIÓN EN INFORMÁTICA Y TECNOLOGÍA EDUCATIVA,Otros,Sin Partner (Propio),Presencial Regular,1,8,0,0,64,59,5,3,0,0,12,8,17,15,5,64,69,76
2016-05,2016,Mayo,O07010902,MAESTRIA EN EDUCACIÓN CON MENCIÓN EN INFORMÁTICA Y TECNOLOGÍA EDUCATIVA,Otros,Sin Partner (Propio),Presencial Regular,3,10,0,0,62,58,4,1,0,0,17,8,21,13,7,62,76,76
2016-06,2016,Junio,O07010902,MAESTRIA EN EDUCACIÓN CON MENCIÓN EN INFORMÁTICA Y TECNOLOGÍA EDUCATIVA,Otros,Sin Partner (Propio),Presencial Regular,3,12,0,0,43,36,7,1,1,0,34,10,24,11,12,43,60,60
2016-07,2016,Julio,O07010902,MAESTRIA EN EDUCACIÓN CON MENCIÓN EN INFORMÁTICA Y TECNOLOGÍA EDUCATIVA,Otros,Sin Partner (Propio),Presencial Regular,5,6,0,0,66,46,20,3,0,0,9,13,26,13,13,66,78,80
2016-08,2016,Agosto,O07010902,MAESTRIA EN EDUCACIÓN CON MENCIÓN EN INFORMÁTICA Y TECNOLOGÍA EDUCATIVA,Otros,Sin Partner (Propio),Presencial Regular,4,12,0,0,68,63,5,6,0,1,8,4,25,19,14,68,87,91
2016-09,2016,Setiembre,O07010902,MAESTRIA EN EDUCACIÓN CON MENCIÓN EN INFORMÁTICA Y TECNOLOGÍA EDUCATIVA,Otros,Sin Partner (Propio),Presencial Regular,2,8,0,0,65,63,2,3,1,0,23,5,20,22,16,65,79,79
2016-10,2016,Octubre,O07010902,MAESTRIA EN EDUCACIÓN CON MENCIÓN EN INFORMÁTICA Y TECNOLOGÍA EDUCATIVA,Otros,Sin Partner (Propio),Presencial Regular,7,4,0,0,70,59,11,2,1,0,15,9,16,24,19,70,77,84
2016-11,2016,Noviembre,O07010902,MAESTRIA EN EDUCACIÓN CON MENCIÓN EN INFORMÁTICA Y TECNOLOGÍA EDUCATIVA,Otros,Sin Partner (Propio),Presencial Regular,0,4,0,0,56,49,7,6,0,0,28,8,15,28,19,56,66,66
2016-12,2016,Diciembre,O07010902,MAESTRIA EN EDUCACIÓN CON MENCIÓN EN INFORMÁTICA Y TECNOLOGÍA EDUCATIVA,Otros,Sin Partner (Propio),Presencial Regular,12,3,0,0,63,48,15,9,0,0,15,6,9,28,22,63,83,87
2017-01,2017,Enero,O07010902,MAESTRIA EN EDUCACIÓN CON MENCIÓN EN INFORMÁTICA Y TECNOLOGÍA EDUCATIVA,Otros,Sin Partner (Propio),Presencial Regular,10,4,0,0,63,53,10,5,1,0,14,4,7,27,24,63,75,83
2017-02,2017,Febrero,O07010902,MAESTRIA EN EDUCACIÓN CON MENCIÓN EN INFORMÁTICA Y TECNOLOGÍA EDUCATIVA,Otros,Sin Partner (Propio),Presencial Regular,0,14,0,0,50,45,5,3,0,0,28,9,8,21,30,50,67,67
2017-03,2017,Marzo,O07010902,MAESTRIA EN EDUCACIÓN CON MENCIÓN EN INFORMÁTICA Y TECNOLOGÍA EDUCATIVA,Otros,Sin Partner (Propio),Presencial Regular,7,14,0,0,63,51,12,5,0,0,14,12,9,17,36,63,78,89
2017-04,2017,Abril,O07010902,MAESTRIA EN EDUCACIÓN CON MENCIÓN EN INFORMÁTICA Y TECNOLOGÍA EDUCATIVA,Otros,Sin Partner (Propio),Presencial Regular,9,7,0,0,54,48,6,3,0,1,25,8,18,11,41,54,65,74
2017-05,2017,Mayo,O07010902,MAESTRIA EN EDUCACIÓN CON MENCIÓN EN INFORMÁTICA Y TECNOLOGÍA EDUCATIVA,Otros,Sin Partner (Propio),Presencial Regular,8,10,0,0,41,35,6,2,0,0,24,18,21,9,45,41,55,61
2017-06,2017,Junio,O07010902,MAESTRIA EN EDUCACIÓN CON MENCIÓN EN INFORMÁTICA Y TECNOLOGÍA EDUCATIVA,Otros,Sin Partner (Propio),Presencial Regular,2,5,0,0,48,33,15,8,0,0,19,8,28,9,48,48,60,63
2017-07,2017,Julio,O07010902,MAESTRIA EN EDUCACIÓN CON MENCIÓN EN INFORMÁTICA Y TECNOLOGÍA EDUCATIVA,Otros,Sin Partner (Propio),Presencial Regular,5,9,0,0,52,42,10,5,0,0,18,6,29,9,49,52,67,71
2017-08,2017,Agosto,O07010902,MAESTRIA EN EDUCACIÓN CON MENCIÓN EN INFORMÁTICA Y TECNOLOGÍA EDUCATIVA,Otros,Sin Partner (Propio),Presencial Regular,4,5,0,0,62,54,8,7,1,1,10,8,21,15,48,62,80,80
2017-09,2017,Setiembre,O07010902,MAESTRIA EN EDUCACIÓN CON MENCIÓN EN INFORMÁTICA Y TECNOLOGÍA EDUCATIVA,Otros,Sin Partner (Propio),Presencial Regular,2,5,0,0,55,50,5,9,0,0,24,5,18,15,50,55,51,71
2017-10,2017,Octubre,O07010902,MAESTRIA EN EDUCACIÓN CON MENCIÓN EN INFORMÁTICA Y TECNOLOGÍA EDUCATIVA,Otros,Sin Partner (Propio),Presencial Regular,3,8,0,0,62,51,11,0,2,0,17,13,14,20,50,62,75,75
2017-11,2017,Noviembre,O07010902,MAESTRIA EN EDUCACIÓN CON MENCIÓN EN INFORMÁTICA Y TECNOLOGÍA EDUCATIVA,Otros,Sin Partner (Propio),Presencial Regular,2,5,0,0,63,59,4,4,1,0,12,13,18,21,52,63,72,75
2017-12,2017,Diciembre,O07010902,MAESTRIA EN EDUCACIÓN CON MENCIÓN EN INFORMÁTICA Y TECNOLOGÍA EDUCATIVA,Otros,Sin Partner (Propio),Presencial Regular,7,1,0,0,52,51,1,5,0,1,16,10,26,18,54,52,66,66
2018-01,2018,Enero,O07010902,MAESTRIA EN EDUCACIÓN CON MENCIÓN EN INFORMÁTICA Y TECNOLOGÍA EDUCATIVA,Otros,Sin Partner (Propio),Presencial Regular,4,7,0,0,44,37,7,7,2,0,21,7,25,18,55,44,43,64
2018-02,2018,Febrero,O07010902,MAESTRIA EN EDUCACIÓN CON MENCIÓN EN INFORMÁTICA Y TECNOLOGÍA EDUCATIVA,Otros,Sin Partner (Propio),Presencial Regular,4,7,0,1,50,45,5,7,0,0,14,13,22,17,59,50,68,68
2018-03,2018,Marzo,O07010902,MAESTRIA EN EDUCACIÓN CON MENCIÓN EN INFORMÁTICA Y TECNOLOGÍA EDUCATIVA,Otros,Sin Partner (Propio),Presencial Regular,3,12,0,0,49,43,6,8,1,0,18,8,19,22,61,49,73,73
2018-04,2018,Abril,O07010902,MAESTRIA EN EDUCACIÓN CON MENCIÓN EN INFORMÁTICA Y TECNOLOGÍA EDUCATIVA,Otros,Sin Partner (Propio),Presencial Regular,9,10,0,0,65,56,9,6,1,0,8,7,19,16,67,65,72,91
2018-05,2018,Mayo,O07010902,MAESTRIA EN EDUCACIÓN CON MENCIÓN EN INFORMÁTICA Y TECNOLOGÍA EDUCATIVA,Otros,Sin Partner (Propio),Presencial Regular,3,5,0,0,64,61,3,4,1,0,21,5,18,13,70,64,77,77
2018-06,2018,Junio,O07010902,MAESTRIA EN EDUCACIÓN CON MENCIÓN EN INFORMÁTICA Y TECNOLOGÍA EDUCATIVA,Otros,Sin Partner (Propio),Presencial Regular,5,9,0,0,68,60,8,3,0,0,12,10,19,14,70,68,85,85
2018-07,2018,Julio,O07010902,MAESTRIA EN EDUCACIÓN CON MENCIÓN EN INFORMÁTICA Y TECNOLOGÍA EDUCATIVA,Otros,Sin Partner (Propio),Presencial Regular,5,6,0,0,63,59,4,1,0,0,20,7,18,19,72,63,58,75
2018-08,2018,Agosto,O07010902,MAESTRIA EN EDUCACIÓN CON MENCIÓN EN INFORMÁTICA Y TECNOLOGÍA EDUCATIVA,Otros,Sin Partner (Propio),Presencial Regular,5,10,0,0,60,52,8,4,0,1,16,11,17,19,73,60,80,80
2018-09,2018,Setiembre,O07010902,MAESTRIA EN EDUCACIÓN CON MENCIÓN EN INFORMÁTICA Y TECNOLOGÍA EDUCATIVA,Otros,Sin Partner (Propio),Presencial Regular,5,9,0,0,61,54,7,4,2,1,21,8,19,13,77,61,82,82
2018-10,2018,Octubre,O07010902,MAESTRIA EN EDUCACIÓN CON MENCIÓN EN INFORMÁTICA Y TECNOLOGÍA EDUCATIVA,Otros,Sin Partner (Propio),Presencial Regular,6,5,0,0,67,59,8,2,0,0,15,13,20,13,79,67,80,80
2018-11,2018,Noviembre,O07010902,MAESTRIA EN EDUCACIÓN CON MENCIÓN EN INFORMÁTICA Y TECNOLOGÍA EDUCATIVA,Otros,Sin Partner (Propio),Presencial Regular,7,7,0,0,62,57,5,3,1,1,14,9,21,17,79,62,59,81
2018-12,2018,Diciembre,O07010902,MAESTRIA EN EDUCACIÓN CON MENCIÓN EN INFORMÁTICA Y TECNOLOGÍA EDUCATIVA,Otros,Sin Partner (Propio),Presencial Regular,5,4,0,0,58,56,2,3,0,0,16,11,22,19,80,58,70,70
2019-01,2019,Enero,O07010902,MAESTRIA EN EDUCACIÓN CON MENCIÓN EN INFORMÁTICA Y TECNOLOGÍA EDUCATIVA,Otros,Sin Partner (Propio),Presencial Regular,8,13,0,0,46,42,4,13,2,0,16,11,16,17,84,46,82,82
2019-02,2019,Febrero,O07010902,MAESTRIA EN EDUCACIÓN CON MENCIÓN EN INFORMÁTICA Y TECNOLOGÍA EDUCATIVA,Otros,Sin Partner (Propio),Presencial Regular,4,16,0,0,61,57,4,0,1,2,15,10,25,17,83,61,71,84
2019-03,2019,Marzo,O07010902,MAESTRIA EN EDUCACIÓN CON MENCIÓN EN INFORMÁTICA Y TECNOLOGÍA EDUCATIVA,Otros,Sin Partner (Propio),Presencial Regular,12,11,0,0,68,65,3,3,2,1,8,12,21,19,84,68,97,97
2019-04,2019,Abril,O07010902,MAESTRIA EN EDUCACIÓN CON MENCIÓN EN INFORMÁTICA Y TECNOLOGÍA EDUCATIVA,Otros,Sin Partner (Propio),Presencial Regular,5,18,0,0,65,64,1,0,2,1,20,7,25,19,85,65,91,91
2019-05,2019,Mayo,O07010902,MAESTRIA EN EDUCACIÓN CON MENCIÓN EN INFORMÁTICA Y TECNOLOGÍA EDUCATIVA,Otros,Sin Partner (Propio),Presencial Regular,8,12,0,0,75,71,4,2,1,0,12,13,25,16,90,75,94,98
2019-06,2019,Junio,O07010902,MAESTRIA EN EDUCACIÓN CON MENCIÓN EN INFORMÁTICA Y TECNOLOGÍA EDUCATIVA,Otros,Sin Partner (Propio),Presencial Regular,5,5,0,0,77,74,3,3,0,0,12,9,26,21,93,77,84,90
2019-07,2019,Julio,O07010902,MAESTRIA EN EDUCACIÓN CON MENCIÓN EN INFORMÁTICA Y TECNOLOGÍA EDUCATIVA,Otros,Sin Partner (Propio),Presencial Regular,1,9,0,0,76,75,1,3,0,3,10,10,27,23,93,76,87,92
2019-08,2019,Agosto,O07010902,MAESTRIA EN EDUCACIÓN CON MENCIÓN EN INFORMÁTICA Y TECNOLOGÍA EDUCATIVA,Otros,Sin Partner (Propio),Presencial Regular,14,10,0,0,85,78,7,3,2,0,9,2,23,23,93,85,111,114
2019-09,2019,Setiembre,O07010902,MAESTRIA EN EDUCACIÓN CON MENCIÓN EN INFORMÁTICA Y TECNOLOGÍA EDUCATIVA,Otros,Sin Partner (Propio),Presencial Regular,3,7,0,0,93,91,2,0,0,0,8,7,19,23,97,93,100,103
2019-10,2019,Octubre,O07010902,MAESTRIA EN EDUCACIÓN CON MENCIÓN EN INFORMÁTICA Y TECNOLOGÍA EDUCATIVA,Otros,Sin Partner (Propio),Presencial Regular,9,10,0,2,79,77,2,2,0,1,15,6,18,26,98,79,100,101
2019-11,2019,Noviembre,O07010902,MAESTRIA EN EDUCACIÓN CON MENCIÓN EN INFORMÁTICA Y TECNOLOGÍA EDUCATIVA,Otros,Sin Partner (Propio),Presencial Regular,6,7,0,0,84,76,8,1,0,0,13,5,16,31,99,84,88,98
2019-12,2019,Diciembre,O07010902,MAESTRIA EN EDUCACIÓN CON MENCIÓN EN INFORMÁTICA Y TECNOLOGÍA EDUCATIVA,Otros,Sin Partner (Propio),Presencial Regular,4,8,0,0,75,69,6,2,1,1,21,6,15,28,103,75,79,91
2020-01,2020,Enero,O07010902,MAESTRIA EN EDUCACIÓN CON MENCIÓN EN INFORMÁTICA Y TECNOLOGÍA EDUCATIVA,Otros,Sin Partner (Propio),Presencial Regular,3,12,0,0,78,71,7,2,0,0,15,13,16,25,108,78,89,95
2020-02,2020,Febrero,O07010902,MAESTRIA EN EDUCACIÓN CON MENCIÓN EN INFORMÁTICA Y TECNOLOGÍA EDUCATIVA,Otros,Sin Partner (Propio),Presencial Regular,1,16,0,0,75,71,4,5,0,1,21,10,19,24,113,75,88,98
2020-03,2020,Marzo,O07010902,MAESTRIA EN EDUCACIÓN CON MENCIÓN EN INFORMÁTICA Y TECNOLOGÍA EDUCATIVA,Otros,Sin Partner (Propio),Presencial Regular,2,13,0,0,86,73,13,4,0,0,23,8,23,21,117,86,99,105
2020-04,2020,Abril,O07010902,MAESTRIA EN EDUCACIÓN CON MENCIÓN EN INFORMÁTICA Y TECNOLOGÍA EDUCATIVA,Otros,Sin Partner (Propio),Presencial Regular,16,9,0,1,80,74,6,4,0,0,24,11,21,18,121,80,109,109
2020-05,2020,Mayo,O07010902,MAESTRIA EN EDUCACIÓN CON MENCIÓN EN INFORMÁTICA Y TECNOLOGÍA EDUCATIVA,Otros,Sin Partner (Propio),Presencial Regular,4,6,0,0,77,71,6,2,2,1,18,18,26,15,125,77,92,92
2020-06,2020,Junio,O07010902,MAESTRIA EN EDUCACIÓN CON MENCIÓN EN INFORMÁTICA Y TECNOLOGÍA EDUCATIVA,Otros,Sin Partner (Propio),Presencial Regular,2,10,0,0,79,73,6,5,2,1,15,11,32,15,128,79,96,99
2020-07,2020,Julio,O07010902,MAESTRIA EN EDUCACIÓN CON MENCIÓN EN INFORMÁTICA Y TECNOLOGÍA EDUCATIVA,Otros,Sin Partner (Propio),Presencial Regular,17,10,0,0,89,85,4,13,0,1,11,7,12,20,128,89,130,130
2020-08,2020,Agosto,O07010902,MAESTRIA EN EDUCACIÓN CON MENCIÓN EN INFORMÁTICA Y TECNOLOGÍA EDUCATIVA,Otros,Sin Partner (Propio),Presencial Regular,10,9,0,0,93,88,5,0,2,0,16,6,17,15,132,93,103,114
2020-09,2020,Setiembre,O07010902,MAESTRIA EN EDUCACIÓN CON MENCIÓN EN INFORMÁTICA Y TECNOLOGÍA EDUCATIVA,Otros,Sin Partner (Propio),Presencial Regular,6,10,0,1,70,66,4,3,2,1,37,8,15,16,132,70,92,92
2020-10,2020,Octubre,O07010902,MAESTRIA EN EDUCACIÓN CON MENCIÓN EN INFORMÁTICA Y TECNOLOGÍA EDUCATIVA,Otros,Sin Partner (Propio),Presencial Regular,12,6,0,0,93,72,21,2,0,1,12,7,15,20,132,93,111,114
2020-11,2020,Noviembre,O07010902,MAESTRIA EN EDUCACIÓN CON MENCIÓN EN INFORMÁTICA Y TECNOLOGÍA EDUCATIVA,Otros,Sin Partner (Propio),Presencial Regular,5,3,0,0,77,76,1,4,1,0,24,9,17,16,135,77,90,90
2020-12,2020,Diciembre,O07010902,MAESTRIA EN EDUCACIÓN CON MENCIÓN EN INFORMÁTICA Y TECNOLOGÍA EDUCATIVA,Otros,Sin Partner (Propio),Presencial Regular,12,7,1,0,79,71,8,3,0,0,9,10,16,20,137,79,88,101
2021-01,2021,Enero,O07010902,MAESTRIA EN EDUCACIÓN CON MENCIÓN EN INFORMÁTICA Y TECNOLOGÍA EDUCATIVA,Otros,Sin Partner (Propio),Presencial Regular,0,14,0,0,67,65,2,7,0,1,24,7,17,17,141,67,89,89
2021-02,2021,Febrero,O07010902,MAESTRIA EN EDUCACIÓN CON MENCIÓN EN INFORMÁTICA Y TECNOLOGÍA EDUCATIVA,Otros,Sin Partner (Propio),Presencial Regular,14,10,0,0,85,74,11,3,1,1,11,5,15,20,140,85,104,114
2021-03,2021,Marzo,O07010902,MAESTRIA EN EDUCACIÓN CON MENCIÓN EN INFORMÁTICA Y TECNOLOGÍA EDUCATIVA,Otros,Sin Partner (Propio),Presencial Regular,4,12,0,0,74,72,2,4,3,1,24,9,15,14,143,74,98,98
2021-04,2021,Abril,O07010902,MAESTRIA EN EDUCACIÓN CON MENCIÓN EN INFORMÁTICA Y TECNOLOGÍA EDUCATIVA,Otros,Sin Partner (Propio),Presencial Regular,13,9,0,0,87,79,8,5,0,1,11,7,16,13,146,87,101,115
2021-05,2021,Mayo,O07010902,MAESTRIA EN EDUCACIÓN CON MENCIÓN EN INFORMÁTICA Y TECNOLOGÍA EDUCATIVA,Otros,Sin Partner (Propio),Presencial Regular,0,16,0,2,78,76,2,0,1,0,26,9,20,15,146,78,95,95
2021-06,2021,Junio,O07010902,MAESTRIA EN EDUCACIÓN CON MENCIÓN EN INFORMÁTICA Y TECNOLOGÍA EDUCATIVA,Otros,Sin Partner (Propio),Presencial Regular,13,12,0,0,86,81,5,5,0,0,12,11,20,15,149,86,103,116
2021-07,2021,Julio,O07010902,MAESTRIA EN EDUCACIÓN CON MENCIÓN EN INFORMÁTICA Y TECNOLOGÍA EDUCATIVA,Otros,Sin Partner (Propio),Presencial Regular,2,3,0,0,82,81,1,0,1,0,21,11,26,16,151,82,88,88
2021-08,2021,Agosto,O07010902,MAESTRIA EN EDUCACIÓN CON MENCIÓN EN INFORMÁTICA Y TECNOLOGÍA EDUCATIVA,Otros,Sin Partner (Propio),Presencial Regular,8,6,0,0,91,82,9,6,0,0,2,8,24,17,155,91,100,111
2021-09,2021,Setiembre,O07010902,MAESTRIA EN EDUCACIÓN CON MENCIÓN EN INFORMÁTICA Y TECNOLOGÍA EDUCATIVA,Otros,Sin Partner (Propio),Presencial Regular,1,4,0,0,75,75,0,3,1,0,27,2,24,20,156,75,84,84
2021-10,2021,Octubre,O07010902,MAESTRIA EN EDUCACIÓN CON MENCIÓN EN INFORMÁTICA Y TECNOLOGÍA EDUCATIVA,Otros,Sin Partner (Propio),Presencial Regular,13,8,0,0,79,71,8,3,2,1,9,11,18,18,158,79,94,106
2021-11,2021,Noviembre,O07010902,MAESTRIA EN EDUCACIÓN CON MENCIÓN EN INFORMÁTICA Y TECNOLOGÍA EDUCATIVA,Otros,Sin Partner (Propio),Presencial Regular,0,3,0,0,69,64,5,4,1,1,29,4,20,20,159,69,78,78
2021-12,2021,Diciembre,O07010902,MAESTRIA EN EDUCACIÓN CON MENCIÓN EN INFORMÁTICA Y TECNOLOGÍA EDUCATIVA,Otros,Sin Partner (Propio),Presencial Regular,18,6,0,0,61,52,9,1,1,0,20,9,15,24,161,61,68,87
2022-01,2022,Enero,O07010902,MAESTRIA EN EDUCACIÓN CON MENCIÓN EN INFORMÁTICA Y TECNOLOGÍA EDUCATIVA,Otros,Sin Partner (Propio),Presencial Regular,3,5,0,0,60,52,8,3,1,0,16,12,19,22,162,60,72,72
2022-02,2022,Febrero,O07010902,MAESTRIA EN EDUCACIÓN CON MENCIÓN EN INFORMÁTICA Y TECNOLOGÍA EDUCATIVA,Otros,Sin Partner (Propio),Presencial Regular,4,8,0,0,62,55,7,9,1,0,13,6,20,18,167,62,78,84
2022-03,2022,Marzo,O07010902,MAESTRIA EN EDUCACIÓN CON MENCIÓN EN INFORMÁTICA Y TECNOLOGÍA EDUCATIVA,Otros,Sin Partner (Propio),Presencial Regular,1,8,0,0,52,49,3,3,3,0,31,10,16,19,169,52,67,67
2022-04,2022,Abril,O07010902,MAESTRIA EN EDUCACIÓN CON MENCIÓN EN INFORMÁTICA Y TECNOLOGÍA EDUCATIVA,Otros,Sin Partner (Propio),Presencial Regular,17,6,0,0,60,51,9,1,0,1,11,9,24,17,171,60,71,85
2022-05,2022,Mayo,O07010902,MAESTRIA EN EDUCACIÓN CON MENCIÓN EN INFORMÁTICA Y TECNOLOGÍA EDUCATIVA,Otros,Sin Partner (Propio),Presencial Regular,0,10,0,0,47,47,0,2,0,0,21,11,27,18,174,47,59,59
2022-06,2022,Junio,O07010902,MAESTRIA EN EDUCACIÓN CON MENCIÓN EN INFORMÁTICA Y TECNOLOGÍA EDUCATIVA,Otros,Sin Partner (Propio),Presencial Regular,8,4,0,0,59,52,7,6,0,1,7,8,23,18,180,59,69,78
2022-07,2022,Julio,O07010902,MAESTRIA EN EDUCACIÓN CON MENCIÓN EN INFORMÁTICA Y TECNOLOGÍA EDUCATIVA,Otros,Sin Partner (Propio),Presencial Regular,11,4,0,0,48,46,2,1,0,0,15,5,26,19,181,48,55,64
2022-08,2022,Agosto,O07010902,MAESTRIA EN EDUCACIÓN CON MENCIÓN EN INFORMÁTICA Y TECNOLOGÍA EDUCATIVA,Otros,Sin Partner (Propio),Presencial Regular,1,8,0,1,57,50,7,5,0,0,3,8,20,24,181,57,70,71
2022-09,2022,Setiembre,O07010902,MAESTRIA EN EDUCACIÓN CON MENCIÓN EN INFORMÁTICA Y TECNOLOGÍA EDUCATIVA,Otros,Sin Partner (Propio),Presencial Regular,0,10,0,1,47,46,1,1,1,1,24,2,22,23,185,47,60,60
2022-10,2022,Octubre,O07010902,MAESTRIA EN EDUCACIÓN CON MENCIÓN EN INFORMÁTICA Y TECNOLOGÍA EDUCATIVA,Otros,Sin Partner (Propio),Presencial Regular,3,0,0,0,59,50,9,2,0,0,10,13,15,28,186,59,60,64
2022-11,2022,Noviembre,O07010902,MAESTRIA EN EDUCACIÓN CON MENCIÓN EN INFORMÁTICA Y TECNOLOGÍA EDUCATIVA,Otros,Sin Partner (Propio),Presencial Regular,1,3,0,1,44,41,3,2,0,0,20,7,22,27,190,44,50,50
2022-12,2022,Diciembre,O07010902,MAESTRIA EN EDUCACIÓN CON MENCIÓN EN INFORMÁTICA Y TECNOLOGÍA EDUCATIVA,Otros,Sin Partner (Propio),Presencial Regular,9,3,0,1,49,45,4,5,0,0,4,8,20,23,197,49,57,66
2023-01,2023,Enero,O07010902,MAESTRIA EN EDUCACIÓN CON MENCIÓN EN INFORMÁTICA Y TECNOLOGÍA EDUCATIVA,Otros,Sin Partner (Propio),Presencial Regular,1,6,0,1,38,36,2,2,0,0,20,2,20,27,199,38,47,47
2023-02,2023,Febrero,O07010902,MAESTRIA EN EDUCACIÓN CON MENCIÓN EN INFORMÁTICA Y TECNOLOGÍA EDUCATIVA,Otros,Sin Partner (Propio),Presencial Regular,12,7,0,0,49,43,6,2,3,0,3,6,17,20,202,49,61,73
2023-03,2023,Marzo,O07010902,MAESTRIA EN EDUCACIÓN CON MENCIÓN EN INFORMÁTICA Y TECNOLOGÍA EDUCATIVA,Otros,Sin Partner (Propio),Presencial Regular,0,11,0,1,43,41,2,1,0,0,20,1,15,24,205,43,55,55
2023-04,2023,Abril,O07010902,MAESTRIA EN EDUCACIÓN CON MENCIÓN EN INFORMÁTICA Y TECNOLOGÍA EDUCATIVA,Otros,Sin Partner (Propio),Presencial Regular,10,9,0,0,55,49,6,1,1,1,6,6,10,20,210,55,67,77
2023-05,2023,Mayo,O07010902,MAESTRIA EN EDUCACIÓN CON MENCIÓN EN INFORMÁTICA Y TECNOLOGÍA EDUCATIVA,Otros,Sin Partner (Propio),Presencial Regular,0,5,0,0,44,43,1,0,0,1,24,5,13,20,212,44,50,50
2023-06,2023,Junio,O07010902,MAESTRIA EN EDUCACIÓN CON MENCIÓN EN INFORMÁTICA Y TECNOLOGÍA EDUCATIVA,Otros,Sin Partner (Propio),Presencial Regular,7,6,0,0,56,46,10,3,0,0,4,7,14,18,215,56,64,72
2023-07,2023,Julio,O07010902,MAESTRIA EN EDUCACIÓN CON MENCIÓN EN INFORMÁTICA Y TECNOLOGÍA EDUCATIVA,Otros,Sin Partner (Propio),Presencial Regular,0,0,0,0,42,41,1,0,0,0,24,3,16,20,218,42,42,42
2023-08,2023,Agosto,O07010902,MAESTRIA EN EDUCACIÓN CON MENCIÓN EN INFORMÁTICA Y TECNOLOGÍA EDUCATIVA,Otros,Sin Partner (Propio),Presencial Regular,8,0,0,0,46,39,7,4,1,1,2,10,14,20,217,46,50,60
2023-09,2023,Setiembre,O07010902,MAESTRIA EN EDUCACIÓN CON MENCIÓN EN INFORMÁTICA Y TECNOLOGÍA EDUCATIVA,Otros,Sin Partner (Propio),Presencial Regular,2,0,0,0,36,35,1,0,0,0,15,1,20,17,224,36,38,38
2023-10,2023,Octubre,O07010902,MAESTRIA EN EDUCACIÓN CON MENCIÓN EN INFORMÁTICA Y TECNOLOGÍA EDUCATIVA,Otros,Sin Partner (Propio),Presencial Regular,6,0,0,0,33,27,6,1,1,0,7,5,17,16,227,33,34,41
2023-11,2023,Noviembre,O07010902,MAESTRIA EN EDUCACIÓN CON MENCIÓN EN INFORMÁTICA Y TECNOLOGÍA EDUCATIVA,Otros,Sin Partner (Propio),Presencial Regular,5,0,0,0,25,24,1,0,1,0,7,6,16,18,229,25,26,31
2023-12,2023,Diciembre,O07010902,MAESTRIA EN EDUCACIÓN CON MENCIÓN EN INFORMÁTICA Y TECNOLOGÍA EDUCATIVA,Otros,Sin Partner (Propio),Presencial Regular,4,0,0,0,27,22,5,5,0,0,1,2,15,18,230,27,33,36
2024-01,2024,Enero,O07010902,MAESTRIA EN EDUCACIÓN CON MENCIÓN EN INFORMÁTICA Y TECNOLOGÍA EDUCATIVA,Otros,Sin Partner (Propio),Presencial Regular,1,0,0,0,25,25,0,2,1,0,7,1,6,21,234,25,29,29
2024-02,2024,Febrero,O07010902,MAESTRIA EN EDUCACIÓN CON MENCIÓN EN INFORMÁTICA Y TECNOLOGÍA EDUCATIVA,Otros,Sin Partner (Propio),Presencial Regular,5,0,0,0,20,20,0,1,0,0,6,4,6,20,235,20,21,26
2024-03,2024,Marzo,O07010902,MAESTRIA EN EDUCACIÓN CON MENCIÓN EN INFORMÁTICA Y TECNOLOGÍA EDUCATIVA,Otros,Sin Partner (Propio),Presencial Regular,4,0,0,0,11,9,2,2,0,1,8,4,6,18,238,11,14,18
2024-04,2024,Abril,O07010902,MAESTRIA EN EDUCACIÓN CON MENCIÓN EN INFORMÁTICA Y TECNOLOGÍA EDUCATIVA,Otros,Sin Partner (Propio),Presencial Regular,1,0,0,0,18,10,8,3,0,1,3,0,5,18,239,18,22,23
2024-05,2024,Mayo,O07010902,MAESTRIA EN EDUCACIÓN CON MENCIÓN EN INFORMÁTICA Y TECNOLOGÍA EDUCATIVA,Otros,Sin Partner (Propio),Presencial Regular,10,0,0,0,8,7,1,1,0,1,6,2,3,13,243,8,7,20
2024-06,2024,Junio,O07010902,MAESTRIA EN EDUCACIÓN CON MENCIÓN EN INFORMÁTICA Y TECNOLOGÍA EDUCATIVA,Otros,Sin Partner (Propio),Presencial Regular,7,0,0,0,7,4,3,1,0,0,3,0,3,12,244,7,7,15
2024-07,2024,Julio,O07010902,MAESTRIA EN EDUCACIÓN CON MENCIÓN EN INFORMÁTICA Y TECNOLOGÍA EDUCATIVA,Otros,Sin Partner (Propio),Presencial Regular,0,0,0,0,2,2,0,0,0,0,6,3,1,6,252,2,0,2
2024-08,2024,Agosto,O07010902,MAESTRIA EN EDUCACIÓN CON MENCIÓN EN INFORMÁTICA Y TECNOLOGÍA EDUCATIVA,Otros,Sin Partner (Propio),Presencial Regular,1,0,0,0,2,1,1,0,0,0,1,4,4,6,252,2,2,3
2024-09,2024,Setiembre,O07010902,MAESTRIA EN EDUCACIÓN CON MENCIÓN EN INFORMÁTICA Y TECNOLOGÍA EDUCATIVA,Otros,Sin Partner (Propio),Presencial Regular,1,0,0,0,1,1,0,2,0,0,0,1,6,4,254,1,4,4
2024-10,2024,Octubre,O07010902,MAESTRIA EN EDUCACIÓN CON MENCIÓN EN INFORMÁTICA Y TECNOLOGÍA EDUCATIVA,Otros,Sin Partner (Propio),Presencial Regular,2,0,0,0,1,1,0,2,0,1,2,0,3,2,255,1,5,6
2024-11,2024,Noviembre,O07010902,MAESTRIA EN EDUCACIÓN CON MENCIÓN EN INFORMÁTICA Y TECNOLOGÍA EDUCATIVA,Otros,Sin Partner (Propio),Presencial Regular,2,0,0,0,2,1,1,0,0,0,2,1,2,2,255,2,4,4
2024-12,2024,Diciembre,O07010902,MAESTRIA EN EDUCACIÓN CON MENCIÓN EN INFORMÁTICA Y TECNOLOGÍA EDUCATIVA,Otros,Sin Partner (Propio),Presencial Regular,1,0,0,0,0,0,0,0,0,0,1,2,2,3,255,0,0,1
2025-01,2025,N/A,O07010902,MAESTRIA EN EDUCACIÓN CON MENCIÓN EN INFORMÁTICA Y TECNOLOGÍA EDUCATIVA,Otros,Sin Partner (Propio),Presencial Regular,0,0,0,0,0,0,0,0,0,0,0,1,3,2,257,0,0,0
2025-02,2025,N/A,O07010902,MAESTRIA EN EDUCACIÓN CON MENCIÓN EN INFORMÁTICA Y TECNOLOGÍA EDUCATIVA,Otros,Sin Partner (Propio),Presencial Regular,0,0,0,0,0,0,0,0,0,0,0,0,4,2,257,0,0,0
2025-03,2025,N/A,O07010902,MAESTRIA EN EDUCACIÓN CON MENCIÓN EN INFORMÁTICA Y TECNOLOGÍA EDUCATIVA,Otros,Sin Partner (Propio),Presencial Regular,0,0,0,0,0,0,0,0,0,0,0,0,4,2,257,0,0,0
2025-04,2025,N/A,O07010902,MAESTRIA EN EDUCACIÓN CON MENCIÓN EN INFORMÁTICA Y TECNOLOGÍA EDUCATIVA,Otros,Sin Partner (Propio),Presencial Regular,0,0,0,0,0,0,0,0,0,0,0,0,3,3,257,0,0,0
2025-05,2025,N/A,O07010902,MAESTRIA EN EDUCACIÓN CON MENCIÓN EN INFORMÁTICA Y TECNOLOGÍA EDUCATIVA,Otros,Sin Partner (Propio),Presencial Regular,0,0,0,0,0,0,0,0,0,0,0,0,1,5,257,0,0,0
2025-06,2025,N/A,O07010902,MAESTRIA EN EDUCACIÓN CON MENCIÓN EN INFORMÁTICA Y TECNOLOGÍA EDUCATIVA,Otros,Sin Partner (Propio),Presencial Regular,0,0,0,0,0,0,0,0,0,0,0,0,0,5,258,0,0,0
2025-07,2025,N/A,O07010902,MAESTRIA EN EDUCACIÓN CON MENCIÓN EN INFORMÁTICA Y TECNOLOGÍA EDUCATIVA,Otros,Sin Partner (Propio),Presencial Regular,0,0,0,0,0,0,0,0,0,0,0,0,0,4,259,0,0,0
2025-08,2025,N/A,O07010902,MAESTRIA EN EDUCACIÓN CON MENCIÓN EN INFORMÁTICA Y TECNOLOGÍA EDUCATIVA,Otros,Sin Partner (Propio),Presencial Regular,0,0,0,0,0,0,0,0,0,0,0,0,0,4,259,0,0,0
2025-09,2025,N/A,O07010902,MAESTRIA EN EDUCACIÓN CON MENCIÓN EN INFORMÁTICA Y TECNOLOGÍA EDUCATIVA,Otros,Sin Partner (Propio),Presencial Regular,0,0,0,0,0,0,0,0,0,0,0,0,0,4,259,0,0,0
2025-10,2025,N/A,O07010902,MAESTRIA EN EDUCACIÓN CON MENCIÓN EN INFORMÁTICA Y TECNOLOGÍA EDUCATIVA,Otros,Sin Partner (Propio),Presencial Regular,0,0,0,0,0,0,0,0,0,0,0,0,0,3,260,0,0,0
2025-11,2025,N/A,O07010902,MAESTRIA EN EDUCACIÓN CON MENCIÓN EN INFORMÁTICA Y TECNOLOGÍA EDUCATIVA,Otros,Sin Partner (Propio),Presencial Regular,0,0,0,0,0,0,0,0,0,0,0,0,0,1,262,0,0,0
2025-12,2025,N/A,O07010902,MAESTRIA EN EDUCACIÓN CON MENCIÓN EN INFORMÁTICA Y TECNOLOGÍA EDUCATIVA,Otros,Sin Partner (Propio),Presencial Regular,0,0,0,0,0,0,0,0,0,0,0,0,0,0,263,0,0,0
2026-01,2026,N/A,O07010902,MAESTRIA EN EDUCACIÓN CON MENCIÓN EN INFORMÁTICA Y TECNOLOGÍA EDUCATIVA,Otros,Sin Partner (Propio),Presencial Regular,0,0,0,0,0,0,0,0,0,0,0,0,0,0,263,0,0,0
2026-02,2026,N/A,O07010902,MAESTRIA EN EDUCACIÓN CON MENCIÓN EN INFORMÁTICA Y TECNOLOGÍA EDUCATIVA,Otros,Sin Partner (Propio),Presencial Regular,0,0,0,0,0,0,0,0,0,0,0,0,0,0,263,0,0,0
2026-03,2026,N/A,O07010902,MAESTRIA EN EDUCACIÓN CON MENCIÓN EN INFORMÁTICA Y TECNOLOGÍA EDUCATIVA,Otros,Sin Partner (Propio),Presencial Regular,0,0,0,0,0,0,0,0,0,0,0,0,0,0,263,0,0,0
2026-04,2026,N/A,O07010902,MAESTRIA EN EDUCACIÓN CON MENCIÓN EN INFORMÁTICA Y TECNOLOGÍA EDUCATIVA,Otros,Sin Partner (Propio),Presencial Regular,0,0,0,0,0,0,0,0,0,0,0,0,0,0,263,0,0,0
2026-05,2026,N/A,O07010902,MAESTRIA EN EDUCACIÓN CON MENCIÓN EN INFORMÁTICA Y TECNOLOGÍA EDUCATIVA,Otros,Sin Partner (Propio),Presencial Regular,0,0,0,0,0,0,0,0,0,0,0,0,0,0,263,0,0,0
2026-06,2026,N/A,O07010902,MAESTRIA EN EDUCACIÓN CON MENCIÓN EN INFORMÁTICA Y TECNOLOGÍA EDUCATIVA,Otros,Sin Partner (Propio),Presencial Regular,0,0,0,0,0,0,0,0,0,0,0,0,0,0,263,0,0,0
2026-07,2026,N/A,O07010902,MAESTRIA EN EDUCACIÓN CON MENCIÓN EN INFORMÁTICA Y TECNOLOGÍA EDUCATIVA,Otros,Sin Partner (Propio),Presencial Regular,0,0,0,0,0,0,0,0,0,0,0,0,0,0,263,0,0,0
2014-02,2014,Febrero,O29012101,MAESTRÍA EN SOLUCIÓN DE CONFLICTOS,Otros,Sin Partner (Propio),Presencial Regular,0,2,0,0,0,0,0,0,0,0,0,0,0,0,0,0,2,2
2014-03,2014,Marzo,O29012101,MAESTRÍA EN SOLUCIÓN DE CONFLICTOS,Otros,Sin Partner (Propio),Presencial Regular,0,1,0,0,1,1,0,0,0,0,1,0,0,0,0,1,2,2
2014-04,2014,Abril,O29012101,MAESTRÍA EN SOLUCIÓN DE CONFLICTOS,Otros,Sin Partner (Propio),Presencial Regular,0,2,0,0,1,1,0,0,0,0,1,1,0,0,0,1,3,3
2014-05,2014,Mayo,O29012101,MAESTRÍA EN SOLUCIÓN DE CONFLICTOS,Otros,Sin Partner (Propio),Presencial Regular,0,0,0,0,3,3,0,0,0,0,0,1,1,0,0,3,3,3
2014-06,2014,Junio,O29012101,MAESTRÍA EN SOLUCIÓN DE CONFLICTOS,Otros,Sin Partner (Propio),Presencial Regular,0,4,0,0,3,3,0,0,0,0,0,0,2,0,0,3,7,7
2014-07,2014,Julio,O29012101,MAESTRÍA EN SOLUCIÓN DE CONFLICTOS,Otros,Sin Partner (Propio),Presencial Regular,0,0,0,0,6,6,0,0,0,0,1,0,2,0,0,6,6,6
2014-08,2014,Agosto,O29012101,MAESTRÍA EN SOLUCIÓN DE CONFLICTOS,Otros,Sin Partner (Propio),Presencial Regular,0,0,0,0,5,4,1,0,0,0,2,0,2,0,0,5,5,5
2014-09,2014,Setiembre,O29012101,MAESTRÍA EN SOLUCIÓN DE CONFLICTOS,Otros,Sin Partner (Propio),Presencial Regular,0,1,0,0,3,3,0,0,0,0,2,2,1,1,0,3,4,4
2014-10,2014,Octubre,O29012101,MAESTRÍA EN SOLUCIÓN DE CONFLICTOS,Otros,Sin Partner (Propio),Presencial Regular,0,0,0,0,3,3,0,0,0,0,1,2,2,2,0,3,3,3
2014-11,2014,Noviembre,O29012101,MAESTRÍA EN SOLUCIÓN DE CONFLICTOS,Otros,Sin Partner (Propio),Presencial Regular,0,2,0,0,2,2,0,0,0,0,1,1,4,2,0,2,4,4
2014-12,2014,Diciembre,O29012101,MAESTRÍA EN SOLUCIÓN DE CONFLICTOS,Otros,Sin Partner (Propio),Presencial Regular,0,2,0,0,4,4,0,0,0,0,0,1,5,2,0,4,6,6
2015-01,2015,Enero,O29012101,MAESTRÍA EN SOLUCIÓN DE CONFLICTOS,Otros,Sin Partner (Propio),Presencial Regular,0,2,0,0,6,6,0,1,0,0,0,0,5,2,0,6,9,9
2015-02,2015,Febrero,O29012101,MAESTRÍA EN SOLUCIÓN DE CONFLICTOS,Otros,Sin Partner (Propio),Presencial Regular,0,4,0,0,7,7,0,0,0,0,2,0,3,4,0,7,11,11
2015-03,2015,Marzo,O29012101,MAESTRÍA EN SOLUCIÓN DE CONFLICTOS,Otros,Sin Partner (Propio),Presencial Regular,0,2,0,0,8,8,0,0,1,0,3,2,1,4,1,8,11,11
2015-04,2015,Abril,O29012101,MAESTRÍA EN SOLUCIÓN DE CONFLICTOS,Otros,Sin Partner (Propio),Presencial Regular,0,5,0,0,8,7,1,0,0,0,4,2,2,4,2,8,0,13
2015-05,2015,Mayo,O29012101,MAESTRÍA EN SOLUCIÓN DE CONFLICTOS,Otros,Sin Partner (Propio),Presencial Regular,0,16,0,0,10,10,0,0,1,0,3,4,4,3,2,10,27,27
2015-06,2015,Junio,O29012101,MAESTRÍA EN SOLUCIÓN DE CONFLICTOS,Otros,Sin Partner (Propio),Presencial Regular,0,20,0,0,25,25,0,2,1,0,2,3,6,2,2,25,48,48
2015-07,2015,Julio,O29012101,MAESTRÍA EN SOLUCIÓN DE CONFLICTOS,Otros,Sin Partner (Propio),Presencial Regular,1,17,0,1,36,36,0,0,0,0,11,2,9,2,2,36,54,54
2015-08,2015,Agosto,O29012101,MAESTRÍA EN SOLUCIÓN DE CONFLICTOS,Otros,Sin Partner (Propio),Presencial Regular,0,13,0,0,40,40,0,0,0,0,13,11,9,3,3,40,53,53
2015-09,2015,Setiembre,O29012101,MAESTRÍA EN SOLUCIÓN DE CONFLICTOS,Otros,Sin Partner (Propio),Presencial Regular,0,13,0,0,50,44,6,0,0,0,9,7,20,3,3,50,63,63
2015-10,2015,Octubre,O29012101,MAESTRÍA EN SOLUCIÓN DE CONFLICTOS,Otros,Sin Partner (Propio),Presencial Regular,0,12,0,0,48,47,1,0,0,0,16,8,23,6,4,48,60,60
2015-11,2015,Noviembre,O29012101,MAESTRÍA EN SOLUCIÓN DE CONFLICTOS,Otros,Sin Partner (Propio),Presencial Regular,0,14,0,0,52,46,6,1,0,0,14,10,27,9,4,52,39,67
2015-12,2015,Diciembre,O29012101,MAESTRÍA EN SOLUCIÓN DE CONFLICTOS,Otros,Sin Partner (Propio),Presencial Regular,1,13,0,1,53,45,8,3,0,0,21,6,32,11,4,53,70,70
2016-01,2016,Enero,O29012101,MAESTRÍA EN SOLUCIÓN DE CONFLICTOS,Otros,Sin Partner (Propio),Presencial Regular,4,11,0,0,62,52,10,2,0,0,14,11,25,21,4,62,79,79
2016-02,2016,Febrero,O29012101,MAESTRÍA EN SOLUCIÓN DE CONFLICTOS,Otros,Sin Partner (Propio),Presencial Regular,2,11,0,0,56,48,8,1,0,0,25,6,30,24,6,56,70,70
2016-03,2016,Marzo,O29012101,MAESTRÍA EN SOLUCIÓN DE CONFLICTOS,Otros,Sin Partner (Propio),Presencial Regular,1,8,0,0,59,51,8,6,0,1,16,17,23,31,5,59,75,75
2016-04,2016,Abril,O29012101,MAESTRÍA EN SOLUCIÓN DE CONFLICTOS,Otros,Sin Partner (Propio),Presencial Regular,0,9,0,0,63,57,6,2,0,0,17,10,31,34,9,63,74,74
2016-05,2016,Mayo,O29012101,MAESTRÍA EN SOLUCIÓN DE CONFLICTOS,Otros,Sin Partner (Propio),Presencial Regular,6,5,0,0,57,54,3,4,2,0,14,14,33,33,12,57,74,74
2016-06,2016,Junio,O29012101,MAESTRÍA EN SOLUCIÓN DE CONFLICTOS,Otros,Sin Partner (Propio),Presencial Regular,2,11,0,1,37,33,4,1,0,0,35,10,36,40,13,37,40,51
2016-07,2016,Julio,O29012101,MAESTRÍA EN SOLUCIÓN DE CONFLICTOS,Otros,Sin Partner (Propio),Presencial Regular,3,7,0,0,51,37,14,5,0,0,10,20,38,33,23,51,66,66
2016-08,2016,Agosto,O29012101,MAESTRÍA EN SOLUCIÓN DE CONFLICTOS,Otros,Sin Partner (Propio),Presencial Regular,6,10,0,1,58,51,7,11,0,0,7,3,32,42,28,58,76,85
2016-09,2016,Setiembre,O29012101,MAESTRÍA EN SOLUCIÓN DE CONFLICTOS,Otros,Sin Partner (Propio),Presencial Regular,10,6,0,1,57,54,3,3,0,0,17,3,24,42,35,57,58,76
2016-10,2016,Octubre,O29012101,MAESTRÍA EN SOLUCIÓN DE CONFLICTOS,Otros,Sin Partner (Propio),Presencial Regular,5,9,0,0,50,46,4,3,1,0,17,11,16,42,42,50,68,68
2016-11,2016,Noviembre,O29012101,MAESTRÍA EN SOLUCIÓN DE CONFLICTOS,Otros,Sin Partner (Propio),Presencial Regular,3,6,0,0,38,35,3,2,0,0,26,13,22,42,45,38,26,49
2016-12,2016,Diciembre,O29012101,MAESTRÍA EN SOLUCIÓN DE CONFLICTOS,Otros,Sin Partner (Propio),Presencial Regular,7,8,0,0,39,30,9,6,1,0,16,11,18,43,53,39,61,61
2017-01,2017,Enero,O29012101,MAESTRÍA EN SOLUCIÓN DE CONFLICTOS,Otros,Sin Partner (Propio),Presencial Regular,5,10,0,1,46,40,6,5,0,0,11,9,22,41,56,46,58,66
2017-02,2017,Febrero,O29012101,MAESTRÍA EN SOLUCIÓN DE CONFLICTOS,Otros,Sin Partner (Propio),Presencial Regular,2,9,0,0,49,47,2,5,0,0,12,9,24,29,70,49,65,65
2017-03,2017,Marzo,O29012101,MAESTRÍA EN SOLUCIÓN DE CONFLICTOS,Otros,Sin Partner (Propio),Presencial Regular,3,13,0,0,62,53,9,3,1,0,8,3,24,27,76,62,77,82
2017-04,2017,Abril,O29012101,MAESTRÍA EN SOLUCIÓN DE CONFLICTOS,Otros,Sin Partner (Propio),Presencial Regular,3,15,0,0,55,53,2,3,1,0,23,6,16,26,84,55,77,77
2017-05,2017,Mayo,O29012101,MAESTRÍA EN SOLUCIÓN DE CONFLICTOS,Otros,Sin Partner (Propio),Presencial Regular,4,11,0,0,60,47,13,0,1,0,24,9,19,26,86,60,76,76
2017-06,2017,Junio,O29012101,MAESTRÍA EN SOLUCIÓN DE CONFLICTOS,Otros,Sin Partner (Propio),Presencial Regular,4,5,0,0,61,52,9,2,0,0,19,13,19,23,95,61,67,72
2017-07,2017,Julio,O29012101,MAESTRÍA EN SOLUCIÓN DE CONFLICTOS,Otros,Sin Partner (Propio),Presencial Regular,2,7,0,0,63,51,12,3,0,0,17,6,23,27,96,63,75,75
2017-08,2017,Agosto,O29012101,MAESTRÍA EN SOLUCIÓN DE CONFLICTOS,Otros,Sin Partner (Propio),Presencial Regular,2,12,0,0,63,59,4,5,0,0,13,13,23,25,98,63,40,82
2017-09,2017,Setiembre,O29012101,MAESTRÍA EN SOLUCIÓN DE CONFLICTOS,Otros,Sin Partner (Propio),Presencial Regular,8,11,0,0,63,62,1,2,1,1,16,9,25,25,102,63,86,86
2017-10,2017,Octubre,O29012101,MAESTRÍA EN SOLUCIÓN DE CONFLICTOS,Otros,Sin Partner (Propio),Presencial Regular,4,4,0,0,64,61,3,2,0,0,16,12,23,27,107,64,74,74
2017-11,2017,Noviembre,O29012101,MAESTRÍA EN SOLUCIÓN DE CONFLICTOS,Otros,Sin Partner (Propio),Presencial Regular,3,7,0,0,54,50,4,4,2,0,19,11,25,27,110,54,30,70
2017-12,2017,Diciembre,O29012101,MAESTRÍA EN SOLUCIÓN DE CONFLICTOS,Otros,Sin Partner (Propio),Presencial Regular,0,5,0,0,59,51,8,2,0,0,16,11,32,22,117,59,66,66
2018-01,2018,Enero,O29012101,MAESTRÍA EN SOLUCIÓN DE CONFLICTOS,Otros,Sin Partner (Propio),Presencial Regular,6,4,0,0,59,54,5,7,0,0,12,9,28,21,122,59,76,76
2018-02,2018,Febrero,O29012101,MAESTRÍA EN SOLUCIÓN DE CONFLICTOS,Otros,Sin Partner (Propio),Presencial Regular,3,8,0,0,54,50,4,6,1,0,19,8,25,24,122,54,72,72
2018-03,2018,Marzo,O29012101,MAESTRÍA EN SOLUCIÓN DE CONFLICTOS,Otros,Sin Partner (Propio),Presencial Regular,1,17,0,0,45,39,6,5,1,0,29,13,20,26,127,45,69,69
2018-04,2018,Abril,O29012101,MAESTRÍA EN SOLUCIÓN DE CONFLICTOS,Otros,Sin Partner (Propio),Presencial Regular,8,13,0,1,68,54,14,6,3,0,13,9,21,23,132,68,98,98
2018-05,2018,Mayo,O29012101,MAESTRÍA EN SOLUCIÓN DE CONFLICTOS,Otros,Sin Partner (Propio),Presencial Regular,7,8,0,0,67,63,4,1,0,0,23,9,19,26,136,67,83,83
2018-06,2018,Junio,O29012101,MAESTRÍA EN SOLUCIÓN DE CONFLICTOS,Otros,Sin Partner (Propio),Presencial Regular,4,16,0,2,75,66,9,1,2,0,9,11,24,25,138,75,98,98
2018-07,2018,Julio,O29012101,MAESTRÍA EN SOLUCIÓN DE CONFLICTOS,Otros,Sin Partner (Propio),Presencial Regular,3,6,0,0,63,60,3,0,0,0,34,3,32,24,142,63,72,72
2018-08,2018,Agosto,O29012101,MAESTRÍA EN SOLUCIÓN DE CONFLICTOS,Otros,Sin Partner (Propio),Presencial Regular,5,9,0,0,56,48,8,4,1,2,19,23,25,26,143,56,77,77
2018-09,2018,Setiembre,O29012101,MAESTRÍA EN SOLUCIÓN DE CONFLICTOS,Otros,Sin Partner (Propio),Presencial Regular,6,8,0,0,61,53,8,9,1,1,19,8,31,24,148,61,86,86
2018-10,2018,Octubre,O29012101,MAESTRÍA EN SOLUCIÓN DE CONFLICTOS,Otros,Sin Partner (Propio),Presencial Regular,3,9,0,0,61,59,2,4,1,0,20,17,28,26,150,61,47,78
2018-11,2018,Noviembre,O29012101,MAESTRÍA EN SOLUCIÓN DE CONFLICTOS,Otros,Sin Partner (Propio),Presencial Regular,7,8,0,0,57,55,2,3,2,1,17,16,34,25,154,57,78,78
2018-12,2018,Diciembre,O29012101,MAESTRÍA EN SOLUCIÓN DE CONFLICTOS,Otros,Sin Partner (Propio),Presencial Regular,9,8,0,0,52,50,2,7,0,1,15,14,40,23,156,52,77,77
2019-01,2019,Enero,O29012101,MAESTRÍA EN SOLUCIÓN DE CONFLICTOS,Otros,Sin Partner (Propio),Presencial Regular,6,18,0,1,60,56,4,6,3,0,8,10,34,31,158,60,93,93
2019-02,2019,Febrero,O29012101,MAESTRÍA EN SOLUCIÓN DE CONFLICTOS,Otros,Sin Partner (Propio),Presencial Regular,2,18,0,0,58,57,1,6,0,0,28,7,32,31,164,58,64,84
2019-03,2019,Marzo,O29012101,MAESTRÍA EN SOLUCIÓN DE CONFLICTOS,Otros,Sin Partner (Propio),Presencial Regular,5,10,0,1,68,57,11,1,3,0,20,17,29,33,168,68,87,87
2019-04,2019,Abril,O29012101,MAESTRÍA EN SOLUCIÓN DE CONFLICTOS,Otros,Sin Partner (Propio),Presencial Regular,12,15,0,1,67,59,8,7,2,4,16,10,32,33,166,67,107,107
2019-05,2019,Mayo,O29012101,MAESTRÍA EN SOLUCIÓN DE CONFLICTOS,Otros,Sin Partner (Propio),Presencial Regular,4,19,0,0,76,73,3,2,2,2,20,13,29,35,169,76,100,105
2019-06,2019,Junio,O29012101,MAESTRÍA EN SOLUCIÓN DE CONFLICTOS,Otros,Sin Partner (Propio),Presencial Regular,5,12,0,0,88,81,7,4,2,0,18,12,31,37,170,88,111,111
2019-07,2019,Julio,O29012101,MAESTRÍA EN SOLUCIÓN DE CONFLICTOS,Otros,Sin Partner (Propio),Presencial Regular,8,20,0,0,80,76,4,1,1,2,26,14,33,32,177,80,105,112
2019-08,2019,Agosto,O29012101,MAESTRÍA EN SOLUCIÓN DE CONFLICTOS,Otros,Sin Partner (Propio),Presencial Regular,5,22,0,0,88,84,4,5,0,1,18,19,35,34,181,88,121,121
2019-09,2019,Setiembre,O29012101,MAESTRÍA EN SOLUCIÓN DE CONFLICTOS,Otros,Sin Partner (Propio),Presencial Regular,8,21,0,0,96,91,5,5,0,1,20,12,40,34,187,96,114,131
2019-10,2019,Octubre,O29012101,MAESTRÍA EN SOLUCIÓN DE CONFLICTOS,Otros,Sin Partner (Propio),Presencial Regular,4,8,0,1,104,99,5,3,1,1,22,15,40,36,190,104,121,121
2019-11,2019,Noviembre,O29012101,MAESTRÍA EN SOLUCIÓN DE CONFLICTOS,Otros,Sin Partner (Propio),Presencial Regular,4,17,0,0,101,95,6,3,1,2,20,14,44,38,193,101,95,128
2019-12,2019,Diciembre,O29012101,MAESTRÍA EN SOLUCIÓN DE CONFLICTOS,Otros,Sin Partner (Propio),Presencial Regular,4,16,0,2,101,95,6,5,0,1,28,14,41,43,196,101,126,127
2020-01,2020,Enero,O29012101,MAESTRÍA EN SOLUCIÓN DE CONFLICTOS,Otros,Sin Partner (Propio),Presencial Regular,10,17,0,1,101,93,8,2,1,2,24,18,39,49,199,101,133,133
2020-02,2020,Febrero,O29012101,MAESTRÍA EN SOLUCIÓN DE CONFLICTOS,Otros,Sin Partner (Propio),Presencial Regular,6,18,0,1,90,84,6,6,0,0,33,18,43,50,206,90,110,120
2020-03,2020,Marzo,O29012101,MAESTRÍA EN SOLUCIÓN DE CONFLICTOS,Otros,Sin Partner (Propio),Presencial Regular,6,16,0,0,102,92,10,1,1,1,19,20,50,51,213,102,127,127
2020-04,2020,Abril,O29012101,MAESTRÍA EN SOLUCIÓN DE CONFLICTOS,Otros,Sin Partner (Propio),Presencial Regular,0,12,0,0,95,86,9,4,0,0,35,10,57,53,220,95,97,111
2020-05,2020,Mayo,O29012101,MAESTRÍA EN SOLUCIÓN DE CONFLICTOS,Otros,Sin Partner (Propio),Presencial Regular,3,6,0,1,92,79,13,6,5,0,30,21,53,50,226,92,112,112
2020-06,2020,Junio,O29012101,MAESTRÍA EN SOLUCIÓN DE CONFLICTOS,Otros,Sin Partner (Propio),Presencial Regular,22,14,0,0,96,85,11,5,4,0,18,18,41,50,235,96,112,141
2020-07,2020,Julio,O29012101,MAESTRÍA EN SOLUCIÓN DE CONFLICTOS,Otros,Sin Partner (Propio),Presencial Regular,0,20,0,0,96,87,9,8,2,1,32,9,41,47,245,96,118,127
2020-08,2020,Agosto,O29012101,MAESTRÍA EN SOLUCIÓN DE CONFLICTOS,Otros,Sin Partner (Propio),Presencial Regular,10,13,0,0,113,104,9,4,2,0,21,15,39,46,251,113,142,142
2020-09,2020,Setiembre,O29012101,MAESTRÍA EN SOLUCIÓN DE CONFLICTOS,Otros,Sin Partner (Propio),Presencial Regular,12,18,0,2,111,104,7,7,2,2,19,13,39,41,258,111,141,152
2020-10,2020,Octubre,O29012101,MAESTRÍA EN SOLUCIÓN DE CONFLICTOS,Otros,Sin Partner (Propio),Presencial Regular,7,20,0,1,119,113,6,8,4,1,23,12,34,39,263,119,159,159
2020-11,2020,Noviembre,O29012101,MAESTRÍA EN SOLUCIÓN DE CONFLICTOS,Otros,Sin Partner (Propio),Presencial Regular,11,19,0,0,127,122,5,7,2,0,28,15,20,47,266,127,147,166
2020-12,2020,Diciembre,O29012101,MAESTRÍA EN SOLUCIÓN DE CONFLICTOS,Otros,Sin Partner (Propio),Presencial Regular,7,12,0,1,121,112,9,6,0,0,37,18,25,40,277,121,146,146
2021-01,2021,Enero,O29012101,MAESTRÍA EN SOLUCIÓN DE CONFLICTOS,Otros,Sin Partner (Propio),Presencial Regular,12,26,0,1,131,120,11,9,1,3,14,21,31,34,280,131,172,182
2021-02,2021,Febrero,O29012101,MAESTRÍA EN SOLUCIÓN DE CONFLICTOS,Otros,Sin Partner (Propio),Presencial Regular,2,12,0,0,139,136,3,9,1,4,33,11,38,31,282,139,143,167
2021-03,2021,Marzo,O29012101,MAESTRÍA EN SOLUCIÓN DE CONFLICTOS,Otros,Sin Partner (Propio),Presencial Regular,15,7,0,0,141,132,9,6,1,2,26,17,37,30,285,141,172,172
2021-04,2021,Abril,O29012101,MAESTRÍA EN SOLUCIÓN DE CONFLICTOS,Otros,Sin Partner (Propio),Presencial Regular,3,18,0,1,128,118,10,6,0,0,36,16,41,31,291,128,144,155
2021-05,2021,Mayo,O29012101,MAESTRÍA EN SOLUCIÓN DE CONFLICTOS,Otros,Sin Partner (Propio),Presencial Regular,6,20,0,1,139,128,11,6,0,0,22,21,42,29,302,139,171,171
2021-06,2021,Junio,O29012101,MAESTRÍA EN SOLUCIÓN DE CONFLICTOS,Otros,Sin Partner (Propio),Presencial Regular,1,24,0,1,146,138,8,11,3,0,26,14,42,34,304,146,162,185
2021-07,2021,Julio,O29012101,MAESTRÍA EN SOLUCIÓN DE CONFLICTOS,Otros,Sin Partner (Propio),Presencial Regular,21,19,0,1,145,138,7,7,1,1,33,15,41,35,305,145,194,194
2021-08,2021,Agosto,O29012101,MAESTRÍA EN SOLUCIÓN DE CONFLICTOS,Otros,Sin Partner (Propio),Presencial Regular,16,16,0,1,149,136,13,8,2,0,26,19,35,38,309,149,164,191
2021-09,2021,Setiembre,O29012101,MAESTRÍA EN SOLUCIÓN DE CONFLICTOS,Otros,Sin Partner (Propio),Presencial Regular,5,16,0,0,146,138,8,4,4,1,34,17,41,38,312,146,152,176
2021-10,2021,Octubre,O29012101,MAESTRÍA EN SOLUCIÓN DE CONFLICTOS,Otros,Sin Partner (Propio),Presencial Regular,20,19,0,1,144,131,13,10,2,2,28,15,35,42,315,144,197,197
2021-11,2021,Noviembre,O29012101,MAESTRÍA EN SOLUCIÓN DE CONFLICTOS,Otros,Sin Partner (Propio),Presencial Regular,4,22,0,0,128,120,8,8,0,0,55,20,38,37,322,128,139,162
2021-12,2021,Diciembre,O29012101,MAESTRÍA EN SOLUCIÓN DE CONFLICTOS,Otros,Sin Partner (Propio),Presencial Regular,17,15,0,0,133,115,18,5,2,0,39,26,46,34,328,133,172,172
2022-01,2022,Enero,O29012101,MAESTRÍA EN SOLUCIÓN DE CONFLICTOS,Otros,Sin Partner (Propio),Presencial Regular,4,23,0,1,136,122,14,8,2,1,30,24,54,39,330,136,149,174
2022-02,2022,Febrero,O29012101,MAESTRÍA EN SOLUCIÓN DE CONFLICTOS,Otros,Sin Partner (Propio),Presencial Regular,19,18,0,1,139,128,11,7,1,0,35,10,58,40,338,139,184,184
2022-03,2022,Marzo,O29012101,MAESTRÍA EN SOLUCIÓN DE CONFLICTOS,Otros,Sin Partner (Propio),Presencial Regular,9,10,0,0,131,123,8,5,3,0,37,24,57,37,343,131,132,158
2022-04,2022,Abril,O29012101,MAESTRÍA EN SOLUCIÓN DE CONFLICTOS,Otros,Sin Partner (Propio),Presencial Regular,9,13,0,0,122,113,9,6,2,1,34,25,57,40,351,122,134,153
2022-05,2022,Mayo,O29012101,MAESTRÍA EN SOLUCIÓN DE CONFLICTOS,Otros,Sin Partner (Propio),Presencial Regular,22,14,0,1,123,114,9,6,1,0,24,16,56,49,354,123,166,166
2022-06,2022,Junio,O29012101,MAESTRÍA EN SOLUCIÓN DE CONFLICTOS,Otros,Sin Partner (Propio),Presencial Regular,4,13,0,0,126,116,10,6,0,2,26,12,53,58,356,126,133,151
2022-07,2022,Julio,O29012101,MAESTRÍA EN SOLUCIÓN DE CONFLICTOS,Otros,Sin Partner (Propio),Presencial Regular,21,11,0,0,120,114,6,6,2,3,23,12,52,53,360,120,163,163
2022-08,2022,Agosto,O29012101,MAESTRÍA EN SOLUCIÓN DE CONFLICTOS,Otros,Sin Partner (Propio),Presencial Regular,8,11,0,1,118,107,11,7,3,1,28,12,39,58,368,118,122,148
2022-09,2022,Setiembre,O29012101,MAESTRÍA EN SOLUCIÓN DE CONFLICTOS,Otros,Sin Partner (Propio),Presencial Regular,10,12,0,0,110,102,8,2,0,2,34,14,33,72,368,110,136,136
2022-10,2022,Octubre,O29012101,MAESTRÍA EN SOLUCIÓN DE CONFLICTOS,Otros,Sin Partner (Propio),Presencial Regular,7,13,0,4,95,88,7,3,1,1,36,24,36,65,379,95,120,120
2022-11,2022,Noviembre,O29012101,MAESTRÍA EN SOLUCIÓN DE CONFLICTOS,Otros,Sin Partner (Propio),Presencial Regular,7,15,0,1,107,93,14,5,2,0,20,21,45,55,391,107,116,136
2022-12,2022,Diciembre,O29012101,MAESTRÍA EN SOLUCIÓN DE CONFLICTOS,Otros,Sin Partner (Propio),Presencial Regular,14,17,0,2,96,90,6,6,1,1,32,14,46,52,399,96,135,135
2023-01,2023,Enero,O29012101,MAESTRÍA EN SOLUCIÓN DE CONFLICTOS,Otros,Sin Partner (Propio),Presencial Regular,6,10,0,2,110,97,13,12,1,0,19,18,40,57,401,110,116,139
2023-02,2023,Febrero,O29012101,MAESTRÍA EN SOLUCIÓN DE CONFLICTOS,Otros,Sin Partner (Propio),Presencial Regular,18,25,0,2,100,95,5,8,2,0,27,10,38,47,418,100,153,153
2023-03,2023,Marzo,O29012101,MAESTRÍA EN SOLUCIÓN DE CONFLICTOS,Otros,Sin Partner (Propio),Presencial Regular,7,26,0,5,103,96,7,4,0,0,34,20,32,43,432,103,140,140
2023-04,2023,Abril,O29012101,MAESTRÍA EN SOLUCIÓN DE CONFLICTOS,Otros,Sin Partner (Propio),Presencial Regular,10,18,0,2,110,100,10,10,1,0,26,21,34,46,436,110,134,149
2023-05,2023,Mayo,O29012101,MAESTRÍA EN SOLUCIÓN DE CONFLICTOS,Otros,Sin Partner (Propio),Presencial Regular,3,12,0,1,91,86,5,7,0,1,50,21,44,44,441,91,114,114
2023-06,2023,Junio,O29012101,MAESTRÍA EN SOLUCIÓN DE CONFLICTOS,Otros,Sin Partner (Propio),Presencial Regular,5,20,0,2,113,84,29,10,0,1,26,17,45,46,448,113,116,149
2023-07,2023,Julio,O29012101,MAESTRÍA EN SOLUCIÓN DE CONFLICTOS,Otros,Sin Partner (Propio),Presencial Regular,3,0,0,0,108,101,7,3,0,1,42,19,52,45,453,108,115,115
2023-08,2023,Agosto,O29012101,MAESTRÍA EN SOLUCIÓN DE CONFLICTOS,Otros,Sin Partner (Propio),Presencial Regular,21,0,0,0,108,91,17,9,0,1,12,19,48,44,461,108,139,139
2023-09,2023,Setiembre,O29012101,MAESTRÍA EN SOLUCIÓN DE CONFLICTOS,Otros,Sin Partner (Propio),Presencial Regular,9,0,0,0,80,77,3,2,0,1,34,9,48,49,470,80,77,92
2023-10,2023,Octubre,O29012101,MAESTRÍA EN SOLUCIÓN DE CONFLICTOS,Otros,Sin Partner (Propio),Presencial Regular,6,0,0,0,73,63,10,8,1,0,17,21,42,48,477,73,88,88
2023-11,2023,Noviembre,O29012101,MAESTRÍA EN SOLUCIÓN DE CONFLICTOS,Otros,Sin Partner (Propio),Presencial Regular,1,0,0,0,64,57,7,7,0,0,25,9,48,52,481,64,49,72
2023-12,2023,Diciembre,O29012101,MAESTRÍA EN SOLUCIÓN DE CONFLICTOS,Otros,Sin Partner (Propio),Presencial Regular,5,0,0,0,51,42,9,5,1,0,27,13,41,52,491,51,62,62
2024-01,2024,Enero,O29012101,MAESTRÍA EN SOLUCIÓN DE CONFLICTOS,Otros,Sin Partner (Propio),Presencial Regular,11,0,0,0,47,41,6,11,1,3,13,15,31,56,493,47,73,73
2024-02,2024,Febrero,O29012101,MAESTRÍA EN SOLUCIÓN DE CONFLICTOS,Otros,Sin Partner (Propio),Presencial Regular,4,0,0,0,52,47,5,11,0,0,12,8,27,55,501,52,46,67
2024-03,2024,Marzo,O29012101,MAESTRÍA EN SOLUCIÓN DE CONFLICTOS,Otros,Sin Partner (Propio),Presencial Regular,11,0,0,0,37,35,2,6,0,0,21,8,22,46,515,37,54,54
2024-04,2024,Abril,O29012101,MAESTRÍA EN SOLUCIÓN DE CONFLICTOS,Otros,Sin Partner (Propio),Presencial Regular,14,0,0,0,28,21,7,7,0,0,13,12,20,39,522,28,26,49
2024-05,2024,Mayo,O29012101,MAESTRÍA EN SOLUCIÓN DE CONFLICTOS,Otros,Sin Partner (Propio),Presencial Regular,11,0,0,0,12,11,1,3,1,1,19,8,25,34,527,12,28,28
2024-06,2024,Junio,O29012101,MAESTRÍA EN SOLUCIÓN DE CONFLICTOS,Otros,Sin Partner (Propio),Presencial Regular,5,0,0,0,14,10,4,5,0,0,7,11,23,28,537,14,24,24
2024-07,2024,Julio,O29012101,MAESTRÍA EN SOLUCIÓN DE CONFLICTOS,Otros,Sin Partner (Propio),Presencial Regular,7,0,0,0,8,6,2,1,0,0,9,5,26,24,545,8,9,16
2024-08,2024,Agosto,O29012101,MAESTRÍA EN SOLUCIÓN DE CONFLICTOS,Otros,Sin Partner (Propio),Presencial Regular,1,0,0,0,10,3,7,5,0,0,6,2,21,22,551,10,16,16
2024-09,2024,Setiembre,O29012101,MAESTRÍA EN SOLUCIÓN DE CONFLICTOS,Otros,Sin Partner (Propio),Presencial Regular,3,0,0,0,9,7,2,2,0,0,7,3,15,22,556,9,10,14
2024-10,2024,Octubre,O29012101,MAESTRÍA EN SOLUCIÓN DE CONFLICTOS,Otros,Sin Partner (Propio),Presencial Regular,1,0,0,0,6,3,3,3,0,0,8,4,10,25,557,6,10,10
2024-11,2024,Noviembre,O29012101,MAESTRÍA EN SOLUCIÓN DE CONFLICTOS,Otros,Sin Partner (Propio),Presencial Regular,0,0,0,0,5,2,3,1,0,0,7,5,9,26,560,5,6,6
2024-12,2024,Diciembre,O29012101,MAESTRÍA EN SOLUCIÓN DE CONFLICTOS,Otros,Sin Partner (Propio),Presencial Regular,2,0,0,0,4,2,2,4,0,0,4,4,9,22,564,4,1,10
2025-01,2025,N/A,O29012101,MAESTRÍA EN SOLUCIÓN DE CONFLICTOS,Otros,Sin Partner (Propio),Presencial Regular,0,0,0,0,0,0,0,0,0,0,8,4,11,20,568,0,0,0
2025-02,2025,N/A,O29012101,MAESTRÍA EN SOLUCIÓN DE CONFLICTOS,Otros,Sin Partner (Propio),Presencial Regular,0,0,0,0,0,0,0,0,0,0,0,8,13,17,573,0,0,0
2025-03,2025,N/A,O29012101,MAESTRÍA EN SOLUCIÓN DE CONFLICTOS,Otros,Sin Partner (Propio),Presencial Regular,0,0,0,0,0,0,0,0,0,0,0,0,18,15,578,0,0,0
2025-04,2025,N/A,O29012101,MAESTRÍA EN SOLUCIÓN DE CONFLICTOS,Otros,Sin Partner (Propio),Presencial Regular,0,0,0,0,0,0,0,0,0,0,0,0,16,13,582,0,0,0
2025-05,2025,N/A,O29012101,MAESTRÍA EN SOLUCIÓN DE CONFLICTOS,Otros,Sin Partner (Propio),Presencial Regular,0,0,0,0,0,0,0,0,0,0,0,0,12,13,586,0,0,0
2025-06,2025,N/A,O29012101,MAESTRÍA EN SOLUCIÓN DE CONFLICTOS,Otros,Sin Partner (Propio),Presencial Regular,0,0,0,0,0,0,0,0,0,0,0,0,8,17,586,0,0,0
2025-07,2025,N/A,O29012101,MAESTRÍA EN SOLUCIÓN DE CONFLICTOS,Otros,Sin Partner (Propio),Presencial Regular,0,0,0,0,0,0,0,0,0,0,0,0,0,23,588,0,0,0
2025-08,2025,N/A,O29012101,MAESTRÍA EN SOLUCIÓN DE CONFLICTOS,Otros,Sin Partner (Propio),Presencial Regular,0,0,0,0,0,0,0,0,0,0,0,0,0,21,590,0,0,0
2025-09,2025,N/A,O29012101,MAESTRÍA EN SOLUCIÓN DE CONFLICTOS,Otros,Sin Partner (Propio),Presencial Regular,0,0,0,0,0,0,0,0,0,0,0,0,0,18,593,0,0,0
2025-10,2025,N/A,O29012101,MAESTRÍA EN SOLUCIÓN DE CONFLICTOS,Otros,Sin Partner (Propio),Presencial Regular,0,0,0,0,0,0,0,0,0,0,0,0,0,16,595,0,0,0
2025-11,2025,N/A,O29012101,MAESTRÍA EN SOLUCIÓN DE CONFLICTOS,Otros,Sin Partner (Propio),Presencial Regular,0,0,0,0,0,0,0,0,0,0,0,0,0,12,599,0,0,0
2025-12,2025,N/A,O29012101,MAESTRÍA EN SOLUCIÓN DE CONFLICTOS,Otros,Sin Partner (Propio),Presencial Regular,0,0,0,0,0,0,0,0,0,0,0,0,0,8,603,0,0,0
2026-01,2026,N/A,O29012101,MAESTRÍA EN SOLUCIÓN DE CONFLICTOS,Otros,Sin Partner (Propio),Presencial Regular,0,0,0,0,0,0,0,0,0,0,0,0,0,0,611,0,0,0
2026-02,2026,N/A,O29012101,MAESTRÍA EN SOLUCIÓN DE CONFLICTOS,Otros,Sin Partner (Propio),Presencial Regular,0,0,0,0,0,0,0,0,0,0,0,0,0,0,611,0,0,0
2026-03,2026,N/A,O29012101,MAESTRÍA EN SOLUCIÓN DE CONFLICTOS,Otros,Sin Partner (Propio),Presencial Regular,0,0,0,0,0,0,0,0,0,0,0,0,0,0,611,0,0,0
2026-04,2026,N/A,O29012101,MAESTRÍA EN SOLUCIÓN DE CONFLICTOS,Otros,Sin Partner (Propio),Presencial Regular,0,0,0,0,0,0,0,0,0,0,0,0,0,0,611,0,0,0
2026-05,2026,N/A,O29012101,MAESTRÍA EN SOLUCIÓN DE CONFLICTOS,Otros,Sin Partner (Propio),Presencial Regular,0,0,0,0,0,0,0,0,0,0,0,0,0,0,611,0,0,0
2026-06,2026,N/A,O29012101,MAESTRÍA EN SOLUCIÓN DE CONFLICTOS,Otros,Sin Partner (Propio),Presencial Regular,0,0,0,0,0,0,0,0,0,0,0,0,0,0,611,0,0,0
2026-07,2026,N/A,O29012101,MAESTRÍA EN SOLUCIÓN DE CONFLICTOS,Otros,Sin Partner (Propio),Presencial Regular,0,0,0,0,0,0,0,0,0,0,0,0,0,0,611,0,0,0
2014-08,2014,Agosto,O1001A021,MAESTRÍA EN MEDICINA,Otros,Sin Partner (Propio),Presencial Regular,0,4,0,0,0,0,0,0,0,0,0,0,0,0,0,0,4,4
2014-09,2014,Setiembre,O1001A021,MAESTRÍA EN MEDICINA,Otros,Sin Partner (Propio),Presencial Regular,0,2,0,0,4,4,0,0,0,0,0,0,0,0,0,4,6,6
2014-10,2014,Octubre,O1001A021,MAESTRÍA EN MEDICINA,Otros,Sin Partner (Propio),Presencial Regular,0,2,0,0,2,2,0,0,0,0,4,0,0,0,0,2,4,4
2014-11,2014,Noviembre,O1001A021,MAESTRÍA EN MEDICINA,Otros,Sin Partner (Propio),Presencial Regular,0,1,0,0,4,3,1,0,0,0,1,3,0,0,0,4,5,5
2014-12,2014,Diciembre,O1001A021,MAESTRÍA EN MEDICINA,Otros,Sin Partner (Propio),Presencial Regular,0,0,0,0,4,4,0,0,0,0,1,1,3,0,0,4,4,4
2015-01,2015,Enero,O1001A021,MAESTRÍA EN MEDICINA,Otros,Sin Partner (Propio),Presencial Regular,0,0,0,0,4,4,0,0,0,0,0,1,4,0,0,4,4,4
2015-02,2015,Febrero,O1001A021,MAESTRÍA EN MEDICINA,Otros,Sin Partner (Propio),Presencial Regular,0,0,0,0,4,4,0,0,0,0,0,0,5,0,0,4,4,4
2015-03,2015,Marzo,O1001A021,MAESTRÍA EN MEDICINA,Otros,Sin Partner (Propio),Presencial Regular,0,5,0,1,4,4,0,0,0,0,0,0,5,0,0,4,9,9
2015-04,2015,Abril,O1001A021,MAESTRÍA EN MEDICINA,Otros,Sin Partner (Propio),Presencial Regular,0,3,1,0,6,6,0,0,0,0,3,0,2,3,0,6,9,9
2015-05,2015,Mayo,O1001A021,MAESTRÍA EN MEDICINA,Otros,Sin Partner (Propio),Presencial Regular,0,10,0,1,9,8,1,0,0,0,1,2,1,4,0,9,15,19
2015-06,2015,Junio,O1001A021,MAESTRÍA EN MEDICINA,Otros,Sin Partner (Propio),Presencial Regular,0,7,0,0,17,17,0,0,0,0,2,1,2,5,0,17,24,24
2015-07,2015,Julio,O1001A021,MAESTRÍA EN MEDICINA,Otros,Sin Partner (Propio),Presencial Regular,0,8,0,0,21,21,0,0,0,0,3,2,3,5,0,21,29,29
2015-08,2015,Agosto,O1001A021,MAESTRÍA EN MEDICINA,Otros,Sin Partner (Propio),Presencial Regular,0,11,0,0,24,24,0,0,0,0,5,3,5,5,0,24,35,35
2015-09,2015,Setiembre,O1001A021,MAESTRÍA EN MEDICINA,Otros,Sin Partner (Propio),Presencial Regular,0,9,1,0,33,31,2,0,0,0,4,3,8,5,0,33,41,42
2015-10,2015,Octubre,O1001A021,MAESTRÍA EN MEDICINA,Otros,Sin Partner (Propio),Presencial Regular,0,3,0,0,30,30,0,0,0,0,12,4,9,4,3,30,33,33
2015-11,2015,Noviembre,O1001A021,MAESTRÍA EN MEDICINA,Otros,Sin Partner (Propio),Presencial Regular,0,6,0,0,41,31,10,1,0,0,2,2,11,4,4,41,41,48
2015-12,2015,Diciembre,O1001A021,MAESTRÍA EN MEDICINA,Otros,Sin Partner (Propio),Presencial Regular,0,4,0,0,38,38,0,1,0,0,10,2,10,5,5,38,43,43
2016-01,2016,Enero,O1001A021,MAESTRÍA EN MEDICINA,Otros,Sin Partner (Propio),Presencial Regular,3,6,0,0,37,34,3,0,0,0,8,5,9,8,5,37,35,46
2016-02,2016,Febrero,O1001A021,MAESTRÍA EN MEDICINA,Otros,Sin Partner (Propio),Presencial Regular,0,6,0,0,30,30,0,0,0,0,13,8,13,9,5,30,36,36
2016-03,2016,Marzo,O1001A021,MAESTRÍA EN MEDICINA,Otros,Sin Partner (Propio),Presencial Regular,0,6,0,0,36,28,8,2,0,0,8,5,15,13,5,36,44,44
2016-04,2016,Abril,O1001A021,MAESTRÍA EN MEDICINA,Otros,Sin Partner (Propio),Presencial Regular,1,6,0,0,47,42,5,1,0,0,2,2,17,13,7,47,55,55
2016-05,2016,Mayo,O1001A021,MAESTRÍA EN MEDICINA,Otros,Sin Partner (Propio),Presencial Regular,0,10,0,0,39,39,0,1,0,0,15,2,16,14,8,39,41,50
2016-06,2016,Junio,O1001A021,MAESTRÍA EN MEDICINA,Otros,Sin Partner (Propio),Presencial Regular,3,3,0,0,25,21,4,0,0,0,27,10,14,16,10,25,31,31
2016-07,2016,Julio,O1001A021,MAESTRÍA EN MEDICINA,Otros,Sin Partner (Propio),Presencial Regular,3,8,0,0,35,22,13,3,1,0,3,14,14,19,13,35,47,50
2016-08,2016,Agosto,O1001A021,MAESTRÍA EN MEDICINA,Otros,Sin Partner (Propio),Presencial Regular,0,14,0,0,42,39,3,7,1,0,8,0,19,19,14,42,64,64
2016-09,2016,Setiembre,O1001A021,MAESTRÍA EN MEDICINA,Otros,Sin Partner (Propio),Presencial Regular,3,7,0,0,38,35,3,1,0,1,26,5,16,17,17,38,50,50
2016-10,2016,Octubre,O1001A021,MAESTRÍA EN MEDICINA,Otros,Sin Partner (Propio),Presencial Regular,4,17,0,0,61,43,18,6,0,0,2,6,13,17,19,61,83,88
2016-11,2016,Noviembre,O1001A021,MAESTRÍA EN MEDICINA,Otros,Sin Partner (Propio),Presencial Regular,2,5,0,0,46,45,1,2,1,0,37,1,13,19,20,46,56,56
2016-12,2016,Diciembre,O1001A021,MAESTRÍA EN MEDICINA,Otros,Sin Partner (Propio),Presencial Regular,6,5,0,0,54,36,18,2,0,0,18,13,5,22,24,54,66,67
2017-01,2017,Enero,O1001A021,MAESTRÍA EN MEDICINA,Otros,Sin Partner (Propio),Presencial Regular,1,9,0,1,62,53,9,5,1,0,8,9,12,14,31,62,78,78
2017-02,2017,Febrero,O1001A021,MAESTRÍA EN MEDICINA,Otros,Sin Partner (Propio),Presencial Regular,1,13,0,0,59,55,4,4,0,0,22,3,16,14,32,59,72,77
2017-03,2017,Marzo,O1001A021,MAESTRÍA EN MEDICINA,Otros,Sin Partner (Propio),Presencial Regular,1,8,0,2,78,70,8,1,0,0,5,14,16,14,34,78,81,88
2017-04,2017,Abril,O1001A021,MAESTRÍA EN MEDICINA,Otros,Sin Partner (Propio),Presencial Regular,1,7,0,0,64,64,0,3,0,0,22,5,26,13,36,64,65,75
2017-05,2017,Mayo,O1001A021,MAESTRÍA EN MEDICINA,Otros,Sin Partner (Propio),Presencial Regular,8,6,0,0,47,45,2,3,0,0,23,18,21,17,39,47,64,64
2017-06,2017,Junio,O1001A021,MAESTRÍA EN MEDICINA,Otros,Sin Partner (Propio),Presencial Regular,0,7,0,0,48,39,9,7,0,0,17,14,27,16,45,48,62,62
2017-07,2017,Julio,O1001A021,MAESTRÍA EN MEDICINA,Otros,Sin Partner (Propio),Presencial Regular,4,7,0,1,61,52,9,9,1,0,10,8,28,15,45,61,64,82
2017-08,2017,Agosto,O1001A021,MAESTRÍA EN MEDICINA,Otros,Sin Partner (Propio),Presencial Regular,4,11,0,0,68,64,4,7,2,0,12,6,16,23,46,68,92,92
2017-09,2017,Setiembre,O1001A021,MAESTRÍA EN MEDICINA,Otros,Sin Partner (Propio),Presencial Regular,5,6,0,0,69,65,4,3,0,0,18,8,17,23,48,69,83,83
2017-10,2017,Octubre,O1001A021,MAESTRÍA EN MEDICINA,Otros,Sin Partner (Propio),Presencial Regular,3,10,0,2,70,64,6,6,0,0,12,11,14,27,49,70,75,89
2017-11,2017,Noviembre,O1001A021,MAESTRÍA EN MEDICINA,Otros,Sin Partner (Propio),Presencial Regular,6,5,0,0,75,70,5,6,1,0,10,7,17,21,56,75,85,93
2017-12,2017,Diciembre,O1001A021,MAESTRÍA EN MEDICINA,Otros,Sin Partner (Propio),Presencial Regular,6,3,0,0,63,62,1,2,0,0,20,9,18,22,58,63,63,74
2018-01,2018,Enero,O1001A021,MAESTRÍA EN MEDICINA,Otros,Sin Partner (Propio),Presencial Regular,4,4,0,0,47,42,5,2,0,0,24,15,20,24,59,47,57,57
2018-02,2018,Febrero,O1001A021,MAESTRÍA EN MEDICINA,Otros,Sin Partner (Propio),Presencial Regular,1,10,0,0,53,43,10,7,0,0,9,14,26,16,69,53,44,71
2018-03,2018,Marzo,O1001A021,MAESTRÍA EN MEDICINA,Otros,Sin Partner (Propio),Presencial Regular,3,8,0,0,59,56,3,5,1,0,11,6,30,19,70,59,76,76
2018-04,2018,Abril,O1001A021,MAESTRÍA EN MEDICINA,Otros,Sin Partner (Propio),Presencial Regular,4,12,0,0,55,54,1,3,0,1,17,10,27,18,74,55,75,75
2018-05,2018,Mayo,O1001A021,MAESTRÍA EN MEDICINA,Otros,Sin Partner (Propio),Presencial Regular,2,7,0,0,69,60,9,5,1,0,11,7,27,19,76,69,76,84
2018-06,2018,Junio,O1001A021,MAESTRÍA EN MEDICINA,Otros,Sin Partner (Propio),Presencial Regular,5,10,0,0,63,60,3,1,1,0,20,5,27,21,79,63,80,80
2018-07,2018,Julio,O1001A021,MAESTRÍA EN MEDICINA,Otros,Sin Partner (Propio),Presencial Regular,6,6,0,0,62,56,6,7,2,0,15,13,16,24,82,62,83,83
2018-08,2018,Agosto,O1001A021,MAESTRÍA EN MEDICINA,Otros,Sin Partner (Propio),Presencial Regular,8,19,0,0,64,59,5,5,4,1,14,7,20,21,83,64,91,101
2018-09,2018,Setiembre,O1001A021,MAESTRÍA EN MEDICINA,Otros,Sin Partner (Propio),Presencial Regular,10,14,0,0,73,68,5,4,0,0,22,6,16,20,87,73,101,101
2018-10,2018,Octubre,O1001A021,MAESTRÍA EN MEDICINA,Otros,Sin Partner (Propio),Presencial Regular,5,10,0,0,87,82,5,4,0,1,7,17,13,19,89,87,96,107
2018-11,2018,Noviembre,O1001A021,MAESTRÍA EN MEDICINA,Otros,Sin Partner (Propio),Presencial Regular,2,8,0,0,80,79,1,5,0,0,23,6,19,21,91,80,95,95
2018-12,2018,Diciembre,O1001A021,MAESTRÍA EN MEDICINA,Otros,Sin Partner (Propio),Presencial Regular,4,9,0,1,91,83,8,2,2,2,9,15,18,18,92,91,104,110
2019-01,2019,Enero,O1001A021,MAESTRÍA EN MEDICINA,Otros,Sin Partner (Propio),Presencial Regular,5,7,0,0,79,76,3,1,0,1,28,5,26,16,97,79,93,93
2019-02,2019,Febrero,O1001A021,MAESTRÍA EN MEDICINA,Otros,Sin Partner (Propio),Presencial Regular,1,7,0,0,81,76,5,0,0,0,11,23,31,13,100,81,89,89
2019-03,2019,Marzo,O1001A021,MAESTRÍA EN MEDICINA,Otros,Sin Partner (Propio),Presencial Regular,3,5,0,0,81,78,3,10,0,2,10,8,32,19,101,81,65,101
2019-04,2019,Abril,O1001A021,MAESTRÍA EN MEDICINA,Otros,Sin Partner (Propio),Presencial Regular,23,10,0,0,70,64,6,6,2,1,14,3,29,19,101,70,108,112
2019-05,2019,Mayo,O1001A021,MAESTRÍA EN MEDICINA,Otros,Sin Partner (Propio),Presencial Regular,6,16,0,0,72,68,4,2,1,0,18,8,20,23,105,72,92,97
2019-06,2019,Junio,O1001A021,MAESTRÍA EN MEDICINA,Otros,Sin Partner (Propio),Presencial Regular,3,18,0,0,71,69,2,2,0,0,19,16,23,25,106,71,80,94
2019-07,2019,Julio,O1001A021,MAESTRÍA EN MEDICINA,Otros,Sin Partner (Propio),Presencial Regular,6,21,0,0,82,75,7,4,0,1,15,9,27,28,108,82,106,114
2019-08,2019,Agosto,O1001A021,MAESTRÍA EN MEDICINA,Otros,Sin Partner (Propio),Presencial Regular,7,23,0,0,98,94,4,6,3,1,8,11,24,30,107,98,138,138
2019-09,2019,Setiembre,O1001A021,MAESTRÍA EN MEDICINA,Otros,Sin Partner (Propio),Presencial Regular,0,21,0,0,109,109,0,2,1,0,22,8,30,26,113,109,132,133
2019-10,2019,Octubre,O1001A021,MAESTRÍA EN MEDICINA,Otros,Sin Partner (Propio),Presencial Regular,2,13,0,0,115,110,5,6,0,0,21,17,28,28,115,115,124,136
2019-11,2019,Noviembre,O1001A021,MAESTRÍA EN MEDICINA,Otros,Sin Partner (Propio),Presencial Regular,9,13,0,0,129,119,10,6,1,2,14,11,23,27,121,129,152,160
2019-12,2019,Diciembre,O1001A021,MAESTRÍA EN MEDICINA,Otros,Sin Partner (Propio),Presencial Regular,11,15,0,0,123,119,4,2,1,0,23,10,25,28,124,123,151,152
2020-01,2020,Enero,O1001A021,MAESTRÍA EN MEDICINA,Otros,Sin Partner (Propio),Presencial Regular,2,17,0,0,132,122,10,2,2,0,18,13,25,27,130,132,152,155
2020-02,2020,Febrero,O1001A021,MAESTRÍA EN MEDICINA,Otros,Sin Partner (Propio),Presencial Regular,5,10,0,1,114,114,0,7,0,0,35,17,28,26,134,114,109,136
2020-03,2020,Marzo,O1001A021,MAESTRÍA EN MEDICINA,Otros,Sin Partner (Propio),Presencial Regular,2,22,0,0,126,112,14,1,0,0,19,20,37,29,137,126,139,151
2020-04,2020,Abril,O1001A021,MAESTRÍA EN MEDICINA,Otros,Sin Partner (Propio),Presencial Regular,9,13,0,0,123,118,5,4,0,0,25,12,47,31,140,123,144,149
2020-05,2020,Mayo,O1001A021,MAESTRÍA EN MEDICINA,Otros,Sin Partner (Propio),Presencial Regular,7,8,0,0,114,105,9,6,5,0,30,16,42,29,146,114,129,140
2020-06,2020,Junio,O1001A021,MAESTRÍA EN MEDICINA,Otros,Sin Partner (Propio),Presencial Regular,5,31,0,0,112,99,13,7,1,0,31,16,44,31,149,112,113,156
2020-07,2020,Julio,O1001A021,MAESTRÍA EN MEDICINA,Otros,Sin Partner (Propio),Presencial Regular,9,40,0,2,145,128,17,18,1,2,20,11,29,34,153,145,215,215
2020-08,2020,Agosto,O1001A021,MAESTRÍA EN MEDICINA,Otros,Sin Partner (Propio),Presencial Regular,15,24,0,0,173,165,8,4,2,1,32,8,28,35,155,173,201,219
2020-09,2020,Setiembre,O1001A021,MAESTRÍA EN MEDICINA,Otros,Sin Partner (Propio),Presencial Regular,5,23,0,1,160,152,8,3,0,1,49,23,30,32,159,160,192,192
2020-10,2020,Octubre,O1001A021,MAESTRÍA EN MEDICINA,Otros,Sin Partner (Propio),Presencial Regular,18,44,0,0,191,173,18,9,3,0,13,21,29,34,162,191,247,265
2020-11,2020,Noviembre,O1001A021,MAESTRÍA EN MEDICINA,Otros,Sin Partner (Propio),Presencial Regular,8,20,0,0,200,194,6,6,0,0,47,6,38,34,167,200,234,234
2020-12,2020,Diciembre,O1001A021,MAESTRÍA EN MEDICINA,Otros,Sin Partner (Propio),Presencial Regular,14,23,0,0,206,190,16,4,1,0,28,26,34,33,172,206,232,248
2021-01,2021,Enero,O1001A021,MAESTRÍA EN MEDICINA,Otros,Sin Partner (Propio),Presencial Regular,8,26,0,1,204,194,10,8,0,0,32,18,46,31,180,204,246,246
2021-02,2021,Febrero,O1001A021,MAESTRÍA EN MEDICINA,Otros,Sin Partner (Propio),Presencial Regular,7,16,0,0,197,191,6,11,1,1,45,21,45,33,184,197,190,233
2021-03,2021,Marzo,O1001A021,MAESTRÍA EN MEDICINA,Otros,Sin Partner (Propio),Presencial Regular,13,23,0,0,203,182,21,11,1,0,38,19,44,40,185,203,251,251
2021-04,2021,Abril,O1001A021,MAESTRÍA EN MEDICINA,Otros,Sin Partner (Propio),Presencial Regular,13,30,0,2,207,194,13,4,0,0,35,24,51,36,194,207,227,254
2021-05,2021,Mayo,O1001A021,MAESTRÍA EN MEDICINA,Otros,Sin Partner (Propio),Presencial Regular,16,25,0,0,204,195,9,3,2,0,33,24,59,41,199,204,250,250
2021-06,2021,Junio,O1001A021,MAESTRÍA EN MEDICINA,Otros,Sin Partner (Propio),Presencial Regular,11,29,0,0,202,194,8,11,1,0,33,21,63,46,202,202,222,254
2021-07,2021,Julio,O1001A021,MAESTRÍA EN MEDICINA,Otros,Sin Partner (Propio),Presencial Regular,15,24,0,1,211,204,7,16,2,0,36,16,56,48,208,211,268,268
2021-08,2021,Agosto,O1001A021,MAESTRÍA EN MEDICINA,Otros,Sin Partner (Propio),Presencial Regular,3,17,0,1,226,210,16,12,2,1,41,20,46,51,215,226,224,261
2021-09,2021,Setiembre,O1001A021,MAESTRÍA EN MEDICINA,Otros,Sin Partner (Propio),Presencial Regular,23,14,0,1,197,192,5,6,4,0,57,26,41,53,224,197,244,244
2021-10,2021,Octubre,O1001A021,MAESTRÍA EN MEDICINA,Otros,Sin Partner (Propio),Presencial Regular,7,20,0,2,207,189,18,4,1,1,31,34,54,56,227,207,195,240
2021-11,2021,Noviembre,O1001A021,MAESTRÍA EN MEDICINA,Otros,Sin Partner (Propio),Presencial Regular,30,24,0,0,183,173,10,7,2,0,41,18,65,53,236,183,246,246
2021-12,2021,Diciembre,O1001A021,MAESTRÍA EN MEDICINA,Otros,Sin Partner (Propio),Presencial Regular,6,16,0,1,182,166,16,13,0,0,44,25,62,52,245,182,185,217
2022-01,2022,Enero,O1001A021,MAESTRÍA EN MEDICINA,Otros,Sin Partner (Propio),Presencial Regular,12,24,0,1,178,161,17,9,3,1,42,24,66,54,250,178,227,227
2022-02,2022,Febrero,O1001A021,MAESTRÍA EN MEDICINA,Otros,Sin Partner (Propio),Presencial Regular,4,13,0,0,188,172,16,8,1,0,41,26,64,61,258,188,171,214
2022-03,2022,Marzo,O1001A021,MAESTRÍA EN MEDICINA,Otros,Sin Partner (Propio),Presencial Regular,27,11,0,0,189,172,17,10,3,0,26,17,56,61,271,189,240,240
2022-04,2022,Abril,O1001A021,MAESTRÍA EN MEDICINA,Otros,Sin Partner (Propio),Presencial Regular,9,13,0,0,166,161,5,10,2,0,47,20,55,58,277,166,172,200
2022-05,2022,Mayo,O1001A021,MAESTRÍA EN MEDICINA,Otros,Sin Partner (Propio),Presencial Regular,6,4,0,0,137,128,9,4,2,3,61,35,55,63,282,137,156,156
2022-06,2022,Junio,O1001A021,MAESTRÍA EN MEDICINA,Otros,Sin Partner (Propio),Presencial Regular,36,7,0,1,152,117,35,13,1,0,17,20,54,66,287,152,209,209
2022-07,2022,Julio,O1001A021,MAESTRÍA EN MEDICINA,Otros,Sin Partner (Propio),Presencial Regular,9,9,0,1,114,108,6,6,1,1,56,11,53,72,294,114,111,140
2022-08,2022,Agosto,O1001A021,MAESTRÍA EN MEDICINA,Otros,Sin Partner (Propio),Presencial Regular,5,23,0,2,116,95,21,9,2,1,34,34,46,62,308,116,156,156
2022-09,2022,Setiembre,O1001A021,MAESTRÍA EN MEDICINA,Otros,Sin Partner (Propio),Presencial Regular,27,19,0,0,129,111,18,19,1,2,27,11,41,58,320,129,197,197
2022-10,2022,Octubre,O1001A021,MAESTRÍA EN MEDICINA,Otros,Sin Partner (Propio),Presencial Regular,2,18,0,1,126,119,7,3,0,1,49,20,40,62,324,126,118,150
2022-11,2022,Noviembre,O1001A021,MAESTRÍA EN MEDICINA,Otros,Sin Partner (Propio),Presencial Regular,9,16,0,0,132,120,12,9,2,0,22,36,34,61,338,132,168,168
2022-12,2022,Diciembre,O1001A021,MAESTRÍA EN MEDICINA,Otros,Sin Partner (Propio),Presencial Regular,12,9,0,2,131,122,9,16,3,0,31,13,46,54,344,131,171,171
2023-01,2023,Enero,O1001A021,MAESTRÍA EN MEDICINA,Otros,Sin Partner (Propio),Presencial Regular,10,10,0,0,130,117,13,9,1,1,32,18,43,47,356,130,119,161
2023-02,2023,Febrero,O1001A021,MAESTRÍA EN MEDICINA,Otros,Sin Partner (Propio),Presencial Regular,9,12,0,0,129,119,10,8,3,1,26,21,46,42,362,129,162,162
2023-03,2023,Marzo,O1001A021,MAESTRÍA EN MEDICINA,Otros,Sin Partner (Propio),Presencial Regular,12,14,0,1,133,124,9,12,1,1,24,15,38,43,371,133,173,173
2023-04,2023,Abril,O1001A021,MAESTRÍA EN MEDICINA,Otros,Sin Partner (Propio),Presencial Regular,8,14,0,2,125,119,6,5,1,0,34,18,38,45,378,125,121,153
2023-05,2023,Mayo,O1001A021,MAESTRÍA EN MEDICINA,Otros,Sin Partner (Propio),Presencial Regular,10,13,0,3,115,104,11,3,0,0,33,21,45,42,389,115,141,141
2023-06,2023,Junio,O1001A021,MAESTRÍA EN MEDICINA,Otros,Sin Partner (Propio),Presencial Regular,22,23,0,3,121,105,16,16,1,0,13,16,38,44,390,121,183,183
2023-07,2023,Julio,O1001A021,MAESTRÍA EN MEDICINA,Otros,Sin Partner (Propio),Presencial Regular,8,0,0,0,106,105,1,6,2,0,50,11,38,48,393,106,92,122
2023-08,2023,Agosto,O1001A021,MAESTRÍA EN MEDICINA,Otros,Sin Partner (Propio),Presencial Regular,8,0,0,0,110,86,24,8,1,1,22,26,35,48,395,110,128,128
2023-09,2023,Setiembre,O1001A021,MAESTRÍA EN MEDICINA,Otros,Sin Partner (Propio),Presencial Regular,8,0,0,0,105,92,13,12,1,0,21,9,42,44,404,105,126,126
2023-10,2023,Octubre,O1001A021,MAESTRÍA EN MEDICINA,Otros,Sin Partner (Propio),Presencial Regular,6,0,0,0,84,79,5,4,0,0,34,16,39,42,413,84,64,94
2023-11,2023,Noviembre,O1001A021,MAESTRÍA EN MEDICINA,Otros,Sin Partner (Propio),Presencial Regular,10,0,0,0,78,68,10,12,0,0,10,24,36,41,421,78,100,100
2023-12,2023,Diciembre,O1001A021,MAESTRÍA EN MEDICINA,Otros,Sin Partner (Propio),Presencial Regular,4,0,0,0,69,63,6,13,3,0,23,4,40,40,426,69,89,89
2024-01,2024,Enero,O1001A021,MAESTRÍA EN MEDICINA,Otros,Sin Partner (Propio),Presencial Regular,4,0,0,0,69,60,9,11,0,1,21,14,21,44,433,69,42,85
2024-02,2024,Febrero,O1001A021,MAESTRÍA EN MEDICINA,Otros,Sin Partner (Propio),Presencial Regular,12,0,0,0,57,53,4,5,0,0,19,16,26,41,438,57,74,74
2024-03,2024,Marzo,O1001A021,MAESTRÍA EN MEDICINA,Otros,Sin Partner (Propio),Presencial Regular,14,0,0,0,45,39,6,7,0,0,12,11,31,38,444,45,66,66
2024-04,2024,Abril,O1001A021,MAESTRÍA EN MEDICINA,Otros,Sin Partner (Propio),Presencial Regular,8,0,0,0,27,24,3,10,1,3,21,9,22,38,449,27,31,49
2024-05,2024,Mayo,O1001A021,MAESTRÍA EN MEDICINA,Otros,Sin Partner (Propio),Presencial Regular,11,0,0,0,24,21,3,5,0,0,12,15,26,32,455,24,40,40
2024-06,2024,Junio,O1001A021,MAESTRÍA EN MEDICINA,Otros,Sin Partner (Propio),Presencial Regular,7,0,0,0,14,13,1,8,0,2,11,11,30,27,459,14,31,31
2024-07,2024,Julio,O1001A021,MAESTRÍA EN MEDICINA,Otros,Sin Partner (Propio),Presencial Regular,1,0,0,0,11,11,0,1,0,0,13,11,29,25,471,11,6,13
2024-08,2024,Agosto,O1001A021,MAESTRÍA EN MEDICINA,Otros,Sin Partner (Propio),Presencial Regular,16,0,0,0,8,6,2,9,0,0,2,7,21,25,473,8,33,33
2024-09,2024,Setiembre,O1001A021,MAESTRÍA EN MEDICINA,Otros,Sin Partner (Propio),Presencial Regular,5,0,0,0,6,6,0,0,1,0,9,2,22,24,476,6,12,12
2024-10,2024,Octubre,O1001A021,MAESTRÍA EN MEDICINA,Otros,Sin Partner (Propio),Presencial Regular,1,0,0,0,1,0,1,4,0,0,7,7,15,22,483,1,3,6
2024-11,2024,Noviembre,O1001A021,MAESTRÍA EN MEDICINA,Otros,Sin Partner (Propio),Presencial Regular,4,0,0,0,3,3,0,3,1,1,2,6,12,26,481,3,12,12
2024-12,2024,Diciembre,O1001A021,MAESTRÍA EN MEDICINA,Otros,Sin Partner (Propio),Presencial Regular,7,0,0,0,3,3,0,0,0,1,2,2,14,26,480,3,11,11
2025-01,2025,N/A,O1001A021,MAESTRÍA EN MEDICINA,Otros,Sin Partner (Propio),Presencial Regular,0,0,0,0,0,0,0,0,0,0,4,2,13,20,489,0,0,0
2025-02,2025,N/A,O1001A021,MAESTRÍA EN MEDICINA,Otros,Sin Partner (Propio),Presencial Regular,0,0,0,0,0,0,0,0,0,0,0,4,14,19,491,0,0,0
2025-03,2025,N/A,O1001A021,MAESTRÍA EN MEDICINA,Otros,Sin Partner (Propio),Presencial Regular,0,0,0,0,0,0,0,0,0,0,0,0,13,20,495,0,0,0
2025-04,2025,N/A,O1001A021,MAESTRÍA EN MEDICINA,Otros,Sin Partner (Propio),Presencial Regular,0,0,0,0,0,0,0,0,0,0,0,0,8,21,499,0,0,0
2025-05,2025,N/A,O1001A021,MAESTRÍA EN MEDICINA,Otros,Sin Partner (Propio),Presencial Regular,0,0,0,0,0,0,0,0,0,0,0,0,6,18,504,0,0,0
2025-06,2025,N/A,O1001A021,MAESTRÍA EN MEDICINA,Otros,Sin Partner (Propio),Presencial Regular,0,0,0,0,0,0,0,0,0,0,0,0,4,18,506,0,0,0
2025-07,2025,N/A,O1001A021,MAESTRÍA EN MEDICINA,Otros,Sin Partner (Propio),Presencial Regular,0,0,0,0,0,0,0,0,0,0,0,0,0,19,509,0,0,0
2025-08,2025,N/A,O1001A021,MAESTRÍA EN MEDICINA,Otros,Sin Partner (Propio),Presencial Regular,0,0,0,0,0,0,0,0,0,0,0,0,0,18,510,0,0,0
2025-09,2025,N/A,O1001A021,MAESTRÍA EN MEDICINA,Otros,Sin Partner (Propio),Presencial Regular,0,0,0,0,0,0,0,0,0,0,0,0,0,13,515,0,0,0
2025-10,2025,N/A,O1001A021,MAESTRÍA EN MEDICINA,Otros,Sin Partner (Propio),Presencial Regular,0,0,0,0,0,0,0,0,0,0,0,0,0,8,520,0,0,0
2025-11,2025,N/A,O1001A021,MAESTRÍA EN MEDICINA,Otros,Sin Partner (Propio),Presencial Regular,0,0,0,0,0,0,0,0,0,0,0,0,0,6,522,0,0,0
2025-12,2025,N/A,O1001A021,MAESTRÍA EN MEDICINA,Otros,Sin Partner (Propio),Presencial Regular,0,0,0,0,0,0,0,0,0,0,0,0,0,4,524,0,0,0
2026-01,2026,N/A,O1001A021,MAESTRÍA EN MEDICINA,Otros,Sin Partner (Propio),Presencial Regular,0,0,0,0,0,0,0,0,0,0,0,0,0,0,528,0,0,0
2026-02,2026,N/A,O1001A021,MAESTRÍA EN MEDICINA,Otros,Sin Partner (Propio),Presencial Regular,0,0,0,0,0,0,0,0,0,0,0,0,0,0,528,0,0,0
2026-03,2026,N/A,O1001A021,MAESTRÍA EN MEDICINA,Otros,Sin Partner (Propio),Presencial Regular,0,0,0,0,0,0,0,0,0,0,0,0,0,0,528,0,0,0
2026-04,2026,N/A,O1001A021,MAESTRÍA EN MEDICINA,Otros,Sin Partner (Propio),Presencial Regular,0,0,0,0,0,0,0,0,0,0,0,0,0,0,528,0,0,0
2026-05,2026,N/A,O1001A021,MAESTRÍA EN MEDICINA,Otros,Sin Partner (Propio),Presencial Regular,0,0,0,0,0,0,0,0,0,0,0,0,0,0,528,0,0,0
2026-06,2026,N/A,O1001A021,MAESTRÍA EN MEDICINA,Otros,Sin Partner (Propio),Presencial Regular,0,0,0,0,0,0,0,0,0,0,0,0,0,0,528,0,0,0
2026-07,2026,N/A,O1001A021,MAESTRÍA EN MEDICINA,Otros,Sin Partner (Propio),Presencial Regular,0,0,0,0,0,0,0,0,0,0,0,0,0,0,528,0,0,0
2014-10,2014,Octubre,O10010501,MAESTRIA EN GERENCIA DE SERVICIO DE SALUD (4 Ciclos),Otros,Sin Partner (Propio),Presencial Regular,0,1,0,0,0,0,0,0,0,0,0,0,0,0,0,0,1,1
2014-11,2014,Noviembre,O10010501,MAESTRIA EN GERENCIA DE SERVICIO DE SALUD (4 Ciclos),Otros,Sin Partner (Propio),Presencial Regular,0,2,0,0,1,1,0,0,0,0,0,0,0,0,0,1,3,3
2014-12,2014,Diciembre,O10010501,MAESTRIA EN GERENCIA DE SERVICIO DE SALUD (4 Ciclos),Otros,Sin Partner (Propio),Presencial Regular,0,1,0,0,3,3,0,0,0,0,0,0,0,0,0,3,4,4
2015-01,2015,Enero,O10010501,MAESTRIA EN GERENCIA DE SERVICIO DE SALUD (4 Ciclos),Otros,Sin Partner (Propio),Presencial Regular,0,2,0,0,4,4,0,0,0,0,0,0,0,0,0,4,6,6
2015-02,2015,Febrero,O10010501,MAESTRIA EN GERENCIA DE SERVICIO DE SALUD (4 Ciclos),Otros,Sin Partner (Propio),Presencial Regular,0,2,0,0,5,5,0,0,0,0,1,0,0,0,0,5,7,7
2015-03,2015,Marzo,O10010501,MAESTRIA EN GERENCIA DE SERVICIO DE SALUD (4 Ciclos),Otros,Sin Partner (Propio),Presencial Regular,0,4,0,0,6,6,0,0,0,0,1,1,0,0,0,6,10,10
2015-04,2015,Abril,O10010501,MAESTRIA EN GERENCIA DE SERVICIO DE SALUD (4 Ciclos),Otros,Sin Partner (Propio),Presencial Regular,0,2,0,0,8,8,0,0,0,0,2,1,1,0,0,8,10,10
2015-05,2015,Mayo,O10010501,MAESTRIA EN GERENCIA DE SERVICIO DE SALUD (4 Ciclos),Otros,Sin Partner (Propio),Presencial Regular,0,21,0,0,9,9,0,0,0,0,1,2,2,0,0,9,30,30
2015-06,2015,Junio,O10010501,MAESTRIA EN GERENCIA DE SERVICIO DE SALUD (4 Ciclos),Otros,Sin Partner (Propio),Presencial Regular,0,32,0,2,26,26,0,0,0,0,4,1,4,0,0,26,58,58
2015-07,2015,Julio,O10010501,MAESTRIA EN GERENCIA DE SERVICIO DE SALUD (4 Ciclos),Otros,Sin Partner (Propio),Presencial Regular,0,35,0,0,49,48,1,0,0,0,10,3,5,0,0,49,84,84
2015-08,2015,Agosto,O10010501,MAESTRIA EN GERENCIA DE SERVICIO DE SALUD (4 Ciclos),Otros,Sin Partner (Propio),Presencial Regular,0,15,0,0,70,70,0,0,0,0,14,10,7,1,0,70,85,85
2015-09,2015,Setiembre,O10010501,MAESTRIA EN GERENCIA DE SERVICIO DE SALUD (4 Ciclos),Otros,Sin Partner (Propio),Presencial Regular,0,37,0,1,78,77,1,1,0,0,8,13,15,2,0,78,116,116
2015-10,2015,Octubre,O10010501,MAESTRIA EN GERENCIA DE SERVICIO DE SALUD (4 Ciclos),Otros,Sin Partner (Propio),Presencial Regular,0,16,0,0,102,99,3,2,0,0,17,5,24,4,0,102,120,120
2015-11,2015,Noviembre,O10010501,MAESTRIA EN GERENCIA DE SERVICIO DE SALUD (4 Ciclos),Otros,Sin Partner (Propio),Presencial Regular,0,24,0,0,100,95,5,0,0,0,25,12,28,5,0,100,120,124
2015-12,2015,Diciembre,O10010501,MAESTRIA EN GERENCIA DE SERVICIO DE SALUD (4 Ciclos),Otros,Sin Partner (Propio),Presencial Regular,0,10,0,0,108,104,4,0,0,0,20,21,37,8,0,108,118,118
2016-01,2016,Enero,O10010501,MAESTRIA EN GERENCIA DE SERVICIO DE SALUD (4 Ciclos),Otros,Sin Partner (Propio),Presencial Regular,3,3,0,0,102,96,6,8,0,0,20,14,41,16,0,102,114,116
2016-02,2016,Febrero,O10010501,MAESTRIA EN GERENCIA DE SERVICIO DE SALUD (4 Ciclos),Otros,Sin Partner (Propio),Presencial Regular,4,0,0,0,82,80,2,1,1,0,29,18,42,26,1,82,88,88
2016-03,2016,Marzo,O10010501,MAESTRIA EN GERENCIA DE SERVICIO DE SALUD (4 Ciclos),Otros,Sin Partner (Propio),Presencial Regular,2,0,0,0,86,68,18,7,0,0,14,11,48,30,2,86,79,95
2016-04,2016,Abril,O10010501,MAESTRIA EN GERENCIA DE SERVICIO DE SALUD (4 Ciclos),Otros,Sin Partner (Propio),Presencial Regular,2,0,0,0,76,68,8,5,0,0,23,6,44,38,4,76,83,83
2016-05,2016,Mayo,O10010501,MAESTRIA EN GERENCIA DE SERVICIO DE SALUD (4 Ciclos),Otros,Sin Partner (Propio),Presencial Regular,0,0,0,0,58,52,6,6,1,0,29,17,31,49,5,58,65,65
2016-06,2016,Junio,O10010501,MAESTRIA EN GERENCIA DE SERVICIO DE SALUD (4 Ciclos),Otros,Sin Partner (Propio),Presencial Regular,2,0,0,0,22,18,4,2,0,0,45,25,36,56,8,22,26,26
2016-07,2016,Julio,O10010501,MAESTRIA EN GERENCIA DE SERVICIO DE SALUD (4 Ciclos),Otros,Sin Partner (Propio),Presencial Regular,2,0,0,0,42,19,23,9,2,0,4,22,40,57,16,42,34,55
2016-08,2016,Agosto,O10010501,MAESTRIA EN GERENCIA DE SERVICIO DE SALUD (4 Ciclos),Otros,Sin Partner (Propio),Presencial Regular,7,0,0,0,38,34,4,20,0,0,14,0,34,52,27,38,63,65
2016-09,2016,Setiembre,O10010501,MAESTRIA EN GERENCIA DE SERVICIO DE SALUD (4 Ciclos),Otros,Sin Partner (Propio),Presencial Regular,8,0,0,0,33,31,2,6,2,1,23,9,25,48,30,33,44,50
2016-10,2016,Octubre,O10010501,MAESTRIA EN GERENCIA DE SERVICIO DE SALUD (4 Ciclos),Otros,Sin Partner (Propio),Presencial Regular,10,0,0,0,21,14,7,1,0,0,22,14,22,47,40,21,31,32
2016-11,2016,Noviembre,O10010501,MAESTRIA EN GERENCIA DE SERVICIO DE SALUD (4 Ciclos),Otros,Sin Partner (Propio),Presencial Regular,7,0,0,0,16,7,9,3,1,0,11,12,23,42,52,16,27,27
2016-12,2016,Diciembre,O10010501,MAESTRIA EN GERENCIA DE SERVICIO DE SALUD (4 Ciclos),Otros,Sin Partner (Propio),Presencial Regular,6,0,0,0,10,8,2,12,1,0,9,8,16,37,61,10,25,29
2017-01,2017,Enero,O10010501,MAESTRIA EN GERENCIA DE SERVICIO DE SALUD (4 Ciclos),Otros,Sin Partner (Propio),Presencial Regular,11,0,0,0,8,6,2,3,4,0,10,7,17,23,71,8,26,26
2017-02,2017,Febrero,O10010501,MAESTRIA EN GERENCIA DE SERVICIO DE SALUD (4 Ciclos),Otros,Sin Partner (Propio),Presencial Regular,4,0,0,0,9,4,5,4,0,0,8,4,16,23,75,9,13,17
2017-03,2017,Marzo,O10010501,MAESTRIA EN GERENCIA DE SERVICIO DE SALUD (4 Ciclos),Otros,Sin Partner (Propio),Presencial Regular,3,0,0,0,9,7,2,1,0,0,6,6,13,24,77,9,13,13
2017-04,2017,Abril,O10010501,MAESTRIA EN GERENCIA DE SERVICIO DE SALUD (4 Ciclos),Otros,Sin Partner (Propio),Presencial Regular,1,0,0,0,5,4,1,1,0,1,6,4,15,19,84,5,4,8
2017-05,2017,Mayo,O10010501,MAESTRIA EN GERENCIA DE SERVICIO DE SALUD (4 Ciclos),Otros,Sin Partner (Propio),Presencial Regular,3,0,0,0,1,0,1,0,0,0,5,4,16,16,90,1,4,4
2017-06,2017,Junio,O10010501,MAESTRIA EN GERENCIA DE SERVICIO DE SALUD (4 Ciclos),Otros,Sin Partner (Propio),Presencial Regular,3,0,0,0,3,0,3,4,0,0,1,0,12,16,93,3,10,10
2017-07,2017,Julio,O10010501,MAESTRIA EN GERENCIA DE SERVICIO DE SALUD (4 Ciclos),Otros,Sin Partner (Propio),Presencial Regular,1,0,0,0,2,2,0,0,0,0,5,0,10,18,93,2,2,3
2017-08,2017,Agosto,O10010501,MAESTRIA EN GERENCIA DE SERVICIO DE SALUD (4 Ciclos),Otros,Sin Partner (Propio),Presencial Regular,1,0,0,0,3,2,1,2,1,0,0,4,2,18,97,3,7,7
2017-09,2017,Setiembre,O10010501,MAESTRIA EN GERENCIA DE SERVICIO DE SALUD (4 Ciclos),Otros,Sin Partner (Propio),Presencial Regular,0,0,0,0,3,3,0,0,0,0,3,0,5,16,100,3,3,3
2017-10,2017,Octubre,O10010501,MAESTRIA EN GERENCIA DE SERVICIO DE SALUD (4 Ciclos),Otros,Sin Partner (Propio),Presencial Regular,0,0,0,0,3,1,2,0,0,0,2,1,4,14,103,3,3,3
2017-11,2017,Noviembre,O10010501,MAESTRIA EN GERENCIA DE SERVICIO DE SALUD (4 Ciclos),Otros,Sin Partner (Propio),Presencial Regular,2,0,0,0,1,1,0,0,1,0,2,1,5,9,106,1,3,4
2017-12,2017,Diciembre,O10010501,MAESTRIA EN GERENCIA DE SERVICIO DE SALUD (4 Ciclos),Otros,Sin Partner (Propio),Presencial Regular,2,0,0,0,0,0,0,1,0,0,2,1,4,6,109,0,2,3
2018-01,2018,Enero,O10010501,MAESTRIA EN GERENCIA DE SERVICIO DE SALUD (4 Ciclos),Otros,Sin Partner (Propio),Presencial Regular,0,0,0,0,0,0,0,1,0,0,1,2,2,6,111,0,1,1
2018-02,2018,Febrero,O10010501,MAESTRIA EN GERENCIA DE SERVICIO DE SALUD (4 Ciclos),Otros,Sin Partner (Propio),Presencial Regular,0,0,0,0,1,1,0,1,0,0,0,1,3,3,114,1,1,2
2018-03,2018,N/A,O10010501,MAESTRIA EN GERENCIA DE SERVICIO DE SALUD (4 Ciclos),Otros,Sin Partner (Propio),Presencial Regular,0,0,0,0,0,0,0,0,0,0,2,0,3,3,115,0,0,0
2018-04,2018,Abril,O10010501,MAESTRIA EN GERENCIA DE SERVICIO DE SALUD (4 Ciclos),Otros,Sin Partner (Propio),Presencial Regular,0,0,0,0,0,0,0,0,0,1,0,2,2,4,114,0,1,1
2018-05,2018,Mayo,O10010501,MAESTRIA EN GERENCIA DE SERVICIO DE SALUD (4 Ciclos),Otros,Sin Partner (Propio),Presencial Regular,0,0,0,0,0,0,0,2,0,0,1,0,2,4,114,0,1,2
2018-06,2018,N/A,O10010501,MAESTRIA EN GERENCIA DE SERVICIO DE SALUD (4 Ciclos),Otros,Sin Partner (Propio),Presencial Regular,0,0,0,0,0,0,0,0,0,0,2,1,1,5,114,0,0,0
2018-07,2018,N/A,O10010501,MAESTRIA EN GERENCIA DE SERVICIO DE SALUD (4 Ciclos),Otros,Sin Partner (Propio),Presencial Regular,0,0,0,0,0,0,0,0,0,0,0,2,1,4,116,0,0,0
2018-08,2018,Agosto,O10010501,MAESTRIA EN GERENCIA DE SERVICIO DE SALUD (4 Ciclos),Otros,Sin Partner (Propio),Presencial Regular,0,0,0,0,0,0,0,0,1,0,0,0,3,3,116,0,0,1
2018-09,2018,Setiembre,O10010501,MAESTRIA EN GERENCIA DE SERVICIO DE SALUD (4 Ciclos),Otros,Sin Partner (Propio),Presencial Regular,0,0,0,0,0,0,0,1,0,0,1,0,2,2,117,0,1,1
2018-10,2018,Octubre,O10010501,MAESTRIA EN GERENCIA DE SERVICIO DE SALUD (4 Ciclos),Otros,Sin Partner (Propio),Presencial Regular,0,0,0,0,0,0,0,0,0,2,1,1,2,1,116,0,1,2
2018-11,2018,N/A,O10010501,MAESTRIA EN GERENCIA DE SERVICIO DE SALUD (4 Ciclos),Otros,Sin Partner (Propio),Presencial Regular,0,0,0,0,0,0,0,0,0,0,2,1,2,2,116,0,0,0
2018-12,2018,Diciembre,O10010501,MAESTRIA EN GERENCIA DE SERVICIO DE SALUD (4 Ciclos),Otros,Sin Partner (Propio),Presencial Regular,0,0,0,0,0,0,0,1,0,0,0,2,1,3,116,0,1,1
2019-01,2019,Enero,O10010501,MAESTRIA EN GERENCIA DE SERVICIO DE SALUD (4 Ciclos),Otros,Sin Partner (Propio),Presencial Regular,0,0,0,0,0,0,0,0,0,1,1,0,3,2,116,0,1,1
2019-02,2019,Febrero,O10010501,MAESTRIA EN GERENCIA DE SERVICIO DE SALUD (4 Ciclos),Otros,Sin Partner (Propio),Presencial Regular,1,0,0,0,0,0,0,0,0,0,1,1,3,2,115,0,1,1
2019-03,2019,N/A,O10010501,MAESTRIA EN GERENCIA DE SERVICIO DE SALUD (4 Ciclos),Otros,Sin Partner (Propio),Presencial Regular,0,0,0,0,0,0,0,0,0,0,0,1,3,3,115,0,0,0
2019-04,2019,Abril,O10010501,MAESTRIA EN GERENCIA DE SERVICIO DE SALUD (4 Ciclos),Otros,Sin Partner (Propio),Presencial Regular,2,0,0,0,0,0,0,0,0,0,0,0,4,2,114,0,2,2
2019-05,2019,Mayo,O10010501,MAESTRIA EN GERENCIA DE SERVICIO DE SALUD (4 Ciclos),Otros,Sin Partner (Propio),Presencial Regular,0,0,0,0,0,0,0,0,0,1,0,0,2,3,114,0,0,1
2019-06,2019,Junio,O10010501,MAESTRIA EN GERENCIA DE SERVICIO DE SALUD (4 Ciclos),Otros,Sin Partner (Propio),Presencial Regular,0,0,0,0,0,0,0,1,0,0,1,0,1,2,115,0,0,1
2019-07,2019,Julio,O10010501,MAESTRIA EN GERENCIA DE SERVICIO DE SALUD (4 Ciclos),Otros,Sin Partner (Propio),Presencial Regular,0,0,0,0,0,0,0,0,1,0,1,1,0,2,115,0,1,1
2019-08,2019,Agosto,O10010501,MAESTRIA EN GERENCIA DE SERVICIO DE SALUD (4 Ciclos),Otros,Sin Partner (Propio),Presencial Regular,0,0,0,0,0,0,0,0,1,1,1,1,1,1,114,0,2,2
2019-09,2019,Setiembre,O10010501,MAESTRIA EN GERENCIA DE SERVICIO DE SALUD (4 Ciclos),Otros,Sin Partner (Propio),Presencial Regular,0,0,0,0,2,2,0,0,0,0,0,1,2,1,114,2,2,2
2019-10,2019,Octubre,O10010501,MAESTRIA EN GERENCIA DE SERVICIO DE SALUD (4 Ciclos),Otros,Sin Partner (Propio),Presencial Regular,0,0,0,0,0,0,0,1,0,1,2,0,2,1,113,0,1,2
2019-11,2019,Noviembre,O10010501,MAESTRIA EN GERENCIA DE SERVICIO DE SALUD (4 Ciclos),Otros,Sin Partner (Propio),Presencial Regular,0,0,0,0,1,1,0,0,0,0,1,2,2,0,114,1,1,1
2019-12,2019,Diciembre,O10010501,MAESTRIA EN GERENCIA DE SERVICIO DE SALUD (4 Ciclos),Otros,Sin Partner (Propio),Presencial Regular,0,0,0,0,2,1,1,0,1,1,0,0,3,0,113,2,4,4
2020-01,2020,Enero,O10010501,MAESTRIA EN GERENCIA DE SERVICIO DE SALUD (4 Ciclos),Otros,Sin Partner (Propio),Presencial Regular,0,0,0,0,3,3,0,1,0,1,1,0,1,1,112,3,4,5
2020-02,2020,Febrero,O10010501,MAESTRIA EN GERENCIA DE SERVICIO DE SALUD (4 Ciclos),Otros,Sin Partner (Propio),Presencial Regular,0,0,0,0,4,4,0,0,0,0,1,1,1,1,112,4,4,4
2020-03,2020,Marzo,O10010501,MAESTRIA EN GERENCIA DE SERVICIO DE SALUD (4 Ciclos),Otros,Sin Partner (Propio),Presencial Regular,1,0,0,0,2,2,0,0,0,0,2,1,1,1,112,2,3,3
2020-04,2020,Abril,O10010501,MAESTRIA EN GERENCIA DE SERVICIO DE SALUD (4 Ciclos),Otros,Sin Partner (Propio),Presencial Regular,0,0,0,0,2,2,0,0,0,0,0,2,2,1,112,2,2,2
2020-05,2020,Mayo,O10010501,MAESTRIA EN GERENCIA DE SERVICIO DE SALUD (4 Ciclos),Otros,Sin Partner (Propio),Presencial Regular,0,0,0,0,2,2,0,0,0,0,0,0,4,1,112,2,2,2
2020-06,2020,Junio,O10010501,MAESTRIA EN GERENCIA DE SERVICIO DE SALUD (4 Ciclos),Otros,Sin Partner (Propio),Presencial Regular,0,0,0,0,1,1,0,2,0,0,1,0,2,1,112,1,2,3
2020-07,2020,Julio,O10010501,MAESTRIA EN GERENCIA DE SERVICIO DE SALUD (4 Ciclos),Otros,Sin Partner (Propio),Presencial Regular,1,0,0,0,3,3,0,1,1,1,0,0,0,0,112,3,7,7
2020-08,2020,Agosto,O10010501,MAESTRIA EN GERENCIA DE SERVICIO DE SALUD (4 Ciclos),Otros,Sin Partner (Propio),Presencial Regular,1,0,0,0,4,4,0,0,0,0,1,0,0,0,112,4,4,5
2020-09,2020,Setiembre,O10010501,MAESTRIA EN GERENCIA DE SERVICIO DE SALUD (4 Ciclos),Otros,Sin Partner (Propio),Presencial Regular,0,0,0,0,1,1,0,0,0,0,3,1,0,0,112,1,1,1
2020-10,2020,Octubre,O10010501,MAESTRIA EN GERENCIA DE SERVICIO DE SALUD (4 Ciclos),Otros,Sin Partner (Propio),Presencial Regular,0,0,0,0,1,1,0,0,0,0,0,3,1,0,112,1,1,1
2020-11,2020,Noviembre,O10010501,MAESTRIA EN GERENCIA DE SERVICIO DE SALUD (4 Ciclos),Otros,Sin Partner (Propio),Presencial Regular,1,0,0,0,1,1,0,1,0,0,0,0,2,0,112,1,3,3
2020-12,2020,Diciembre,O10010501,MAESTRIA EN GERENCIA DE SERVICIO DE SALUD (4 Ciclos),Otros,Sin Partner (Propio),Presencial Regular,0,0,0,0,1,1,0,0,0,0,1,0,2,0,112,1,1,1
2021-01,2021,Enero,O10010501,MAESTRIA EN GERENCIA DE SERVICIO DE SALUD (4 Ciclos),Otros,Sin Partner (Propio),Presencial Regular,0,0,0,0,1,0,1,0,0,0,1,0,2,0,112,1,1,1
2021-02,2021,Febrero,O10010501,MAESTRIA EN GERENCIA DE SERVICIO DE SALUD (4 Ciclos),Otros,Sin Partner (Propio),Presencial Regular,0,0,0,0,1,1,0,0,0,1,0,1,1,1,111,1,2,2
2021-03,2021,Marzo,O10010501,MAESTRIA EN GERENCIA DE SERVICIO DE SALUD (4 Ciclos),Otros,Sin Partner (Propio),Presencial Regular,0,0,0,0,1,1,0,0,0,0,1,0,1,2,111,1,1,1
2021-04,2021,N/A,O10010501,MAESTRIA EN GERENCIA DE SERVICIO DE SALUD (4 Ciclos),Otros,Sin Partner (Propio),Presencial Regular,0,0,0,0,0,0,0,0,0,0,1,1,1,2,111,0,0,0
2021-05,2021,N/A,O10010501,MAESTRIA EN GERENCIA DE SERVICIO DE SALUD (4 Ciclos),Otros,Sin Partner (Propio),Presencial Regular,0,0,0,0,0,0,0,0,0,0,0,1,2,2,111,0,0,0
2021-06,2021,Junio,O10010501,MAESTRIA EN GERENCIA DE SERVICIO DE SALUD (4 Ciclos),Otros,Sin Partner (Propio),Presencial Regular,1,0,0,0,0,0,0,1,0,0,0,0,2,1,111,0,1,2
2021-07,2021,Julio,O10010501,MAESTRIA EN GERENCIA DE SERVICIO DE SALUD (4 Ciclos),Otros,Sin Partner (Propio),Presencial Regular,0,0,0,0,0,0,0,1,0,0,1,0,1,1,111,0,1,1
2021-08,2021,N/A,O10010501,MAESTRIA EN GERENCIA DE SERVICIO DE SALUD (4 Ciclos),Otros,Sin Partner (Propio),Presencial Regular,0,0,0,0,0,0,0,0,0,0,1,1,1,0,112,0,0,0
2021-09,2021,N/A,O10010501,MAESTRIA EN GERENCIA DE SERVICIO DE SALUD (4 Ciclos),Otros,Sin Partner (Propio),Presencial Regular,0,0,0,0,0,0,0,0,0,0,0,1,1,1,112,0,0,0
2021-10,2021,Octubre,O10010501,MAESTRIA EN GERENCIA DE SERVICIO DE SALUD (4 Ciclos),Otros,Sin Partner (Propio),Presencial Regular,0,0,0,0,0,0,0,1,0,0,0,0,1,1,112,0,0,1
2021-11,2021,N/A,O10010501,MAESTRIA EN GERENCIA DE SERVICIO DE SALUD (4 Ciclos),Otros,Sin Partner (Propio),Presencial Regular,0,0,0,0,0,0,0,0,0,0,1,0,1,1,112,0,0,0
2021-12,2021,Diciembre,O10010501,MAESTRIA EN GERENCIA DE SERVICIO DE SALUD (4 Ciclos),Otros,Sin Partner (Propio),Presencial Regular,0,0,0,0,0,0,0,1,1,0,0,1,0,0,112,0,1,2
2022-01,2022,Enero,O10010501,MAESTRIA EN GERENCIA DE SERVICIO DE SALUD (4 Ciclos),Otros,Sin Partner (Propio),Presencial Regular,0,0,0,0,0,0,0,0,0,1,2,0,1,0,111,0,1,1
2022-02,2022,Febrero,O10010501,MAESTRIA EN GERENCIA DE SERVICIO DE SALUD (4 Ciclos),Otros,Sin Partner (Propio),Presencial Regular,0,0,0,0,1,0,1,1,0,0,1,1,0,0,111,1,1,2
2022-03,2022,N/A,O10010501,MAESTRIA EN GERENCIA DE SERVICIO DE SALUD (4 Ciclos),Otros,Sin Partner (Propio),Presencial Regular,0,0,0,0,0,0,0,0,0,0,2,1,1,0,111,0,0,0
2022-04,2022,Abril,O10010501,MAESTRIA EN GERENCIA DE SERVICIO DE SALUD (4 Ciclos),Otros,Sin Partner (Propio),Presencial Regular,1,0,0,0,0,0,0,0,0,0,0,1,2,0,111,0,1,1
2022-05,2022,N/A,O10010501,MAESTRIA EN GERENCIA DE SERVICIO DE SALUD (4 Ciclos),Otros,Sin Partner (Propio),Presencial Regular,0,0,0,0,0,0,0,0,0,0,0,0,3,0,111,0,0,0
2022-06,2022,N/A,O10010501,MAESTRIA EN GERENCIA DE SERVICIO DE SALUD (4 Ciclos),Otros,Sin Partner (Propio),Presencial Regular,0,0,0,0,0,0,0,0,0,0,0,0,3,0,111,0,0,0
2022-07,2022,N/A,O10010501,MAESTRIA EN GERENCIA DE SERVICIO DE SALUD (4 Ciclos),Otros,Sin Partner (Propio),Presencial Regular,0,0,0,0,0,0,0,0,0,0,0,0,2,1,111,0,0,0
2022-08,2022,Agosto,O10010501,MAESTRIA EN GERENCIA DE SERVICIO DE SALUD (4 Ciclos),Otros,Sin Partner (Propio),Presencial Regular,1,0,0,0,0,0,0,0,0,1,0,0,0,2,110,0,2,2
2022-09,2022,N/A,O10010501,MAESTRIA EN GERENCIA DE SERVICIO DE SALUD (4 Ciclos),Otros,Sin Partner (Propio),Presencial Regular,0,0,0,0,0,0,0,0,0,0,1,0,0,2,110,0,0,0
2022-10,2022,N/A,O10010501,MAESTRIA EN GERENCIA DE SERVICIO DE SALUD (4 Ciclos),Otros,Sin Partner (Propio),Presencial Regular,0,0,0,0,0,0,0,0,0,0,0,1,0,2,110,0,0,0
2022-11,2022,N/A,O10010501,MAESTRIA EN GERENCIA DE SERVICIO DE SALUD (4 Ciclos),Otros,Sin Partner (Propio),Presencial Regular,0,0,0,0,0,0,0,0,0,0,0,0,1,2,110,0,0,0
2022-12,2022,N/A,O10010501,MAESTRIA EN GERENCIA DE SERVICIO DE SALUD (4 Ciclos),Otros,Sin Partner (Propio),Presencial Regular,0,0,0,0,0,0,0,0,0,0,0,0,1,2,110,0,0,0
2023-01,2023,N/A,O10010501,MAESTRIA EN GERENCIA DE SERVICIO DE SALUD (4 Ciclos),Otros,Sin Partner (Propio),Presencial Regular,0,0,0,0,0,0,0,0,0,0,0,0,1,1,111,0,0,0
2023-02,2023,N/A,O10010501,MAESTRIA EN GERENCIA DE SERVICIO DE SALUD (4 Ciclos),Otros,Sin Partner (Propio),Presencial Regular,0,0,0,0,0,0,0,0,0,0,0,0,1,0,112,0,0,0
2023-03,2023,Marzo,O10010501,MAESTRIA EN GERENCIA DE SERVICIO DE SALUD (4 Ciclos),Otros,Sin Partner (Propio),Presencial Regular,0,0,0,0,0,0,0,0,0,1,0,0,0,1,111,0,1,1
2023-04,2023,Abril,O10010501,MAESTRIA EN GERENCIA DE SERVICIO DE SALUD (4 Ciclos),Otros,Sin Partner (Propio),Presencial Regular,0,0,0,0,1,1,0,0,0,0,0,0,0,1,111,1,1,1
2023-05,2023,N/A,O10010501,MAESTRIA EN GERENCIA DE SERVICIO DE SALUD (4 Ciclos),Otros,Sin Partner (Propio),Presencial Regular,0,0,0,0,0,0,0,0,0,0,1,0,0,1,111,0,0,0
2023-06,2023,Junio,O10010501,MAESTRIA EN GERENCIA DE SERVICIO DE SALUD (4 Ciclos),Otros,Sin Partner (Propio),Presencial Regular,0,0,0,0,1,0,1,0,0,0,0,0,0,1,111,1,1,1
2023-07,2023,N/A,O10010501,MAESTRIA EN GERENCIA DE SERVICIO DE SALUD (4 Ciclos),Otros,Sin Partner (Propio),Presencial Regular,0,0,0,0,0,0,0,0,0,0,1,0,0,1,111,0,0,0
2023-08,2023,Agosto,O10010501,MAESTRIA EN GERENCIA DE SERVICIO DE SALUD (4 Ciclos),Otros,Sin Partner (Propio),Presencial Regular,0,0,0,0,1,0,1,0,0,0,0,0,0,1,111,1,1,1
2023-09,2023,Setiembre,O10010501,MAESTRIA EN GERENCIA DE SERVICIO DE SALUD (4 Ciclos),Otros,Sin Partner (Propio),Presencial Regular,0,0,0,0,1,1,0,0,0,0,0,0,0,0,112,1,1,1
2023-10,2023,N/A,O10010501,MAESTRIA EN GERENCIA DE SERVICIO DE SALUD (4 Ciclos),Otros,Sin Partner (Propio),Presencial Regular,0,0,0,0,0,0,0,0,0,0,1,0,0,0,112,0,0,0
2023-11,2023,N/A,O10010501,MAESTRIA EN GERENCIA DE SERVICIO DE SALUD (4 Ciclos),Otros,Sin Partner (Propio),Presencial Regular,0,0,0,0,0,0,0,0,0,0,0,1,0,0,112,0,0,0
2023-12,2023,N/A,O10010501,MAESTRIA EN GERENCIA DE SERVICIO DE SALUD (4 Ciclos),Otros,Sin Partner (Propio),Presencial Regular,0,0,0,0,0,0,0,0,0,0,0,0,1,0,112,0,0,0
2024-01,2024,N/A,O10010501,MAESTRIA EN GERENCIA DE SERVICIO DE SALUD (4 Ciclos),Otros,Sin Partner (Propio),Presencial Regular,0,0,0,0,0,0,0,0,0,0,0,0,1,0,112,0,0,0
2024-02,2024,N/A,O10010501,MAESTRIA EN GERENCIA DE SERVICIO DE SALUD (4 Ciclos),Otros,Sin Partner (Propio),Presencial Regular,0,0,0,0,0,0,0,0,0,0,0,0,1,0,112,0,0,0
2024-03,2024,N/A,O10010501,MAESTRIA EN GERENCIA DE SERVICIO DE SALUD (4 Ciclos),Otros,Sin Partner (Propio),Presencial Regular,0,0,0,0,0,0,0,0,0,0,0,0,1,0,112,0,0,0
2024-04,2024,N/A,O10010501,MAESTRIA EN GERENCIA DE SERVICIO DE SALUD (4 Ciclos),Otros,Sin Partner (Propio),Presencial Regular,0,0,0,0,0,0,0,0,0,0,0,0,0,1,112,0,0,0
2024-05,2024,N/A,O10010501,MAESTRIA EN GERENCIA DE SERVICIO DE SALUD (4 Ciclos),Otros,Sin Partner (Propio),Presencial Regular,0,0,0,0,0,0,0,0,0,0,0,0,0,1,112,0,0,0
2024-06,2024,N/A,O10010501,MAESTRIA EN GERENCIA DE SERVICIO DE SALUD (4 Ciclos),Otros,Sin Partner (Propio),Presencial Regular,0,0,0,0,0,0,0,0,0,0,0,0,0,1,112,0,0,0
2024-07,2024,N/A,O10010501,MAESTRIA EN GERENCIA DE SERVICIO DE SALUD (4 Ciclos),Otros,Sin Partner (Propio),Presencial Regular,0,0,0,0,0,0,0,0,0,0,0,0,0,1,112,0,0,0
2024-08,2024,N/A,O10010501,MAESTRIA EN GERENCIA DE SERVICIO DE SALUD (4 Ciclos),Otros,Sin Partner (Propio),Presencial Regular,0,0,0,0,0,0,0,0,0,0,0,0,0,1,112,0,0,0
2024-09,2024,N/A,O10010501,MAESTRIA EN GERENCIA DE SERVICIO DE SALUD (4 Ciclos),Otros,Sin Partner (Propio),Presencial Regular,0,0,0,0,0,0,0,0,0,0,0,0,0,1,112,0,0,0
2024-10,2024,N/A,O10010501,MAESTRIA EN GERENCIA DE SERVICIO DE SALUD (4 Ciclos),Otros,Sin Partner (Propio),Presencial Regular,0,0,0,0,0,0,0,0,0,0,0,0,0,0,113,0,0,0
2024-11,2024,N/A,O10010501,MAESTRIA EN GERENCIA DE SERVICIO DE SALUD (4 Ciclos),Otros,Sin Partner (Propio),Presencial Regular,0,0,0,0,0,0,0,0,0,0,0,0,0,0,113,0,0,0
2024-12,2024,N/A,O10010501,MAESTRIA EN GERENCIA DE SERVICIO DE SALUD (4 Ciclos),Otros,Sin Partner (Propio),Presencial Regular,0,0,0,0,0,0,0,0,0,0,0,0,0,0,113,0,0,0
2025-01,2025,N/A,O10010501,MAESTRIA EN GERENCIA DE SERVICIO DE SALUD (4 Ciclos),Otros,Sin Partner (Propio),Presencial Regular,0,0,0,0,0,0,0,0,0,0,0,0,0,0,113,0,0,0
2025-02,2025,N/A,O10010501,MAESTRIA EN GERENCIA DE SERVICIO DE SALUD (4 Ciclos),Otros,Sin Partner (Propio),Presencial Regular,0,0,0,0,0,0,0,0,0,0,0,0,0,0,113,0,0,0
2025-03,2025,N/A,O10010501,MAESTRIA EN GERENCIA DE SERVICIO DE SALUD (4 Ciclos),Otros,Sin Partner (Propio),Presencial Regular,0,0,0,0,0,0,0,0,0,0,0,0,0,0,113,0,0,0
2025-04,2025,N/A,O10010501,MAESTRIA EN GERENCIA DE SERVICIO DE SALUD (4 Ciclos),Otros,Sin Partner (Propio),Presencial Regular,0,0,0,0,0,0,0,0,0,0,0,0,0,0,113,0,0,0
2025-05,2025,N/A,O10010501,MAESTRIA EN GERENCIA DE SERVICIO DE SALUD (4 Ciclos),Otros,Sin Partner (Propio),Presencial Regular,0,0,0,0,0,0,0,0,0,0,0,0,0,0,113,0,0,0
2025-06,2025,N/A,O10010501,MAESTRIA EN GERENCIA DE SERVICIO DE SALUD (4 Ciclos),Otros,Sin Partner (Propio),Presencial Regular,0,0,0,0,0,0,0,0,0,0,0,0,0,0,113,0,0,0
2025-07,2025,N/A,O10010501,MAESTRIA EN GERENCIA DE SERVICIO DE SALUD (4 Ciclos),Otros,Sin Partner (Propio),Presencial Regular,0,0,0,0,0,0,0,0,0,0,0,0,0,0,113,0,0,0
2025-08,2025,N/A,O10010501,MAESTRIA EN GERENCIA DE SERVICIO DE SALUD (4 Ciclos),Otros,Sin Partner (Propio),Presencial Regular,0,0,0,0,0,0,0,0,0,0,0,0,0,0,113,0,0,0
2025-09,2025,N/A,O10010501,MAESTRIA EN GERENCIA DE SERVICIO DE SALUD (4 Ciclos),Otros,Sin Partner (Propio),Presencial Regular,0,0,0,0,0,0,0,0,0,0,0,0,0,0,113,0,0,0
2025-10,2025,N/A,O10010501,MAESTRIA EN GERENCIA DE SERVICIO DE SALUD (4 Ciclos),Otros,Sin Partner (Propio),Presencial Regular,0,0,0,0,0,0,0,0,0,0,0,0,0,0,113,0,0,0
2025-11,2025,N/A,O10010501,MAESTRIA EN GERENCIA DE SERVICIO DE SALUD (4 Ciclos),Otros,Sin Partner (Propio),Presencial Regular,0,0,0,0,0,0,0,0,0,0,0,0,0,0,113,0,0,0
2025-12,2025,N/A,O10010501,MAESTRIA EN GERENCIA DE SERVICIO DE SALUD (4 Ciclos),Otros,Sin Partner (Propio),Presencial Regular,0,0,0,0,0,0,0,0,0,0,0,0,0,0,113,0,0,0
2026-01,2026,N/A,O10010501,MAESTRIA EN GERENCIA DE SERVICIO DE SALUD (4 Ciclos),Otros,Sin Partner (Propio),Presencial Regular,0,0,0,0,0,0,0,0,0,0,0,0,0,0,113,0,0,0
2026-02,2026,N/A,O10010501,MAESTRIA EN GERENCIA DE SERVICIO DE SALUD (4 Ciclos),Otros,Sin Partner (Propio),Presencial Regular,0,0,0,0,0,0,0,0,0,0,0,0,0,0,113,0,0,0
2026-03,2026,N/A,O10010501,MAESTRIA EN GERENCIA DE SERVICIO DE SALUD (4 Ciclos),Otros,Sin Partner (Propio),Presencial Regular,0,0,0,0,0,0,0,0,0,0,0,0,0,0,113,0,0,0
2026-04,2026,N/A,O10010501,MAESTRIA EN GERENCIA DE SERVICIO DE SALUD (4 Ciclos),Otros,Sin Partner (Propio),Presencial Regular,0,0,0,0,0,0,0,0,0,0,0,0,0,0,113,0,0,0
2026-05,2026,N/A,O10010501,MAESTRIA EN GERENCIA DE SERVICIO DE SALUD (4 Ciclos),Otros,Sin Partner (Propio),Presencial Regular,0,0,0,0,0,0,0,0,0,0,0,0,0,0,113,0,0,0
2026-06,2026,N/A,O10010501,MAESTRIA EN GERENCIA DE SERVICIO DE SALUD (4 Ciclos),Otros,Sin Partner (Propio),Presencial Regular,0,0,0,0,0,0,0,0,0,0,0,0,0,0,113,0,0,0
2026-07,2026,N/A,O10010501,MAESTRIA EN GERENCIA DE SERVICIO DE SALUD (4 Ciclos),Otros,Sin Partner (Propio),Presencial Regular,0,0,0,0,0,0,0,0,0,0,0,0,0,0,113,0,0,0
2016-01,2016,Enero,O10010502,MAESTRIA EN GERENCIA DE SERVICIO DE SALUD (2 Ciclos),Otros,Sin Partner (Propio),Presencial Regular,0,11,0,0,0,0,0,0,0,0,0,0,0,0,0,0,11,11
2016-02,2016,Febrero,O10010502,MAESTRIA EN GERENCIA DE SERVICIO DE SALUD (2 Ciclos),Otros,Sin Partner (Propio),Presencial Regular,0,26,0,0,4,4,0,0,0,0,7,0,0,0,0,4,30,30
2016-03,2016,Marzo,O10010502,MAESTRIA EN GERENCIA DE SERVICIO DE SALUD (2 Ciclos),Otros,Sin Partner (Propio),Presencial Regular,0,20,0,0,27,27,0,0,0,0,3,7,0,0,0,27,47,47
2016-04,2016,Abril,O10010502,MAESTRIA EN GERENCIA DE SERVICIO DE SALUD (2 Ciclos),Otros,Sin Partner (Propio),Presencial Regular,0,15,0,0,42,40,2,1,0,0,7,1,6,0,0,42,58,58
2016-05,2016,Mayo,O10010502,MAESTRIA EN GERENCIA DE SERVICIO DE SALUD (2 Ciclos),Otros,Sin Partner (Propio),Presencial Regular,0,14,0,0,48,47,1,0,0,0,11,6,7,0,0,48,62,62
2016-06,2016,Junio,O10010502,MAESTRIA EN GERENCIA DE SERVICIO DE SALUD (2 Ciclos),Otros,Sin Partner (Propio),Presencial Regular,0,12,0,1,39,34,5,0,0,0,28,6,13,0,0,39,51,51
2016-07,2016,Julio,O10010502,MAESTRIA EN GERENCIA DE SERVICIO DE SALUD (2 Ciclos),Otros,Sin Partner (Propio),Presencial Regular,0,11,0,1,56,42,14,4,0,0,9,14,15,0,0,56,71,71
2016-08,2016,Agosto,O10010502,MAESTRIA EN GERENCIA DE SERVICIO DE SALUD (2 Ciclos),Otros,Sin Partner (Propio),Presencial Regular,0,34,0,0,67,64,3,4,1,0,7,6,19,5,0,67,105,106
2016-09,2016,Setiembre,O10010502,MAESTRIA EN GERENCIA DE SERVICIO DE SALUD (2 Ciclos),Otros,Sin Partner (Propio),Presencial Regular,3,17,0,0,82,78,4,4,0,0,25,3,20,6,0,82,102,106
2016-10,2016,Octubre,O10010502,MAESTRIA EN GERENCIA DE SERVICIO DE SALUD (2 Ciclos),Otros,Sin Partner (Propio),Presencial Regular,3,31,0,0,74,58,16,3,1,0,42,9,14,11,0,74,107,112
2016-11,2016,Noviembre,O10010502,MAESTRIA EN GERENCIA DE SERVICIO DE SALUD (2 Ciclos),Otros,Sin Partner (Propio),Presencial Regular,1,28,0,2,84,63,21,4,0,0,46,20,17,13,0,84,117,117
2016-12,2016,Diciembre,O10010502,MAESTRIA EN GERENCIA DE SERVICIO DE SALUD (2 Ciclos),Otros,Sin Partner (Propio),Presencial Regular,2,20,0,0,114,82,32,6,0,0,33,13,25,19,0,114,139,142
2017-01,2017,Enero,O10010502,MAESTRIA EN GERENCIA DE SERVICIO DE SALUD (2 Ciclos),Otros,Sin Partner (Propio),Presencial Regular,4,14,0,0,127,115,12,9,0,0,23,19,26,22,0,127,154,154
2017-02,2017,Febrero,O10010502,MAESTRIA EN GERENCIA DE SERVICIO DE SALUD (2 Ciclos),Otros,Sin Partner (Propio),Presencial Regular,0,30,0,0,118,111,7,3,0,0,39,16,42,18,4,118,142,151
2017-03,2017,Marzo,O10010502,MAESTRIA EN GERENCIA DE SERVICIO DE SALUD (2 Ciclos),Otros,Sin Partner (Propio),Presencial Regular,5,13,0,0,142,128,14,7,0,0,20,23,46,22,5,142,158,167
2017-04,2017,Abril,O10010502,MAESTRIA EN GERENCIA DE SERVICIO DE SALUD (2 Ciclos),Otros,Sin Partner (Propio),Presencial Regular,5,24,0,0,116,107,9,4,0,0,50,11,55,26,11,116,130,149
2017-05,2017,Mayo,O10010502,MAESTRIA EN GERENCIA DE SERVICIO DE SALUD (2 Ciclos),Otros,Sin Partner (Propio),Presencial Regular,3,13,0,0,106,91,15,4,0,0,51,34,56,30,13,106,126,126
2017-06,2017,Junio,O10010502,MAESTRIA EN GERENCIA DE SERVICIO DE SALUD (2 Ciclos),Otros,Sin Partner (Propio),Presencial Regular,3,12,0,0,104,85,19,7,0,0,37,32,67,38,19,104,120,126
2017-07,2017,Julio,O10010502,MAESTRIA EN GERENCIA DE SERVICIO DE SALUD (2 Ciclos),Otros,Sin Partner (Propio),Presencial Regular,6,25,0,0,94,84,10,16,1,0,34,26,70,47,22,94,127,142
2017-08,2017,Agosto,O10010502,MAESTRIA EN GERENCIA DE SERVICIO DE SALUD (2 Ciclos),Otros,Sin Partner (Propio),Presencial Regular,4,25,0,0,115,96,19,12,4,0,38,15,68,57,22,115,160,160
2017-09,2017,Setiembre,O10010502,MAESTRIA EN GERENCIA DE SERVICIO DE SALUD (2 Ciclos),Otros,Sin Partner (Propio),Presencial Regular,7,29,0,1,130,121,9,5,0,0,34,24,68,61,27,130,171,171
2017-10,2017,Octubre,O10010502,MAESTRIA EN GERENCIA DE SERVICIO DE SALUD (2 Ciclos),Otros,Sin Partner (Propio),Presencial Regular,1,20,0,0,136,124,12,12,3,0,40,21,64,64,37,136,149,172
2017-11,2017,Noviembre,O10010502,MAESTRIA EN GERENCIA DE SERVICIO DE SALUD (2 Ciclos),Otros,Sin Partner (Propio),Presencial Regular,10,13,0,0,153,138,15,10,1,0,27,23,54,76,43,153,180,187
2017-12,2017,Diciembre,O10010502,MAESTRIA EN GERENCIA DE SERVICIO DE SALUD (2 Ciclos),Otros,Sin Partner (Propio),Presencial Regular,13,17,0,1,134,131,3,5,3,0,35,23,59,72,56,134,149,172
2018-01,2018,Enero,O10010502,MAESTRIA EN GERENCIA DE SERVICIO DE SALUD (2 Ciclos),Otros,Sin Partner (Propio),Presencial Regular,7,17,0,0,130,117,13,8,3,0,39,22,64,63,68,130,165,165
2018-02,2018,Febrero,O10010502,MAESTRIA EN GERENCIA DE SERVICIO DE SALUD (2 Ciclos),Otros,Sin Partner (Propio),Presencial Regular,8,32,0,2,115,105,10,13,2,0,52,24,56,67,77,115,124,170
2018-03,2018,Marzo,O10010502,MAESTRIA EN GERENCIA DE SERVICIO DE SALUD (2 Ciclos),Otros,Sin Partner (Propio),Presencial Regular,5,37,0,0,139,117,22,6,0,0,43,30,60,69,86,139,187,187
2018-04,2018,Abril,O10010502,MAESTRIA EN GERENCIA DE SERVICIO DE SALUD (2 Ciclos),Otros,Sin Partner (Propio),Presencial Regular,9,34,0,0,157,143,14,14,0,0,35,27,60,70,98,157,214,214
2018-05,2018,Mayo,O10010502,MAESTRIA EN GERENCIA DE SERVICIO DE SALUD (2 Ciclos),Otros,Sin Partner (Propio),Presencial Regular,10,18,0,1,182,168,14,7,4,0,36,20,58,65,113,182,203,221
2018-06,2018,Junio,O10010502,MAESTRIA EN GERENCIA DE SERVICIO DE SALUD (2 Ciclos),Otros,Sin Partner (Propio),Presencial Regular,11,27,0,0,174,164,10,9,0,0,41,22,60,63,123,174,221,221
2018-07,2018,Julio,O10010502,MAESTRIA EN GERENCIA DE SERVICIO DE SALUD (2 Ciclos),Otros,Sin Partner (Propio),Presencial Regular,7,35,0,1,187,171,16,13,2,0,37,21,55,68,129,187,244,244
2018-08,2018,Agosto,O10010502,MAESTRIA EN GERENCIA DE SERVICIO DE SALUD (2 Ciclos),Otros,Sin Partner (Propio),Presencial Regular,8,30,0,0,215,199,16,6,2,1,32,20,56,66,141,215,222,262
2018-09,2018,Setiembre,O10010502,MAESTRIA EN GERENCIA DE SERVICIO DE SALUD (2 Ciclos),Otros,Sin Partner (Propio),Presencial Regular,10,35,0,0,208,198,10,9,5,1,54,18,50,66,148,208,268,268
2018-10,2018,Octubre,O10010502,MAESTRIA EN GERENCIA DE SERVICIO DE SALUD (2 Ciclos),Otros,Sin Partner (Propio),Presencial Regular,14,31,0,2,219,205,14,16,2,0,47,33,37,67,159,219,220,282
2018-11,2018,Noviembre,O10010502,MAESTRIA EN GERENCIA DE SERVICIO DE SALUD (2 Ciclos),Otros,Sin Partner (Propio),Presencial Regular,7,20,0,0,239,218,21,12,1,2,47,26,47,63,167,239,281,281
2018-12,2018,Diciembre,O10010502,MAESTRIA EN GERENCIA DE SERVICIO DE SALUD (2 Ciclos),Otros,Sin Partner (Propio),Presencial Regular,18,27,0,1,239,225,14,10,3,2,40,29,49,63,171,239,273,299
2019-01,2019,Enero,O10010502,MAESTRIA EN GERENCIA DE SERVICIO DE SALUD (2 Ciclos),Otros,Sin Partner (Propio),Presencial Regular,16,57,0,3,228,213,15,13,5,2,58,21,57,54,179,228,321,321
2019-02,2019,Febrero,O10010502,MAESTRIA EN GERENCIA DE SERVICIO DE SALUD (2 Ciclos),Otros,Sin Partner (Propio),Presencial Regular,8,39,0,0,265,245,20,8,2,0,55,36,60,52,188,265,322,322
2019-03,2019,Marzo,O10010502,MAESTRIA EN GERENCIA DE SERVICIO DE SALUD (2 Ciclos),Otros,Sin Partner (Propio),Presencial Regular,9,40,0,0,276,261,15,15,1,2,49,38,66,52,197,276,290,343
2019-04,2019,Abril,O10010502,MAESTRIA EN GERENCIA DE SERVICIO DE SALUD (2 Ciclos),Otros,Sin Partner (Propio),Presencial Regular,17,66,0,1,286,267,19,11,2,3,58,26,79,49,205,286,378,385
2019-05,2019,Mayo,O10010502,MAESTRIA EN GERENCIA DE SERVICIO DE SALUD (2 Ciclos),Otros,Sin Partner (Propio),Presencial Regular,29,60,0,2,305,284,21,13,3,3,62,35,69,57,209,305,406,413
2019-06,2019,Junio,O10010502,MAESTRIA EN GERENCIA DE SERVICIO DE SALUD (2 Ciclos),Otros,Sin Partner (Propio),Presencial Regular,3,52,0,1,303,288,15,9,0,1,95,46,87,53,219,303,321,368
2019-07,2019,Julio,O10010502,MAESTRIA EN GERENCIA DE SERVICIO DE SALUD (2 Ciclos),Otros,Sin Partner (Propio),Presencial Regular,26,61,0,1,364,318,46,15,1,3,44,40,87,65,220,364,462,470
2019-08,2019,Agosto,O10010502,MAESTRIA EN GERENCIA DE SERVICIO DE SALUD (2 Ciclos),Otros,Sin Partner (Propio),Presencial Regular,17,47,0,2,377,362,15,13,5,1,71,29,89,71,227,377,447,460
2019-09,2019,Setiembre,O10010502,MAESTRIA EN GERENCIA DE SERVICIO DE SALUD (2 Ciclos),Otros,Sin Partner (Propio),Presencial Regular,21,62,0,2,389,363,26,14,3,0,73,39,83,73,235,389,484,489
2019-10,2019,Octubre,O10010502,MAESTRIA EN GERENCIA DE SERVICIO DE SALUD (2 Ciclos),Otros,Sin Partner (Propio),Presencial Regular,7,52,0,0,390,371,19,4,2,1,90,54,105,76,242,390,393,456
2019-11,2019,Noviembre,O10010502,MAESTRIA EN GERENCIA DE SERVICIO DE SALUD (2 Ciclos),Otros,Sin Partner (Propio),Presencial Regular,34,43,0,0,406,372,34,17,3,3,69,44,103,82,255,406,500,506
2019-12,2019,Diciembre,O10010502,MAESTRIA EN GERENCIA DE SERVICIO DE SALUD (2 Ciclos),Otros,Sin Partner (Propio),Presencial Regular,26,51,0,1,379,353,26,12,3,0,96,43,117,90,259,379,469,471
2020-01,2020,Enero,O10010502,MAESTRIA EN GERENCIA DE SERVICIO DE SALUD (2 Ciclos),Otros,Sin Partner (Propio),Presencial Regular,38,49,0,1,405,370,35,15,1,1,60,48,118,95,269,405,506,509
2020-02,2020,Febrero,O10010502,MAESTRIA EN GERENCIA DE SERVICIO DE SALUD (2 Ciclos),Otros,Sin Partner (Propio),Presencial Regular,2,52,0,1,392,374,18,19,1,1,95,42,129,95,285,392,392,467
2020-03,2020,Marzo,O10010502,MAESTRIA EN GERENCIA DE SERVICIO DE SALUD (2 Ciclos),Otros,Sin Partner (Propio),Presencial Regular,13,47,0,3,415,363,52,22,3,0,98,36,114,112,298,415,475,500
2020-04,2020,Abril,O10010502,MAESTRIA EN GERENCIA DE SERVICIO DE SALUD (2 Ciclos),Otros,Sin Partner (Propio),Presencial Regular,32,45,0,0,406,368,38,16,3,1,104,49,104,123,307,406,500,503
2020-05,2020,Mayo,O10010502,MAESTRIA EN GERENCIA DE SERVICIO DE SALUD (2 Ciclos),Otros,Sin Partner (Propio),Presencial Regular,23,33,0,0,377,346,31,15,9,0,105,71,112,119,327,377,412,457
2020-06,2020,Junio,O10010502,MAESTRIA EN GERENCIA DE SERVICIO DE SALUD (2 Ciclos),Otros,Sin Partner (Propio),Presencial Regular,11,68,0,2,353,314,39,24,6,1,110,65,133,128,337,353,346,463
2020-07,2020,Julio,O10010502,MAESTRIA EN GERENCIA DE SERVICIO DE SALUD (2 Ciclos),Otros,Sin Partner (Propio),Presencial Regular,23,121,0,0,453,401,52,59,8,2,48,44,112,124,352,453,666,666
2020-08,2020,Agosto,O10010502,MAESTRIA EN GERENCIA DE SERVICIO DE SALUD (2 Ciclos),Otros,Sin Partner (Propio),Presencial Regular,26,100,0,3,544,527,17,21,7,1,101,29,111,117,366,544,637,699
2020-09,2020,Setiembre,O10010502,MAESTRIA EN GERENCIA DE SERVICIO DE SALUD (2 Ciclos),Otros,Sin Partner (Propio),Presencial Regular,1,87,0,1,536,514,22,8,4,1,158,79,111,108,391,536,637,637
2020-10,2020,Octubre,O10010502,MAESTRIA EN GERENCIA DE SERVICIO DE SALUD (2 Ciclos),Otros,Sin Partner (Propio),Presencial Regular,68,114,0,8,654,581,73,44,13,2,51,37,98,109,407,654,880,895
2020-11,2020,Noviembre,O10010502,MAESTRIA EN GERENCIA DE SERVICIO DE SALUD (2 Ciclos),Otros,Sin Partner (Propio),Presencial Regular,21,119,0,3,698,682,16,9,3,1,130,34,108,99,426,698,851,851
2020-12,2020,Diciembre,O10010502,MAESTRIA EN GERENCIA DE SERVICIO DE SALUD (2 Ciclos),Otros,Sin Partner (Propio),Presencial Regular,54,85,0,2,710,664,46,19,8,1,136,66,98,95,440,710,833,877
2021-01,2021,Enero,O10010502,MAESTRIA EN GERENCIA DE SERVICIO DE SALUD (2 Ciclos),Otros,Sin Partner (Propio),Presencial Regular,25,97,0,2,728,667,61,27,3,2,137,71,124,90,451,728,882,882
2021-02,2021,Febrero,O10010502,MAESTRIA EN GERENCIA DE SERVICIO DE SALUD (2 Ciclos),Otros,Sin Partner (Propio),Presencial Regular,35,94,0,1,752,716,36,39,10,5,132,80,122,102,453,752,849,935
2021-03,2021,Marzo,O10010502,MAESTRIA EN GERENCIA DE SERVICIO DE SALUD (2 Ciclos),Otros,Sin Partner (Propio),Presencial Regular,39,93,0,0,801,742,59,22,2,0,133,66,154,103,469,801,957,957
2021-04,2021,Abril,O10010502,MAESTRIA EN GERENCIA DE SERVICIO DE SALUD (2 Ciclos),Otros,Sin Partner (Propio),Presencial Regular,25,97,0,2,769,731,38,32,4,2,175,88,166,95,487,769,840,929
2021-05,2021,Mayo,O10010502,MAESTRIA EN GERENCIA DE SERVICIO DE SALUD (2 Ciclos),Otros,Sin Partner (Propio),Presencial Regular,52,94,0,5,792,732,60,26,5,2,142,100,197,104,495,792,971,971
2021-06,2021,Junio,O10010502,MAESTRIA EN GERENCIA DE SERVICIO DE SALUD (2 Ciclos),Otros,Sin Partner (Propio),Presencial Regular,49,143,0,7,801,761,40,45,4,1,128,87,212,122,508,801,889,1043
2021-07,2021,Julio,O10010502,MAESTRIA EN GERENCIA DE SERVICIO DE SALUD (2 Ciclos),Otros,Sin Partner (Propio),Presencial Regular,26,115,0,4,855,798,57,58,9,1,183,61,196,146,516,855,1064,1064
2021-08,2021,Agosto,O10010502,MAESTRIA EN GERENCIA DE SERVICIO DE SALUD (2 Ciclos),Otros,Sin Partner (Propio),Presencial Regular,59,136,0,5,910,839,71,41,5,3,180,89,173,146,534,910,1028,1154
2021-09,2021,Setiembre,O10010502,MAESTRIA EN GERENCIA DE SERVICIO DE SALUD (2 Ciclos),Otros,Sin Partner (Propio),Presencial Regular,38,114,0,2,981,911,70,40,5,4,167,96,176,164,546,981,1182,1182
2021-10,2021,Octubre,O10010502,MAESTRIA EN GERENCIA DE SERVICIO DE SALUD (2 Ciclos),Otros,Sin Partner (Propio),Presencial Regular,29,100,0,6,936,893,43,24,7,2,238,114,200,184,559,936,941,1098
2021-11,2021,Noviembre,O10010502,MAESTRIA EN GERENCIA DE SERVICIO DE SALUD (2 Ciclos),Otros,Sin Partner (Propio),Presencial Regular,85,78,0,3,934,850,84,40,2,3,195,128,206,196,575,934,1142,1142
2021-12,2021,Diciembre,O10010502,MAESTRIA EN GERENCIA DE SERVICIO DE SALUD (2 Ciclos),Otros,Sin Partner (Propio),Presencial Regular,43,57,0,1,835,776,59,34,8,4,259,121,269,185,599,835,873,981
2022-01,2022,Enero,O10010502,MAESTRIA EN GERENCIA DE SERVICIO DE SALUD (2 Ciclos),Otros,Sin Partner (Propio),Presencial Regular,112,106,0,7,873,744,129,72,10,0,132,95,260,186,631,873,1173,1173
2022-02,2022,Febrero,O10010502,MAESTRIA EN GERENCIA DE SERVICIO DE SALUD (2 Ciclos),Otros,Sin Partner (Propio),Presencial Regular,50,61,0,2,841,797,44,48,4,1,232,80,239,214,656,841,941,1005
2022-03,2022,Marzo,O10010502,MAESTRIA EN GERENCIA DE SERVICIO DE SALUD (2 Ciclos),Otros,Sin Partner (Propio),Presencial Regular,46,91,0,2,839,760,79,43,11,0,168,137,237,207,688,839,1030,1030
2022-04,2022,Abril,O10010502,MAESTRIA EN GERENCIA DE SERVICIO DE SALUD (2 Ciclos),Otros,Sin Partner (Propio),Presencial Regular,68,87,0,1,802,748,54,54,8,0,200,90,256,218,725,802,898,1019
2022-05,2022,Mayo,O10010502,MAESTRIA EN GERENCIA DE SERVICIO DE SALUD (2 Ciclos),Otros,Sin Partner (Propio),Presencial Regular,64,60,0,2,816,742,74,32,11,1,159,115,251,245,746,816,954,984
2022-06,2022,Junio,O10010502,MAESTRIA EN GERENCIA DE SERVICIO DE SALUD (2 Ciclos),Otros,Sin Partner (Propio),Presencial Regular,76,70,0,2,771,717,54,55,8,1,142,95,266,257,765,771,911,981
2022-07,2022,Julio,O10010502,MAESTRIA EN GERENCIA DE SERVICIO DE SALUD (2 Ciclos),Otros,Sin Partner (Propio),Presencial Regular,51,57,0,1,723,683,40,43,4,1,181,97,269,268,793,723,821,879
2022-08,2022,Agosto,O10010502,MAESTRIA EN GERENCIA DE SERVICIO DE SALUD (2 Ciclos),Otros,Sin Partner (Propio),Presencial Regular,78,87,0,3,704,643,61,49,10,4,116,119,244,274,838,704,839,932
2022-09,2022,Setiembre,O10010502,MAESTRIA EN GERENCIA DE SERVICIO DE SALUD (2 Ciclos),Otros,Sin Partner (Propio),Presencial Regular,42,64,0,2,682,649,33,34,12,2,173,82,272,282,864,682,790,836
2022-10,2022,Octubre,O10010502,MAESTRIA EN GERENCIA DE SERVICIO DE SALUD (2 Ciclos),Otros,Sin Partner (Propio),Presencial Regular,70,94,0,2,634,591,43,44,9,3,142,126,249,283,907,634,784,854
2022-11,2022,Noviembre,O10010502,MAESTRIA EN GERENCIA DE SERVICIO DE SALUD (2 Ciclos),Otros,Sin Partner (Propio),Presencial Regular,57,89,0,4,645,592,53,37,6,1,145,83,285,272,960,645,785,835
2022-12,2022,Diciembre,O10010502,MAESTRIA EN GERENCIA DE SERVICIO DE SALUD (2 Ciclos),Otros,Sin Partner (Propio),Presencial Regular,65,54,0,4,582,542,40,40,8,1,188,96,273,279,991,582,708,750
2023-01,2023,Enero,O10010502,MAESTRIA EN GERENCIA DE SERVICIO DE SALUD (2 Ciclos),Otros,Sin Partner (Propio),Presencial Regular,56,59,0,5,632,551,81,54,10,3,97,99,242,297,1022,632,770,814
2023-02,2023,Febrero,O10010502,MAESTRIA EN GERENCIA DE SERVICIO DE SALUD (2 Ciclos),Otros,Sin Partner (Propio),Presencial Regular,42,96,0,4,606,585,21,45,11,5,140,75,252,269,1070,606,733,805
2023-03,2023,Marzo,O10010502,MAESTRIA EN GERENCIA DE SERVICIO DE SALUD (2 Ciclos),Otros,Sin Partner (Propio),Presencial Regular,40,93,0,3,650,606,44,32,3,3,123,94,220,295,1109,650,768,821
2023-04,2023,Abril,O10010502,MAESTRIA EN GERENCIA DE SERVICIO DE SALUD (2 Ciclos),Otros,Sin Partner (Propio),Presencial Regular,50,77,0,2,672,636,36,34,3,1,105,79,235,287,1156,672,776,837
2023-05,2023,Mayo,O10010502,MAESTRIA EN GERENCIA DE SERVICIO DE SALUD (2 Ciclos),Otros,Sin Partner (Propio),Presencial Regular,49,62,0,5,619,594,25,25,1,1,150,78,244,286,1196,619,714,757
2023-06,2023,Junio,O10010502,MAESTRIA EN GERENCIA DE SERVICIO DE SALUD (2 Ciclos),Otros,Sin Partner (Propio),Presencial Regular,64,66,0,6,613,559,54,55,6,3,97,94,210,286,1234,613,755,807
2023-07,2023,Julio,O10010502,MAESTRIA EN GERENCIA DE SERVICIO DE SALUD (2 Ciclos),Otros,Sin Partner (Propio),Presencial Regular,42,2,0,0,528,519,9,29,1,1,185,87,225,282,1284,528,568,603
2023-08,2023,Agosto,O10010502,MAESTRIA EN GERENCIA DE SERVICIO DE SALUD (2 Ciclos),Otros,Sin Partner (Propio),Presencial Regular,46,0,0,0,528,453,75,55,3,3,75,108,201,291,1314,528,593,635
2023-09,2023,Setiembre,O10010502,MAESTRIA EN GERENCIA DE SERVICIO DE SALUD (2 Ciclos),Otros,Sin Partner (Propio),Presencial Regular,28,0,0,0,471,446,25,55,2,4,123,49,210,256,1380,471,509,560
2023-10,2023,Octubre,O10010502,MAESTRIA EN GERENCIA DE SERVICIO DE SALUD (2 Ciclos),Otros,Sin Partner (Propio),Presencial Regular,50,0,0,0,407,372,35,29,1,3,121,83,191,247,1418,407,448,490
2023-11,2023,Noviembre,O10010502,MAESTRIA EN GERENCIA DE SERVICIO DE SALUD (2 Ciclos),Otros,Sin Partner (Propio),Presencial Regular,37,0,0,0,356,317,39,35,1,3,96,79,195,242,1456,356,391,432
2023-12,2023,Diciembre,O10010502,MAESTRIA EN GERENCIA DE SERVICIO DE SALUD (2 Ciclos),Otros,Sin Partner (Propio),Presencial Regular,55,0,0,0,308,274,34,44,3,1,81,57,185,229,1500,308,385,411
2024-01,2024,Enero,O10010502,MAESTRIA EN GERENCIA DE SERVICIO DE SALUD (2 Ciclos),Otros,Sin Partner (Propio),Presencial Regular,36,0,0,0,308,272,36,41,2,0,63,39,139,234,1546,308,343,387
2024-02,2024,Febrero,O10010502,MAESTRIA EN GERENCIA DE SERVICIO DE SALUD (2 Ciclos),Otros,Sin Partner (Propio),Presencial Regular,37,0,0,0,252,239,13,32,0,8,80,49,129,205,1580,252,281,329
2024-03,2024,Marzo,O10010502,MAESTRIA EN GERENCIA DE SERVICIO DE SALUD (2 Ciclos),Otros,Sin Partner (Propio),Presencial Regular,42,0,0,0,215,199,16,26,5,0,59,58,117,197,1616,215,244,288
2024-04,2024,Abril,O10010502,MAESTRIA EN GERENCIA DE SERVICIO DE SALUD (2 Ciclos),Otros,Sin Partner (Propio),Presencial Regular,44,0,0,0,158,142,16,29,1,2,68,40,115,191,1645,158,204,234
2024-05,2024,Mayo,O10010502,MAESTRIA EN GERENCIA DE SERVICIO DE SALUD (2 Ciclos),Otros,Sin Partner (Propio),Presencial Regular,51,0,0,0,138,107,31,37,1,6,42,33,93,177,1671,138,196,233
2024-06,2024,Junio,O10010502,MAESTRIA EN GERENCIA DE SERVICIO DE SALUD (2 Ciclos),Otros,Sin Partner (Propio),Presencial Regular,36,0,0,0,105,92,13,15,1,3,60,26,92,162,1698,105,133,160
2024-07,2024,Julio,O10010502,MAESTRIA EN GERENCIA DE SERVICIO DE SALUD (2 Ciclos),Otros,Sin Partner (Propio),Presencial Regular,28,0,0,0,87,74,13,21,3,1,32,44,69,129,1748,87,116,140
2024-08,2024,Agosto,O10010502,MAESTRIA EN GERENCIA DE SERVICIO DE SALUD (2 Ciclos),Otros,Sin Partner (Propio),Presencial Regular,25,0,0,0,59,46,13,33,2,4,53,17,52,132,1757,59,103,123
2024-09,2024,Setiembre,O10010502,MAESTRIA EN GERENCIA DE SERVICIO DE SALUD (2 Ciclos),Otros,Sin Partner (Propio),Presencial Regular,47,0,0,0,55,41,14,16,0,4,33,21,39,112,1782,55,115,122
2024-10,2024,Octubre,O10010502,MAESTRIA EN GERENCIA DE SERVICIO DE SALUD (2 Ciclos),Otros,Sin Partner (Propio),Presencial Regular,17,0,0,0,39,27,12,12,2,3,36,20,40,88,1805,39,58,73
2024-11,2024,Noviembre,O10010502,MAESTRIA EN GERENCIA DE SERVICIO DE SALUD (2 Ciclos),Otros,Sin Partner (Propio),Presencial Regular,11,0,0,0,39,24,15,26,0,1,27,18,29,73,1821,39,52,77
2024-12,2024,Diciembre,O10010502,MAESTRIA EN GERENCIA DE SERVICIO DE SALUD (2 Ciclos),Otros,Sin Partner (Propio),Presencial Regular,31,0,0,0,23,22,1,6,0,1,34,13,27,65,1834,23,52,61
2025-01,2025,Enero,O10010502,MAESTRIA EN GERENCIA DE SERVICIO DE SALUD (2 Ciclos),Otros,Sin Partner (Propio),Presencial Regular,9,0,0,0,21,12,9,4,0,0,13,22,34,45,1855,21,34,34
2025-02,2025,Febrero,O10010502,MAESTRIA EN GERENCIA DE SERVICIO DE SALUD (2 Ciclos),Otros,Sin Partner (Propio),Presencial Regular,3,0,0,0,20,13,7,15,1,2,12,6,32,31,1872,20,31,41
2025-03,2025,Marzo,O10010502,MAESTRIA EN GERENCIA DE SERVICIO DE SALUD (2 Ciclos),Otros,Sin Partner (Propio),Presencial Regular,30,0,0,0,14,13,1,5,1,1,9,6,20,26,1879,14,51,51
2025-04,2025,Abril,O10010502,MAESTRIA EN GERENCIA DE SERVICIO DE SALUD (2 Ciclos),Otros,Sin Partner (Propio),Presencial Regular,7,0,0,0,7,5,2,5,0,1,11,6,17,25,1882,7,20,20
2025-05,2025,Mayo,O10010502,MAESTRIA EN GERENCIA DE SERVICIO DE SALUD (2 Ciclos),Otros,Sin Partner (Propio),Presencial Regular,0,0,0,0,5,4,1,0,0,0,9,10,19,25,1886,5,0,5
2025-06,2025,Junio,O10010502,MAESTRIA EN GERENCIA DE SERVICIO DE SALUD (2 Ciclos),Otros,Sin Partner (Propio),Presencial Regular,8,0,0,0,2,2,0,0,0,0,0,8,19,25,1892,2,10,10
2025-07,2025,N/A,O10010502,MAESTRIA EN GERENCIA DE SERVICIO DE SALUD (2 Ciclos),Otros,Sin Partner (Propio),Presencial Regular,0,0,0,0,0,0,0,0,0,0,2,0,25,26,1893,0,0,0
2025-08,2025,N/A,O10010502,MAESTRIA EN GERENCIA DE SERVICIO DE SALUD (2 Ciclos),Otros,Sin Partner (Propio),Presencial Regular,0,0,0,0,0,0,0,0,0,0,0,2,20,25,1899,0,0,0
2025-09,2025,N/A,O10010502,MAESTRIA EN GERENCIA DE SERVICIO DE SALUD (2 Ciclos),Otros,Sin Partner (Propio),Presencial Regular,0,0,0,0,0,0,0,0,0,0,0,0,17,25,1904,0,0,0
2025-10,2025,N/A,O10010502,MAESTRIA EN GERENCIA DE SERVICIO DE SALUD (2 Ciclos),Otros,Sin Partner (Propio),Presencial Regular,0,0,0,0,0,0,0,0,0,0,0,0,10,29,1907,0,0,0
2025-11,2025,N/A,O10010502,MAESTRIA EN GERENCIA DE SERVICIO DE SALUD (2 Ciclos),Otros,Sin Partner (Propio),Presencial Regular,0,0,0,0,0,0,0,0,0,0,0,0,2,33,1911,0,0,0
2025-12,2025,N/A,O10010502,MAESTRIA EN GERENCIA DE SERVICIO DE SALUD (2 Ciclos),Otros,Sin Partner (Propio),Presencial Regular,0,0,0,0,0,0,0,0,0,0,0,0,2,27,1917,0,0,0
2026-01,2026,N/A,O10010502,MAESTRIA EN GERENCIA DE SERVICIO DE SALUD (2 Ciclos),Otros,Sin Partner (Propio),Presencial Regular,0,0,0,0,0,0,0,0,0,0,0,0,0,27,1919,0,0,0
2026-02,2026,N/A,O10010502,MAESTRIA EN GERENCIA DE SERVICIO DE SALUD (2 Ciclos),Otros,Sin Partner (Propio),Presencial Regular,0,0,0,0,0,0,0,0,0,0,0,0,0,22,1924,0,0,0
2026-03,2026,N/A,O10010502,MAESTRIA EN GERENCIA DE SERVICIO DE SALUD (2 Ciclos),Otros,Sin Partner (Propio),Presencial Regular,0,0,0,0,0,0,0,0,0,0,0,0,0,17,1929,0,0,0
2026-04,2026,N/A,O10010502,MAESTRIA EN GERENCIA DE SERVICIO DE SALUD (2 Ciclos),Otros,Sin Partner (Propio),Presencial Regular,0,0,0,0,0,0,0,0,0,0,0,0,0,10,1936,0,0,0
2026-05,2026,N/A,O10010502,MAESTRIA EN GERENCIA DE SERVICIO DE SALUD (2 Ciclos),Otros,Sin Partner (Propio),Presencial Regular,0,0,0,0,0,0,0,0,0,0,0,0,0,2,1944,0,0,0
2026-06,2026,N/A,O10010502,MAESTRIA EN GERENCIA DE SERVICIO DE SALUD (2 Ciclos),Otros,Sin Partner (Propio),Presencial Regular,0,0,0,0,0,0,0,0,0,0,0,0,0,2,1944,0,0,0
2026-07,2026,N/A,O10010502,MAESTRIA EN GERENCIA DE SERVICIO DE SALUD (2 Ciclos),Otros,Sin Partner (Propio),Presencial Regular,0,0,0,0,0,0,0,0,0,0,0,0,0,0,1946,0,0,0
2016-02,2016,Febrero,O07011501,MAESTRIA EN EDUCACIÓN CON MENCIÓN EN DOCENCIA VIRTUAL,Otros,Sin Partner (Propio),Presencial Regular,0,10,0,0,0,0,0,0,0,0,0,0,0,0,0,0,10,10
2016-03,2016,Marzo,O07011501,MAESTRIA EN EDUCACIÓN CON MENCIÓN EN DOCENCIA VIRTUAL,Otros,Sin Partner (Propio),Presencial Regular,0,33,0,0,8,8,0,0,0,0,2,0,0,0,0,8,41,41
2016-04,2016,Abril,O07011501,MAESTRIA EN EDUCACIÓN CON MENCIÓN EN DOCENCIA VIRTUAL,Otros,Sin Partner (Propio),Presencial Regular,0,21,0,0,41,41,0,0,0,0,0,2,0,0,0,41,62,62
2016-05,2016,Mayo,O07011501,MAESTRIA EN EDUCACIÓN CON MENCIÓN EN DOCENCIA VIRTUAL,Otros,Sin Partner (Propio),Presencial Regular,0,16,0,0,59,59,0,0,0,0,3,0,2,0,0,59,75,75
2016-06,2016,Junio,O07011501,MAESTRIA EN EDUCACIÓN CON MENCIÓN EN DOCENCIA VIRTUAL,Otros,Sin Partner (Propio),Presencial Regular,0,0,0,0,73,73,0,0,0,0,2,3,2,0,0,73,73,73
2016-07,2016,Julio,O07011501,MAESTRIA EN EDUCACIÓN CON MENCIÓN EN DOCENCIA VIRTUAL,Otros,Sin Partner (Propio),Presencial Regular,0,0,0,0,74,73,1,0,0,0,0,1,5,0,0,74,74,74
2016-08,2016,Agosto,O07011501,MAESTRIA EN EDUCACIÓN CON MENCIÓN EN DOCENCIA VIRTUAL,Otros,Sin Partner (Propio),Presencial Regular,0,18,0,0,73,73,0,0,0,0,1,0,6,0,0,73,91,91
2016-09,2016,Setiembre,O07011501,MAESTRIA EN EDUCACIÓN CON MENCIÓN EN DOCENCIA VIRTUAL,Otros,Sin Partner (Propio),Presencial Regular,0,13,0,0,86,86,0,0,0,0,5,1,4,2,0,86,99,99
2016-10,2016,Octubre,O07011501,MAESTRIA EN EDUCACIÓN CON MENCIÓN EN DOCENCIA VIRTUAL,Otros,Sin Partner (Propio),Presencial Regular,0,0,0,0,102,98,4,0,0,0,1,1,5,2,0,102,102,102
2016-11,2016,Noviembre,O07011501,MAESTRIA EN EDUCACIÓN CON MENCIÓN EN DOCENCIA VIRTUAL,Otros,Sin Partner (Propio),Presencial Regular,0,1,0,0,102,102,0,0,0,0,0,1,3,5,0,102,103,103
2016-12,2016,Diciembre,O07011501,MAESTRIA EN EDUCACIÓN CON MENCIÓN EN DOCENCIA VIRTUAL,Otros,Sin Partner (Propio),Presencial Regular,34,0,0,0,59,59,0,0,2,0,10,0,3,4,0,59,30,95
2017-01,2017,Enero,O07011501,MAESTRIA EN EDUCACIÓN CON MENCIÓN EN DOCENCIA VIRTUAL,Otros,Sin Partner (Propio),Presencial Regular,9,5,0,0,55,46,9,0,0,0,6,1,3,4,0,55,69,69
2017-02,2017,Febrero,O07011501,MAESTRIA EN EDUCACIÓN CON MENCIÓN EN DOCENCIA VIRTUAL,Otros,Sin Partner (Propio),Presencial Regular,12,5,0,0,40,38,2,0,1,0,11,3,3,4,0,40,58,58
2017-03,2017,Marzo,O07011501,MAESTRIA EN EDUCACIÓN CON MENCIÓN EN DOCENCIA VIRTUAL,Otros,Sin Partner (Propio),Presencial Regular,3,3,0,0,43,40,3,0,0,0,5,7,4,5,0,43,49,49
2017-04,2017,Abril,O07011501,MAESTRIA EN EDUCACIÓN CON MENCIÓN EN DOCENCIA VIRTUAL,Otros,Sin Partner (Propio),Presencial Regular,2,0,0,0,45,45,0,0,0,0,1,4,9,6,0,45,47,47
2017-05,2017,Mayo,O07011501,MAESTRIA EN EDUCACIÓN CON MENCIÓN EN DOCENCIA VIRTUAL,Otros,Sin Partner (Propio),Presencial Regular,6,0,0,0,39,39,0,1,0,0,0,1,12,3,3,39,46,46
2017-06,2017,Junio,O07011501,MAESTRIA EN EDUCACIÓN CON MENCIÓN EN DOCENCIA VIRTUAL,Otros,Sin Partner (Propio),Presencial Regular,22,1,0,0,11,11,0,3,0,0,8,0,9,2,4,11,17,43
2017-07,2017,Julio,O07011501,MAESTRIA EN EDUCACIÓN CON MENCIÓN EN DOCENCIA VIRTUAL,Otros,Sin Partner (Propio),Presencial Regular,0,3,0,0,10,8,2,0,0,0,7,6,8,3,4,10,19,19
2017-08,2017,Agosto,O07011501,MAESTRIA EN EDUCACIÓN CON MENCIÓN EN DOCENCIA VIRTUAL,Otros,Sin Partner (Propio),Presencial Regular,0,4,0,0,15,13,2,2,0,0,0,5,7,8,4,15,27,27
2017-09,2017,Setiembre,O07011501,MAESTRIA EN EDUCACIÓN CON MENCIÓN EN DOCENCIA VIRTUAL,Otros,Sin Partner (Propio),Presencial Regular,2,9,0,0,14,14,0,1,0,0,7,0,8,8,5,14,15,32
2017-10,2017,Octubre,O07011501,MAESTRIA EN EDUCACIÓN CON MENCIÓN EN DOCENCIA VIRTUAL,Otros,Sin Partner (Propio),Presencial Regular,1,3,0,0,21,20,1,0,0,0,3,6,7,8,6,21,31,31
2017-11,2017,Noviembre,O07011501,MAESTRIA EN EDUCACIÓN CON MENCIÓN EN DOCENCIA VIRTUAL,Otros,Sin Partner (Propio),Presencial Regular,0,2,0,0,10,10,0,0,0,0,14,3,13,8,6,10,13,13
2017-12,2017,Diciembre,O07011501,MAESTRIA EN EDUCACIÓN CON MENCIÓN EN DOCENCIA VIRTUAL,Otros,Sin Partner (Propio),Presencial Regular,1,0,0,0,17,9,8,0,0,0,3,5,13,11,6,17,22,22
2018-01,2018,Enero,O07011501,MAESTRIA EN EDUCACIÓN CON MENCIÓN EN DOCENCIA VIRTUAL,Otros,Sin Partner (Propio),Presencial Regular,0,9,0,1,13,12,1,1,0,0,5,2,13,14,7,13,23,23
2018-02,2018,Febrero,O07011501,MAESTRIA EN EDUCACIÓN CON MENCIÓN EN DOCENCIA VIRTUAL,Otros,Sin Partner (Propio),Presencial Regular,1,9,0,0,20,19,1,1,0,0,4,4,14,8,12,20,31,31
2018-03,2018,Marzo,O07011501,MAESTRIA EN EDUCACIÓN CON MENCIÓN EN DOCENCIA VIRTUAL,Otros,Sin Partner (Propio),Presencial Regular,3,7,0,0,28,26,2,0,0,0,4,2,9,13,13,28,38,38
2018-04,2018,Abril,O07011501,MAESTRIA EN EDUCACIÓN CON MENCIÓN EN DOCENCIA VIRTUAL,Otros,Sin Partner (Propio),Presencial Regular,1,5,0,0,31,30,1,2,0,0,5,3,6,14,14,31,29,39
2018-05,2018,Mayo,O07011501,MAESTRIA EN EDUCACIÓN CON MENCIÓN EN DOCENCIA VIRTUAL,Otros,Sin Partner (Propio),Presencial Regular,0,8,0,0,37,34,3,0,0,0,4,2,7,16,14,37,45,45
2018-06,2018,Junio,O07011501,MAESTRIA EN EDUCACIÓN CON MENCIÓN EN DOCENCIA VIRTUAL,Otros,Sin Partner (Propio),Presencial Regular,1,7,0,1,42,39,3,2,0,0,5,1,7,13,17,42,52,52
2018-07,2018,Julio,O07011501,MAESTRIA EN EDUCACIÓN CON MENCIÓN EN DOCENCIA VIRTUAL,Otros,Sin Partner (Propio),Presencial Regular,1,6,0,0,37,35,2,0,0,0,15,3,6,12,20,37,38,44
2018-08,2018,Agosto,O07011501,MAESTRIA EN EDUCACIÓN CON MENCIÓN EN DOCENCIA VIRTUAL,Otros,Sin Partner (Propio),Presencial Regular,3,4,0,0,51,41,10,0,0,0,1,4,7,13,20,51,58,58
2018-09,2018,Setiembre,O07011501,MAESTRIA EN EDUCACIÓN CON MENCIÓN EN DOCENCIA VIRTUAL,Otros,Sin Partner (Propio),Presencial Regular,0,8,0,0,41,41,0,0,1,0,14,1,10,7,26,41,50,50
2018-10,2018,Octubre,O07011501,MAESTRIA EN EDUCACIÓN CON MENCIÓN EN DOCENCIA VIRTUAL,Otros,Sin Partner (Propio),Presencial Regular,1,7,0,0,54,47,7,2,0,0,3,7,7,6,28,54,64,64
2018-11,2018,Noviembre,O07011501,MAESTRIA EN EDUCACIÓN CON MENCIÓN EN DOCENCIA VIRTUAL,Otros,Sin Partner (Propio),Presencial Regular,4,3,0,0,53,51,2,2,1,0,9,1,10,4,30,53,62,63
2018-12,2018,Diciembre,O07011501,MAESTRIA EN EDUCACIÓN CON MENCIÓN EN DOCENCIA VIRTUAL,Otros,Sin Partner (Propio),Presencial Regular,1,4,0,0,49,46,3,1,0,0,12,6,7,7,30,49,55,55
2019-01,2019,Enero,O07011501,MAESTRIA EN EDUCACIÓN CON MENCIÓN EN DOCENCIA VIRTUAL,Otros,Sin Partner (Propio),Presencial Regular,1,8,0,0,46,40,6,1,0,0,14,5,10,9,30,46,56,56
2019-02,2019,Febrero,O07011501,MAESTRIA EN EDUCACIÓN CON MENCIÓN EN DOCENCIA VIRTUAL,Otros,Sin Partner (Propio),Presencial Regular,3,2,0,0,48,40,8,1,0,0,15,5,12,8,31,48,39,54
2019-03,2019,Marzo,O07011501,MAESTRIA EN EDUCACIÓN CON MENCIÓN EN DOCENCIA VIRTUAL,Otros,Sin Partner (Propio),Presencial Regular,4,11,0,0,46,39,7,3,0,0,10,8,8,11,32,46,64,64
2019-04,2019,Abril,O07011501,MAESTRIA EN EDUCACIÓN CON MENCIÓN EN DOCENCIA VIRTUAL,Otros,Sin Partner (Propio),Presencial Regular,2,5,0,0,41,38,3,4,1,0,20,7,12,9,33,41,53,53
2019-05,2019,Mayo,O07011501,MAESTRIA EN EDUCACIÓN CON MENCIÓN EN DOCENCIA VIRTUAL,Otros,Sin Partner (Propio),Presencial Regular,8,14,0,0,53,44,9,2,1,0,6,8,10,11,33,53,67,78
2019-06,2019,Junio,O07011501,MAESTRIA EN EDUCACIÓN CON MENCIÓN EN DOCENCIA VIRTUAL,Otros,Sin Partner (Propio),Presencial Regular,7,9,0,0,62,60,2,3,0,0,6,4,12,8,36,62,72,81
2019-07,2019,Julio,O07011501,MAESTRIA EN EDUCACIÓN CON MENCIÓN EN DOCENCIA VIRTUAL,Otros,Sin Partner (Propio),Presencial Regular,0,9,0,0,57,56,1,1,0,0,18,5,12,9,38,57,63,67
2019-08,2019,Agosto,O07011501,MAESTRIA EN EDUCACIÓN CON MENCIÓN EN DOCENCIA VIRTUAL,Otros,Sin Partner (Propio),Presencial Regular,2,5,0,0,64,57,7,2,1,2,9,11,10,12,36,64,76,76
2019-09,2019,Setiembre,O07011501,MAESTRIA EN EDUCACIÓN CON MENCIÓN EN DOCENCIA VIRTUAL,Otros,Sin Partner (Propio),Presencial Regular,4,9,0,0,59,56,3,4,0,0,15,6,15,9,40,59,71,76
2019-10,2019,Octubre,O07011501,MAESTRIA EN EDUCACIÓN CON MENCIÓN EN DOCENCIA VIRTUAL,Otros,Sin Partner (Propio),Presencial Regular,5,5,0,0,64,59,5,2,0,0,11,8,15,12,40,64,71,76
2019-11,2019,Noviembre,O07011501,MAESTRIA EN EDUCACIÓN CON MENCIÓN EN DOCENCIA VIRTUAL,Otros,Sin Partner (Propio),Presencial Regular,8,4,0,0,59,56,3,0,1,0,11,5,20,11,42,59,67,72
2019-12,2019,Diciembre,O07011501,MAESTRIA EN EDUCACIÓN CON MENCIÓN EN DOCENCIA VIRTUAL,Otros,Sin Partner (Propio),Presencial Regular,4,9,0,0,57,54,3,4,0,0,8,6,19,13,42,57,65,74
2020-01,2020,Enero,O07011501,MAESTRIA EN EDUCACIÓN CON MENCIÓN EN DOCENCIA VIRTUAL,Otros,Sin Partner (Propio),Presencial Regular,4,7,0,0,59,57,2,3,1,0,11,5,18,12,45,59,69,74
2020-02,2020,Febrero,O07011501,MAESTRIA EN EDUCACIÓN CON MENCIÓN EN DOCENCIA VIRTUAL,Otros,Sin Partner (Propio),Presencial Regular,7,11,0,0,58,52,6,0,0,0,14,5,17,13,47,58,72,76
2020-03,2020,Marzo,O07011501,MAESTRIA EN EDUCACIÓN CON MENCIÓN EN DOCENCIA VIRTUAL,Otros,Sin Partner (Propio),Presencial Regular,1,11,0,0,63,59,4,1,0,0,10,9,14,19,48,63,74,76
2020-04,2020,Abril,O07011501,MAESTRIA EN EDUCACIÓN CON MENCIÓN EN DOCENCIA VIRTUAL,Otros,Sin Partner (Propio),Presencial Regular,6,9,0,0,53,51,2,5,0,0,21,6,14,20,50,53,70,73
2020-05,2020,Mayo,O07011501,MAESTRIA EN EDUCACIÓN CON MENCIÓN EN DOCENCIA VIRTUAL,Otros,Sin Partner (Propio),Presencial Regular,7,6,0,0,56,49,7,3,0,0,15,12,12,22,51,56,66,72
2020-06,2020,Junio,O07011501,MAESTRIA EN EDUCACIÓN CON MENCIÓN EN DOCENCIA VIRTUAL,Otros,Sin Partner (Propio),Presencial Regular,5,12,0,0,53,47,6,3,4,0,14,8,19,19,52,53,75,77
2020-07,2020,Julio,O07011501,MAESTRIA EN EDUCACIÓN CON MENCIÓN EN DOCENCIA VIRTUAL,Otros,Sin Partner (Propio),Presencial Regular,6,15,0,1,63,57,6,4,1,0,13,5,21,17,54,63,89,89
2020-08,2020,Agosto,O07011501,MAESTRIA EN EDUCACIÓN CON MENCIÓN EN DOCENCIA VIRTUAL,Otros,Sin Partner (Propio),Presencial Regular,2,14,0,0,76,70,6,1,0,0,12,7,20,17,58,76,91,93
2020-09,2020,Setiembre,O07011501,MAESTRIA EN EDUCACIÓN CON MENCIÓN EN DOCENCIA VIRTUAL,Otros,Sin Partner (Propio),Presencial Regular,5,17,0,1,69,66,3,6,1,0,25,7,17,13,62,69,98,98
2020-10,2020,Octubre,O07011501,MAESTRIA EN EDUCACIÓN CON MENCIÓN EN DOCENCIA VIRTUAL,Otros,Sin Partner (Propio),Presencial Regular,12,20,0,0,94,84,10,4,2,0,5,9,12,14,65,94,127,132
2020-11,2020,Noviembre,O07011501,MAESTRIA EN EDUCACIÓN CON MENCIÓN EN DOCENCIA VIRTUAL,Otros,Sin Partner (Propio),Presencial Regular,1,14,0,0,99,97,2,1,2,0,22,3,18,11,68,99,117,117
2020-12,2020,Diciembre,O07011501,MAESTRIA EN EDUCACIÓN CON MENCIÓN EN DOCENCIA VIRTUAL,Otros,Sin Partner (Propio),Presencial Regular,6,4,0,0,111,104,7,3,0,1,12,10,15,12,68,111,117,125
2021-01,2021,Enero,O07011501,MAESTRIA EN EDUCACIÓN CON MENCIÓN EN DOCENCIA VIRTUAL,Otros,Sin Partner (Propio),Presencial Regular,1,10,0,0,108,100,8,5,2,0,19,4,15,13,69,108,126,126
2021-02,2021,Febrero,O07011501,MAESTRIA EN EDUCACIÓN CON MENCIÓN EN DOCENCIA VIRTUAL,Otros,Sin Partner (Propio),Presencial Regular,8,16,0,0,114,108,6,3,2,0,14,8,13,12,71,114,137,143
2021-03,2021,Marzo,O07011501,MAESTRIA EN EDUCACIÓN CON MENCIÓN EN DOCENCIA VIRTUAL,Otros,Sin Partner (Propio),Presencial Regular,2,7,0,1,122,117,5,2,2,0,18,8,14,13,72,122,135,135
2021-04,2021,Abril,O07011501,MAESTRIA EN EDUCACIÓN CON MENCIÓN EN DOCENCIA VIRTUAL,Otros,Sin Partner (Propio),Presencial Regular,10,5,0,0,119,112,7,2,1,0,16,6,18,11,75,119,129,137
2021-05,2021,Mayo,O07011501,MAESTRIA EN EDUCACIÓN CON MENCIÓN EN DOCENCIA VIRTUAL,Otros,Sin Partner (Propio),Presencial Regular,0,16,1,1,96,92,4,0,1,0,35,12,19,14,76,96,113,113
2021-06,2021,Junio,O07011501,MAESTRIA EN EDUCACIÓN CON MENCIÓN EN DOCENCIA VIRTUAL,Otros,Sin Partner (Propio),Presencial Regular,11,11,0,0,120,101,19,8,2,0,11,8,19,12,78,120,141,152
2021-07,2021,Julio,O07011501,MAESTRIA EN EDUCACIÓN CON MENCIÓN EN DOCENCIA VIRTUAL,Otros,Sin Partner (Propio),Presencial Regular,0,4,0,0,100,98,2,0,0,0,43,9,24,14,79,100,104,104
2021-08,2021,Agosto,O07011501,MAESTRIA EN EDUCACIÓN CON MENCIÓN EN DOCENCIA VIRTUAL,Otros,Sin Partner (Propio),Presencial Regular,22,8,0,0,110,95,15,6,1,0,5,10,22,17,80,110,124,147
2021-09,2021,Setiembre,O07011501,MAESTRIA EN EDUCACIÓN CON MENCIÓN EN DOCENCIA VIRTUAL,Otros,Sin Partner (Propio),Presencial Regular,1,14,0,2,84,84,0,1,0,0,40,5,28,17,83,84,100,100
2021-10,2021,Octubre,O07011501,MAESTRIA EN EDUCACIÓN CON MENCIÓN EN DOCENCIA VIRTUAL,Otros,Sin Partner (Propio),Presencial Regular,17,12,0,0,99,85,14,4,1,0,13,10,23,20,85,99,117,133
2021-11,2021,Noviembre,O07011501,MAESTRIA EN EDUCACIÓN CON MENCIÓN EN DOCENCIA VIRTUAL,Otros,Sin Partner (Propio),Presencial Regular,0,9,0,0,81,79,2,5,1,0,37,11,23,20,89,81,96,96
2021-12,2021,Diciembre,O07011501,MAESTRIA EN EDUCACIÓN CON MENCIÓN EN DOCENCIA VIRTUAL,Otros,Sin Partner (Propio),Presencial Regular,34,4,0,0,67,64,3,4,1,0,21,11,24,24,90,67,76,110
2022-01,2022,Enero,O07011501,MAESTRIA EN EDUCACIÓN CON MENCIÓN EN DOCENCIA VIRTUAL,Otros,Sin Partner (Propio),Presencial Regular,1,6,0,0,65,57,8,6,1,1,18,13,22,27,92,65,80,80
2022-02,2022,Febrero,O07011501,MAESTRIA EN EDUCACIÓN CON MENCIÓN EN DOCENCIA VIRTUAL,Otros,Sin Partner (Propio),Presencial Regular,8,7,0,0,65,59,6,7,1,0,18,8,24,26,94,65,80,88
2022-03,2022,Marzo,O07011501,MAESTRIA EN EDUCACIÓN CON MENCIÓN EN DOCENCIA VIRTUAL,Otros,Sin Partner (Propio),Presencial Regular,1,7,0,0,57,52,5,3,0,0,28,13,24,27,97,57,68,68
2022-04,2022,Abril,O07011501,MAESTRIA EN EDUCACIÓN CON MENCIÓN EN DOCENCIA VIRTUAL,Otros,Sin Partner (Propio),Presencial Regular,10,9,0,1,66,55,11,3,1,1,9,10,29,26,101,66,80,90
2022-05,2022,Mayo,O07011501,MAESTRIA EN EDUCACIÓN CON MENCIÓN EN DOCENCIA VIRTUAL,Otros,Sin Partner (Propio),Presencial Regular,0,7,0,0,51,49,2,3,0,0,31,7,33,25,105,51,61,61
2022-06,2022,Junio,O07011501,MAESTRIA EN EDUCACIÓN CON MENCIÓN EN DOCENCIA VIRTUAL,Otros,Sin Partner (Propio),Presencial Regular,12,7,0,0,72,56,16,4,2,0,3,6,26,27,110,72,84,97
2022-07,2022,Julio,O07011501,MAESTRIA EN EDUCACIÓN CON MENCIÓN EN DOCENCIA VIRTUAL,Otros,Sin Partner (Propio),Presencial Regular,10,4,0,0,61,60,1,4,0,0,17,2,21,26,116,61,63,79
2022-08,2022,Agosto,O07011501,MAESTRIA EN EDUCACIÓN CON MENCIÓN EN DOCENCIA VIRTUAL,Otros,Sin Partner (Propio),Presencial Regular,7,11,0,1,63,58,5,3,0,0,7,10,13,30,118,63,81,84
2022-09,2022,Setiembre,O07011501,MAESTRIA EN EDUCACIÓN CON MENCIÓN EN DOCENCIA VIRTUAL,Otros,Sin Partner (Propio),Presencial Regular,0,4,0,0,58,56,2,2,0,0,21,5,15,32,122,58,64,64
2022-10,2022,Octubre,O07011501,MAESTRIA EN EDUCACIÓN CON MENCIÓN EN DOCENCIA VIRTUAL,Otros,Sin Partner (Propio),Presencial Regular,6,5,0,0,58,53,5,2,0,2,10,11,16,29,125,58,68,73
2022-11,2022,Noviembre,O07011501,MAESTRIA EN EDUCACIÓN CON MENCIÓN EN DOCENCIA VIRTUAL,Otros,Sin Partner (Propio),Presencial Regular,3,4,0,0,51,45,6,2,0,0,20,4,21,29,128,51,60,60
2022-12,2022,Diciembre,O07011501,MAESTRIA EN EDUCACIÓN CON MENCIÓN EN DOCENCIA VIRTUAL,Otros,Sin Partner (Propio),Presencial Regular,11,3,0,0,58,52,6,3,1,0,5,5,20,21,135,58,65,76
2023-01,2023,Enero,O07011501,MAESTRIA EN EDUCACIÓN CON MENCIÓN EN DOCENCIA VIRTUAL,Otros,Sin Partner (Propio),Presencial Regular,0,3,0,0,52,49,3,1,0,0,16,2,16,25,139,52,56,56
2023-02,2023,Febrero,O07011501,MAESTRIA EN EDUCACIÓN CON MENCIÓN EN DOCENCIA VIRTUAL,Otros,Sin Partner (Propio),Presencial Regular,8,10,0,0,60,51,9,2,0,0,3,2,14,20,145,60,72,80
2023-03,2023,Marzo,O07011501,MAESTRIA EN EDUCACIÓN CON MENCIÓN EN DOCENCIA VIRTUAL,Otros,Sin Partner (Propio),Presencial Regular,1,4,0,0,47,45,2,1,1,0,27,1,9,19,150,47,54,54
2023-04,2023,Abril,O07011501,MAESTRIA EN EDUCACIÓN CON MENCIÓN EN DOCENCIA VIRTUAL,Otros,Sin Partner (Propio),Presencial Regular,12,5,0,0,56,48,8,1,0,0,5,7,6,21,151,56,61,74
2023-05,2023,Mayo,O07011501,MAESTRIA EN EDUCACIÓN CON MENCIÓN EN DOCENCIA VIRTUAL,Otros,Sin Partner (Propio),Presencial Regular,0,6,0,0,37,35,2,1,0,0,27,3,9,21,154,37,44,44
2023-06,2023,Junio,O07011501,MAESTRIA EN EDUCACIÓN CON MENCIÓN EN DOCENCIA VIRTUAL,Otros,Sin Partner (Propio),Presencial Regular,10,2,0,0,51,40,11,1,0,1,4,6,10,22,153,51,54,65
2023-07,2023,Julio,O07011501,MAESTRIA EN EDUCACIÓN CON MENCIÓN EN DOCENCIA VIRTUAL,Otros,Sin Partner (Propio),Presencial Regular,3,0,0,0,36,34,2,1,0,0,20,2,11,16,161,36,40,40
2023-08,2023,Agosto,O07011501,MAESTRIA EN EDUCACIÓN CON MENCIÓN EN DOCENCIA VIRTUAL,Otros,Sin Partner (Propio),Presencial Regular,8,0,0,0,39,33,6,2,0,1,3,8,10,15,161,39,41,50
2023-09,2023,Setiembre,O07011501,MAESTRIA EN EDUCACIÓN CON MENCIÓN EN DOCENCIA VIRTUAL,Otros,Sin Partner (Propio),Presencial Regular,0,0,0,0,28,28,0,2,0,0,14,3,12,13,167,28,30,30
2023-10,2023,Octubre,O07011501,MAESTRIA EN EDUCACIÓN CON MENCIÓN EN DOCENCIA VIRTUAL,Otros,Sin Partner (Propio),Presencial Regular,6,0,0,0,30,26,4,3,0,0,3,6,9,12,170,30,34,39
2023-11,2023,Noviembre,O07011501,MAESTRIA EN EDUCACIÓN CON MENCIÓN EN DOCENCIA VIRTUAL,Otros,Sin Partner (Propio),Presencial Regular,6,0,0,0,27,24,3,0,0,0,4,0,12,11,173,27,26,33
2023-12,2023,Diciembre,O07011501,MAESTRIA EN EDUCACIÓN CON MENCIÓN EN DOCENCIA VIRTUAL,Otros,Sin Partner (Propio),Presencial Regular,6,0,0,0,20,20,0,0,0,0,2,3,11,11,174,20,21,26
2024-01,2024,Enero,O07011501,MAESTRIA EN EDUCACIÓN CON MENCIÓN EN DOCENCIA VIRTUAL,Otros,Sin Partner (Propio),Presencial Regular,0,0,0,0,18,16,2,2,0,1,4,0,9,12,175,18,21,21
2024-02,2024,Febrero,O07011501,MAESTRIA EN EDUCACIÓN CON MENCIÓN EN DOCENCIA VIRTUAL,Otros,Sin Partner (Propio),Presencial Regular,6,0,0,0,17,17,0,2,0,0,2,1,4,14,175,17,18,25
2024-03,2024,Marzo,O07011501,MAESTRIA EN EDUCACIÓN CON MENCIÓN EN DOCENCIA VIRTUAL,Otros,Sin Partner (Propio),Presencial Regular,4,0,0,0,9,9,0,1,0,0,6,2,1,13,179,9,10,14
2024-04,2024,Abril,O07011501,MAESTRIA EN EDUCACIÓN CON MENCIÓN EN DOCENCIA VIRTUAL,Otros,Sin Partner (Propio),Presencial Regular,1,0,0,0,11,8,3,1,0,1,2,3,1,11,180,11,13,14
2024-05,2024,Mayo,O07011501,MAESTRIA EN EDUCACIÓN CON MENCIÓN EN DOCENCIA VIRTUAL,Otros,Sin Partner (Propio),Presencial Regular,4,0,0,0,8,8,0,0,0,0,1,2,4,9,182,8,7,12
2024-06,2024,Junio,O07011501,MAESTRIA EN EDUCACIÓN CON MENCIÓN EN DOCENCIA VIRTUAL,Otros,Sin Partner (Propio),Presencial Regular,7,0,0,0,1,1,0,2,0,0,2,0,4,8,182,1,2,10
2024-07,2024,Julio,O07011501,MAESTRIA EN EDUCACIÓN CON MENCIÓN EN DOCENCIA VIRTUAL,Otros,Sin Partner (Propio),Presencial Regular,1,0,0,0,2,1,1,0,0,0,2,0,4,5,185,2,2,3
2024-08,2024,Agosto,O07011501,MAESTRIA EN EDUCACIÓN CON MENCIÓN EN DOCENCIA VIRTUAL,Otros,Sin Partner (Propio),Presencial Regular,1,0,0,0,1,1,0,0,0,0,0,2,4,3,187,1,2,2
2024-09,2024,Setiembre,O07011501,MAESTRIA EN EDUCACIÓN CON MENCIÓN EN DOCENCIA VIRTUAL,Otros,Sin Partner (Propio),Presencial Regular,1,0,0,0,1,1,0,0,0,0,0,0,2,3,190,1,2,2
2024-10,2024,Octubre,O07011501,MAESTRIA EN EDUCACIÓN CON MENCIÓN EN DOCENCIA VIRTUAL,Otros,Sin Partner (Propio),Presencial Regular,1,0,0,0,0,0,0,0,0,0,1,0,2,2,190,0,0,1
2024-11,2024,Noviembre,O07011501,MAESTRIA EN EDUCACIÓN CON MENCIÓN EN DOCENCIA VIRTUAL,Otros,Sin Partner (Propio),Presencial Regular,0,0,0,0,0,0,0,0,1,0,0,1,2,1,190,0,1,1
2024-12,2024,N/A,O07011501,MAESTRIA EN EDUCACIÓN CON MENCIÓN EN DOCENCIA VIRTUAL,Otros,Sin Partner (Propio),Presencial Regular,0,0,0,0,0,0,0,0,0,0,1,0,3,1,190,0,0,0
2025-01,2025,N/A,O07011501,MAESTRIA EN EDUCACIÓN CON MENCIÓN EN DOCENCIA VIRTUAL,Otros,Sin Partner (Propio),Presencial Regular,0,0,0,0,0,0,0,0,0,0,0,1,1,3,190,0,0,0
2025-02,2025,N/A,O07011501,MAESTRIA EN EDUCACIÓN CON MENCIÓN EN DOCENCIA VIRTUAL,Otros,Sin Partner (Propio),Presencial Regular,0,0,0,0,0,0,0,0,0,0,0,0,2,3,190,0,0,0
2025-03,2025,N/A,O07011501,MAESTRIA EN EDUCACIÓN CON MENCIÓN EN DOCENCIA VIRTUAL,Otros,Sin Partner (Propio),Presencial Regular,0,0,0,0,0,0,0,0,0,0,0,0,2,2,191,0,0,0
2025-04,2025,N/A,O07011501,MAESTRIA EN EDUCACIÓN CON MENCIÓN EN DOCENCIA VIRTUAL,Otros,Sin Partner (Propio),Presencial Regular,0,0,0,0,0,0,0,0,0,0,0,0,1,3,191,0,0,0
2025-05,2025,N/A,O07011501,MAESTRIA EN EDUCACIÓN CON MENCIÓN EN DOCENCIA VIRTUAL,Otros,Sin Partner (Propio),Presencial Regular,0,0,0,0,0,0,0,0,0,0,0,0,1,3,191,0,0,0
2025-06,2025,N/A,O07011501,MAESTRIA EN EDUCACIÓN CON MENCIÓN EN DOCENCIA VIRTUAL,Otros,Sin Partner (Propio),Presencial Regular,0,0,0,0,0,0,0,0,0,0,0,0,0,4,191,0,0,0
2025-07,2025,N/A,O07011501,MAESTRIA EN EDUCACIÓN CON MENCIÓN EN DOCENCIA VIRTUAL,Otros,Sin Partner (Propio),Presencial Regular,0,0,0,0,0,0,0,0,0,0,0,0,0,2,193,0,0,0
2025-08,2025,N/A,O07011501,MAESTRIA EN EDUCACIÓN CON MENCIÓN EN DOCENCIA VIRTUAL,Otros,Sin Partner (Propio),Presencial Regular,0,0,0,0,0,0,0,0,0,0,0,0,0,2,193,0,0,0
2025-09,2025,N/A,O07011501,MAESTRIA EN EDUCACIÓN CON MENCIÓN EN DOCENCIA VIRTUAL,Otros,Sin Partner (Propio),Presencial Regular,0,0,0,0,0,0,0,0,0,0,0,0,0,2,193,0,0,0
2025-10,2025,N/A,O07011501,MAESTRIA EN EDUCACIÓN CON MENCIÓN EN DOCENCIA VIRTUAL,Otros,Sin Partner (Propio),Presencial Regular,0,0,0,0,0,0,0,0,0,0,0,0,0,1,194,0,0,0
2025-11,2025,N/A,O07011501,MAESTRIA EN EDUCACIÓN CON MENCIÓN EN DOCENCIA VIRTUAL,Otros,Sin Partner (Propio),Presencial Regular,0,0,0,0,0,0,0,0,0,0,0,0,0,1,194,0,0,0
2025-12,2025,N/A,O07011501,MAESTRIA EN EDUCACIÓN CON MENCIÓN EN DOCENCIA VIRTUAL,Otros,Sin Partner (Propio),Presencial Regular,0,0,0,0,0,0,0,0,0,0,0,0,0,0,195,0,0,0
2026-01,2026,N/A,O07011501,MAESTRIA EN EDUCACIÓN CON MENCIÓN EN DOCENCIA VIRTUAL,Otros,Sin Partner (Propio),Presencial Regular,0,0,0,0,0,0,0,0,0,0,0,0,0,0,195,0,0,0
2026-02,2026,N/A,O07011501,MAESTRIA EN EDUCACIÓN CON MENCIÓN EN DOCENCIA VIRTUAL,Otros,Sin Partner (Propio),Presencial Regular,0,0,0,0,0,0,0,0,0,0,0,0,0,0,195,0,0,0
2026-03,2026,N/A,O07011501,MAESTRIA EN EDUCACIÓN CON MENCIÓN EN DOCENCIA VIRTUAL,Otros,Sin Partner (Propio),Presencial Regular,0,0,0,0,0,0,0,0,0,0,0,0,0,0,195,0,0,0
2026-04,2026,N/A,O07011501,MAESTRIA EN EDUCACIÓN CON MENCIÓN EN DOCENCIA VIRTUAL,Otros,Sin Partner (Propio),Presencial Regular,0,0,0,0,0,0,0,0,0,0,0,0,0,0,195,0,0,0
2026-05,2026,N/A,O07011501,MAESTRIA EN EDUCACIÓN CON MENCIÓN EN DOCENCIA VIRTUAL,Otros,Sin Partner (Propio),Presencial Regular,0,0,0,0,0,0,0,0,0,0,0,0,0,0,195,0,0,0
2026-06,2026,N/A,O07011501,MAESTRIA EN EDUCACIÓN CON MENCIÓN EN DOCENCIA VIRTUAL,Otros,Sin Partner (Propio),Presencial Regular,0,0,0,0,0,0,0,0,0,0,0,0,0,0,195,0,0,0
2026-07,2026,N/A,O07011501,MAESTRIA EN EDUCACIÓN CON MENCIÓN EN DOCENCIA VIRTUAL,Otros,Sin Partner (Propio),Presencial Regular,0,0,0,0,0,0,0,0,0,0,0,0,0,0,195,0,0,0
2016-06,2016,Junio,O06016102,MAESTRÍA EN DERECHO EN CIENCIAS PENALES,Otros,Sin Partner (Propio),Presencial Regular,0,10,0,0,0,0,0,0,0,0,0,0,0,0,0,0,10,10
2016-07,2016,Julio,O06016102,MAESTRÍA EN DERECHO EN CIENCIAS PENALES,Otros,Sin Partner (Propio),Presencial Regular,0,6,0,0,6,6,0,0,0,0,4,0,0,0,0,6,12,12
2016-08,2016,Agosto,O06016102,MAESTRÍA EN DERECHO EN CIENCIAS PENALES,Otros,Sin Partner (Propio),Presencial Regular,0,6,0,0,11,10,1,0,0,0,2,3,0,0,0,11,17,17
2016-09,2016,Setiembre,O06016102,MAESTRÍA EN DERECHO EN CIENCIAS PENALES,Otros,Sin Partner (Propio),Presencial Regular,0,20,0,1,12,11,1,0,0,0,6,1,3,0,0,12,32,32
2016-10,2016,Octubre,O06016102,MAESTRÍA EN DERECHO EN CIENCIAS PENALES,Otros,Sin Partner (Propio),Presencial Regular,0,29,0,0,30,25,5,0,0,0,7,1,4,0,0,30,59,59
2016-11,2016,Noviembre,O06016102,MAESTRÍA EN DERECHO EN CIENCIAS PENALES,Otros,Sin Partner (Propio),Presencial Regular,0,17,0,1,53,52,1,1,0,0,7,6,4,0,0,53,71,71
2016-12,2016,Diciembre,O06016102,MAESTRÍA EN DERECHO EN CIENCIAS PENALES,Otros,Sin Partner (Propio),Presencial Regular,0,16,0,0,55,53,2,1,0,0,18,5,9,0,0,55,72,72
2017-01,2017,Enero,O06016102,MAESTRÍA EN DERECHO EN CIENCIAS PENALES,Otros,Sin Partner (Propio),Presencial Regular,0,11,0,0,63,57,6,0,0,0,15,12,11,3,0,63,74,74
2017-02,2017,Febrero,O06016102,MAESTRÍA EN DERECHO EN CIENCIAS PENALES,Otros,Sin Partner (Propio),Presencial Regular,0,13,0,1,61,60,1,2,0,0,14,14,20,4,0,61,76,76
2017-03,2017,Marzo,O06016102,MAESTRÍA EN DERECHO EN CIENCIAS PENALES,Otros,Sin Partner (Propio),Presencial Regular,0,14,0,0,67,60,7,0,0,0,16,7,34,4,0,67,81,81
2017-04,2017,Abril,O06016102,MAESTRÍA EN DERECHO EN CIENCIAS PENALES,Otros,Sin Partner (Propio),Presencial Regular,0,15,0,1,71,67,4,2,0,0,14,12,34,9,0,71,88,88
2017-05,2017,Mayo,O06016102,MAESTRÍA EN DERECHO EN CIENCIAS PENALES,Otros,Sin Partner (Propio),Presencial Regular,0,11,0,0,68,65,3,3,1,0,23,11,38,13,0,68,83,83
2017-06,2017,Junio,O06016102,MAESTRÍA EN DERECHO EN CIENCIAS PENALES,Otros,Sin Partner (Propio),Presencial Regular,0,7,0,1,79,67,12,1,0,0,16,11,39,22,0,79,87,87
2017-07,2017,Julio,O06016102,MAESTRÍA EN DERECHO EN CIENCIAS PENALES,Otros,Sin Partner (Propio),Presencial Regular,0,5,0,0,75,72,3,4,0,0,15,13,35,30,3,75,84,84
2017-08,2017,Agosto,O06016102,MAESTRÍA EN DERECHO EN CIENCIAS PENALES,Otros,Sin Partner (Propio),Presencial Regular,0,12,0,0,83,74,9,13,1,0,10,6,29,34,4,83,109,109
2017-09,2017,Setiembre,O06016102,MAESTRÍA EN DERECHO EN CIENCIAS PENALES,Otros,Sin Partner (Propio),Presencial Regular,3,12,0,0,88,85,3,5,0,0,21,7,21,43,4,88,108,108
2017-10,2017,Octubre,O06016102,MAESTRÍA EN DERECHO EN CIENCIAS PENALES,Otros,Sin Partner (Propio),Presencial Regular,8,3,0,0,93,83,10,2,1,0,14,11,21,42,9,93,107,107
2017-11,2017,Noviembre,O06016102,MAESTRÍA EN DERECHO EN CIENCIAS PENALES,Otros,Sin Partner (Propio),Presencial Regular,4,8,0,0,86,81,5,1,1,0,15,8,24,44,13,86,100,100
2017-12,2017,Diciembre,O06016102,MAESTRÍA EN DERECHO EN CIENCIAS PENALES,Otros,Sin Partner (Propio),Presencial Regular,2,9,0,0,83,80,3,1,0,0,14,12,27,39,22,83,95,95
2018-01,2018,Enero,O06016102,MAESTRÍA EN DERECHO EN CIENCIAS PENALES,Otros,Sin Partner (Propio),Presencial Regular,3,5,0,0,77,72,5,5,0,0,18,9,31,32,32,77,90,90
2018-02,2018,Febrero,O06016102,MAESTRÍA EN DERECHO EN CIENCIAS PENALES,Otros,Sin Partner (Propio),Presencial Regular,2,16,0,0,77,70,7,6,1,0,15,11,30,30,37,77,102,102
2018-03,2018,Marzo,O06016102,MAESTRÍA EN DERECHO EN CIENCIAS PENALES,Otros,Sin Partner (Propio),Presencial Regular,3,17,0,0,76,70,6,5,2,0,27,9,26,30,45,76,103,103
2018-04,2018,Abril,O06016102,MAESTRÍA EN DERECHO EN CIENCIAS PENALES,Otros,Sin Partner (Propio),Presencial Regular,9,10,0,0,83,76,7,3,0,0,18,18,23,33,50,83,76,105
2018-05,2018,Mayo,O06016102,MAESTRÍA EN DERECHO EN CIENCIAS PENALES,Otros,Sin Partner (Propio),Presencial Regular,3,10,0,0,82,77,5,8,2,0,17,12,28,29,57,82,105,105
2018-06,2018,Junio,O06016102,MAESTRÍA EN DERECHO EN CIENCIAS PENALES,Otros,Sin Partner (Propio),Presencial Regular,2,7,0,0,89,81,8,6,1,0,20,9,30,28,60,89,105,105
2018-07,2018,Julio,O06016102,MAESTRÍA EN DERECHO EN CIENCIAS PENALES,Otros,Sin Partner (Propio),Presencial Regular,6,12,0,0,74,72,2,5,0,0,28,17,25,32,63,74,97,97
2018-08,2018,Agosto,O06016102,MAESTRÍA EN DERECHO EN CIENCIAS PENALES,Otros,Sin Partner (Propio),Presencial Regular,10,11,0,0,76,66,10,3,0,1,21,17,30,34,64,76,101,101
2018-09,2018,Setiembre,O06016102,MAESTRÍA EN DERECHO EN CIENCIAS PENALES,Otros,Sin Partner (Propio),Presencial Regular,2,5,0,0,75,69,6,13,0,1,21,14,25,34,72,75,96,96
2018-10,2018,Octubre,O06016102,MAESTRÍA EN DERECHO EN CIENCIAS PENALES,Otros,Sin Partner (Propio),Presencial Regular,5,5,0,0,77,71,6,5,0,3,20,15,27,33,75,77,95,95
2018-11,2018,Noviembre,O06016102,MAESTRÍA EN DERECHO EN CIENCIAS PENALES,Otros,Sin Partner (Propio),Presencial Regular,5,11,0,0,71,66,5,3,0,0,22,13,36,30,80,71,90,90
2018-12,2018,Diciembre,O06016102,MAESTRÍA EN DERECHO EN CIENCIAS PENALES,Otros,Sin Partner (Propio),Presencial Regular,1,12,0,0,63,59,4,4,1,0,25,18,38,33,83,63,81,81
2019-01,2019,Enero,O06016102,MAESTRÍA EN DERECHO EN CIENCIAS PENALES,Otros,Sin Partner (Propio),Presencial Regular,2,18,0,0,81,68,13,12,0,1,11,12,39,30,89,81,114,114
2019-02,2019,Febrero,O06016102,MAESTRÍA EN DERECHO EN CIENCIAS PENALES,Otros,Sin Partner (Propio),Presencial Regular,4,13,0,1,93,90,3,8,0,0,20,7,34,35,92,93,113,118
2019-03,2019,Marzo,O06016102,MAESTRÍA EN DERECHO EN CIENCIAS PENALES,Otros,Sin Partner (Propio),Presencial Regular,3,23,0,1,82,78,4,2,1,1,34,16,29,34,100,82,112,112
2019-04,2019,Abril,O06016102,MAESTRÍA EN DERECHO EN CIENCIAS PENALES,Otros,Sin Partner (Propio),Presencial Regular,4,17,0,0,102,90,12,7,1,1,17,20,33,34,103,102,85,132
2019-05,2019,Mayo,O06016102,MAESTRÍA EN DERECHO EN CIENCIAS PENALES,Otros,Sin Partner (Propio),Presencial Regular,3,17,0,0,90,86,4,9,0,0,40,13,37,38,105,90,117,119
2019-06,2019,Junio,O06016102,MAESTRÍA EN DERECHO EN CIENCIAS PENALES,Otros,Sin Partner (Propio),Presencial Regular,8,17,0,0,108,92,16,2,1,0,21,22,36,41,110,108,134,136
2019-07,2019,Julio,O06016102,MAESTRÍA EN DERECHO EN CIENCIAS PENALES,Otros,Sin Partner (Propio),Presencial Regular,4,14,0,0,106,100,6,7,0,0,27,15,44,40,115,106,117,131
2019-08,2019,Agosto,O06016102,MAESTRÍA EN DERECHO EN CIENCIAS PENALES,Otros,Sin Partner (Propio),Presencial Regular,8,15,0,0,125,111,14,5,2,0,15,9,46,35,123,125,152,155
2019-09,2019,Setiembre,O06016102,MAESTRÍA EN DERECHO EN CIENCIAS PENALES,Otros,Sin Partner (Propio),Presencial Regular,3,14,0,1,115,110,5,6,2,1,35,9,41,34,129,115,135,141
2019-10,2019,Octubre,O06016102,MAESTRÍA EN DERECHO EN CIENCIAS PENALES,Otros,Sin Partner (Propio),Presencial Regular,0,11,0,0,131,115,16,3,3,1,23,19,38,36,132,131,148,149
2019-11,2019,Noviembre,O06016102,MAESTRÍA EN DERECHO EN CIENCIAS PENALES,Otros,Sin Partner (Propio),Presencial Regular,7,14,0,0,122,116,6,2,0,1,29,16,39,44,137,122,144,146
2019-12,2019,Diciembre,O06016102,MAESTRÍA EN DERECHO EN CIENCIAS PENALES,Otros,Sin Partner (Propio),Presencial Regular,0,14,0,0,109,104,5,3,2,1,35,24,43,45,142,109,121,129
2020-01,2020,Enero,O06016102,MAESTRÍA EN DERECHO EN CIENCIAS PENALES,Otros,Sin Partner (Propio),Presencial Regular,4,17,0,1,115,104,11,7,2,0,25,21,54,44,146,115,143,145
2020-02,2020,Febrero,O06016102,MAESTRÍA EN DERECHO EN CIENCIAS PENALES,Otros,Sin Partner (Propio),Presencial Regular,14,20,0,1,121,111,10,6,1,1,23,14,55,46,150,121,163,163
2020-03,2020,Marzo,O06016102,MAESTRÍA EN DERECHO EN CIENCIAS PENALES,Otros,Sin Partner (Propio),Presencial Regular,2,21,0,1,117,110,7,5,1,0,38,15,50,53,156,117,141,146
2020-04,2020,Abril,O06016102,MAESTRÍA EN DERECHO EN CIENCIAS PENALES,Otros,Sin Partner (Propio),Presencial Regular,6,22,0,1,106,98,8,5,1,1,43,28,51,54,161,106,136,141
2020-05,2020,Mayo,O06016102,MAESTRÍA EN DERECHO EN CIENCIAS PENALES,Otros,Sin Partner (Propio),Presencial Regular,2,12,0,2,122,109,13,5,2,1,25,30,57,55,173,122,141,144
2020-06,2020,Junio,O06016102,MAESTRÍA EN DERECHO EN CIENCIAS PENALES,Otros,Sin Partner (Propio),Presencial Regular,2,39,0,1,127,115,12,14,5,0,26,13,61,54,180,127,183,187
2020-07,2020,Julio,O06016102,MAESTRÍA EN DERECHO EN CIENCIAS PENALES,Otros,Sin Partner (Propio),Presencial Regular,5,89,0,5,179,166,13,15,5,4,17,13,48,51,182,179,292,297
2020-08,2020,Agosto,O06016102,MAESTRÍA EN DERECHO EN CIENCIAS PENALES,Otros,Sin Partner (Propio),Presencial Regular,3,59,0,3,250,247,3,4,1,0,44,14,47,51,189,250,316,317
2020-09,2020,Setiembre,O06016102,MAESTRÍA EN DERECHO EN CIENCIAS PENALES,Otros,Sin Partner (Propio),Presencial Regular,2,56,0,1,259,249,10,10,6,3,65,33,41,43,197,259,332,336
2020-10,2020,Octubre,O06016102,MAESTRÍA EN DERECHO EN CIENCIAS PENALES,Otros,Sin Partner (Propio),Presencial Regular,3,92,0,4,307,285,22,10,4,3,46,43,46,53,198,307,414,419
2020-11,2020,Noviembre,O06016102,MAESTRÍA EN DERECHO EN CIENCIAS PENALES,Otros,Sin Partner (Propio),Presencial Regular,9,31,0,1,365,348,17,12,1,0,65,28,69,46,207,365,418,418
2020-12,2020,Diciembre,O06016102,MAESTRÍA EN DERECHO EN CIENCIAS PENALES,Otros,Sin Partner (Propio),Presencial Regular,18,33,0,1,342,326,16,6,3,4,69,47,85,38,212,342,400,406
2021-01,2021,Enero,O06016102,MAESTRÍA EN DERECHO EN CIENCIAS PENALES,Otros,Sin Partner (Propio),Presencial Regular,6,72,0,2,350,323,27,14,2,2,61,40,115,36,213,350,426,446
2021-02,2021,Febrero,O06016102,MAESTRÍA EN DERECHO EN CIENCIAS PENALES,Otros,Sin Partner (Propio),Presencial Regular,4,73,0,5,366,353,13,16,3,0,86,46,116,51,217,366,410,462
2021-03,2021,Marzo,O06016102,MAESTRÍA EN DERECHO EN CIENCIAS PENALES,Otros,Sin Partner (Propio),Presencial Regular,29,91,0,4,428,395,33,18,4,1,52,50,102,69,221,428,571,571
2021-04,2021,Abril,O06016102,MAESTRÍA EN DERECHO EN CIENCIAS PENALES,Otros,Sin Partner (Propio),Presencial Regular,4,76,0,2,449,438,11,16,1,0,101,40,119,72,234,449,539,546
2021-05,2021,Mayo,O06016102,MAESTRÍA EN DERECHO EN CIENCIAS PENALES,Otros,Sin Partner (Propio),Presencial Regular,7,75,0,2,514,476,38,14,0,0,66,58,112,98,239,514,610,610
2021-06,2021,Junio,O06016102,MAESTRÍA EN DERECHO EN CIENCIAS PENALES,Otros,Sin Partner (Propio),Presencial Regular,5,63,0,2,534,515,19,32,4,2,87,46,112,113,241,534,638,640
2021-07,2021,Julio,O06016102,MAESTRÍA EN DERECHO EN CIENCIAS PENALES,Otros,Sin Partner (Propio),Presencial Regular,22,47,0,2,559,529,30,23,5,1,100,44,117,120,243,559,657,657
2021-08,2021,Agosto,O06016102,MAESTRÍA EN DERECHO EN CIENCIAS PENALES,Otros,Sin Partner (Propio),Presencial Regular,0,69,0,4,564,528,36,20,2,2,107,64,119,122,259,564,450,657
2021-09,2021,Setiembre,O06016102,MAESTRÍA EN DERECHO EN CIENCIAS PENALES,Otros,Sin Partner (Propio),Presencial Regular,17,50,0,3,598,558,40,31,6,3,98,54,126,114,281,598,705,705
2021-10,2021,Octubre,O06016102,MAESTRÍA EN DERECHO EN CIENCIAS PENALES,Otros,Sin Partner (Propio),Presencial Regular,4,47,0,3,571,541,30,21,1,0,145,68,131,123,297,571,639,644
2021-11,2021,Noviembre,O06016102,MAESTRÍA EN DERECHO EN CIENCIAS PENALES,Otros,Sin Partner (Propio),Presencial Regular,6,42,0,2,614,546,68,28,1,1,93,73,147,121,320,614,692,692
2021-12,2021,Diciembre,O06016102,MAESTRÍA EN DERECHO EN CIENCIAS PENALES,Otros,Sin Partner (Propio),Presencial Regular,18,52,0,4,589,560,29,24,5,0,116,64,162,123,339,589,688,688
2022-01,2022,Enero,O06016102,MAESTRÍA EN DERECHO EN CIENCIAS PENALES,Otros,Sin Partner (Propio),Presencial Regular,30,41,0,1,597,557,40,39,3,2,93,68,154,139,349,597,712,712
2022-02,2022,Febrero,O06016102,MAESTRÍA EN DERECHO EN CIENCIAS PENALES,Otros,Sin Partner (Propio),Presencial Regular,7,56,0,5,524,500,24,31,2,2,177,68,161,148,365,524,622,622
2022-03,2022,Marzo,O06016102,MAESTRÍA EN DERECHO EN CIENCIAS PENALES,Otros,Sin Partner (Propio),Presencial Regular,68,44,0,6,580,508,72,20,5,1,89,58,171,157,385,580,718,718
2022-04,2022,Abril,O06016102,MAESTRÍA EN DERECHO EN CIENCIAS PENALES,Otros,Sin Partner (Propio),Presencial Regular,23,26,0,2,522,498,24,28,7,0,130,65,169,157,409,522,586,606
2022-05,2022,Mayo,O06016102,MAESTRÍA EN DERECHO EN CIENCIAS PENALES,Otros,Sin Partner (Propio),Presencial Regular,35,39,0,2,524,473,51,34,4,3,87,69,164,165,428,524,639,639
2022-06,2022,Junio,O06016102,MAESTRÍA EN DERECHO EN CIENCIAS PENALES,Otros,Sin Partner (Propio),Presencial Regular,33,45,0,3,497,470,27,34,5,0,108,54,163,172,451,497,582,614
2022-07,2022,Julio,O06016102,MAESTRÍA EN DERECHO EN CIENCIAS PENALES,Otros,Sin Partner (Propio),Presencial Regular,40,56,0,3,481,445,36,25,3,1,116,53,150,184,476,481,606,606
2022-08,2022,Agosto,O06016102,MAESTRÍA EN DERECHO EN CIENCIAS PENALES,Otros,Sin Partner (Propio),Presencial Regular,4,51,0,4,488,447,41,32,8,3,116,74,139,186,495,488,506,586
2022-09,2022,Setiembre,O06016102,MAESTRÍA EN DERECHO EN CIENCIAS PENALES,Otros,Sin Partner (Propio),Presencial Regular,33,42,0,8,506,460,46,24,5,1,108,56,150,183,526,506,611,611
2022-10,2022,Octubre,O06016102,MAESTRÍA EN DERECHO EN CIENCIAS PENALES,Otros,Sin Partner (Propio),Presencial Regular,23,51,0,5,447,416,31,18,2,3,139,77,156,189,547,447,511,544
2022-11,2022,Noviembre,O06016102,MAESTRÍA EN DERECHO EN CIENCIAS PENALES,Otros,Sin Partner (Propio),Presencial Regular,46,41,0,4,449,399,50,28,5,1,92,73,174,185,576,449,570,570
2022-12,2022,Diciembre,O06016102,MAESTRÍA EN DERECHO EN CIENCIAS PENALES,Otros,Sin Partner (Propio),Presencial Regular,9,22,0,2,395,372,23,35,5,2,147,67,184,175,605,395,443,468
2023-01,2023,Enero,O06016102,MAESTRÍA EN DERECHO EN CIENCIAS PENALES,Otros,Sin Partner (Propio),Presencial Regular,37,51,0,8,421,366,55,40,10,1,78,75,164,171,640,421,560,560
2023-02,2023,Febrero,O06016102,MAESTRÍA EN DERECHO EN CIENCIAS PENALES,Otros,Sin Partner (Propio),Presencial Regular,11,69,0,11,411,389,22,36,6,2,127,53,169,172,664,411,493,535
2023-03,2023,Marzo,O06016102,MAESTRÍA EN DERECHO EN CIENCIAS PENALES,Otros,Sin Partner (Propio),Presencial Regular,47,63,0,11,452,415,37,25,3,2,90,66,155,176,693,452,592,592
2023-04,2023,Abril,O06016102,MAESTRÍA EN DERECHO EN CIENCIAS PENALES,Otros,Sin Partner (Propio),Presencial Regular,5,38,0,3,449,424,25,36,5,1,116,65,157,176,715,449,501,534
2023-05,2023,Mayo,O06016102,MAESTRÍA EN DERECHO EN CIENCIAS PENALES,Otros,Sin Partner (Propio),Presencial Regular,49,47,0,8,416,386,30,21,2,2,122,65,164,177,740,416,537,537
2023-06,2023,Junio,O06016102,MAESTRÍA EN DERECHO EN CIENCIAS PENALES,Otros,Sin Partner (Propio),Presencial Regular,15,43,0,15,428,387,41,46,2,1,88,80,150,187,759,428,503,535
2023-07,2023,Julio,O06016102,MAESTRÍA EN DERECHO EN CIENCIAS PENALES,Otros,Sin Partner (Propio),Presencial Regular,24,0,0,0,403,378,25,28,0,1,130,52,172,181,793,403,456,456
2023-08,2023,Agosto,O06016102,MAESTRÍA EN DERECHO EN CIENCIAS PENALES,Otros,Sin Partner (Propio),Presencial Regular,8,2,0,1,394,351,43,39,1,4,77,84,151,184,818,394,419,448
2023-09,2023,Setiembre,O06016102,MAESTRÍA EN DERECHO EN CIENCIAS PENALES,Otros,Sin Partner (Propio),Presencial Regular,22,1,0,0,365,338,27,33,5,1,96,37,171,172,852,365,427,427
2023-10,2023,Octubre,O06016102,MAESTRÍA EN DERECHO EN CIENCIAS PENALES,Otros,Sin Partner (Propio),Presencial Regular,6,2,0,0,318,295,23,26,0,1,105,72,155,172,878,318,329,353
2023-11,2023,Noviembre,O06016102,MAESTRÍA EN DERECHO EN CIENCIAS PENALES,Otros,Sin Partner (Propio),Presencial Regular,28,0,0,0,279,246,33,34,0,5,89,57,156,180,901,279,346,346
2023-12,2023,Diciembre,O06016102,MAESTRÍA EN DERECHO EN CIENCIAS PENALES,Otros,Sin Partner (Propio),Presencial Regular,11,0,0,0,243,205,38,44,0,0,103,50,145,175,930,243,269,298
2024-01,2024,Enero,O06016102,MAESTRÍA EN DERECHO EN CIENCIAS PENALES,Otros,Sin Partner (Propio),Presencial Regular,24,0,0,0,267,225,42,38,5,3,52,54,108,182,957,267,337,337
2024-02,2024,Febrero,O06016102,MAESTRÍA EN DERECHO EN CIENCIAS PENALES,Otros,Sin Partner (Propio),Presencial Regular,22,0,0,0,225,215,10,28,1,5,84,39,114,165,983,225,244,281
2024-03,2024,Marzo,O06016102,MAESTRÍA EN DERECHO EN CIENCIAS PENALES,Otros,Sin Partner (Propio),Presencial Regular,24,0,0,0,207,178,29,31,1,3,68,50,90,164,1006,207,266,266
2024-04,2024,Abril,O06016102,MAESTRÍA EN DERECHO EN CIENCIAS PENALES,Otros,Sin Partner (Propio),Presencial Regular,15,0,0,0,182,160,22,22,1,2,74,39,100,155,1030,182,196,222
2024-05,2024,Mayo,O06016102,MAESTRÍA EN DERECHO EN CIENCIAS PENALES,Otros,Sin Partner (Propio),Presencial Regular,15,0,0,0,172,150,22,35,0,1,51,43,93,131,1064,172,223,223
2024-06,2024,Junio,O06016102,MAESTRÍA EN DERECHO EN CIENCIAS PENALES,Otros,Sin Partner (Propio),Presencial Regular,23,0,0,0,144,126,18,29,1,4,68,27,84,126,1084,144,158,201
2024-07,2024,Julio,O06016102,MAESTRÍA EN DERECHO EN CIENCIAS PENALES,Otros,Sin Partner (Propio),Presencial Regular,6,0,0,0,139,114,25,20,0,2,60,41,78,102,1119,139,167,167
2024-08,2024,Agosto,O06016102,MAESTRÍA EN DERECHO EN CIENCIAS PENALES,Otros,Sin Partner (Propio),Presencial Regular,21,0,0,0,147,126,21,42,7,3,30,33,54,93,1131,147,220,220
2024-09,2024,Setiembre,O06016102,MAESTRÍA EN DERECHO EN CIENCIAS PENALES,Otros,Sin Partner (Propio),Presencial Regular,37,0,0,0,149,136,13,30,3,2,42,16,38,70,1153,149,180,221
2024-10,2024,Octubre,O06016102,MAESTRÍA EN DERECHO EN CIENCIAS PENALES,Otros,Sin Partner (Propio),Presencial Regular,30,0,0,0,111,101,10,10,0,5,56,30,35,61,1165,111,135,156
2024-11,2024,Noviembre,O06016102,MAESTRÍA EN DERECHO EN CIENCIAS PENALES,Otros,Sin Partner (Propio),Presencial Regular,14,0,0,0,88,70,18,23,0,2,47,34,37,55,1173,88,127,127
2024-12,2024,Diciembre,O06016102,MAESTRÍA EN DERECHO EN CIENCIAS PENALES,Otros,Sin Partner (Propio),Presencial Regular,43,0,0,0,64,54,10,20,0,0,42,16,42,40,1192,64,108,127
2025-01,2025,Enero,O06016102,MAESTRÍA EN DERECHO EN CIENCIAS PENALES,Otros,Sin Partner (Propio),Presencial Regular,7,0,0,0,49,35,14,9,0,0,46,26,43,33,1203,49,65,65
2025-02,2025,Febrero,O06016102,MAESTRÍA EN DERECHO EN CIENCIAS PENALES,Otros,Sin Partner (Propio),Presencial Regular,3,0,0,0,47,29,18,25,0,1,28,27,39,28,1211,47,76,76
2025-03,2025,Marzo,O06016102,MAESTRÍA EN DERECHO EN CIENCIAS PENALES,Otros,Sin Partner (Propio),Presencial Regular,27,0,0,0,52,43,9,22,0,1,20,12,30,28,1214,52,66,102
2025-04,2025,Abril,O06016102,MAESTRÍA EN DERECHO EN CIENCIAS PENALES,Otros,Sin Partner (Propio),Presencial Regular,5,0,0,0,38,33,5,13,0,0,39,14,23,26,1221,38,56,56
2025-05,2025,Mayo,O06016102,MAESTRÍA EN DERECHO EN CIENCIAS PENALES,Otros,Sin Partner (Propio),Presencial Regular,3,0,0,0,36,27,9,11,1,2,23,28,25,22,1223,36,53,53
2025-06,2025,Junio,O06016102,MAESTRÍA EN DERECHO EN CIENCIAS PENALES,Otros,Sin Partner (Propio),Presencial Regular,28,0,0,0,32,28,4,6,1,0,11,15,28,23,1227,32,42,67
2025-07,2025,N/A,O06016102,MAESTRÍA EN DERECHO EN CIENCIAS PENALES,Otros,Sin Partner (Propio),Presencial Regular,0,0,0,0,0,0,0,0,0,0,39,11,40,22,1231,0,0,0
2025-08,2025,N/A,O06016102,MAESTRÍA EN DERECHO EN CIENCIAS PENALES,Otros,Sin Partner (Propio),Presencial Regular,0,0,0,0,0,0,0,0,0,0,0,39,45,24,1235,0,0,0
2025-09,2025,N/A,O06016102,MAESTRÍA EN DERECHO EN CIENCIAS PENALES,Otros,Sin Partner (Propio),Presencial Regular,0,0,0,0,0,0,0,0,0,0,0,0,79,26,1238,0,0,0
2025-10,2025,N/A,O06016102,MAESTRÍA EN DERECHO EN CIENCIAS PENALES,Otros,Sin Partner (Propio),Presencial Regular,0,0,0,0,0,0,0,0,0,0,0,0,65,35,1243,0,0,0
2025-11,2025,N/A,O06016102,MAESTRÍA EN DERECHO EN CIENCIAS PENALES,Otros,Sin Partner (Propio),Presencial Regular,0,0,0,0,0,0,0,0,0,0,0,0,50,49,1244,0,0,0
2025-12,2025,N/A,O06016102,MAESTRÍA EN DERECHO EN CIENCIAS PENALES,Otros,Sin Partner (Propio),Presencial Regular,0,0,0,0,0,0,0,0,0,0,0,0,39,54,1250,0,0,0
2026-01,2026,N/A,O06016102,MAESTRÍA EN DERECHO EN CIENCIAS PENALES,Otros,Sin Partner (Propio),Presencial Regular,0,0,0,0,0,0,0,0,0,0,0,0,0,90,1253,0,0,0
2026-02,2026,N/A,O06016102,MAESTRÍA EN DERECHO EN CIENCIAS PENALES,Otros,Sin Partner (Propio),Presencial Regular,0,0,0,0,0,0,0,0,0,0,0,0,0,84,1259,0,0,0
2026-03,2026,N/A,O06016102,MAESTRÍA EN DERECHO EN CIENCIAS PENALES,Otros,Sin Partner (Propio),Presencial Regular,0,0,0,0,0,0,0,0,0,0,0,0,0,79,1264,0,0,0
2026-04,2026,N/A,O06016102,MAESTRÍA EN DERECHO EN CIENCIAS PENALES,Otros,Sin Partner (Propio),Presencial Regular,0,0,0,0,0,0,0,0,0,0,0,0,0,65,1278,0,0,0
2026-05,2026,N/A,O06016102,MAESTRÍA EN DERECHO EN CIENCIAS PENALES,Otros,Sin Partner (Propio),Presencial Regular,0,0,0,0,0,0,0,0,0,0,0,0,0,50,1293,0,0,0
2026-06,2026,N/A,O06016102,MAESTRÍA EN DERECHO EN CIENCIAS PENALES,Otros,Sin Partner (Propio),Presencial Regular,0,0,0,0,0,0,0,0,0,0,0,0,0,39,1304,0,0,0
2026-07,2026,N/A,O06016102,MAESTRÍA EN DERECHO EN CIENCIAS PENALES,Otros,Sin Partner (Propio),Presencial Regular,0,0,0,0,0,0,0,0,0,0,0,0,0,0,1343,0,0,0
2016-06,2016,Junio,O07011601,MAESTRIA EN EDUCACIÓN CON MENCIÓN EN E-LEARNING,Otros,Sin Partner (Propio),Presencial Regular,0,4,0,0,0,0,0,0,0,0,0,0,0,0,0,0,4,4
2016-07,2016,Julio,O07011601,MAESTRIA EN EDUCACIÓN CON MENCIÓN EN E-LEARNING,Otros,Sin Partner (Propio),Presencial Regular,0,5,0,0,4,4,0,0,0,0,0,0,0,0,0,4,9,9
2016-08,2016,Agosto,O07011601,MAESTRIA EN EDUCACIÓN CON MENCIÓN EN E-LEARNING,Otros,Sin Partner (Propio),Presencial Regular,0,10,0,0,9,9,0,0,0,0,0,0,0,0,0,9,19,19
2016-09,2016,Setiembre,O07011601,MAESTRIA EN EDUCACIÓN CON MENCIÓN EN E-LEARNING,Otros,Sin Partner (Propio),Presencial Regular,0,4,0,0,19,19,0,0,0,0,0,0,0,0,0,19,23,23
2016-10,2016,Octubre,O07011601,MAESTRIA EN EDUCACIÓN CON MENCIÓN EN E-LEARNING,Otros,Sin Partner (Propio),Presencial Regular,0,4,0,0,19,19,0,0,0,0,4,0,0,0,0,19,23,23
2016-11,2016,Noviembre,O07011601,MAESTRIA EN EDUCACIÓN CON MENCIÓN EN E-LEARNING,Otros,Sin Partner (Propio),Presencial Regular,0,5,0,1,20,18,2,0,0,0,5,2,0,0,0,20,25,25
2016-12,2016,Diciembre,O07011601,MAESTRIA EN EDUCACIÓN CON MENCIÓN EN E-LEARNING,Otros,Sin Partner (Propio),Presencial Regular,0,4,0,0,19,18,1,1,0,0,7,4,1,0,0,19,24,24
2017-01,2017,Enero,O07011601,MAESTRIA EN EDUCACIÓN CON MENCIÓN EN E-LEARNING,Otros,Sin Partner (Propio),Presencial Regular,0,5,0,0,19,18,1,2,0,0,6,6,3,0,0,19,26,26
2017-02,2017,Febrero,O07011601,MAESTRIA EN EDUCACIÓN CON MENCIÓN EN E-LEARNING,Otros,Sin Partner (Propio),Presencial Regular,0,10,0,0,24,20,4,0,0,0,6,2,9,0,0,24,34,34
2017-03,2017,Marzo,O07011601,MAESTRIA EN EDUCACIÓN CON MENCIÓN EN E-LEARNING,Otros,Sin Partner (Propio),Presencial Regular,0,17,0,1,30,28,2,0,0,0,6,4,11,0,0,30,47,47
2017-04,2017,Abril,O07011601,MAESTRIA EN EDUCACIÓN CON MENCIÓN EN E-LEARNING,Otros,Sin Partner (Propio),Presencial Regular,0,5,0,0,41,40,1,1,0,0,7,5,14,0,0,41,43,47
2017-05,2017,Mayo,O07011601,MAESTRIA EN EDUCACIÓN CON MENCIÓN EN E-LEARNING,Otros,Sin Partner (Propio),Presencial Regular,0,1,0,0,35,33,2,0,0,0,14,5,16,3,0,35,36,36
2017-06,2017,Junio,O07011601,MAESTRIA EN EDUCACIÓN CON MENCIÓN EN E-LEARNING,Otros,Sin Partner (Propio),Presencial Regular,0,2,0,0,29,22,7,3,0,0,14,7,12,9,0,29,30,34
2017-07,2017,Julio,O07011601,MAESTRIA EN EDUCACIÓN CON MENCIÓN EN E-LEARNING,Otros,Sin Partner (Propio),Presencial Regular,2,3,0,0,33,25,8,4,0,0,9,4,13,11,0,33,42,42
2017-08,2017,Agosto,O07011601,MAESTRIA EN EDUCACIÓN CON MENCIÓN EN E-LEARNING,Otros,Sin Partner (Propio),Presencial Regular,0,10,0,0,41,34,7,4,0,0,6,2,11,13,0,41,55,55
2017-09,2017,Setiembre,O07011601,MAESTRIA EN EDUCACIÓN CON MENCIÓN EN E-LEARNING,Otros,Sin Partner (Propio),Presencial Regular,3,2,0,0,40,39,1,0,2,0,14,4,8,16,0,40,34,47
2017-10,2017,Octubre,O07011601,MAESTRIA EN EDUCACIÓN CON MENCIÓN EN E-LEARNING,Otros,Sin Partner (Propio),Presencial Regular,1,4,0,0,40,34,6,2,2,0,9,8,8,16,0,40,49,49
2017-11,2017,Noviembre,O07011601,MAESTRIA EN EDUCACIÓN CON MENCIÓN EN E-LEARNING,Otros,Sin Partner (Propio),Presencial Regular,4,6,0,0,38,35,3,5,1,0,9,6,9,15,2,38,53,54
2017-12,2017,Diciembre,O07011601,MAESTRIA EN EDUCACIÓN CON MENCIÓN EN E-LEARNING,Otros,Sin Partner (Propio),Presencial Regular,3,2,0,0,40,37,3,2,1,0,11,5,11,11,7,40,48,48
2018-01,2018,Enero,O07011601,MAESTRIA EN EDUCACIÓN CON MENCIÓN EN E-LEARNING,Otros,Sin Partner (Propio),Presencial Regular,3,6,0,0,33,28,5,2,0,0,15,5,13,10,9,33,34,44
2018-02,2018,Febrero,O07011601,MAESTRIA EN EDUCACIÓN CON MENCIÓN EN E-LEARNING,Otros,Sin Partner (Propio),Presencial Regular,4,10,0,1,39,32,7,3,0,0,8,5,14,10,10,39,56,56
2018-03,2018,Marzo,O07011601,MAESTRIA EN EDUCACIÓN CON MENCIÓN EN E-LEARNING,Otros,Sin Partner (Propio),Presencial Regular,2,11,0,0,47,44,3,2,0,0,8,5,12,10,13,47,62,62
2018-04,2018,Abril,O07011601,MAESTRIA EN EDUCACIÓN CON MENCIÓN EN E-LEARNING,Otros,Sin Partner (Propio),Presencial Regular,5,6,0,0,50,49,1,5,0,0,9,4,10,11,14,50,54,66
2018-05,2018,Mayo,O07011601,MAESTRIA EN EDUCACIÓN CON MENCIÓN EN E-LEARNING,Otros,Sin Partner (Propio),Presencial Regular,5,8,0,0,48,45,3,3,0,0,15,3,8,11,16,48,64,64
2018-06,2018,Junio,O07011601,MAESTRIA EN EDUCACIÓN CON MENCIÓN EN E-LEARNING,Otros,Sin Partner (Propio),Presencial Regular,2,7,0,0,57,49,8,2,0,0,9,7,5,12,18,57,68,68
2018-07,2018,Julio,O07011601,MAESTRIA EN EDUCACIÓN CON MENCIÓN EN E-LEARNING,Otros,Sin Partner (Propio),Presencial Regular,3,4,0,0,49,47,2,2,1,0,17,7,8,11,19,49,44,59
2018-08,2018,Agosto,O07011601,MAESTRIA EN EDUCACIÓN CON MENCIÓN EN E-LEARNING,Otros,Sin Partner (Propio),Presencial Regular,5,6,0,0,62,49,13,4,1,0,4,4,8,10,20,62,78,78
2018-09,2018,Setiembre,O07011601,MAESTRIA EN EDUCACIÓN CON MENCIÓN EN E-LEARNING,Otros,Sin Partner (Propio),Presencial Regular,0,13,0,0,54,53,1,4,1,0,20,3,7,8,22,54,72,72
2018-10,2018,Octubre,O07011601,MAESTRIA EN EDUCACIÓN CON MENCIÓN EN E-LEARNING,Otros,Sin Partner (Propio),Presencial Regular,2,14,0,0,75,66,9,1,0,0,6,10,8,6,24,75,92,92
2018-11,2018,Noviembre,O07011601,MAESTRIA EN EDUCACIÓN CON MENCIÓN EN E-LEARNING,Otros,Sin Partner (Propio),Presencial Regular,5,5,0,0,71,70,1,1,0,0,15,5,13,9,25,71,68,82
2018-12,2018,Diciembre,O07011601,MAESTRIA EN EDUCACIÓN CON MENCIÓN EN E-LEARNING,Otros,Sin Partner (Propio),Presencial Regular,7,6,0,0,69,61,8,4,0,1,9,7,13,7,27,69,87,87
2019-01,2019,Enero,O07011601,MAESTRIA EN EDUCACIÓN CON MENCIÓN EN E-LEARNING,Otros,Sin Partner (Propio),Presencial Regular,4,8,0,2,74,68,6,8,0,2,9,3,11,7,25,74,96,96
2019-02,2019,Febrero,O07011601,MAESTRIA EN EDUCACIÓN CON MENCIÓN EN E-LEARNING,Otros,Sin Partner (Propio),Presencial Regular,8,6,0,0,66,64,2,1,1,0,22,6,11,6,26,66,61,82
2019-03,2019,Marzo,O07011601,MAESTRIA EN EDUCACIÓN CON MENCIÓN EN E-LEARNING,Otros,Sin Partner (Propio),Presencial Regular,4,6,0,1,67,62,5,1,1,0,11,15,11,8,27,67,79,79
2019-04,2019,Abril,O07011601,MAESTRIA EN EDUCACIÓN CON MENCIÓN EN E-LEARNING,Otros,Sin Partner (Propio),Presencial Regular,6,2,0,0,65,62,3,9,0,0,9,6,15,10,27,65,82,82
2019-05,2019,Mayo,O07011601,MAESTRIA EN EDUCACIÓN CON MENCIÓN EN E-LEARNING,Otros,Sin Partner (Propio),Presencial Regular,2,5,0,0,61,59,2,3,1,2,15,7,17,7,28,61,60,74
2019-06,2019,Junio,O07011601,MAESTRIA EN EDUCACIÓN CON MENCIÓN EN E-LEARNING,Otros,Sin Partner (Propio),Presencial Regular,7,13,0,0,67,61,6,5,0,1,9,6,16,8,27,67,88,93
2019-07,2019,Julio,O07011601,MAESTRIA EN EDUCACIÓN CON MENCIÓN EN E-LEARNING,Otros,Sin Partner (Propio),Presencial Regular,2,7,0,0,63,59,4,1,0,0,26,5,18,10,27,63,71,73
2019-08,2019,Agosto,O07011601,MAESTRIA EN EDUCACIÓN CON MENCIÓN EN E-LEARNING,Otros,Sin Partner (Propio),Presencial Regular,13,9,0,0,68,58,10,4,2,1,7,11,11,13,27,68,97,97
2019-09,2019,Setiembre,O07011601,MAESTRIA EN EDUCACIÓN CON MENCIÓN EN E-LEARNING,Otros,Sin Partner (Propio),Presencial Regular,4,6,0,0,60,60,0,0,1,0,21,7,20,10,30,60,56,71
2019-10,2019,Octubre,O07011601,MAESTRIA EN EDUCACIÓN CON MENCIÓN EN E-LEARNING,Otros,Sin Partner (Propio),Presencial Regular,3,3,0,0,59,55,4,4,0,0,12,15,19,11,32,59,67,69
2019-11,2019,Noviembre,O07011601,MAESTRIA EN EDUCACIÓN CON MENCIÓN EN E-LEARNING,Otros,Sin Partner (Propio),Presencial Regular,5,3,0,0,52,48,4,7,0,0,16,6,24,12,33,52,62,67
2019-12,2019,Diciembre,O07011601,MAESTRIA EN EDUCACIÓN CON MENCIÓN EN E-LEARNING,Otros,Sin Partner (Propio),Presencial Regular,13,2,0,0,49,44,5,4,0,0,12,8,21,13,33,49,65,68
2020-01,2020,Enero,O07011601,MAESTRIA EN EDUCACIÓN CON MENCIÓN EN E-LEARNING,Otros,Sin Partner (Propio),Presencial Regular,4,7,0,1,41,38,3,2,1,2,14,8,20,19,31,41,53,57
2020-02,2020,Febrero,O07011601,MAESTRIA EN EDUCACIÓN CON MENCIÓN EN E-LEARNING,Otros,Sin Partner (Propio),Presencial Regular,5,7,0,0,45,41,4,8,0,0,11,10,12,18,36,45,62,65
2020-03,2020,Marzo,O07011601,MAESTRIA EN EDUCACIÓN CON MENCIÓN EN E-LEARNING,Otros,Sin Partner (Propio),Presencial Regular,1,11,0,0,44,43,1,0,0,0,17,10,18,20,37,44,53,56
2020-04,2020,Abril,O07011601,MAESTRIA EN EDUCACIÓN CON MENCIÓN EN E-LEARNING,Otros,Sin Partner (Propio),Presencial Regular,4,10,0,0,38,34,4,3,2,0,18,12,22,18,40,38,49,57
2020-05,2020,Mayo,O07011601,MAESTRIA EN EDUCACIÓN CON MENCIÓN EN E-LEARNING,Otros,Sin Partner (Propio),Presencial Regular,3,5,0,0,37,34,3,2,1,0,17,15,29,17,42,37,47,48
2020-06,2020,Junio,O07011601,MAESTRIA EN EDUCACIÓN CON MENCIÓN EN E-LEARNING,Otros,Sin Partner (Propio),Presencial Regular,3,9,0,0,44,35,9,14,0,1,8,8,28,17,42,44,69,71
2020-07,2020,Julio,O07011601,MAESTRIA EN EDUCACIÓN CON MENCIÓN EN E-LEARNING,Otros,Sin Partner (Propio),Presencial Regular,4,10,0,0,51,46,5,6,1,1,21,2,19,21,45,51,73,73
2020-08,2020,Agosto,O07011601,MAESTRIA EN EDUCACIÓN CON MENCIÓN EN E-LEARNING,Otros,Sin Partner (Propio),Presencial Regular,8,12,0,0,67,55,12,4,0,0,12,8,10,18,50,67,89,91
2020-09,2020,Setiembre,O07011601,MAESTRIA EN EDUCACIÓN CON MENCIÓN EN E-LEARNING,Otros,Sin Partner (Propio),Presencial Regular,2,7,0,0,60,57,3,4,2,2,26,9,8,18,50,60,77,77
2020-10,2020,Octubre,O07011601,MAESTRIA EN EDUCACIÓN CON MENCIÓN EN E-LEARNING,Otros,Sin Partner (Propio),Presencial Regular,8,8,0,0,76,67,9,4,0,0,7,13,9,17,52,76,89,96
2020-11,2020,Noviembre,O07011601,MAESTRIA EN EDUCACIÓN CON MENCIÓN EN E-LEARNING,Otros,Sin Partner (Propio),Presencial Regular,5,7,0,0,76,71,5,4,1,0,15,2,15,14,54,76,93,93
2020-12,2020,Diciembre,O07011601,MAESTRIA EN EDUCACIÓN CON MENCIÓN EN E-LEARNING,Otros,Sin Partner (Propio),Presencial Regular,2,9,0,0,75,73,2,2,1,0,14,12,15,13,54,75,86,89
2021-01,2021,Enero,O07011601,MAESTRIA EN EDUCACIÓN CON MENCIÓN EN E-LEARNING,Otros,Sin Partner (Propio),Presencial Regular,0,5,0,0,80,76,4,6,1,0,11,10,19,10,58,80,92,92
2021-02,2021,Febrero,O07011601,MAESTRIA EN EDUCACIÓN CON MENCIÓN EN E-LEARNING,Otros,Sin Partner (Propio),Presencial Regular,6,8,0,0,80,74,6,3,0,0,15,3,20,12,61,80,89,97
2021-03,2021,Marzo,O07011601,MAESTRIA EN EDUCACIÓN CON MENCIÓN EN E-LEARNING,Otros,Sin Partner (Propio),Presencial Regular,1,7,0,0,76,68,8,4,0,1,22,7,14,12,65,76,89,89
2021-04,2021,Abril,O07011601,MAESTRIA EN EDUCACIÓN CON MENCIÓN EN E-LEARNING,Otros,Sin Partner (Propio),Presencial Regular,8,9,0,0,88,80,8,3,0,0,6,8,17,13,65,88,100,108
2021-05,2021,Mayo,O07011601,MAESTRIA EN EDUCACIÓN CON MENCIÓN EN E-LEARNING,Otros,Sin Partner (Propio),Presencial Regular,2,6,0,0,68,66,2,3,0,0,33,4,17,17,65,68,79,79
2021-06,2021,Junio,O07011601,MAESTRIA EN EDUCACIÓN CON MENCIÓN EN E-LEARNING,Otros,Sin Partner (Propio),Presencial Regular,12,7,0,1,87,73,14,5,0,0,4,9,9,22,65,87,96,111
2021-07,2021,Julio,O07011601,MAESTRIA EN EDUCACIÓN CON MENCIÓN EN E-LEARNING,Otros,Sin Partner (Propio),Presencial Regular,3,9,0,0,72,70,2,0,0,0,26,2,15,23,67,72,84,84
2021-08,2021,Agosto,O07011601,MAESTRIA EN EDUCACIÓN CON MENCIÓN EN E-LEARNING,Otros,Sin Partner (Propio),Presencial Regular,10,8,0,0,84,74,10,4,0,0,7,7,10,20,72,84,94,106
2021-09,2021,Setiembre,O07011601,MAESTRIA EN EDUCACIÓN CON MENCIÓN EN E-LEARNING,Otros,Sin Partner (Propio),Presencial Regular,0,7,0,0,69,67,2,0,0,1,29,5,14,18,76,69,77,77
2021-10,2021,Octubre,O07011601,MAESTRIA EN EDUCACIÓN CON MENCIÓN EN E-LEARNING,Otros,Sin Partner (Propio),Presencial Regular,17,4,0,0,81,70,11,4,1,1,5,8,10,16,76,81,92,108
2021-11,2021,Noviembre,O07011601,MAESTRIA EN EDUCACIÓN CON MENCIÓN EN E-LEARNING,Otros,Sin Partner (Propio),Presencial Regular,3,2,0,0,71,67,4,3,0,0,22,1,11,15,80,71,79,79
2021-12,2021,Diciembre,O07011601,MAESTRIA EN EDUCACIÓN CON MENCIÓN EN E-LEARNING,Otros,Sin Partner (Propio),Presencial Regular,18,2,0,0,63,61,2,1,1,1,11,6,11,10,83,63,68,86
2022-01,2022,Enero,O07011601,MAESTRIA EN EDUCACIÓN CON MENCIÓN EN E-LEARNING,Otros,Sin Partner (Propio),Presencial Regular,1,4,0,2,55,53,2,3,0,1,14,9,13,8,85,55,64,64
2022-02,2022,Febrero,O07011601,MAESTRIA EN EDUCACIÓN CON MENCIÓN EN E-LEARNING,Otros,Sin Partner (Propio),Presencial Regular,11,1,0,0,60,56,4,4,1,0,4,5,11,10,86,60,66,77
2022-03,2022,Marzo,O07011601,MAESTRIA EN EDUCACIÓN CON MENCIÓN EN E-LEARNING,Otros,Sin Partner (Propio),Presencial Regular,2,4,0,0,41,39,2,2,0,0,27,2,10,10,88,41,49,49
2022-04,2022,Abril,O07011601,MAESTRIA EN EDUCACIÓN CON MENCIÓN EN E-LEARNING,Otros,Sin Partner (Propio),Presencial Regular,7,1,0,1,54,40,14,1,0,1,6,7,10,10,88,54,57,64
2022-05,2022,Mayo,O07011601,MAESTRIA EN EDUCACIÓN CON MENCIÓN EN E-LEARNING,Otros,Sin Partner (Propio),Presencial Regular,0,1,0,0,29,29,0,0,0,0,28,6,15,10,90,29,30,30
2022-06,2022,Junio,O07011601,MAESTRIA EN EDUCACIÓN CON MENCIÓN EN E-LEARNING,Otros,Sin Partner (Propio),Presencial Regular,15,3,0,0,37,27,10,5,0,0,3,6,11,12,90,37,44,60
2022-07,2022,Julio,O07011601,MAESTRIA EN EDUCACIÓN CON MENCIÓN EN E-LEARNING,Otros,Sin Partner (Propio),Presencial Regular,9,3,0,0,26,25,1,2,0,0,11,2,12,14,91,26,30,40
2022-08,2022,Agosto,O07011601,MAESTRIA EN EDUCACIÓN CON MENCIÓN EN E-LEARNING,Otros,Sin Partner (Propio),Presencial Regular,5,1,0,1,32,26,6,3,0,1,4,3,9,11,93,32,39,42
2022-09,2022,Setiembre,O07011601,MAESTRIA EN EDUCACIÓN CON MENCIÓN EN E-LEARNING,Otros,Sin Partner (Propio),Presencial Regular,0,3,0,0,21,20,1,1,0,0,17,3,8,12,95,21,25,25
2022-10,2022,Octubre,O07011601,MAESTRIA EN EDUCACIÓN CON MENCIÓN EN E-LEARNING,Otros,Sin Partner (Propio),Presencial Regular,6,0,0,0,22,17,5,0,0,0,7,7,9,13,96,22,21,28
2022-11,2022,Noviembre,O07011601,MAESTRIA EN EDUCACIÓN CON MENCIÓN EN E-LEARNING,Otros,Sin Partner (Propio),Presencial Regular,0,1,0,0,17,14,3,1,0,0,8,4,12,14,98,17,19,19
2022-12,2022,Diciembre,O07011601,MAESTRIA EN EDUCACIÓN CON MENCIÓN EN E-LEARNING,Otros,Sin Partner (Propio),Presencial Regular,5,1,0,0,15,12,3,3,1,0,7,4,8,11,101,15,18,25
2023-01,2023,Enero,O07011601,MAESTRIA EN EDUCACIÓN CON MENCIÓN EN E-LEARNING,Otros,Sin Partner (Propio),Presencial Regular,1,2,0,0,14,13,1,4,0,0,6,6,7,9,104,14,21,21
2023-02,2023,Febrero,O07011601,MAESTRIA EN EDUCACIÓN CON MENCIÓN EN E-LEARNING,Otros,Sin Partner (Propio),Presencial Regular,5,8,0,0,18,16,2,3,0,0,3,3,7,9,104,18,27,34
2023-03,2023,Marzo,O07011601,MAESTRIA EN EDUCACIÓN CON MENCIÓN EN E-LEARNING,Otros,Sin Partner (Propio),Presencial Regular,0,3,0,0,17,16,1,0,0,0,13,2,8,8,107,17,20,20
2023-04,2023,Abril,O07011601,MAESTRIA EN EDUCACIÓN CON MENCIÓN EN E-LEARNING,Otros,Sin Partner (Propio),Presencial Regular,2,5,0,2,26,18,8,1,0,0,2,3,8,7,109,26,31,34
2023-05,2023,Mayo,O07011601,MAESTRIA EN EDUCACIÓN CON MENCIÓN EN E-LEARNING,Otros,Sin Partner (Propio),Presencial Regular,0,5,0,2,24,23,1,2,1,0,9,1,9,3,112,24,32,32
2023-06,2023,Junio,O07011601,MAESTRIA EN EDUCACIÓN CON MENCIÓN EN E-LEARNING,Otros,Sin Partner (Propio),Presencial Regular,6,6,0,2,31,30,1,1,0,0,1,3,6,6,112,31,38,44
2023-07,2023,Julio,O07011601,MAESTRIA EN EDUCACIÓN CON MENCIÓN EN E-LEARNING,Otros,Sin Partner (Propio),Presencial Regular,0,0,0,0,24,24,0,1,0,0,14,1,5,8,113,24,25,25
2023-08,2023,Agosto,O07011601,MAESTRIA EN EDUCACIÓN CON MENCIÓN EN E-LEARNING,Otros,Sin Partner (Propio),Presencial Regular,4,0,0,0,31,23,8,2,0,0,2,3,2,9,113,31,34,37
2023-09,2023,Setiembre,O07011601,MAESTRIA EN EDUCACIÓN CON MENCIÓN EN E-LEARNING,Otros,Sin Partner (Propio),Presencial Regular,0,0,0,0,28,27,1,3,0,0,6,1,2,7,115,28,31,31
2023-10,2023,Octubre,O07011601,MAESTRIA EN EDUCACIÓN CON MENCIÓN EN E-LEARNING,Otros,Sin Partner (Propio),Presencial Regular,0,0,0,0,25,25,0,0,0,0,6,6,3,7,115,25,25,25
2023-11,2023,Noviembre,O07011601,MAESTRIA EN EDUCACIÓN CON MENCIÓN EN E-LEARNING,Otros,Sin Partner (Propio),Presencial Regular,2,0,0,0,22,18,4,0,0,0,6,2,8,7,115,22,23,24
2023-12,2023,Diciembre,O07011601,MAESTRIA EN EDUCACIÓN CON MENCIÓN EN E-LEARNING,Otros,Sin Partner (Propio),Presencial Regular,1,0,0,0,22,20,2,2,0,0,2,3,8,4,118,22,25,25
2024-01,2024,Enero,O07011601,MAESTRIA EN EDUCACIÓN CON MENCIÓN EN E-LEARNING,Otros,Sin Partner (Propio),Presencial Regular,1,0,0,0,20,19,1,4,0,1,5,1,6,2,119,20,26,26
2024-02,2024,Febrero,O07011601,MAESTRIA EN EDUCACIÓN CON MENCIÓN EN E-LEARNING,Otros,Sin Partner (Propio),Presencial Regular,3,0,0,0,21,19,2,3,0,0,4,2,4,1,120,21,23,27
2024-03,2024,Marzo,O07011601,MAESTRIA EN EDUCACIÓN CON MENCIÓN EN E-LEARNING,Otros,Sin Partner (Propio),Presencial Regular,8,0,0,0,9,8,1,2,0,0,9,3,3,2,119,9,13,19
2024-04,2024,Abril,O07011601,MAESTRIA EN EDUCACIÓN CON MENCIÓN EN E-LEARNING,Otros,Sin Partner (Propio),Presencial Regular,5,0,0,0,11,6,5,2,0,0,3,3,3,3,117,11,14,18
2024-05,2024,Mayo,O07011601,MAESTRIA EN EDUCACIÓN CON MENCIÓN EN E-LEARNING,Otros,Sin Partner (Propio),Presencial Regular,3,0,0,0,10,8,2,0,0,0,3,1,5,3,117,10,9,13
2024-06,2024,Junio,O07011601,MAESTRIA EN EDUCACIÓN CON MENCIÓN EN E-LEARNING,Otros,Sin Partner (Propio),Presencial Regular,4,0,0,0,7,6,1,2,0,0,2,1,4,3,116,7,9,13
2024-07,2024,Julio,O07011601,MAESTRIA EN EDUCACIÓN CON MENCIÓN EN E-LEARNING,Otros,Sin Partner (Propio),Presencial Regular,3,0,0,0,5,4,1,1,0,0,2,1,4,2,117,5,5,9
2024-08,2024,Agosto,O07011601,MAESTRIA EN EDUCACIÓN CON MENCIÓN EN E-LEARNING,Otros,Sin Partner (Propio),Presencial Regular,0,0,0,0,3,2,1,0,0,0,4,1,5,2,117,3,3,3
2024-09,2024,Setiembre,O07011601,MAESTRIA EN EDUCACIÓN CON MENCIÓN EN E-LEARNING,Otros,Sin Partner (Propio),Presencial Regular,1,0,0,0,2,2,0,0,0,0,1,3,3,4,118,2,3,3
2024-10,2024,Octubre,O07011601,MAESTRIA EN EDUCACIÓN CON MENCIÓN EN E-LEARNING,Otros,Sin Partner (Propio),Presencial Regular,1,0,0,0,2,1,1,0,0,0,1,0,5,4,118,2,2,3
2024-11,2024,Noviembre,O07011601,MAESTRIA EN EDUCACIÓN CON MENCIÓN EN E-LEARNING,Otros,Sin Partner (Propio),Presencial Regular,0,0,0,0,2,1,1,0,0,0,1,0,5,4,118,2,2,2
2024-12,2024,Diciembre,O07011601,MAESTRIA EN EDUCACIÓN CON MENCIÓN EN E-LEARNING,Otros,Sin Partner (Propio),Presencial Regular,2,0,0,0,1,1,0,0,0,0,0,1,4,5,117,1,0,3
2025-01,2025,N/A,O07011601,MAESTRIA EN EDUCACIÓN CON MENCIÓN EN E-LEARNING,Otros,Sin Partner (Propio),Presencial Regular,0,0,0,0,0,0,0,0,0,0,1,0,4,6,117,0,0,0
2025-02,2025,N/A,O07011601,MAESTRIA EN EDUCACIÓN CON MENCIÓN EN E-LEARNING,Otros,Sin Partner (Propio),Presencial Regular,0,0,0,0,0,0,0,0,0,0,0,1,1,9,117,0,0,0
2025-03,2025,N/A,O07011601,MAESTRIA EN EDUCACIÓN CON MENCIÓN EN E-LEARNING,Otros,Sin Partner (Propio),Presencial Regular,0,0,0,0,0,0,0,0,0,0,0,0,2,6,120,0,0,0
2025-04,2025,N/A,O07011601,MAESTRIA EN EDUCACIÓN CON MENCIÓN EN E-LEARNING,Otros,Sin Partner (Propio),Presencial Regular,0,0,0,0,0,0,0,0,0,0,0,0,2,5,121,0,0,0
2025-05,2025,N/A,O07011601,MAESTRIA EN EDUCACIÓN CON MENCIÓN EN E-LEARNING,Otros,Sin Partner (Propio),Presencial Regular,0,0,0,0,0,0,0,0,0,0,0,0,1,6,121,0,0,0
2025-06,2025,N/A,O07011601,MAESTRIA EN EDUCACIÓN CON MENCIÓN EN E-LEARNING,Otros,Sin Partner (Propio),Presencial Regular,0,0,0,0,0,0,0,0,0,0,0,0,1,5,122,0,0,0
2025-07,2025,N/A,O07011601,MAESTRIA EN EDUCACIÓN CON MENCIÓN EN E-LEARNING,Otros,Sin Partner (Propio),Presencial Regular,0,0,0,0,0,0,0,0,0,0,0,0,0,5,123,0,0,0
2025-08,2025,N/A,O07011601,MAESTRIA EN EDUCACIÓN CON MENCIÓN EN E-LEARNING,Otros,Sin Partner (Propio),Presencial Regular,0,0,0,0,0,0,0,0,0,0,0,0,0,2,126,0,0,0
2025-09,2025,N/A,O07011601,MAESTRIA EN EDUCACIÓN CON MENCIÓN EN E-LEARNING,Otros,Sin Partner (Propio),Presencial Regular,0,0,0,0,0,0,0,0,0,0,0,0,0,2,126,0,0,0
2025-10,2025,N/A,O07011601,MAESTRIA EN EDUCACIÓN CON MENCIÓN EN E-LEARNING,Otros,Sin Partner (Propio),Presencial Regular,0,0,0,0,0,0,0,0,0,0,0,0,0,2,126,0,0,0
2025-11,2025,N/A,O07011601,MAESTRIA EN EDUCACIÓN CON MENCIÓN EN E-LEARNING,Otros,Sin Partner (Propio),Presencial Regular,0,0,0,0,0,0,0,0,0,0,0,0,0,1,127,0,0,0
2025-12,2025,N/A,O07011601,MAESTRIA EN EDUCACIÓN CON MENCIÓN EN E-LEARNING,Otros,Sin Partner (Propio),Presencial Regular,0,0,0,0,0,0,0,0,0,0,0,0,0,1,127,0,0,0
2026-01,2026,N/A,O07011601,MAESTRIA EN EDUCACIÓN CON MENCIÓN EN E-LEARNING,Otros,Sin Partner (Propio),Presencial Regular,0,0,0,0,0,0,0,0,0,0,0,0,0,0,128,0,0,0
2026-02,2026,N/A,O07011601,MAESTRIA EN EDUCACIÓN CON MENCIÓN EN E-LEARNING,Otros,Sin Partner (Propio),Presencial Regular,0,0,0,0,0,0,0,0,0,0,0,0,0,0,128,0,0,0
2026-03,2026,N/A,O07011601,MAESTRIA EN EDUCACIÓN CON MENCIÓN EN E-LEARNING,Otros,Sin Partner (Propio),Presencial Regular,0,0,0,0,0,0,0,0,0,0,0,0,0,0,128,0,0,0
2026-04,2026,N/A,O07011601,MAESTRIA EN EDUCACIÓN CON MENCIÓN EN E-LEARNING,Otros,Sin Partner (Propio),Presencial Regular,0,0,0,0,0,0,0,0,0,0,0,0,0,0,128,0,0,0
2026-05,2026,N/A,O07011601,MAESTRIA EN EDUCACIÓN CON MENCIÓN EN E-LEARNING,Otros,Sin Partner (Propio),Presencial Regular,0,0,0,0,0,0,0,0,0,0,0,0,0,0,128,0,0,0
2026-06,2026,N/A,O07011601,MAESTRIA EN EDUCACIÓN CON MENCIÓN EN E-LEARNING,Otros,Sin Partner (Propio),Presencial Regular,0,0,0,0,0,0,0,0,0,0,0,0,0,0,128,0,0,0
2026-07,2026,N/A,O07011601,MAESTRIA EN EDUCACIÓN CON MENCIÓN EN E-LEARNING,Otros,Sin Partner (Propio),Presencial Regular,0,0,0,0,0,0,0,0,0,0,0,0,0,0,128,0,0,0
2016-08,2016,Agosto,O05012602,MAESTRÍA EN CIENCIAS CONTABLES Y FINANCIERAS CON MENCION EN TRIBUTACIÓN FISCAL Y EMPRESARIAL,Otros,Sin Partner (Propio),Presencial Regular,0,10,0,0,0,0,0,0,0,0,0,0,0,0,0,0,10,10
2016-09,2016,Setiembre,O05012602,MAESTRÍA EN CIENCIAS CONTABLES Y FINANCIERAS CON MENCION EN TRIBUTACIÓN FISCAL Y EMPRESARIAL,Otros,Sin Partner (Propio),Presencial Regular,0,8,0,1,9,9,0,0,0,0,1,0,0,0,0,9,17,17
2016-10,2016,Octubre,O05012602,MAESTRÍA EN CIENCIAS CONTABLES Y FINANCIERAS CON MENCION EN TRIBUTACIÓN FISCAL Y EMPRESARIAL,Otros,Sin Partner (Propio),Presencial Regular,0,0,0,0,18,17,1,0,0,0,0,0,0,0,0,18,18,18
2016-11,2016,Noviembre,O05012602,MAESTRÍA EN CIENCIAS CONTABLES Y FINANCIERAS CON MENCION EN TRIBUTACIÓN FISCAL Y EMPRESARIAL,Otros,Sin Partner (Propio),Presencial Regular,0,0,0,0,18,18,0,0,0,0,0,0,0,0,0,18,18,18
2016-12,2016,Diciembre,O05012602,MAESTRÍA EN CIENCIAS CONTABLES Y FINANCIERAS CON MENCION EN TRIBUTACIÓN FISCAL Y EMPRESARIAL,Otros,Sin Partner (Propio),Presencial Regular,0,0,0,0,18,18,0,0,0,0,0,0,0,0,0,18,18,18
2017-01,2017,Enero,O05012602,MAESTRÍA EN CIENCIAS CONTABLES Y FINANCIERAS CON MENCION EN TRIBUTACIÓN FISCAL Y EMPRESARIAL,Otros,Sin Partner (Propio),Presencial Regular,0,3,0,0,17,17,0,0,0,0,1,0,0,0,0,17,20,20
2017-02,2017,Febrero,O05012602,MAESTRÍA EN CIENCIAS CONTABLES Y FINANCIERAS CON MENCION EN TRIBUTACIÓN FISCAL Y EMPRESARIAL,Otros,Sin Partner (Propio),Presencial Regular,0,5,0,0,18,18,0,0,0,0,2,1,0,0,0,18,23,23
2017-03,2017,Marzo,O05012602,MAESTRÍA EN CIENCIAS CONTABLES Y FINANCIERAS CON MENCION EN TRIBUTACIÓN FISCAL Y EMPRESARIAL,Otros,Sin Partner (Propio),Presencial Regular,0,2,0,0,21,21,0,0,0,0,2,2,1,0,0,21,23,23
2017-04,2017,Abril,O05012602,MAESTRÍA EN CIENCIAS CONTABLES Y FINANCIERAS CON MENCION EN TRIBUTACIÓN FISCAL Y EMPRESARIAL,Otros,Sin Partner (Propio),Presencial Regular,0,1,0,0,23,23,0,0,0,0,0,2,3,0,0,23,24,24
2017-05,2017,Mayo,O05012602,MAESTRÍA EN CIENCIAS CONTABLES Y FINANCIERAS CON MENCION EN TRIBUTACIÓN FISCAL Y EMPRESARIAL,Otros,Sin Partner (Propio),Presencial Regular,0,0,0,0,20,20,0,1,0,0,4,0,4,0,0,20,11,21
2017-06,2017,Junio,O05012602,MAESTRÍA EN CIENCIAS CONTABLES Y FINANCIERAS CON MENCION EN TRIBUTACIÓN FISCAL Y EMPRESARIAL,Otros,Sin Partner (Propio),Presencial Regular,8,0,0,0,13,11,2,1,0,0,2,2,3,0,0,13,22,22
2017-07,2017,Julio,O05012602,MAESTRÍA EN CIENCIAS CONTABLES Y FINANCIERAS CON MENCION EN TRIBUTACIÓN FISCAL Y EMPRESARIAL,Otros,Sin Partner (Propio),Presencial Regular,0,0,0,0,5,5,0,0,0,0,9,2,4,1,0,5,5,5
2017-08,2017,Agosto,O05012602,MAESTRÍA EN CIENCIAS CONTABLES Y FINANCIERAS CON MENCION EN TRIBUTACIÓN FISCAL Y EMPRESARIAL,Otros,Sin Partner (Propio),Presencial Regular,0,7,0,0,5,5,0,0,0,0,0,9,6,1,0,5,12,12
2017-09,2017,Setiembre,O05012602,MAESTRÍA EN CIENCIAS CONTABLES Y FINANCIERAS CON MENCION EN TRIBUTACIÓN FISCAL Y EMPRESARIAL,Otros,Sin Partner (Propio),Presencial Regular,0,6,0,0,11,11,0,0,0,0,1,0,13,3,0,11,17,17
2017-10,2017,Octubre,O05012602,MAESTRÍA EN CIENCIAS CONTABLES Y FINANCIERAS CON MENCION EN TRIBUTACIÓN FISCAL Y EMPRESARIAL,Otros,Sin Partner (Propio),Presencial Regular,2,2,0,0,16,15,1,0,0,0,2,0,11,3,0,16,15,20
2017-11,2017,Noviembre,O05012602,MAESTRÍA EN CIENCIAS CONTABLES Y FINANCIERAS CON MENCION EN TRIBUTACIÓN FISCAL Y EMPRESARIAL,Otros,Sin Partner (Propio),Presencial Regular,0,3,0,0,18,18,0,0,0,0,0,2,9,5,0,18,21,21
2017-12,2017,Diciembre,O05012602,MAESTRÍA EN CIENCIAS CONTABLES Y FINANCIERAS CON MENCION EN TRIBUTACIÓN FISCAL Y EMPRESARIAL,Otros,Sin Partner (Propio),Presencial Regular,0,5,0,0,18,18,0,0,0,0,3,0,9,7,0,18,23,23
2018-01,2018,Enero,O05012602,MAESTRÍA EN CIENCIAS CONTABLES Y FINANCIERAS CON MENCION EN TRIBUTACIÓN FISCAL Y EMPRESARIAL,Otros,Sin Partner (Propio),Presencial Regular,0,7,0,0,22,20,2,0,0,0,3,1,2,13,1,22,29,29
2018-02,2018,Febrero,O05012602,MAESTRÍA EN CIENCIAS CONTABLES Y FINANCIERAS CON MENCION EN TRIBUTACIÓN FISCAL Y EMPRESARIAL,Otros,Sin Partner (Propio),Presencial Regular,0,2,0,0,26,25,1,0,0,0,4,2,3,13,1,26,28,28
2018-03,2018,Marzo,O05012602,MAESTRÍA EN CIENCIAS CONTABLES Y FINANCIERAS CON MENCION EN TRIBUTACIÓN FISCAL Y EMPRESARIAL,Otros,Sin Partner (Propio),Presencial Regular,0,4,0,0,24,22,2,1,0,0,6,2,4,11,3,24,29,29
2018-04,2018,Abril,O05012602,MAESTRÍA EN CIENCIAS CONTABLES Y FINANCIERAS CON MENCION EN TRIBUTACIÓN FISCAL Y EMPRESARIAL,Otros,Sin Partner (Propio),Presencial Regular,0,4,0,0,29,26,3,3,0,0,3,3,1,13,3,29,36,36
2018-05,2018,Mayo,O05012602,MAESTRÍA EN CIENCIAS CONTABLES Y FINANCIERAS CON MENCION EN TRIBUTACIÓN FISCAL Y EMPRESARIAL,Otros,Sin Partner (Propio),Presencial Regular,0,6,0,0,30,30,0,1,0,0,6,3,3,11,5,30,37,37
2018-06,2018,Junio,O05012602,MAESTRÍA EN CIENCIAS CONTABLES Y FINANCIERAS CON MENCION EN TRIBUTACIÓN FISCAL Y EMPRESARIAL,Otros,Sin Partner (Propio),Presencial Regular,0,6,0,0,30,29,1,1,0,0,8,5,5,9,7,30,32,37
2018-07,2018,Julio,O05012602,MAESTRÍA EN CIENCIAS CONTABLES Y FINANCIERAS CON MENCION EN TRIBUTACIÓN FISCAL Y EMPRESARIAL,Otros,Sin Partner (Propio),Presencial Regular,4,4,0,0,34,32,2,0,0,0,5,6,5,3,14,34,42,42
2018-08,2018,Agosto,O05012602,MAESTRÍA EN CIENCIAS CONTABLES Y FINANCIERAS CON MENCION EN TRIBUTACIÓN FISCAL Y EMPRESARIAL,Otros,Sin Partner (Propio),Presencial Regular,0,7,0,0,37,37,0,4,0,0,1,5,7,3,14,37,48,48
2018-09,2018,Setiembre,O05012602,MAESTRÍA EN CIENCIAS CONTABLES Y FINANCIERAS CON MENCION EN TRIBUTACIÓN FISCAL Y EMPRESARIAL,Otros,Sin Partner (Propio),Presencial Regular,0,8,0,0,49,48,1,4,0,0,0,0,6,5,14,49,60,61
2018-10,2018,Octubre,O05012602,MAESTRÍA EN CIENCIAS CONTABLES Y FINANCIERAS CON MENCION EN TRIBUTACIÓN FISCAL Y EMPRESARIAL,Otros,Sin Partner (Propio),Presencial Regular,0,4,0,0,47,47,0,0,0,0,14,0,5,4,16,47,47,51
2018-11,2018,Noviembre,O05012602,MAESTRÍA EN CIENCIAS CONTABLES Y FINANCIERAS CON MENCION EN TRIBUTACIÓN FISCAL Y EMPRESARIAL,Otros,Sin Partner (Propio),Presencial Regular,0,2,0,0,45,41,4,0,0,0,10,10,5,4,16,45,47,47
2018-12,2018,Diciembre,O05012602,MAESTRÍA EN CIENCIAS CONTABLES Y FINANCIERAS CON MENCION EN TRIBUTACIÓN FISCAL Y EMPRESARIAL,Otros,Sin Partner (Propio),Presencial Regular,3,10,0,0,47,42,5,4,0,0,5,5,7,5,16,47,64,64
2019-01,2019,Enero,O05012602,MAESTRÍA EN CIENCIAS CONTABLES Y FINANCIERAS CON MENCION EN TRIBUTACIÓN FISCAL Y EMPRESARIAL,Otros,Sin Partner (Propio),Presencial Regular,0,10,0,0,49,47,2,0,2,0,14,3,8,7,16,49,61,61
2019-02,2019,Febrero,O05012602,MAESTRÍA EN CIENCIAS CONTABLES Y FINANCIERAS CON MENCION EN TRIBUTACIÓN FISCAL Y EMPRESARIAL,Otros,Sin Partner (Propio),Presencial Regular,0,9,0,0,53,48,5,2,0,0,13,9,9,7,16,53,55,64
2019-03,2019,Marzo,O05012602,MAESTRÍA EN CIENCIAS CONTABLES Y FINANCIERAS CON MENCION EN TRIBUTACIÓN FISCAL Y EMPRESARIAL,Otros,Sin Partner (Propio),Presencial Regular,1,15,0,0,63,61,2,2,0,0,3,10,16,5,18,63,81,81
2019-04,2019,Abril,O05012602,MAESTRÍA EN CIENCIAS CONTABLES Y FINANCIERAS CON MENCION EN TRIBUTACIÓN FISCAL Y EMPRESARIAL,Otros,Sin Partner (Propio),Presencial Regular,12,12,0,0,66,65,1,6,1,0,7,2,14,5,19,66,97,97
2019-05,2019,Mayo,O05012602,MAESTRÍA EN CIENCIAS CONTABLES Y FINANCIERAS CON MENCION EN TRIBUTACIÓN FISCAL Y EMPRESARIAL,Otros,Sin Partner (Propio),Presencial Regular,0,11,0,0,70,68,2,2,0,0,17,5,11,8,19,70,83,83
2019-06,2019,Junio,O05012602,MAESTRÍA EN CIENCIAS CONTABLES Y FINANCIERAS CON MENCION EN TRIBUTACIÓN FISCAL Y EMPRESARIAL,Otros,Sin Partner (Propio),Presencial Regular,2,15,0,1,78,72,6,4,0,0,11,9,11,8,20,78,88,99
2019-07,2019,Julio,O05012602,MAESTRÍA EN CIENCIAS CONTABLES Y FINANCIERAS CON MENCION EN TRIBUTACIÓN FISCAL Y EMPRESARIAL,Otros,Sin Partner (Propio),Presencial Regular,2,12,0,0,92,86,6,2,0,0,9,5,14,9,23,92,108,108
2019-08,2019,Agosto,O05012602,MAESTRÍA EN CIENCIAS CONTABLES Y FINANCIERAS CON MENCION EN TRIBUTACIÓN FISCAL Y EMPRESARIAL,Otros,Sin Partner (Propio),Presencial Regular,3,8,0,0,95,92,3,1,1,0,12,5,15,11,23,95,108,108
2019-09,2019,Setiembre,O05012602,MAESTRÍA EN CIENCIAS CONTABLES Y FINANCIERAS CON MENCION EN TRIBUTACIÓN FISCAL Y EMPRESARIAL,Otros,Sin Partner (Propio),Presencial Regular,3,14,0,1,96,91,5,3,0,0,11,7,16,12,23,96,116,116
2019-10,2019,Octubre,O05012602,MAESTRÍA EN CIENCIAS CONTABLES Y FINANCIERAS CON MENCION EN TRIBUTACIÓN FISCAL Y EMPRESARIAL,Otros,Sin Partner (Propio),Presencial Regular,1,10,0,1,104,101,3,3,0,0,11,8,17,14,24,104,106,118
2019-11,2019,Noviembre,O05012602,MAESTRÍA EN CIENCIAS CONTABLES Y FINANCIERAS CON MENCION EN TRIBUTACIÓN FISCAL Y EMPRESARIAL,Otros,Sin Partner (Propio),Presencial Regular,5,8,0,2,106,99,7,5,0,1,13,4,14,17,26,106,125,125
2019-12,2019,Diciembre,O05012602,MAESTRÍA EN CIENCIAS CONTABLES Y FINANCIERAS CON MENCION EN TRIBUTACIÓN FISCAL Y EMPRESARIAL,Otros,Sin Partner (Propio),Presencial Regular,1,6,0,0,101,98,3,1,1,0,21,10,14,18,27,101,110,110
2020-01,2020,Enero,O05012602,MAESTRÍA EN CIENCIAS CONTABLES Y FINANCIERAS CON MENCION EN TRIBUTACIÓN FISCAL Y EMPRESARIAL,Otros,Sin Partner (Propio),Presencial Regular,3,6,0,0,100,94,6,2,1,0,12,15,19,17,30,100,112,112
2020-02,2020,Febrero,O05012602,MAESTRÍA EN CIENCIAS CONTABLES Y FINANCIERAS CON MENCION EN TRIBUTACIÓN FISCAL Y EMPRESARIAL,Otros,Sin Partner (Propio),Presencial Regular,1,18,0,0,96,95,1,5,0,0,14,10,25,18,33,96,101,120
2020-03,2020,Marzo,O05012602,MAESTRÍA EN CIENCIAS CONTABLES Y FINANCIERAS CON MENCION EN TRIBUTACIÓN FISCAL Y EMPRESARIAL,Otros,Sin Partner (Propio),Presencial Regular,4,18,0,0,107,101,6,2,1,0,15,8,29,19,34,107,132,132
2020-04,2020,Abril,O05012602,MAESTRÍA EN CIENCIAS CONTABLES Y FINANCIERAS CON MENCION EN TRIBUTACIÓN FISCAL Y EMPRESARIAL,Otros,Sin Partner (Propio),Presencial Regular,6,6,0,0,106,99,7,1,1,0,23,8,34,18,36,106,120,120
2020-05,2020,Mayo,O05012602,MAESTRÍA EN CIENCIAS CONTABLES Y FINANCIERAS CON MENCION EN TRIBUTACIÓN FISCAL Y EMPRESARIAL,Otros,Sin Partner (Propio),Presencial Regular,6,4,0,0,103,96,7,5,0,0,12,16,29,22,40,103,118,118
2020-06,2020,Junio,O05012602,MAESTRÍA EN CIENCIAS CONTABLES Y FINANCIERAS CON MENCION EN TRIBUTACIÓN FISCAL Y EMPRESARIAL,Otros,Sin Partner (Propio),Presencial Regular,9,11,1,0,90,87,3,4,0,0,18,9,31,27,43,90,85,114
2020-07,2020,Julio,O05012602,MAESTRÍA EN CIENCIAS CONTABLES Y FINANCIERAS CON MENCION EN TRIBUTACIÓN FISCAL Y EMPRESARIAL,Otros,Sin Partner (Propio),Presencial Regular,7,18,0,1,105,96,9,7,4,0,2,9,27,26,46,105,141,141
2020-08,2020,Agosto,O05012602,MAESTRÍA EN CIENCIAS CONTABLES Y FINANCIERAS CON MENCION EN TRIBUTACIÓN FISCAL Y EMPRESARIAL,Otros,Sin Partner (Propio),Presencial Regular,2,13,0,1,116,115,1,7,0,0,18,1,23,27,50,116,138,138
2020-09,2020,Setiembre,O05012602,MAESTRÍA EN CIENCIAS CONTABLES Y FINANCIERAS CON MENCION EN TRIBUTACIÓN FISCAL Y EMPRESARIAL,Otros,Sin Partner (Propio),Presencial Regular,4,11,0,1,116,113,3,1,0,0,19,15,21,27,52,116,132,132
2020-10,2020,Octubre,O05012602,MAESTRÍA EN CIENCIAS CONTABLES Y FINANCIERAS CON MENCION EN TRIBUTACIÓN FISCAL Y EMPRESARIAL,Otros,Sin Partner (Propio),Presencial Regular,9,12,0,1,112,104,8,2,1,0,17,9,22,37,53,112,111,136
2020-11,2020,Noviembre,O05012602,MAESTRÍA EN CIENCIAS CONTABLES Y FINANCIERAS CON MENCION EN TRIBUTACIÓN FISCAL Y EMPRESARIAL,Otros,Sin Partner (Propio),Presencial Regular,9,17,0,1,115,107,8,3,2,0,14,8,21,32,61,115,146,146
2020-12,2020,Diciembre,O05012602,MAESTRÍA EN CIENCIAS CONTABLES Y FINANCIERAS CON MENCION EN TRIBUTACIÓN FISCAL Y EMPRESARIAL,Otros,Sin Partner (Propio),Presencial Regular,7,12,0,0,104,99,5,3,2,1,33,9,22,27,65,104,129,129
2021-01,2021,Enero,O05012602,MAESTRÍA EN CIENCIAS CONTABLES Y FINANCIERAS CON MENCION EN TRIBUTACIÓN FISCAL Y EMPRESARIAL,Otros,Sin Partner (Propio),Presencial Regular,4,22,0,0,113,101,12,5,1,0,19,21,24,22,69,113,145,145
2021-02,2021,Febrero,O05012602,MAESTRÍA EN CIENCIAS CONTABLES Y FINANCIERAS CON MENCION EN TRIBUTACIÓN FISCAL Y EMPRESARIAL,Otros,Sin Partner (Propio),Presencial Regular,5,15,0,0,109,105,4,2,0,0,32,15,33,26,74,109,110,131
2021-03,2021,Marzo,O05012602,MAESTRÍA EN CIENCIAS CONTABLES Y FINANCIERAS CON MENCION EN TRIBUTACIÓN FISCAL Y EMPRESARIAL,Otros,Sin Partner (Propio),Presencial Regular,2,20,0,0,126,115,11,5,2,0,10,21,39,25,76,126,155,155
2021-04,2021,Abril,O05012602,MAESTRÍA EN CIENCIAS CONTABLES Y FINANCIERAS CON MENCION EN TRIBUTACIÓN FISCAL Y EMPRESARIAL,Otros,Sin Partner (Propio),Presencial Regular,5,25,0,1,137,133,4,9,1,0,17,5,45,17,88,137,177,177
2021-05,2021,Mayo,O05012602,MAESTRÍA EN CIENCIAS CONTABLES Y FINANCIERAS CON MENCION EN TRIBUTACIÓN FISCAL Y EMPRESARIAL,Otros,Sin Partner (Propio),Presencial Regular,11,17,0,0,151,145,6,7,0,1,20,9,37,19,89,151,187,187
2021-06,2021,Junio,O05012602,MAESTRÍA EN CIENCIAS CONTABLES Y FINANCIERAS CON MENCION EN TRIBUTACIÓN FISCAL Y EMPRESARIAL,Otros,Sin Partner (Propio),Presencial Regular,12,27,0,0,153,148,5,5,2,1,18,15,25,32,87,153,174,200
2021-07,2021,Julio,O05012602,MAESTRÍA EN CIENCIAS CONTABLES Y FINANCIERAS CON MENCION EN TRIBUTACIÓN FISCAL Y EMPRESARIAL,Otros,Sin Partner (Propio),Presencial Regular,3,21,0,0,153,147,6,6,1,1,39,12,25,39,86,153,185,185
2021-08,2021,Agosto,O05012602,MAESTRÍA EN CIENCIAS CONTABLES Y FINANCIERAS CON MENCION EN TRIBUTACIÓN FISCAL Y EMPRESARIAL,Otros,Sin Partner (Propio),Presencial Regular,6,29,0,1,177,162,15,7,2,1,16,23,21,38,92,177,222,222
2021-09,2021,Setiembre,O05012602,MAESTRÍA EN CIENCIAS CONTABLES Y FINANCIERAS CON MENCION EN TRIBUTACIÓN FISCAL Y EMPRESARIAL,Otros,Sin Partner (Propio),Presencial Regular,6,18,0,1,193,189,4,4,0,0,22,12,38,36,95,193,221,221
2021-10,2021,Octubre,O05012602,MAESTRÍA EN CIENCIAS CONTABLES Y FINANCIERAS CON MENCION EN TRIBUTACIÓN FISCAL Y EMPRESARIAL,Otros,Sin Partner (Propio),Presencial Regular,14,15,0,0,188,183,5,3,1,0,25,14,42,33,98,188,186,221
2021-11,2021,Noviembre,O05012602,MAESTRÍA EN CIENCIAS CONTABLES Y FINANCIERAS CON MENCION EN TRIBUTACIÓN FISCAL Y EMPRESARIAL,Otros,Sin Partner (Propio),Presencial Regular,5,10,0,1,179,172,7,10,2,0,30,18,36,37,102,179,206,206
2021-12,2021,Diciembre,O05012602,MAESTRÍA EN CIENCIAS CONTABLES Y FINANCIERAS CON MENCION EN TRIBUTACIÓN FISCAL Y EMPRESARIAL,Otros,Sin Partner (Propio),Presencial Regular,6,11,0,0,173,163,10,6,0,0,33,19,43,31,113,173,196,196
2022-01,2022,Enero,O05012602,MAESTRÍA EN CIENCIAS CONTABLES Y FINANCIERAS CON MENCION EN TRIBUTACIÓN FISCAL Y EMPRESARIAL,Otros,Sin Partner (Propio),Presencial Regular,3,20,0,0,179,168,11,6,2,0,20,22,44,33,120,179,210,210
2022-02,2022,Febrero,O05012602,MAESTRÍA EN CIENCIAS CONTABLES Y FINANCIERAS CON MENCION EN TRIBUTACIÓN FISCAL Y EMPRESARIAL,Otros,Sin Partner (Propio),Presencial Regular,5,12,0,0,176,171,5,7,1,0,35,15,51,32,124,176,167,201
2022-03,2022,Marzo,O05012602,MAESTRÍA EN CIENCIAS CONTABLES Y FINANCIERAS CON MENCION EN TRIBUTACIÓN FISCAL Y EMPRESARIAL,Otros,Sin Partner (Propio),Presencial Regular,7,12,0,0,184,176,8,5,0,0,16,25,53,38,125,184,208,208
2022-04,2022,Abril,O05012602,MAESTRÍA EN CIENCIAS CONTABLES Y FINANCIERAS CON MENCION EN TRIBUTACIÓN FISCAL Y EMPRESARIAL,Otros,Sin Partner (Propio),Presencial Regular,7,18,0,2,170,167,3,8,0,0,27,13,57,47,129,170,203,203
2022-05,2022,Mayo,O05012602,MAESTRÍA EN CIENCIAS CONTABLES Y FINANCIERAS CON MENCION EN TRIBUTACIÓN FISCAL Y EMPRESARIAL,Otros,Sin Partner (Propio),Presencial Regular,12,6,0,1,164,157,7,9,3,0,28,20,48,49,136,164,194,194
2022-06,2022,Junio,O05012602,MAESTRÍA EN CIENCIAS CONTABLES Y FINANCIERAS CON MENCION EN TRIBUTACIÓN FISCAL Y EMPRESARIAL,Otros,Sin Partner (Propio),Presencial Regular,11,8,0,0,161,154,7,5,1,0,19,21,52,53,140,161,137,186
2022-07,2022,Julio,O05012602,MAESTRÍA EN CIENCIAS CONTABLES Y FINANCIERAS CON MENCION EN TRIBUTACIÓN FISCAL Y EMPRESARIAL,Otros,Sin Partner (Propio),Presencial Regular,10,13,0,0,147,144,3,11,0,0,23,15,52,51,151,147,181,181
2022-08,2022,Agosto,O05012602,MAESTRÍA EN CIENCIAS CONTABLES Y FINANCIERAS CON MENCION EN TRIBUTACIÓN FISCAL Y EMPRESARIAL,Otros,Sin Partner (Propio),Presencial Regular,5,8,0,0,157,149,8,10,1,0,17,15,42,60,156,157,181,181
2022-09,2022,Setiembre,O05012602,MAESTRÍA EN CIENCIAS CONTABLES Y FINANCIERAS CON MENCION EN TRIBUTACIÓN FISCAL Y EMPRESARIAL,Otros,Sin Partner (Propio),Presencial Regular,14,5,0,0,148,145,3,4,2,0,19,14,45,57,163,148,173,173
2022-10,2022,Octubre,O05012602,MAESTRÍA EN CIENCIAS CONTABLES Y FINANCIERAS CON MENCION EN TRIBUTACIÓN FISCAL Y EMPRESARIAL,Otros,Sin Partner (Propio),Presencial Regular,16,10,0,0,125,122,3,2,5,2,28,14,40,57,168,125,106,160
2022-11,2022,Noviembre,O05012602,MAESTRÍA EN CIENCIAS CONTABLES Y FINANCIERAS CON MENCION EN TRIBUTACIÓN FISCAL Y EMPRESARIAL,Otros,Sin Partner (Propio),Presencial Regular,11,9,0,0,113,107,6,6,0,1,27,22,37,57,177,113,140,140
2022-12,2022,Diciembre,O05012602,MAESTRÍA EN CIENCIAS CONTABLES Y FINANCIERAS CON MENCION EN TRIBUTACIÓN FISCAL Y EMPRESARIAL,Otros,Sin Partner (Propio),Presencial Regular,10,8,0,1,110,99,11,9,0,0,23,16,43,53,185,110,123,137
2023-01,2023,Enero,O05012602,MAESTRÍA EN CIENCIAS CONTABLES Y FINANCIERAS CON MENCION EN TRIBUTACIÓN FISCAL Y EMPRESARIAL,Otros,Sin Partner (Propio),Presencial Regular,17,7,0,0,116,108,8,5,0,1,11,14,37,53,193,116,146,146
2023-02,2023,Febrero,O05012602,MAESTRÍA EN CIENCIAS CONTABLES Y FINANCIERAS CON MENCION EN TRIBUTACIÓN FISCAL Y EMPRESARIAL,Otros,Sin Partner (Propio),Presencial Regular,3,19,0,2,97,96,1,7,1,0,31,10,35,51,202,97,101,127
2023-03,2023,Marzo,O05012602,MAESTRÍA EN CIENCIAS CONTABLES Y FINANCIERAS CON MENCION EN TRIBUTACIÓN FISCAL Y EMPRESARIAL,Otros,Sin Partner (Propio),Presencial Regular,5,18,0,1,114,99,15,4,3,0,21,15,34,50,207,114,144,144
2023-04,2023,Abril,O05012602,MAESTRÍA EN CIENCIAS CONTABLES Y FINANCIERAS CON MENCION EN TRIBUTACIÓN FISCAL Y EMPRESARIAL,Otros,Sin Partner (Propio),Presencial Regular,14,17,0,2,112,109,3,5,0,0,21,18,33,44,219,112,148,148
2023-05,2023,Mayo,O05012602,MAESTRÍA EN CIENCIAS CONTABLES Y FINANCIERAS CON MENCION EN TRIBUTACIÓN FISCAL Y EMPRESARIAL,Otros,Sin Partner (Propio),Presencial Regular,6,15,0,4,115,113,2,4,0,0,19,17,35,46,227,115,140,140
2023-06,2023,Junio,O05012602,MAESTRÍA EN CIENCIAS CONTABLES Y FINANCIERAS CON MENCION EN TRIBUTACIÓN FISCAL Y EMPRESARIAL,Otros,Sin Partner (Propio),Presencial Regular,12,14,0,1,117,112,5,10,1,0,15,13,30,47,233,117,124,154
2023-07,2023,Julio,O05012602,MAESTRÍA EN CIENCIAS CONTABLES Y FINANCIERAS CON MENCION EN TRIBUTACIÓN FISCAL Y EMPRESARIAL,Otros,Sin Partner (Propio),Presencial Regular,9,1,0,0,113,108,5,5,1,0,29,8,31,44,240,113,129,129
2023-08,2023,Agosto,O05012602,MAESTRÍA EN CIENCIAS CONTABLES Y FINANCIERAS CON MENCION EN TRIBUTACIÓN FISCAL Y EMPRESARIAL,Otros,Sin Partner (Propio),Presencial Regular,10,0,0,0,114,105,9,3,0,2,9,19,27,41,247,114,129,129
2023-09,2023,Setiembre,O05012602,MAESTRÍA EN CIENCIAS CONTABLES Y FINANCIERAS CON MENCION EN TRIBUTACIÓN FISCAL Y EMPRESARIAL,Otros,Sin Partner (Propio),Presencial Regular,5,0,0,0,103,102,1,3,0,1,16,7,34,40,253,103,112,112
2023-10,2023,Octubre,O05012602,MAESTRÍA EN CIENCIAS CONTABLES Y FINANCIERAS CON MENCION EN TRIBUTACIÓN FISCAL Y EMPRESARIAL,Otros,Sin Partner (Propio),Presencial Regular,11,0,0,0,87,85,2,4,0,0,15,14,27,40,259,87,71,102
2023-11,2023,Noviembre,O05012602,MAESTRÍA EN CIENCIAS CONTABLES Y FINANCIERAS CON MENCION EN TRIBUTACIÓN FISCAL Y EMPRESARIAL,Otros,Sin Partner (Propio),Presencial Regular,6,0,0,0,69,65,4,6,0,0,22,11,26,39,267,69,81,81
2023-12,2023,Diciembre,O05012602,MAESTRÍA EN CIENCIAS CONTABLES Y FINANCIERAS CON MENCION EN TRIBUTACIÓN FISCAL Y EMPRESARIAL,Otros,Sin Partner (Propio),Presencial Regular,4,0,0,0,68,60,8,4,1,1,12,13,30,33,274,68,78,78
2024-01,2024,Enero,O05012602,MAESTRÍA EN CIENCIAS CONTABLES Y FINANCIERAS CON MENCION EN TRIBUTACIÓN FISCAL Y EMPRESARIAL,Otros,Sin Partner (Propio),Presencial Regular,6,0,0,0,65,60,5,8,2,2,9,7,24,36,277,65,83,83
2024-02,2024,Febrero,O05012602,MAESTRÍA EN CIENCIAS CONTABLES Y FINANCIERAS CON MENCION EN TRIBUTACIÓN FISCAL Y EMPRESARIAL,Otros,Sin Partner (Propio),Presencial Regular,5,0,0,0,61,58,3,4,0,0,17,6,22,35,280,61,41,70
2024-03,2024,Marzo,O05012602,MAESTRÍA EN CIENCIAS CONTABLES Y FINANCIERAS CON MENCION EN TRIBUTACIÓN FISCAL Y EMPRESARIAL,Otros,Sin Partner (Propio),Presencial Regular,3,0,0,0,56,49,7,9,0,2,14,10,11,35,285,56,70,70
2024-04,2024,Abril,O05012602,MAESTRÍA EN CIENCIAS CONTABLES Y FINANCIERAS CON MENCION EN TRIBUTACIÓN FISCAL Y EMPRESARIAL,Otros,Sin Partner (Propio),Presencial Regular,4,0,0,0,48,46,2,3,0,1,17,12,16,32,289,48,56,56
2024-05,2024,Mayo,O05012602,MAESTRÍA EN CIENCIAS CONTABLES Y FINANCIERAS CON MENCION EN TRIBUTACIÓN FISCAL Y EMPRESARIAL,Otros,Sin Partner (Propio),Presencial Regular,13,0,0,0,37,33,4,3,1,3,10,12,21,25,293,37,57,57
2024-06,2024,Junio,O05012602,MAESTRÍA EN CIENCIAS CONTABLES Y FINANCIERAS CON MENCION EN TRIBUTACIÓN FISCAL Y EMPRESARIAL,Otros,Sin Partner (Propio),Presencial Regular,17,0,0,0,27,24,3,5,1,0,8,6,23,25,293,27,10,50
2024-07,2024,Julio,O05012602,MAESTRÍA EN CIENCIAS CONTABLES Y FINANCIERAS CON MENCION EN TRIBUTACIÓN FISCAL Y EMPRESARIAL,Otros,Sin Partner (Propio),Presencial Regular,7,0,0,0,12,11,1,1,0,1,17,7,24,19,300,12,21,21
2024-08,2024,Agosto,O05012602,MAESTRÍA EN CIENCIAS CONTABLES Y FINANCIERAS CON MENCION EN TRIBUTACIÓN FISCAL Y EMPRESARIAL,Otros,Sin Partner (Propio),Presencial Regular,5,0,0,0,19,9,10,6,2,0,1,6,17,22,303,19,32,32
2024-09,2024,Setiembre,O05012602,MAESTRÍA EN CIENCIAS CONTABLES Y FINANCIERAS CON MENCION EN TRIBUTACIÓN FISCAL Y EMPRESARIAL,Otros,Sin Partner (Propio),Presencial Regular,8,0,0,0,12,11,1,7,1,1,11,0,10,18,308,12,29,29
2024-10,2024,Octubre,O05012602,MAESTRÍA EN CIENCIAS CONTABLES Y FINANCIERAS CON MENCION EN TRIBUTACIÓN FISCAL Y EMPRESARIAL,Otros,Sin Partner (Propio),Presencial Regular,1,0,0,0,18,13,5,3,0,0,7,6,3,20,310,18,12,22
2024-11,2024,Noviembre,O05012602,MAESTRÍA EN CIENCIAS CONTABLES Y FINANCIERAS CON MENCION EN TRIBUTACIÓN FISCAL Y EMPRESARIAL,Otros,Sin Partner (Propio),Presencial Regular,0,0,0,0,9,9,0,1,1,0,12,7,5,20,312,9,11,11
2024-12,2024,Diciembre,O05012602,MAESTRÍA EN CIENCIAS CONTABLES Y FINANCIERAS CON MENCION EN TRIBUTACIÓN FISCAL Y EMPRESARIAL,Otros,Sin Partner (Propio),Presencial Regular,0,0,0,0,2,2,0,1,0,0,9,12,11,17,315,2,3,3
2025-01,2025,Enero,O05012602,MAESTRÍA EN CIENCIAS CONTABLES Y FINANCIERAS CON MENCION EN TRIBUTACIÓN FISCAL Y EMPRESARIAL,Otros,Sin Partner (Propio),Presencial Regular,3,0,0,0,7,1,6,2,0,0,2,1,20,15,317,7,12,12
2025-02,2025,Febrero,O05012602,MAESTRÍA EN CIENCIAS CONTABLES Y FINANCIERAS CON MENCION EN TRIBUTACIÓN FISCAL Y EMPRESARIAL,Otros,Sin Partner (Propio),Presencial Regular,6,0,0,0,5,5,0,11,0,0,2,2,6,9,323,5,20,22
2025-03,2025,Marzo,O05012602,MAESTRÍA EN CIENCIAS CONTABLES Y FINANCIERAS CON MENCION EN TRIBUTACIÓN FISCAL Y EMPRESARIAL,Otros,Sin Partner (Propio),Presencial Regular,11,0,0,0,4,3,1,1,0,0,6,1,2,7,326,4,16,16
2025-04,2025,Abril,O05012602,MAESTRÍA EN CIENCIAS CONTABLES Y FINANCIERAS CON MENCION EN TRIBUTACIÓN FISCAL Y EMPRESARIAL,Otros,Sin Partner (Propio),Presencial Regular,2,0,0,0,1,0,1,1,0,0,3,5,2,3,330,1,0,4
2025-05,2025,Mayo,O05012602,MAESTRÍA EN CIENCIAS CONTABLES Y FINANCIERAS CON MENCION EN TRIBUTACIÓN FISCAL Y EMPRESARIAL,Otros,Sin Partner (Propio),Presencial Regular,1,0,0,0,0,0,0,1,0,0,2,3,4,2,332,0,2,2
2025-06,2025,Junio,O05012602,MAESTRÍA EN CIENCIAS CONTABLES Y FINANCIERAS CON MENCION EN TRIBUTACIÓN FISCAL Y EMPRESARIAL,Otros,Sin Partner (Propio),Presencial Regular,1,0,0,0,1,1,0,0,0,0,0,2,6,2,332,1,1,2
2025-07,2025,N/A,O05012602,MAESTRÍA EN CIENCIAS CONTABLES Y FINANCIERAS CON MENCION EN TRIBUTACIÓN FISCAL Y EMPRESARIAL,Otros,Sin Partner (Propio),Presencial Regular,0,0,0,0,0,0,0,0,0,0,1,0,8,2,332,0,0,0
2025-08,2025,N/A,O05012602,MAESTRÍA EN CIENCIAS CONTABLES Y FINANCIERAS CON MENCION EN TRIBUTACIÓN FISCAL Y EMPRESARIAL,Otros,Sin Partner (Propio),Presencial Regular,0,0,0,0,0,0,0,0,0,0,0,1,7,3,332,0,0,0
2025-09,2025,N/A,O05012602,MAESTRÍA EN CIENCIAS CONTABLES Y FINANCIERAS CON MENCION EN TRIBUTACIÓN FISCAL Y EMPRESARIAL,Otros,Sin Partner (Propio),Presencial Regular,0,0,0,0,0,0,0,0,0,0,0,0,6,4,333,0,0,0
2025-10,2025,N/A,O05012602,MAESTRÍA EN CIENCIAS CONTABLES Y FINANCIERAS CON MENCION EN TRIBUTACIÓN FISCAL Y EMPRESARIAL,Otros,Sin Partner (Propio),Presencial Regular,0,0,0,0,0,0,0,0,0,0,0,0,3,7,333,0,0,0
2025-11,2025,N/A,O05012602,MAESTRÍA EN CIENCIAS CONTABLES Y FINANCIERAS CON MENCION EN TRIBUTACIÓN FISCAL Y EMPRESARIAL,Otros,Sin Partner (Propio),Presencial Regular,0,0,0,0,0,0,0,0,0,0,0,0,1,8,334,0,0,0
2025-12,2025,N/A,O05012602,MAESTRÍA EN CIENCIAS CONTABLES Y FINANCIERAS CON MENCION EN TRIBUTACIÓN FISCAL Y EMPRESARIAL,Otros,Sin Partner (Propio),Presencial Regular,0,0,0,0,0,0,0,0,0,0,0,0,1,8,334,0,0,0
2026-01,2026,N/A,O05012602,MAESTRÍA EN CIENCIAS CONTABLES Y FINANCIERAS CON MENCION EN TRIBUTACIÓN FISCAL Y EMPRESARIAL,Otros,Sin Partner (Propio),Presencial Regular,0,0,0,0,0,0,0,0,0,0,0,0,0,9,334,0,0,0
2026-02,2026,N/A,O05012602,MAESTRÍA EN CIENCIAS CONTABLES Y FINANCIERAS CON MENCION EN TRIBUTACIÓN FISCAL Y EMPRESARIAL,Otros,Sin Partner (Propio),Presencial Regular,0,0,0,0,0,0,0,0,0,0,0,0,0,8,335,0,0,0
2026-03,2026,N/A,O05012602,MAESTRÍA EN CIENCIAS CONTABLES Y FINANCIERAS CON MENCION EN TRIBUTACIÓN FISCAL Y EMPRESARIAL,Otros,Sin Partner (Propio),Presencial Regular,0,0,0,0,0,0,0,0,0,0,0,0,0,6,337,0,0,0
2026-04,2026,N/A,O05012602,MAESTRÍA EN CIENCIAS CONTABLES Y FINANCIERAS CON MENCION EN TRIBUTACIÓN FISCAL Y EMPRESARIAL,Otros,Sin Partner (Propio),Presencial Regular,0,0,0,0,0,0,0,0,0,0,0,0,0,3,340,0,0,0
2026-05,2026,N/A,O05012602,MAESTRÍA EN CIENCIAS CONTABLES Y FINANCIERAS CON MENCION EN TRIBUTACIÓN FISCAL Y EMPRESARIAL,Otros,Sin Partner (Propio),Presencial Regular,0,0,0,0,0,0,0,0,0,0,0,0,0,1,342,0,0,0
2026-06,2026,N/A,O05012602,MAESTRÍA EN CIENCIAS CONTABLES Y FINANCIERAS CON MENCION EN TRIBUTACIÓN FISCAL Y EMPRESARIAL,Otros,Sin Partner (Propio),Presencial Regular,0,0,0,0,0,0,0,0,0,0,0,0,0,1,342,0,0,0
2026-07,2026,N/A,O05012602,MAESTRÍA EN CIENCIAS CONTABLES Y FINANCIERAS CON MENCION EN TRIBUTACIÓN FISCAL Y EMPRESARIAL,Otros,Sin Partner (Propio),Presencial Regular,0,0,0,0,0,0,0,0,0,0,0,0,0,0,343,0,0,0
2016-09,2016,Setiembre,O11011901,MAESTRIA EN SALUD SEXUAL Y REPRODUCTIVA ,Otros,Sin Partner (Propio),Presencial Regular,0,11,0,0,0,0,0,0,0,0,0,0,0,0,0,0,0,11
2016-10,2016,Octubre,O11011901,MAESTRIA EN SALUD SEXUAL Y REPRODUCTIVA ,Otros,Sin Partner (Propio),Presencial Regular,0,2,0,0,11,11,0,0,0,0,0,0,0,0,0,11,0,13
2016-11,2016,Noviembre,O11011901,MAESTRIA EN SALUD SEXUAL Y REPRODUCTIVA ,Otros,Sin Partner (Propio),Presencial Regular,0,0,0,0,12,12,0,0,0,0,1,0,0,0,0,12,0,12
2016-12,2016,Diciembre,O11011901,MAESTRIA EN SALUD SEXUAL Y REPRODUCTIVA ,Otros,Sin Partner (Propio),Presencial Regular,0,1,0,0,13,12,1,0,0,0,0,0,0,0,0,13,0,14
2017-01,2017,N/A,O11011901,MAESTRIA EN SALUD SEXUAL Y REPRODUCTIVA ,Otros,Sin Partner (Propio),Presencial Regular,0,0,0,0,0,0,0,0,0,0,14,0,0,0,0,0,0,0
2017-02,2017,N/A,O11011901,MAESTRIA EN SALUD SEXUAL Y REPRODUCTIVA ,Otros,Sin Partner (Propio),Presencial Regular,0,0,0,0,0,0,0,0,0,0,0,14,0,0,0,0,0,0
2017-03,2017,N/A,O11011901,MAESTRIA EN SALUD SEXUAL Y REPRODUCTIVA ,Otros,Sin Partner (Propio),Presencial Regular,0,0,0,0,0,0,0,0,0,0,0,0,14,0,0,0,0,0
2017-04,2017,Abril,O11011901,MAESTRIA EN SALUD SEXUAL Y REPRODUCTIVA ,Otros,Sin Partner (Propio),Presencial Regular,0,11,0,0,0,0,0,13,0,0,0,0,1,0,0,0,0,24
2017-05,2017,Mayo,O11011901,MAESTRIA EN SALUD SEXUAL Y REPRODUCTIVA ,Otros,Sin Partner (Propio),Presencial Regular,0,1,0,0,23,23,0,1,0,0,1,0,0,0,0,23,0,25
2017-06,2017,Junio,O11011901,MAESTRIA EN SALUD SEXUAL Y REPRODUCTIVA ,Otros,Sin Partner (Propio),Presencial Regular,0,2,0,0,26,25,1,0,0,0,0,0,0,0,0,26,0,28
2017-07,2017,Julio,O11011901,MAESTRIA EN SALUD SEXUAL Y REPRODUCTIVA ,Otros,Sin Partner (Propio),Presencial Regular,0,0,0,0,23,23,0,0,0,0,5,0,0,0,0,23,0,23
2017-08,2017,N/A,O11011901,MAESTRIA EN SALUD SEXUAL Y REPRODUCTIVA ,Otros,Sin Partner (Propio),Presencial Regular,0,0,0,0,0,0,0,0,0,0,23,5,0,0,0,0,0,0
2017-09,2017,Setiembre,O11011901,MAESTRIA EN SALUD SEXUAL Y REPRODUCTIVA ,Otros,Sin Partner (Propio),Presencial Regular,0,0,0,0,9,0,9,0,0,0,0,14,5,0,0,9,0,9
2017-10,2017,Octubre,O11011901,MAESTRIA EN SALUD SEXUAL Y REPRODUCTIVA ,Otros,Sin Partner (Propio),Presencial Regular,0,0,0,0,9,9,0,0,0,0,0,0,19,0,0,9,0,9
2017-11,2017,Noviembre,O11011901,MAESTRIA EN SALUD SEXUAL Y REPRODUCTIVA ,Otros,Sin Partner (Propio),Presencial Regular,0,0,0,0,9,9,0,0,0,0,0,0,19,0,0,9,0,9
2017-12,2017,N/A,O11011901,MAESTRIA EN SALUD SEXUAL Y REPRODUCTIVA ,Otros,Sin Partner (Propio),Presencial Regular,0,0,0,0,0,0,0,0,0,0,9,0,19,0,0,0,0,0
2018-01,2018,N/A,O11011901,MAESTRIA EN SALUD SEXUAL Y REPRODUCTIVA ,Otros,Sin Partner (Propio),Presencial Regular,0,0,0,0,0,0,0,0,0,0,0,9,14,5,0,0,0,0
2018-02,2018,N/A,O11011901,MAESTRIA EN SALUD SEXUAL Y REPRODUCTIVA ,Otros,Sin Partner (Propio),Presencial Regular,0,0,0,0,0,0,0,0,0,0,0,0,9,19,0,0,0,0
2018-03,2018,N/A,O11011901,MAESTRIA EN SALUD SEXUAL Y REPRODUCTIVA ,Otros,Sin Partner (Propio),Presencial Regular,0,0,0,0,0,0,0,0,0,0,0,0,9,19,0,0,0,0
2018-04,2018,Abril,O11011901,MAESTRIA EN SALUD SEXUAL Y REPRODUCTIVA ,Otros,Sin Partner (Propio),Presencial Regular,0,8,0,0,0,0,0,0,1,0,0,0,9,18,0,0,0,9
2018-05,2018,N/A,O11011901,MAESTRIA EN SALUD SEXUAL Y REPRODUCTIVA ,Otros,Sin Partner (Propio),Presencial Regular,0,0,0,0,0,0,0,0,0,0,9,0,9,18,0,0,0,0
2018-06,2018,N/A,O11011901,MAESTRIA EN SALUD SEXUAL Y REPRODUCTIVA ,Otros,Sin Partner (Propio),Presencial Regular,0,0,0,0,0,0,0,0,0,0,0,9,0,27,0,0,0,0
2018-07,2018,N/A,O11011901,MAESTRIA EN SALUD SEXUAL Y REPRODUCTIVA ,Otros,Sin Partner (Propio),Presencial Regular,0,0,0,0,0,0,0,0,0,0,0,0,9,23,4,0,0,0
2018-08,2018,N/A,O11011901,MAESTRIA EN SALUD SEXUAL Y REPRODUCTIVA ,Otros,Sin Partner (Propio),Presencial Regular,0,0,0,0,0,0,0,0,0,0,0,0,9,9,18,0,0,0
2018-09,2018,N/A,O11011901,MAESTRIA EN SALUD SEXUAL Y REPRODUCTIVA ,Otros,Sin Partner (Propio),Presencial Regular,0,0,0,0,0,0,0,0,0,0,0,0,9,9,18,0,0,0
2018-10,2018,N/A,O11011901,MAESTRIA EN SALUD SEXUAL Y REPRODUCTIVA ,Otros,Sin Partner (Propio),Presencial Regular,0,0,0,0,0,0,0,0,0,0,0,0,9,9,18,0,0,0
2018-11,2018,N/A,O11011901,MAESTRIA EN SALUD SEXUAL Y REPRODUCTIVA ,Otros,Sin Partner (Propio),Presencial Regular,0,0,0,0,0,0,0,0,0,0,0,0,0,18,18,0,0,0
2018-12,2018,N/A,O11011901,MAESTRIA EN SALUD SEXUAL Y REPRODUCTIVA ,Otros,Sin Partner (Propio),Presencial Regular,0,0,0,0,0,0,0,0,0,0,0,0,0,9,27,0,0,0
2019-01,2019,N/A,O11011901,MAESTRIA EN SALUD SEXUAL Y REPRODUCTIVA ,Otros,Sin Partner (Propio),Presencial Regular,0,0,0,0,0,0,0,0,0,0,0,0,0,9,27,0,0,0
2019-02,2019,N/A,O11011901,MAESTRIA EN SALUD SEXUAL Y REPRODUCTIVA ,Otros,Sin Partner (Propio),Presencial Regular,0,0,0,0,0,0,0,0,0,0,0,0,0,9,27,0,0,0
2019-03,2019,Marzo,O11011901,MAESTRIA EN SALUD SEXUAL Y REPRODUCTIVA ,Otros,Sin Partner (Propio),Presencial Regular,0,4,0,0,0,0,0,0,0,0,0,0,0,9,27,0,0,4
2019-04,2019,Abril,O11011901,MAESTRIA EN SALUD SEXUAL Y REPRODUCTIVA ,Otros,Sin Partner (Propio),Presencial Regular,0,17,0,0,0,0,0,0,0,0,4,0,0,9,27,0,0,17
2019-05,2019,Mayo,O11011901,MAESTRIA EN SALUD SEXUAL Y REPRODUCTIVA ,Otros,Sin Partner (Propio),Presencial Regular,0,0,0,0,17,17,0,0,0,0,0,4,0,0,36,17,0,17
2019-06,2019,Junio,O11011901,MAESTRIA EN SALUD SEXUAL Y REPRODUCTIVA ,Otros,Sin Partner (Propio),Presencial Regular,0,0,0,0,15,15,0,0,0,0,2,0,4,0,36,15,0,15
2019-07,2019,N/A,O11011901,MAESTRIA EN SALUD SEXUAL Y REPRODUCTIVA ,Otros,Sin Partner (Propio),Presencial Regular,0,0,0,0,0,0,0,0,0,0,15,2,4,0,36,0,0,0
2019-08,2019,N/A,O11011901,MAESTRIA EN SALUD SEXUAL Y REPRODUCTIVA ,Otros,Sin Partner (Propio),Presencial Regular,0,0,0,0,0,0,0,0,0,0,0,15,6,0,36,0,0,0
2019-09,2019,Setiembre,O11011901,MAESTRIA EN SALUD SEXUAL Y REPRODUCTIVA ,Otros,Sin Partner (Propio),Presencial Regular,0,6,0,0,0,0,0,7,0,1,0,0,14,0,35,0,0,14
2019-10,2019,Octubre,O11011901,MAESTRIA EN SALUD SEXUAL Y REPRODUCTIVA ,Otros,Sin Partner (Propio),Presencial Regular,0,0,0,0,14,14,0,0,0,0,0,0,10,4,35,14,0,14
2019-11,2019,Noviembre,O11011901,MAESTRIA EN SALUD SEXUAL Y REPRODUCTIVA ,Otros,Sin Partner (Propio),Presencial Regular,0,0,0,0,14,14,0,0,0,0,0,0,10,4,35,14,0,14
2019-12,2019,N/A,O11011901,MAESTRIA EN SALUD SEXUAL Y REPRODUCTIVA ,Otros,Sin Partner (Propio),Presencial Regular,0,0,0,0,0,0,0,0,0,0,14,0,8,6,35,0,0,0
2020-01,2020,N/A,O11011901,MAESTRIA EN SALUD SEXUAL Y REPRODUCTIVA ,Otros,Sin Partner (Propio),Presencial Regular,0,0,0,0,0,0,0,0,0,0,0,14,0,14,35,0,0,0
2020-02,2020,N/A,O11011901,MAESTRIA EN SALUD SEXUAL Y REPRODUCTIVA ,Otros,Sin Partner (Propio),Presencial Regular,0,0,0,0,0,0,0,0,0,0,0,0,14,14,35,0,0,0
2020-03,2020,Marzo,O11011901,MAESTRIA EN SALUD SEXUAL Y REPRODUCTIVA ,Otros,Sin Partner (Propio),Presencial Regular,0,11,0,0,0,0,0,5,2,0,0,0,9,12,35,0,0,18
2020-04,2020,Abril,O11011901,MAESTRIA EN SALUD SEXUAL Y REPRODUCTIVA ,Otros,Sin Partner (Propio),Presencial Regular,0,0,0,0,18,18,0,0,0,0,0,0,9,8,39,18,0,18
2020-05,2020,Mayo,O11011901,MAESTRIA EN SALUD SEXUAL Y REPRODUCTIVA ,Otros,Sin Partner (Propio),Presencial Regular,0,0,0,0,18,18,0,0,0,0,0,0,9,8,39,18,0,18
2020-06,2020,Junio,O11011901,MAESTRIA EN SALUD SEXUAL Y REPRODUCTIVA ,Otros,Sin Partner (Propio),Presencial Regular,0,0,0,0,18,18,0,0,0,0,0,0,0,16,40,18,0,18
2020-07,2020,N/A,O11011901,MAESTRIA EN SALUD SEXUAL Y REPRODUCTIVA ,Otros,Sin Partner (Propio),Presencial Regular,0,0,0,0,0,0,0,0,0,0,18,0,0,9,47,0,0,0
2020-08,2020,N/A,O11011901,MAESTRIA EN SALUD SEXUAL Y REPRODUCTIVA ,Otros,Sin Partner (Propio),Presencial Regular,0,0,0,0,0,0,0,0,0,0,0,18,0,9,47,0,0,0
2020-09,2020,N/A,O11011901,MAESTRIA EN SALUD SEXUAL Y REPRODUCTIVA ,Otros,Sin Partner (Propio),Presencial Regular,0,0,0,0,0,0,0,0,0,0,0,0,18,9,47,0,0,0
2020-10,2020,N/A,O11011901,MAESTRIA EN SALUD SEXUAL Y REPRODUCTIVA ,Otros,Sin Partner (Propio),Presencial Regular,0,0,0,0,0,0,0,0,0,0,0,0,18,9,47,0,0,0
2020-11,2020,N/A,O11011901,MAESTRIA EN SALUD SEXUAL Y REPRODUCTIVA ,Otros,Sin Partner (Propio),Presencial Regular,0,0,0,0,0,0,0,0,0,0,0,0,18,9,47,0,0,0
2020-12,2020,N/A,O11011901,MAESTRIA EN SALUD SEXUAL Y REPRODUCTIVA ,Otros,Sin Partner (Propio),Presencial Regular,0,0,0,0,0,0,0,0,0,0,0,0,18,0,56,0,0,0
2021-01,2021,N/A,O11011901,MAESTRIA EN SALUD SEXUAL Y REPRODUCTIVA ,Otros,Sin Partner (Propio),Presencial Regular,0,0,0,0,0,0,0,0,0,0,0,0,0,18,56,0,0,0
2021-02,2021,N/A,O11011901,MAESTRIA EN SALUD SEXUAL Y REPRODUCTIVA ,Otros,Sin Partner (Propio),Presencial Regular,0,0,0,0,0,0,0,0,0,0,0,0,0,18,56,0,0,0
2021-03,2021,N/A,O11011901,MAESTRIA EN SALUD SEXUAL Y REPRODUCTIVA ,Otros,Sin Partner (Propio),Presencial Regular,0,0,0,0,0,0,0,0,0,0,0,0,0,18,56,0,0,0
2021-04,2021,N/A,O11011901,MAESTRIA EN SALUD SEXUAL Y REPRODUCTIVA ,Otros,Sin Partner (Propio),Presencial Regular,0,0,0,0,0,0,0,0,0,0,0,0,0,18,56,0,0,0
2021-05,2021,N/A,O11011901,MAESTRIA EN SALUD SEXUAL Y REPRODUCTIVA ,Otros,Sin Partner (Propio),Presencial Regular,0,0,0,0,0,0,0,0,0,0,0,0,0,18,56,0,0,0
2021-06,2021,N/A,O11011901,MAESTRIA EN SALUD SEXUAL Y REPRODUCTIVA ,Otros,Sin Partner (Propio),Presencial Regular,0,0,0,0,0,0,0,0,0,0,0,0,0,18,56,0,0,0
2021-07,2021,N/A,O11011901,MAESTRIA EN SALUD SEXUAL Y REPRODUCTIVA ,Otros,Sin Partner (Propio),Presencial Regular,0,0,0,0,0,0,0,0,0,0,0,0,0,0,74,0,0,0
2021-08,2021,N/A,O11011901,MAESTRIA EN SALUD SEXUAL Y REPRODUCTIVA ,Otros,Sin Partner (Propio),Presencial Regular,0,0,0,0,0,0,0,0,0,0,0,0,0,0,74,0,0,0
2021-09,2021,N/A,O11011901,MAESTRIA EN SALUD SEXUAL Y REPRODUCTIVA ,Otros,Sin Partner (Propio),Presencial Regular,0,0,0,0,0,0,0,0,0,0,0,0,0,0,74,0,0,0
2021-10,2021,N/A,O11011901,MAESTRIA EN SALUD SEXUAL Y REPRODUCTIVA ,Otros,Sin Partner (Propio),Presencial Regular,0,0,0,0,0,0,0,0,0,0,0,0,0,0,74,0,0,0
2021-11,2021,N/A,O11011901,MAESTRIA EN SALUD SEXUAL Y REPRODUCTIVA ,Otros,Sin Partner (Propio),Presencial Regular,0,0,0,0,0,0,0,0,0,0,0,0,0,0,74,0,0,0
2021-12,2021,N/A,O11011901,MAESTRIA EN SALUD SEXUAL Y REPRODUCTIVA ,Otros,Sin Partner (Propio),Presencial Regular,0,0,0,0,0,0,0,0,0,0,0,0,0,0,74,0,0,0
2022-01,2022,N/A,O11011901,MAESTRIA EN SALUD SEXUAL Y REPRODUCTIVA ,Otros,Sin Partner (Propio),Presencial Regular,0,0,0,0,0,0,0,0,0,0,0,0,0,0,74,0,0,0
2022-02,2022,N/A,O11011901,MAESTRIA EN SALUD SEXUAL Y REPRODUCTIVA ,Otros,Sin Partner (Propio),Presencial Regular,0,0,0,0,0,0,0,0,0,0,0,0,0,0,74,0,0,0
2022-03,2022,N/A,O11011901,MAESTRIA EN SALUD SEXUAL Y REPRODUCTIVA ,Otros,Sin Partner (Propio),Presencial Regular,0,0,0,0,0,0,0,0,0,0,0,0,0,0,74,0,0,0
2022-04,2022,N/A,O11011901,MAESTRIA EN SALUD SEXUAL Y REPRODUCTIVA ,Otros,Sin Partner (Propio),Presencial Regular,0,0,0,0,0,0,0,0,0,0,0,0,0,0,74,0,0,0
2022-05,2022,N/A,O11011901,MAESTRIA EN SALUD SEXUAL Y REPRODUCTIVA ,Otros,Sin Partner (Propio),Presencial Regular,0,0,0,0,0,0,0,0,0,0,0,0,0,0,74,0,0,0
2022-06,2022,N/A,O11011901,MAESTRIA EN SALUD SEXUAL Y REPRODUCTIVA ,Otros,Sin Partner (Propio),Presencial Regular,0,0,0,0,0,0,0,0,0,0,0,0,0,0,74,0,0,0
2022-07,2022,N/A,O11011901,MAESTRIA EN SALUD SEXUAL Y REPRODUCTIVA ,Otros,Sin Partner (Propio),Presencial Regular,0,0,0,0,0,0,0,0,0,0,0,0,0,0,74,0,0,0
2022-08,2022,N/A,O11011901,MAESTRIA EN SALUD SEXUAL Y REPRODUCTIVA ,Otros,Sin Partner (Propio),Presencial Regular,0,0,0,0,0,0,0,0,0,0,0,0,0,0,74,0,0,0
2022-09,2022,N/A,O11011901,MAESTRIA EN SALUD SEXUAL Y REPRODUCTIVA ,Otros,Sin Partner (Propio),Presencial Regular,0,0,0,0,0,0,0,0,0,0,0,0,0,0,74,0,0,0
2022-10,2022,N/A,O11011901,MAESTRIA EN SALUD SEXUAL Y REPRODUCTIVA ,Otros,Sin Partner (Propio),Presencial Regular,0,0,0,0,0,0,0,0,0,0,0,0,0,0,74,0,0,0
2022-11,2022,N/A,O11011901,MAESTRIA EN SALUD SEXUAL Y REPRODUCTIVA ,Otros,Sin Partner (Propio),Presencial Regular,0,0,0,0,0,0,0,0,0,0,0,0,0,0,74,0,0,0
2022-12,2022,N/A,O11011901,MAESTRIA EN SALUD SEXUAL Y REPRODUCTIVA ,Otros,Sin Partner (Propio),Presencial Regular,0,0,0,0,0,0,0,0,0,0,0,0,0,0,74,0,0,0
2023-01,2023,N/A,O11011901,MAESTRIA EN SALUD SEXUAL Y REPRODUCTIVA ,Otros,Sin Partner (Propio),Presencial Regular,0,0,0,0,0,0,0,0,0,0,0,0,0,0,74,0,0,0
2023-02,2023,N/A,O11011901,MAESTRIA EN SALUD SEXUAL Y REPRODUCTIVA ,Otros,Sin Partner (Propio),Presencial Regular,0,0,0,0,0,0,0,0,0,0,0,0,0,0,74,0,0,0
2023-03,2023,N/A,O11011901,MAESTRIA EN SALUD SEXUAL Y REPRODUCTIVA ,Otros,Sin Partner (Propio),Presencial Regular,0,0,0,0,0,0,0,0,0,0,0,0,0,0,74,0,0,0
2023-04,2023,N/A,O11011901,MAESTRIA EN SALUD SEXUAL Y REPRODUCTIVA ,Otros,Sin Partner (Propio),Presencial Regular,0,0,0,0,0,0,0,0,0,0,0,0,0,0,74,0,0,0
2023-05,2023,N/A,O11011901,MAESTRIA EN SALUD SEXUAL Y REPRODUCTIVA ,Otros,Sin Partner (Propio),Presencial Regular,0,0,0,0,0,0,0,0,0,0,0,0,0,0,74,0,0,0
2023-06,2023,N/A,O11011901,MAESTRIA EN SALUD SEXUAL Y REPRODUCTIVA ,Otros,Sin Partner (Propio),Presencial Regular,0,0,0,0,0,0,0,0,0,0,0,0,0,0,74,0,0,0
2023-07,2023,N/A,O11011901,MAESTRIA EN SALUD SEXUAL Y REPRODUCTIVA ,Otros,Sin Partner (Propio),Presencial Regular,0,0,0,0,0,0,0,0,0,0,0,0,0,0,74,0,0,0
2023-08,2023,N/A,O11011901,MAESTRIA EN SALUD SEXUAL Y REPRODUCTIVA ,Otros,Sin Partner (Propio),Presencial Regular,0,0,0,0,0,0,0,0,0,0,0,0,0,0,74,0,0,0
2023-09,2023,N/A,O11011901,MAESTRIA EN SALUD SEXUAL Y REPRODUCTIVA ,Otros,Sin Partner (Propio),Presencial Regular,0,0,0,0,0,0,0,0,0,0,0,0,0,0,74,0,0,0
2023-10,2023,N/A,O11011901,MAESTRIA EN SALUD SEXUAL Y REPRODUCTIVA ,Otros,Sin Partner (Propio),Presencial Regular,0,0,0,0,0,0,0,0,0,0,0,0,0,0,74,0,0,0
2023-11,2023,N/A,O11011901,MAESTRIA EN SALUD SEXUAL Y REPRODUCTIVA ,Otros,Sin Partner (Propio),Presencial Regular,0,0,0,0,0,0,0,0,0,0,0,0,0,0,74,0,0,0
2023-12,2023,N/A,O11011901,MAESTRIA EN SALUD SEXUAL Y REPRODUCTIVA ,Otros,Sin Partner (Propio),Presencial Regular,0,0,0,0,0,0,0,0,0,0,0,0,0,0,74,0,0,0
2024-01,2024,N/A,O11011901,MAESTRIA EN SALUD SEXUAL Y REPRODUCTIVA ,Otros,Sin Partner (Propio),Presencial Regular,0,0,0,0,0,0,0,0,0,0,0,0,0,0,74,0,0,0
2024-02,2024,N/A,O11011901,MAESTRIA EN SALUD SEXUAL Y REPRODUCTIVA ,Otros,Sin Partner (Propio),Presencial Regular,0,0,0,0,0,0,0,0,0,0,0,0,0,0,74,0,0,0
2024-03,2024,N/A,O11011901,MAESTRIA EN SALUD SEXUAL Y REPRODUCTIVA ,Otros,Sin Partner (Propio),Presencial Regular,0,0,0,0,0,0,0,0,0,0,0,0,0,0,74,0,0,0
2024-04,2024,N/A,O11011901,MAESTRIA EN SALUD SEXUAL Y REPRODUCTIVA ,Otros,Sin Partner (Propio),Presencial Regular,0,0,0,0,0,0,0,0,0,0,0,0,0,0,74,0,0,0
2024-05,2024,N/A,O11011901,MAESTRIA EN SALUD SEXUAL Y REPRODUCTIVA ,Otros,Sin Partner (Propio),Presencial Regular,0,0,0,0,0,0,0,0,0,0,0,0,0,0,74,0,0,0
2024-06,2024,N/A,O11011901,MAESTRIA EN SALUD SEXUAL Y REPRODUCTIVA ,Otros,Sin Partner (Propio),Presencial Regular,0,0,0,0,0,0,0,0,0,0,0,0,0,0,74,0,0,0
2024-07,2024,N/A,O11011901,MAESTRIA EN SALUD SEXUAL Y REPRODUCTIVA ,Otros,Sin Partner (Propio),Presencial Regular,0,0,0,0,0,0,0,0,0,0,0,0,0,0,74,0,0,0
2024-08,2024,N/A,O11011901,MAESTRIA EN SALUD SEXUAL Y REPRODUCTIVA ,Otros,Sin Partner (Propio),Presencial Regular,0,0,0,0,0,0,0,0,0,0,0,0,0,0,74,0,0,0
2024-09,2024,N/A,O11011901,MAESTRIA EN SALUD SEXUAL Y REPRODUCTIVA ,Otros,Sin Partner (Propio),Presencial Regular,0,0,0,0,0,0,0,0,0,0,0,0,0,0,74,0,0,0
2024-10,2024,N/A,O11011901,MAESTRIA EN SALUD SEXUAL Y REPRODUCTIVA ,Otros,Sin Partner (Propio),Presencial Regular,0,0,0,0,0,0,0,0,0,0,0,0,0,0,74,0,0,0
2024-11,2024,N/A,O11011901,MAESTRIA EN SALUD SEXUAL Y REPRODUCTIVA ,Otros,Sin Partner (Propio),Presencial Regular,0,0,0,0,0,0,0,0,0,0,0,0,0,0,74,0,0,0
2024-12,2024,N/A,O11011901,MAESTRIA EN SALUD SEXUAL Y REPRODUCTIVA ,Otros,Sin Partner (Propio),Presencial Regular,0,0,0,0,0,0,0,0,0,0,0,0,0,0,74,0,0,0
2025-01,2025,N/A,O11011901,MAESTRIA EN SALUD SEXUAL Y REPRODUCTIVA ,Otros,Sin Partner (Propio),Presencial Regular,0,0,0,0,0,0,0,0,0,0,0,0,0,0,74,0,0,0
2025-02,2025,N/A,O11011901,MAESTRIA EN SALUD SEXUAL Y REPRODUCTIVA ,Otros,Sin Partner (Propio),Presencial Regular,0,0,0,0,0,0,0,0,0,0,0,0,0,0,74,0,0,0
2025-03,2025,N/A,O11011901,MAESTRIA EN SALUD SEXUAL Y REPRODUCTIVA ,Otros,Sin Partner (Propio),Presencial Regular,0,0,0,0,0,0,0,0,0,0,0,0,0,0,74,0,0,0
2025-04,2025,N/A,O11011901,MAESTRIA EN SALUD SEXUAL Y REPRODUCTIVA ,Otros,Sin Partner (Propio),Presencial Regular,0,0,0,0,0,0,0,0,0,0,0,0,0,0,74,0,0,0
2025-05,2025,N/A,O11011901,MAESTRIA EN SALUD SEXUAL Y REPRODUCTIVA ,Otros,Sin Partner (Propio),Presencial Regular,0,0,0,0,0,0,0,0,0,0,0,0,0,0,74,0,0,0
2025-06,2025,N/A,O11011901,MAESTRIA EN SALUD SEXUAL Y REPRODUCTIVA ,Otros,Sin Partner (Propio),Presencial Regular,0,0,0,0,0,0,0,0,0,0,0,0,0,0,74,0,0,0
2025-07,2025,N/A,O11011901,MAESTRIA EN SALUD SEXUAL Y REPRODUCTIVA ,Otros,Sin Partner (Propio),Presencial Regular,0,0,0,0,0,0,0,0,0,0,0,0,0,0,74,0,0,0
2025-08,2025,N/A,O11011901,MAESTRIA EN SALUD SEXUAL Y REPRODUCTIVA ,Otros,Sin Partner (Propio),Presencial Regular,0,0,0,0,0,0,0,0,0,0,0,0,0,0,74,0,0,0
2025-09,2025,N/A,O11011901,MAESTRIA EN SALUD SEXUAL Y REPRODUCTIVA ,Otros,Sin Partner (Propio),Presencial Regular,0,0,0,0,0,0,0,0,0,0,0,0,0,0,74,0,0,0
2025-10,2025,N/A,O11011901,MAESTRIA EN SALUD SEXUAL Y REPRODUCTIVA ,Otros,Sin Partner (Propio),Presencial Regular,0,0,0,0,0,0,0,0,0,0,0,0,0,0,74,0,0,0
2025-11,2025,N/A,O11011901,MAESTRIA EN SALUD SEXUAL Y REPRODUCTIVA ,Otros,Sin Partner (Propio),Presencial Regular,0,0,0,0,0,0,0,0,0,0,0,0,0,0,74,0,0,0
2025-12,2025,N/A,O11011901,MAESTRIA EN SALUD SEXUAL Y REPRODUCTIVA ,Otros,Sin Partner (Propio),Presencial Regular,0,0,0,0,0,0,0,0,0,0,0,0,0,0,74,0,0,0
2026-01,2026,N/A,O11011901,MAESTRIA EN SALUD SEXUAL Y REPRODUCTIVA ,Otros,Sin Partner (Propio),Presencial Regular,0,0,0,0,0,0,0,0,0,0,0,0,0,0,74,0,0,0
2026-02,2026,N/A,O11011901,MAESTRIA EN SALUD SEXUAL Y REPRODUCTIVA ,Otros,Sin Partner (Propio),Presencial Regular,0,0,0,0,0,0,0,0,0,0,0,0,0,0,74,0,0,0
2026-03,2026,N/A,O11011901,MAESTRIA EN SALUD SEXUAL Y REPRODUCTIVA ,Otros,Sin Partner (Propio),Presencial Regular,0,0,0,0,0,0,0,0,0,0,0,0,0,0,74,0,0,0
2026-04,2026,N/A,O11011901,MAESTRIA EN SALUD SEXUAL Y REPRODUCTIVA ,Otros,Sin Partner (Propio),Presencial Regular,0,0,0,0,0,0,0,0,0,0,0,0,0,0,74,0,0,0
2026-05,2026,N/A,O11011901,MAESTRIA EN SALUD SEXUAL Y REPRODUCTIVA ,Otros,Sin Partner (Propio),Presencial Regular,0,0,0,0,0,0,0,0,0,0,0,0,0,0,74,0,0,0
2026-06,2026,N/A,O11011901,MAESTRIA EN SALUD SEXUAL Y REPRODUCTIVA ,Otros,Sin Partner (Propio),Presencial Regular,0,0,0,0,0,0,0,0,0,0,0,0,0,0,74,0,0,0
2026-07,2026,N/A,O11011901,MAESTRIA EN SALUD SEXUAL Y REPRODUCTIVA ,Otros,Sin Partner (Propio),Presencial Regular,0,0,0,0,0,0,0,0,0,0,0,0,0,0,74,0,0,0
2016-09,2016,Setiembre,O11012301,MAESTRIA EN GERENCIA DE PROYECTOS DE INVERSIÓN EN SALUD ,Otros,Sin Partner (Propio),Presencial Regular,0,9,0,0,0,0,0,0,0,0,0,0,0,0,0,0,0,9
2016-10,2016,Octubre,O11012301,MAESTRIA EN GERENCIA DE PROYECTOS DE INVERSIÓN EN SALUD ,Otros,Sin Partner (Propio),Presencial Regular,0,2,0,0,9,9,0,0,0,0,0,0,0,0,0,9,0,11
2016-11,2016,Noviembre,O11012301,MAESTRIA EN GERENCIA DE PROYECTOS DE INVERSIÓN EN SALUD ,Otros,Sin Partner (Propio),Presencial Regular,0,0,0,0,11,11,0,0,0,0,0,0,0,0,0,11,0,11
2016-12,2016,Diciembre,O11012301,MAESTRIA EN GERENCIA DE PROYECTOS DE INVERSIÓN EN SALUD ,Otros,Sin Partner (Propio),Presencial Regular,0,0,0,0,11,11,0,0,0,0,0,0,0,0,0,11,0,11
2017-01,2017,N/A,O11012301,MAESTRIA EN GERENCIA DE PROYECTOS DE INVERSIÓN EN SALUD ,Otros,Sin Partner (Propio),Presencial Regular,0,0,0,0,0,0,0,0,0,0,11,0,0,0,0,0,0,0
2017-02,2017,N/A,O11012301,MAESTRIA EN GERENCIA DE PROYECTOS DE INVERSIÓN EN SALUD ,Otros,Sin Partner (Propio),Presencial Regular,0,0,0,0,0,0,0,0,0,0,0,11,0,0,0,0,0,0
2017-03,2017,N/A,O11012301,MAESTRIA EN GERENCIA DE PROYECTOS DE INVERSIÓN EN SALUD ,Otros,Sin Partner (Propio),Presencial Regular,0,0,0,0,0,0,0,0,0,0,0,0,11,0,0,0,0,0
2017-04,2017,Abril,O11012301,MAESTRIA EN GERENCIA DE PROYECTOS DE INVERSIÓN EN SALUD ,Otros,Sin Partner (Propio),Presencial Regular,0,5,0,0,0,0,0,11,0,0,0,0,0,0,0,0,0,16
2017-05,2017,Mayo,O11012301,MAESTRIA EN GERENCIA DE PROYECTOS DE INVERSIÓN EN SALUD ,Otros,Sin Partner (Propio),Presencial Regular,0,0,0,0,16,16,0,0,0,0,0,0,0,0,0,16,0,16
2017-06,2017,Junio,O11012301,MAESTRIA EN GERENCIA DE PROYECTOS DE INVERSIÓN EN SALUD ,Otros,Sin Partner (Propio),Presencial Regular,0,1,0,0,16,16,0,0,0,0,0,0,0,0,0,16,0,17
2017-07,2017,Julio,O11012301,MAESTRIA EN GERENCIA DE PROYECTOS DE INVERSIÓN EN SALUD ,Otros,Sin Partner (Propio),Presencial Regular,0,0,0,0,14,14,0,0,0,0,3,0,0,0,0,14,0,14
2017-08,2017,N/A,O11012301,MAESTRIA EN GERENCIA DE PROYECTOS DE INVERSIÓN EN SALUD ,Otros,Sin Partner (Propio),Presencial Regular,0,0,0,0,0,0,0,0,0,0,14,3,0,0,0,0,0,0
2017-09,2017,Setiembre,O11012301,MAESTRIA EN GERENCIA DE PROYECTOS DE INVERSIÓN EN SALUD ,Otros,Sin Partner (Propio),Presencial Regular,0,7,0,0,5,0,5,0,0,0,0,9,3,0,0,5,0,12
2017-10,2017,Octubre,O11012301,MAESTRIA EN GERENCIA DE PROYECTOS DE INVERSIÓN EN SALUD ,Otros,Sin Partner (Propio),Presencial Regular,0,0,0,0,11,11,0,0,0,0,1,0,12,0,0,11,0,11
2017-11,2017,Noviembre,O11012301,MAESTRIA EN GERENCIA DE PROYECTOS DE INVERSIÓN EN SALUD ,Otros,Sin Partner (Propio),Presencial Regular,0,0,0,0,11,11,0,0,0,0,0,1,12,0,0,11,0,11
2017-12,2017,N/A,O11012301,MAESTRIA EN GERENCIA DE PROYECTOS DE INVERSIÓN EN SALUD ,Otros,Sin Partner (Propio),Presencial Regular,0,0,0,0,0,0,0,0,0,0,11,0,13,0,0,0,0,0
2018-01,2018,N/A,O11012301,MAESTRIA EN GERENCIA DE PROYECTOS DE INVERSIÓN EN SALUD ,Otros,Sin Partner (Propio),Presencial Regular,0,0,0,0,0,0,0,0,0,0,0,11,10,3,0,0,0,0
2018-02,2018,N/A,O11012301,MAESTRIA EN GERENCIA DE PROYECTOS DE INVERSIÓN EN SALUD ,Otros,Sin Partner (Propio),Presencial Regular,0,0,0,0,0,0,0,0,0,0,0,0,12,12,0,0,0,0
2018-03,2018,N/A,O11012301,MAESTRIA EN GERENCIA DE PROYECTOS DE INVERSIÓN EN SALUD ,Otros,Sin Partner (Propio),Presencial Regular,0,0,0,0,0,0,0,0,0,0,0,0,12,12,0,0,0,0
2018-04,2018,Abril,O11012301,MAESTRIA EN GERENCIA DE PROYECTOS DE INVERSIÓN EN SALUD ,Otros,Sin Partner (Propio),Presencial Regular,0,0,0,0,0,0,0,7,1,0,0,0,4,12,0,0,0,8
2018-05,2018,N/A,O11012301,MAESTRIA EN GERENCIA DE PROYECTOS DE INVERSIÓN EN SALUD ,Otros,Sin Partner (Propio),Presencial Regular,0,0,0,0,0,0,0,0,0,0,8,0,4,12,0,0,0,0
2018-06,2018,N/A,O11012301,MAESTRIA EN GERENCIA DE PROYECTOS DE INVERSIÓN EN SALUD ,Otros,Sin Partner (Propio),Presencial Regular,0,0,0,0,0,0,0,0,0,0,0,8,0,16,0,0,0,0
2018-07,2018,N/A,O11012301,MAESTRIA EN GERENCIA DE PROYECTOS DE INVERSIÓN EN SALUD ,Otros,Sin Partner (Propio),Presencial Regular,0,0,0,0,0,0,0,0,0,0,0,0,8,13,3,0,0,0
2018-08,2018,N/A,O11012301,MAESTRIA EN GERENCIA DE PROYECTOS DE INVERSIÓN EN SALUD ,Otros,Sin Partner (Propio),Presencial Regular,0,0,0,0,0,0,0,0,0,0,0,0,8,5,11,0,0,0
2018-09,2018,N/A,O11012301,MAESTRIA EN GERENCIA DE PROYECTOS DE INVERSIÓN EN SALUD ,Otros,Sin Partner (Propio),Presencial Regular,0,0,0,0,0,0,0,0,0,0,0,0,8,5,11,0,0,0
2018-10,2018,N/A,O11012301,MAESTRIA EN GERENCIA DE PROYECTOS DE INVERSIÓN EN SALUD ,Otros,Sin Partner (Propio),Presencial Regular,0,0,0,0,0,0,0,0,0,0,0,0,8,4,12,0,0,0
2018-11,2018,N/A,O11012301,MAESTRIA EN GERENCIA DE PROYECTOS DE INVERSIÓN EN SALUD ,Otros,Sin Partner (Propio),Presencial Regular,0,0,0,0,0,0,0,0,0,0,0,0,0,12,12,0,0,0
2018-12,2018,N/A,O11012301,MAESTRIA EN GERENCIA DE PROYECTOS DE INVERSIÓN EN SALUD ,Otros,Sin Partner (Propio),Presencial Regular,0,0,0,0,0,0,0,0,0,0,0,0,0,8,16,0,0,0
2019-01,2019,N/A,O11012301,MAESTRIA EN GERENCIA DE PROYECTOS DE INVERSIÓN EN SALUD ,Otros,Sin Partner (Propio),Presencial Regular,0,0,0,0,0,0,0,0,0,0,0,0,0,8,16,0,0,0
2019-02,2019,N/A,O11012301,MAESTRIA EN GERENCIA DE PROYECTOS DE INVERSIÓN EN SALUD ,Otros,Sin Partner (Propio),Presencial Regular,0,0,0,0,0,0,0,0,0,0,0,0,0,8,16,0,0,0
2019-03,2019,N/A,O11012301,MAESTRIA EN GERENCIA DE PROYECTOS DE INVERSIÓN EN SALUD ,Otros,Sin Partner (Propio),Presencial Regular,0,0,0,0,0,0,0,0,0,0,0,0,0,8,16,0,0,0
2019-04,2019,Abril,O11012301,MAESTRIA EN GERENCIA DE PROYECTOS DE INVERSIÓN EN SALUD ,Otros,Sin Partner (Propio),Presencial Regular,0,18,0,0,0,0,0,0,0,0,0,0,0,8,16,0,0,18
2019-05,2019,Mayo,O11012301,MAESTRIA EN GERENCIA DE PROYECTOS DE INVERSIÓN EN SALUD ,Otros,Sin Partner (Propio),Presencial Regular,0,0,0,0,17,17,0,0,0,0,1,0,0,0,24,17,0,17
2019-06,2019,Junio,O11012301,MAESTRIA EN GERENCIA DE PROYECTOS DE INVERSIÓN EN SALUD ,Otros,Sin Partner (Propio),Presencial Regular,0,0,0,0,12,12,0,0,0,0,5,1,0,0,24,12,0,12
2019-07,2019,N/A,O11012301,MAESTRIA EN GERENCIA DE PROYECTOS DE INVERSIÓN EN SALUD ,Otros,Sin Partner (Propio),Presencial Regular,0,0,0,0,0,0,0,0,0,0,12,5,1,0,24,0,0,0
2019-08,2019,N/A,O11012301,MAESTRIA EN GERENCIA DE PROYECTOS DE INVERSIÓN EN SALUD ,Otros,Sin Partner (Propio),Presencial Regular,0,0,0,0,0,0,0,0,0,0,0,12,6,0,24,0,0,0
2019-09,2019,Setiembre,O11012301,MAESTRIA EN GERENCIA DE PROYECTOS DE INVERSIÓN EN SALUD ,Otros,Sin Partner (Propio),Presencial Regular,0,4,0,0,0,0,0,5,0,0,0,0,13,0,24,0,0,9
2019-10,2019,Octubre,O11012301,MAESTRIA EN GERENCIA DE PROYECTOS DE INVERSIÓN EN SALUD ,Otros,Sin Partner (Propio),Presencial Regular,0,0,0,0,9,9,0,0,0,0,0,0,13,0,24,9,0,9
2019-11,2019,Noviembre,O11012301,MAESTRIA EN GERENCIA DE PROYECTOS DE INVERSIÓN EN SALUD ,Otros,Sin Partner (Propio),Presencial Regular,0,0,0,0,9,9,0,0,0,0,0,0,12,1,24,9,0,9
2019-12,2019,N/A,O11012301,MAESTRIA EN GERENCIA DE PROYECTOS DE INVERSIÓN EN SALUD ,Otros,Sin Partner (Propio),Presencial Regular,0,0,0,0,0,0,0,0,0,0,9,0,7,6,24,0,0,0
2020-01,2020,N/A,O11012301,MAESTRIA EN GERENCIA DE PROYECTOS DE INVERSIÓN EN SALUD ,Otros,Sin Partner (Propio),Presencial Regular,0,0,0,0,0,0,0,0,0,0,0,9,0,13,24,0,0,0
2020-02,2020,N/A,O11012301,MAESTRIA EN GERENCIA DE PROYECTOS DE INVERSIÓN EN SALUD ,Otros,Sin Partner (Propio),Presencial Regular,0,0,0,0,0,0,0,0,0,0,0,0,9,13,24,0,0,0
2020-03,2020,Marzo,O11012301,MAESTRIA EN GERENCIA DE PROYECTOS DE INVERSIÓN EN SALUD ,Otros,Sin Partner (Propio),Presencial Regular,0,0,0,0,0,0,0,3,0,0,0,0,6,13,24,0,0,3
2020-04,2020,Abril,O11012301,MAESTRIA EN GERENCIA DE PROYECTOS DE INVERSIÓN EN SALUD ,Otros,Sin Partner (Propio),Presencial Regular,0,0,0,0,3,3,0,0,0,0,0,0,6,13,24,3,0,3
2020-05,2020,Mayo,O11012301,MAESTRIA EN GERENCIA DE PROYECTOS DE INVERSIÓN EN SALUD ,Otros,Sin Partner (Propio),Presencial Regular,0,0,0,0,3,3,0,0,0,0,0,0,6,12,25,3,0,3
2020-06,2020,Junio,O11012301,MAESTRIA EN GERENCIA DE PROYECTOS DE INVERSIÓN EN SALUD ,Otros,Sin Partner (Propio),Presencial Regular,0,0,0,0,3,3,0,0,0,0,0,0,0,13,30,3,0,3
2020-07,2020,N/A,O11012301,MAESTRIA EN GERENCIA DE PROYECTOS DE INVERSIÓN EN SALUD ,Otros,Sin Partner (Propio),Presencial Regular,0,0,0,0,0,0,0,0,0,0,3,0,0,6,37,0,0,0
2020-08,2020,N/A,O11012301,MAESTRIA EN GERENCIA DE PROYECTOS DE INVERSIÓN EN SALUD ,Otros,Sin Partner (Propio),Presencial Regular,0,0,0,0,0,0,0,0,0,0,0,3,0,6,37,0,0,0
2020-09,2020,N/A,O11012301,MAESTRIA EN GERENCIA DE PROYECTOS DE INVERSIÓN EN SALUD ,Otros,Sin Partner (Propio),Presencial Regular,0,0,0,0,0,0,0,0,0,0,0,0,3,6,37,0,0,0
2020-10,2020,N/A,O11012301,MAESTRIA EN GERENCIA DE PROYECTOS DE INVERSIÓN EN SALUD ,Otros,Sin Partner (Propio),Presencial Regular,0,0,0,0,0,0,0,0,0,0,0,0,3,6,37,0,0,0
2020-11,2020,N/A,O11012301,MAESTRIA EN GERENCIA DE PROYECTOS DE INVERSIÓN EN SALUD ,Otros,Sin Partner (Propio),Presencial Regular,0,0,0,0,0,0,0,0,0,0,0,0,3,6,37,0,0,0
2020-12,2020,N/A,O11012301,MAESTRIA EN GERENCIA DE PROYECTOS DE INVERSIÓN EN SALUD ,Otros,Sin Partner (Propio),Presencial Regular,0,0,0,0,0,0,0,0,0,0,0,0,3,0,43,0,0,0
2021-01,2021,N/A,O11012301,MAESTRIA EN GERENCIA DE PROYECTOS DE INVERSIÓN EN SALUD ,Otros,Sin Partner (Propio),Presencial Regular,0,0,0,0,0,0,0,0,0,0,0,0,0,3,43,0,0,0
2021-02,2021,N/A,O11012301,MAESTRIA EN GERENCIA DE PROYECTOS DE INVERSIÓN EN SALUD ,Otros,Sin Partner (Propio),Presencial Regular,0,0,0,0,0,0,0,0,0,0,0,0,0,3,43,0,0,0
2021-03,2021,N/A,O11012301,MAESTRIA EN GERENCIA DE PROYECTOS DE INVERSIÓN EN SALUD ,Otros,Sin Partner (Propio),Presencial Regular,0,0,0,0,0,0,0,0,0,0,0,0,0,3,43,0,0,0
2021-04,2021,N/A,O11012301,MAESTRIA EN GERENCIA DE PROYECTOS DE INVERSIÓN EN SALUD ,Otros,Sin Partner (Propio),Presencial Regular,0,0,0,0,0,0,0,0,0,0,0,0,0,3,43,0,0,0
2021-05,2021,N/A,O11012301,MAESTRIA EN GERENCIA DE PROYECTOS DE INVERSIÓN EN SALUD ,Otros,Sin Partner (Propio),Presencial Regular,0,0,0,0,0,0,0,0,0,0,0,0,0,3,43,0,0,0
2021-06,2021,N/A,O11012301,MAESTRIA EN GERENCIA DE PROYECTOS DE INVERSIÓN EN SALUD ,Otros,Sin Partner (Propio),Presencial Regular,0,0,0,0,0,0,0,0,0,0,0,0,0,3,43,0,0,0
2021-07,2021,N/A,O11012301,MAESTRIA EN GERENCIA DE PROYECTOS DE INVERSIÓN EN SALUD ,Otros,Sin Partner (Propio),Presencial Regular,0,0,0,0,0,0,0,0,0,0,0,0,0,0,46,0,0,0
2021-08,2021,N/A,O11012301,MAESTRIA EN GERENCIA DE PROYECTOS DE INVERSIÓN EN SALUD ,Otros,Sin Partner (Propio),Presencial Regular,0,0,0,0,0,0,0,0,0,0,0,0,0,0,46,0,0,0
2021-09,2021,N/A,O11012301,MAESTRIA EN GERENCIA DE PROYECTOS DE INVERSIÓN EN SALUD ,Otros,Sin Partner (Propio),Presencial Regular,0,0,0,0,0,0,0,0,0,0,0,0,0,0,46,0,0,0
2021-10,2021,N/A,O11012301,MAESTRIA EN GERENCIA DE PROYECTOS DE INVERSIÓN EN SALUD ,Otros,Sin Partner (Propio),Presencial Regular,0,0,0,0,0,0,0,0,0,0,0,0,0,0,46,0,0,0
2021-11,2021,N/A,O11012301,MAESTRIA EN GERENCIA DE PROYECTOS DE INVERSIÓN EN SALUD ,Otros,Sin Partner (Propio),Presencial Regular,0,0,0,0,0,0,0,0,0,0,0,0,0,0,46,0,0,0
2021-12,2021,N/A,O11012301,MAESTRIA EN GERENCIA DE PROYECTOS DE INVERSIÓN EN SALUD ,Otros,Sin Partner (Propio),Presencial Regular,0,0,0,0,0,0,0,0,0,0,0,0,0,0,46,0,0,0
2022-01,2022,N/A,O11012301,MAESTRIA EN GERENCIA DE PROYECTOS DE INVERSIÓN EN SALUD ,Otros,Sin Partner (Propio),Presencial Regular,0,0,0,0,0,0,0,0,0,0,0,0,0,0,46,0,0,0
2022-02,2022,N/A,O11012301,MAESTRIA EN GERENCIA DE PROYECTOS DE INVERSIÓN EN SALUD ,Otros,Sin Partner (Propio),Presencial Regular,0,0,0,0,0,0,0,0,0,0,0,0,0,0,46,0,0,0
2022-03,2022,N/A,O11012301,MAESTRIA EN GERENCIA DE PROYECTOS DE INVERSIÓN EN SALUD ,Otros,Sin Partner (Propio),Presencial Regular,0,0,0,0,0,0,0,0,0,0,0,0,0,0,46,0,0,0
2022-04,2022,N/A,O11012301,MAESTRIA EN GERENCIA DE PROYECTOS DE INVERSIÓN EN SALUD ,Otros,Sin Partner (Propio),Presencial Regular,0,0,0,0,0,0,0,0,0,0,0,0,0,0,46,0,0,0
2022-05,2022,N/A,O11012301,MAESTRIA EN GERENCIA DE PROYECTOS DE INVERSIÓN EN SALUD ,Otros,Sin Partner (Propio),Presencial Regular,0,0,0,0,0,0,0,0,0,0,0,0,0,0,46,0,0,0
2022-06,2022,N/A,O11012301,MAESTRIA EN GERENCIA DE PROYECTOS DE INVERSIÓN EN SALUD ,Otros,Sin Partner (Propio),Presencial Regular,0,0,0,0,0,0,0,0,0,0,0,0,0,0,46,0,0,0
2022-07,2022,N/A,O11012301,MAESTRIA EN GERENCIA DE PROYECTOS DE INVERSIÓN EN SALUD ,Otros,Sin Partner (Propio),Presencial Regular,0,0,0,0,0,0,0,0,0,0,0,0,0,0,46,0,0,0
2022-08,2022,N/A,O11012301,MAESTRIA EN GERENCIA DE PROYECTOS DE INVERSIÓN EN SALUD ,Otros,Sin Partner (Propio),Presencial Regular,0,0,0,0,0,0,0,0,0,0,0,0,0,0,46,0,0,0
2022-09,2022,N/A,O11012301,MAESTRIA EN GERENCIA DE PROYECTOS DE INVERSIÓN EN SALUD ,Otros,Sin Partner (Propio),Presencial Regular,0,0,0,0,0,0,0,0,0,0,0,0,0,0,46,0,0,0
2022-10,2022,N/A,O11012301,MAESTRIA EN GERENCIA DE PROYECTOS DE INVERSIÓN EN SALUD ,Otros,Sin Partner (Propio),Presencial Regular,0,0,0,0,0,0,0,0,0,0,0,0,0,0,46,0,0,0
2022-11,2022,N/A,O11012301,MAESTRIA EN GERENCIA DE PROYECTOS DE INVERSIÓN EN SALUD ,Otros,Sin Partner (Propio),Presencial Regular,0,0,0,0,0,0,0,0,0,0,0,0,0,0,46,0,0,0
2022-12,2022,N/A,O11012301,MAESTRIA EN GERENCIA DE PROYECTOS DE INVERSIÓN EN SALUD ,Otros,Sin Partner (Propio),Presencial Regular,0,0,0,0,0,0,0,0,0,0,0,0,0,0,46,0,0,0
2023-01,2023,N/A,O11012301,MAESTRIA EN GERENCIA DE PROYECTOS DE INVERSIÓN EN SALUD ,Otros,Sin Partner (Propio),Presencial Regular,0,0,0,0,0,0,0,0,0,0,0,0,0,0,46,0,0,0
2023-02,2023,N/A,O11012301,MAESTRIA EN GERENCIA DE PROYECTOS DE INVERSIÓN EN SALUD ,Otros,Sin Partner (Propio),Presencial Regular,0,0,0,0,0,0,0,0,0,0,0,0,0,0,46,0,0,0
2023-03,2023,N/A,O11012301,MAESTRIA EN GERENCIA DE PROYECTOS DE INVERSIÓN EN SALUD ,Otros,Sin Partner (Propio),Presencial Regular,0,0,0,0,0,0,0,0,0,0,0,0,0,0,46,0,0,0
2023-04,2023,N/A,O11012301,MAESTRIA EN GERENCIA DE PROYECTOS DE INVERSIÓN EN SALUD ,Otros,Sin Partner (Propio),Presencial Regular,0,0,0,0,0,0,0,0,0,0,0,0,0,0,46,0,0,0
2023-05,2023,N/A,O11012301,MAESTRIA EN GERENCIA DE PROYECTOS DE INVERSIÓN EN SALUD ,Otros,Sin Partner (Propio),Presencial Regular,0,0,0,0,0,0,0,0,0,0,0,0,0,0,46,0,0,0
2023-06,2023,N/A,O11012301,MAESTRIA EN GERENCIA DE PROYECTOS DE INVERSIÓN EN SALUD ,Otros,Sin Partner (Propio),Presencial Regular,0,0,0,0,0,0,0,0,0,0,0,0,0,0,46,0,0,0
2023-07,2023,N/A,O11012301,MAESTRIA EN GERENCIA DE PROYECTOS DE INVERSIÓN EN SALUD ,Otros,Sin Partner (Propio),Presencial Regular,0,0,0,0,0,0,0,0,0,0,0,0,0,0,46,0,0,0
2023-08,2023,N/A,O11012301,MAESTRIA EN GERENCIA DE PROYECTOS DE INVERSIÓN EN SALUD ,Otros,Sin Partner (Propio),Presencial Regular,0,0,0,0,0,0,0,0,0,0,0,0,0,0,46,0,0,0
2023-09,2023,N/A,O11012301,MAESTRIA EN GERENCIA DE PROYECTOS DE INVERSIÓN EN SALUD ,Otros,Sin Partner (Propio),Presencial Regular,0,0,0,0,0,0,0,0,0,0,0,0,0,0,46,0,0,0
2023-10,2023,N/A,O11012301,MAESTRIA EN GERENCIA DE PROYECTOS DE INVERSIÓN EN SALUD ,Otros,Sin Partner (Propio),Presencial Regular,0,0,0,0,0,0,0,0,0,0,0,0,0,0,46,0,0,0
2023-11,2023,N/A,O11012301,MAESTRIA EN GERENCIA DE PROYECTOS DE INVERSIÓN EN SALUD ,Otros,Sin Partner (Propio),Presencial Regular,0,0,0,0,0,0,0,0,0,0,0,0,0,0,46,0,0,0
2023-12,2023,N/A,O11012301,MAESTRIA EN GERENCIA DE PROYECTOS DE INVERSIÓN EN SALUD ,Otros,Sin Partner (Propio),Presencial Regular,0,0,0,0,0,0,0,0,0,0,0,0,0,0,46,0,0,0
2024-01,2024,N/A,O11012301,MAESTRIA EN GERENCIA DE PROYECTOS DE INVERSIÓN EN SALUD ,Otros,Sin Partner (Propio),Presencial Regular,0,0,0,0,0,0,0,0,0,0,0,0,0,0,46,0,0,0
2024-02,2024,N/A,O11012301,MAESTRIA EN GERENCIA DE PROYECTOS DE INVERSIÓN EN SALUD ,Otros,Sin Partner (Propio),Presencial Regular,0,0,0,0,0,0,0,0,0,0,0,0,0,0,46,0,0,0
2024-03,2024,N/A,O11012301,MAESTRIA EN GERENCIA DE PROYECTOS DE INVERSIÓN EN SALUD ,Otros,Sin Partner (Propio),Presencial Regular,0,0,0,0,0,0,0,0,0,0,0,0,0,0,46,0,0,0
2024-04,2024,N/A,O11012301,MAESTRIA EN GERENCIA DE PROYECTOS DE INVERSIÓN EN SALUD ,Otros,Sin Partner (Propio),Presencial Regular,0,0,0,0,0,0,0,0,0,0,0,0,0,0,46,0,0,0
2024-05,2024,N/A,O11012301,MAESTRIA EN GERENCIA DE PROYECTOS DE INVERSIÓN EN SALUD ,Otros,Sin Partner (Propio),Presencial Regular,0,0,0,0,0,0,0,0,0,0,0,0,0,0,46,0,0,0
2024-06,2024,N/A,O11012301,MAESTRIA EN GERENCIA DE PROYECTOS DE INVERSIÓN EN SALUD ,Otros,Sin Partner (Propio),Presencial Regular,0,0,0,0,0,0,0,0,0,0,0,0,0,0,46,0,0,0
2024-07,2024,N/A,O11012301,MAESTRIA EN GERENCIA DE PROYECTOS DE INVERSIÓN EN SALUD ,Otros,Sin Partner (Propio),Presencial Regular,0,0,0,0,0,0,0,0,0,0,0,0,0,0,46,0,0,0
2024-08,2024,N/A,O11012301,MAESTRIA EN GERENCIA DE PROYECTOS DE INVERSIÓN EN SALUD ,Otros,Sin Partner (Propio),Presencial Regular,0,0,0,0,0,0,0,0,0,0,0,0,0,0,46,0,0,0
2024-09,2024,N/A,O11012301,MAESTRIA EN GERENCIA DE PROYECTOS DE INVERSIÓN EN SALUD ,Otros,Sin Partner (Propio),Presencial Regular,0,0,0,0,0,0,0,0,0,0,0,0,0,0,46,0,0,0
2024-10,2024,N/A,O11012301,MAESTRIA EN GERENCIA DE PROYECTOS DE INVERSIÓN EN SALUD ,Otros,Sin Partner (Propio),Presencial Regular,0,0,0,0,0,0,0,0,0,0,0,0,0,0,46,0,0,0
2024-11,2024,N/A,O11012301,MAESTRIA EN GERENCIA DE PROYECTOS DE INVERSIÓN EN SALUD ,Otros,Sin Partner (Propio),Presencial Regular,0,0,0,0,0,0,0,0,0,0,0,0,0,0,46,0,0,0
2024-12,2024,N/A,O11012301,MAESTRIA EN GERENCIA DE PROYECTOS DE INVERSIÓN EN SALUD ,Otros,Sin Partner (Propio),Presencial Regular,0,0,0,0,0,0,0,0,0,0,0,0,0,0,46,0,0,0
2025-01,2025,N/A,O11012301,MAESTRIA EN GERENCIA DE PROYECTOS DE INVERSIÓN EN SALUD ,Otros,Sin Partner (Propio),Presencial Regular,0,0,0,0,0,0,0,0,0,0,0,0,0,0,46,0,0,0
2025-02,2025,N/A,O11012301,MAESTRIA EN GERENCIA DE PROYECTOS DE INVERSIÓN EN SALUD ,Otros,Sin Partner (Propio),Presencial Regular,0,0,0,0,0,0,0,0,0,0,0,0,0,0,46,0,0,0
2025-03,2025,N/A,O11012301,MAESTRIA EN GERENCIA DE PROYECTOS DE INVERSIÓN EN SALUD ,Otros,Sin Partner (Propio),Presencial Regular,0,0,0,0,0,0,0,0,0,0,0,0,0,0,46,0,0,0
2025-04,2025,N/A,O11012301,MAESTRIA EN GERENCIA DE PROYECTOS DE INVERSIÓN EN SALUD ,Otros,Sin Partner (Propio),Presencial Regular,0,0,0,0,0,0,0,0,0,0,0,0,0,0,46,0,0,0
2025-05,2025,N/A,O11012301,MAESTRIA EN GERENCIA DE PROYECTOS DE INVERSIÓN EN SALUD ,Otros,Sin Partner (Propio),Presencial Regular,0,0,0,0,0,0,0,0,0,0,0,0,0,0,46,0,0,0
2025-06,2025,N/A,O11012301,MAESTRIA EN GERENCIA DE PROYECTOS DE INVERSIÓN EN SALUD ,Otros,Sin Partner (Propio),Presencial Regular,0,0,0,0,0,0,0,0,0,0,0,0,0,0,46,0,0,0
2025-07,2025,N/A,O11012301,MAESTRIA EN GERENCIA DE PROYECTOS DE INVERSIÓN EN SALUD ,Otros,Sin Partner (Propio),Presencial Regular,0,0,0,0,0,0,0,0,0,0,0,0,0,0,46,0,0,0
2025-08,2025,N/A,O11012301,MAESTRIA EN GERENCIA DE PROYECTOS DE INVERSIÓN EN SALUD ,Otros,Sin Partner (Propio),Presencial Regular,0,0,0,0,0,0,0,0,0,0,0,0,0,0,46,0,0,0
2025-09,2025,N/A,O11012301,MAESTRIA EN GERENCIA DE PROYECTOS DE INVERSIÓN EN SALUD ,Otros,Sin Partner (Propio),Presencial Regular,0,0,0,0,0,0,0,0,0,0,0,0,0,0,46,0,0,0
2025-10,2025,N/A,O11012301,MAESTRIA EN GERENCIA DE PROYECTOS DE INVERSIÓN EN SALUD ,Otros,Sin Partner (Propio),Presencial Regular,0,0,0,0,0,0,0,0,0,0,0,0,0,0,46,0,0,0
2025-11,2025,N/A,O11012301,MAESTRIA EN GERENCIA DE PROYECTOS DE INVERSIÓN EN SALUD ,Otros,Sin Partner (Propio),Presencial Regular,0,0,0,0,0,0,0,0,0,0,0,0,0,0,46,0,0,0
2025-12,2025,N/A,O11012301,MAESTRIA EN GERENCIA DE PROYECTOS DE INVERSIÓN EN SALUD ,Otros,Sin Partner (Propio),Presencial Regular,0,0,0,0,0,0,0,0,0,0,0,0,0,0,46,0,0,0
2026-01,2026,N/A,O11012301,MAESTRIA EN GERENCIA DE PROYECTOS DE INVERSIÓN EN SALUD ,Otros,Sin Partner (Propio),Presencial Regular,0,0,0,0,0,0,0,0,0,0,0,0,0,0,46,0,0,0
2026-02,2026,N/A,O11012301,MAESTRIA EN GERENCIA DE PROYECTOS DE INVERSIÓN EN SALUD ,Otros,Sin Partner (Propio),Presencial Regular,0,0,0,0,0,0,0,0,0,0,0,0,0,0,46,0,0,0
2026-03,2026,N/A,O11012301,MAESTRIA EN GERENCIA DE PROYECTOS DE INVERSIÓN EN SALUD ,Otros,Sin Partner (Propio),Presencial Regular,0,0,0,0,0,0,0,0,0,0,0,0,0,0,46,0,0,0
2026-04,2026,N/A,O11012301,MAESTRIA EN GERENCIA DE PROYECTOS DE INVERSIÓN EN SALUD ,Otros,Sin Partner (Propio),Presencial Regular,0,0,0,0,0,0,0,0,0,0,0,0,0,0,46,0,0,0
2026-05,2026,N/A,O11012301,MAESTRIA EN GERENCIA DE PROYECTOS DE INVERSIÓN EN SALUD ,Otros,Sin Partner (Propio),Presencial Regular,0,0,0,0,0,0,0,0,0,0,0,0,0,0,46,0,0,0
2026-06,2026,N/A,O11012301,MAESTRIA EN GERENCIA DE PROYECTOS DE INVERSIÓN EN SALUD ,Otros,Sin Partner (Propio),Presencial Regular,0,0,0,0,0,0,0,0,0,0,0,0,0,0,46,0,0,0
2026-07,2026,N/A,O11012301,MAESTRIA EN GERENCIA DE PROYECTOS DE INVERSIÓN EN SALUD ,Otros,Sin Partner (Propio),Presencial Regular,0,0,0,0,0,0,0,0,0,0,0,0,0,0,46,0,0,0
2016-10,2016,Octubre,O05012502,MAESTRÍA EN CIENCIAS CONTABLES Y FINANCIERAS CON MENCION EN GESTIÓN DE RIESGOS Y AUDITORIA INTEGRAL,Otros,Sin Partner (Propio),Presencial Regular,0,10,0,0,0,0,0,0,0,0,0,0,0,0,0,0,10,10
2016-11,2016,Noviembre,O05012502,MAESTRÍA EN CIENCIAS CONTABLES Y FINANCIERAS CON MENCION EN GESTIÓN DE RIESGOS Y AUDITORIA INTEGRAL,Otros,Sin Partner (Propio),Presencial Regular,0,5,0,0,7,7,0,0,0,0,3,0,0,0,0,7,12,12
2016-12,2016,Diciembre,O05012502,MAESTRÍA EN CIENCIAS CONTABLES Y FINANCIERAS CON MENCION EN GESTIÓN DE RIESGOS Y AUDITORIA INTEGRAL,Otros,Sin Partner (Propio),Presencial Regular,0,7,0,1,10,8,2,0,0,0,4,1,0,0,0,10,17,17
2017-01,2017,Enero,O05012502,MAESTRÍA EN CIENCIAS CONTABLES Y FINANCIERAS CON MENCION EN GESTIÓN DE RIESGOS Y AUDITORIA INTEGRAL,Otros,Sin Partner (Propio),Presencial Regular,0,9,0,0,15,15,0,1,0,0,2,4,0,0,0,15,25,25
2017-02,2017,Febrero,O05012502,MAESTRÍA EN CIENCIAS CONTABLES Y FINANCIERAS CON MENCION EN GESTIÓN DE RIESGOS Y AUDITORIA INTEGRAL,Otros,Sin Partner (Propio),Presencial Regular,0,8,0,0,21,21,0,0,0,0,4,2,4,0,0,21,29,29
2017-03,2017,Marzo,O05012502,MAESTRÍA EN CIENCIAS CONTABLES Y FINANCIERAS CON MENCION EN GESTIÓN DE RIESGOS Y AUDITORIA INTEGRAL,Otros,Sin Partner (Propio),Presencial Regular,0,7,0,0,28,27,1,0,0,0,2,3,6,0,0,28,35,35
2017-04,2017,Abril,O05012502,MAESTRÍA EN CIENCIAS CONTABLES Y FINANCIERAS CON MENCION EN GESTIÓN DE RIESGOS Y AUDITORIA INTEGRAL,Otros,Sin Partner (Propio),Presencial Regular,0,10,0,0,26,26,0,0,0,0,9,2,9,0,0,26,36,36
2017-05,2017,Mayo,O05012502,MAESTRÍA EN CIENCIAS CONTABLES Y FINANCIERAS CON MENCION EN GESTIÓN DE RIESGOS Y AUDITORIA INTEGRAL,Otros,Sin Partner (Propio),Presencial Regular,0,5,0,0,29,27,2,0,0,0,9,7,11,0,0,29,34,34
2017-06,2017,Junio,O05012502,MAESTRÍA EN CIENCIAS CONTABLES Y FINANCIERAS CON MENCION EN GESTIÓN DE RIESGOS Y AUDITORIA INTEGRAL,Otros,Sin Partner (Propio),Presencial Regular,0,7,0,0,32,25,7,0,0,0,9,2,14,4,0,32,39,39
2017-07,2017,Julio,O05012502,MAESTRÍA EN CIENCIAS CONTABLES Y FINANCIERAS CON MENCION EN GESTIÓN DE RIESGOS Y AUDITORIA INTEGRAL,Otros,Sin Partner (Propio),Presencial Regular,0,2,0,0,39,33,6,0,0,0,6,3,14,6,0,39,41,41
2017-08,2017,Agosto,O05012502,MAESTRÍA EN CIENCIAS CONTABLES Y FINANCIERAS CON MENCION EN GESTIÓN DE RIESGOS Y AUDITORIA INTEGRAL,Otros,Sin Partner (Propio),Presencial Regular,0,6,0,0,42,37,5,1,0,0,4,1,13,9,0,42,49,49
2017-09,2017,Setiembre,O05012502,MAESTRÍA EN CIENCIAS CONTABLES Y FINANCIERAS CON MENCION EN GESTIÓN DE RIESGOS Y AUDITORIA INTEGRAL,Otros,Sin Partner (Propio),Presencial Regular,0,5,0,0,40,40,0,2,0,0,9,4,10,11,0,40,47,47
2017-10,2017,Octubre,O05012502,MAESTRÍA EN CIENCIAS CONTABLES Y FINANCIERAS CON MENCION EN GESTIÓN DE RIESGOS Y AUDITORIA INTEGRAL,Otros,Sin Partner (Propio),Presencial Regular,0,7,0,0,41,38,3,1,0,0,9,6,7,17,0,41,41,49
2017-11,2017,Noviembre,O05012502,MAESTRÍA EN CIENCIAS CONTABLES Y FINANCIERAS CON MENCION EN GESTIÓN DE RIESGOS Y AUDITORIA INTEGRAL,Otros,Sin Partner (Propio),Presencial Regular,0,4,0,0,42,38,4,1,0,0,11,5,10,19,0,42,47,47
2017-12,2017,Diciembre,O05012502,MAESTRÍA EN CIENCIAS CONTABLES Y FINANCIERAS CON MENCION EN GESTIÓN DE RIESGOS Y AUDITORIA INTEGRAL,Otros,Sin Partner (Propio),Presencial Regular,0,3,0,0,45,41,4,0,0,0,6,7,14,16,4,45,40,48
2018-01,2018,Enero,O05012502,MAESTRÍA EN CIENCIAS CONTABLES Y FINANCIERAS CON MENCION EN GESTIÓN DE RIESGOS Y AUDITORIA INTEGRAL,Otros,Sin Partner (Propio),Presencial Regular,0,5,0,0,46,43,3,0,0,0,5,3,20,15,6,46,51,51
2018-02,2018,Febrero,O05012502,MAESTRÍA EN CIENCIAS CONTABLES Y FINANCIERAS CON MENCION EN GESTIÓN DE RIESGOS Y AUDITORIA INTEGRAL,Otros,Sin Partner (Propio),Presencial Regular,0,8,0,0,26,25,1,1,0,0,26,4,20,14,9,26,30,35
2018-03,2018,Marzo,O05012502,MAESTRÍA EN CIENCIAS CONTABLES Y FINANCIERAS CON MENCION EN GESTIÓN DE RIESGOS Y AUDITORIA INTEGRAL,Otros,Sin Partner (Propio),Presencial Regular,0,7,0,0,25,23,2,2,0,0,12,24,16,18,11,25,34,34
2018-04,2018,Abril,O05012502,MAESTRÍA EN CIENCIAS CONTABLES Y FINANCIERAS CON MENCION EN GESTIÓN DE RIESGOS Y AUDITORIA INTEGRAL,Otros,Sin Partner (Propio),Presencial Regular,6,10,1,0,36,27,9,18,0,0,7,3,11,17,17,36,70,70
2018-05,2018,Mayo,O05012502,MAESTRÍA EN CIENCIAS CONTABLES Y FINANCIERAS CON MENCION EN GESTIÓN DE RIESGOS Y AUDITORIA INTEGRAL,Otros,Sin Partner (Propio),Presencial Regular,0,11,0,0,55,50,5,0,1,0,14,2,9,19,19,55,67,67
2018-06,2018,Junio,O05012502,MAESTRÍA EN CIENCIAS CONTABLES Y FINANCIERAS CON MENCION EN GESTIÓN DE RIESGOS Y AUDITORIA INTEGRAL,Otros,Sin Partner (Propio),Presencial Regular,0,7,0,0,59,56,3,2,1,0,11,11,8,18,20,59,60,69
2018-07,2018,Julio,O05012502,MAESTRÍA EN CIENCIAS CONTABLES Y FINANCIERAS CON MENCION EN GESTIÓN DE RIESGOS Y AUDITORIA INTEGRAL,Otros,Sin Partner (Propio),Presencial Regular,7,13,0,0,57,50,7,3,0,0,18,4,8,19,21,57,80,80
2018-08,2018,Agosto,O05012502,MAESTRÍA EN CIENCIAS CONTABLES Y FINANCIERAS CON MENCION EN GESTIÓN DE RIESGOS Y AUDITORIA INTEGRAL,Otros,Sin Partner (Propio),Presencial Regular,2,6,0,0,74,64,10,3,0,0,7,8,7,19,23,74,85,85
2018-09,2018,Setiembre,O05012502,MAESTRÍA EN CIENCIAS CONTABLES Y FINANCIERAS CON MENCION EN GESTIÓN DE RIESGOS Y AUDITORIA INTEGRAL,Otros,Sin Partner (Propio),Presencial Regular,0,3,0,0,62,62,0,1,0,1,21,7,12,16,27,62,61,67
2018-10,2018,Octubre,O05012502,MAESTRÍA EN CIENCIAS CONTABLES Y FINANCIERAS CON MENCION EN GESTIÓN DE RIESGOS Y AUDITORIA INTEGRAL,Otros,Sin Partner (Propio),Presencial Regular,7,3,0,0,69,60,9,1,0,0,5,7,17,13,31,69,78,80
2018-11,2018,Noviembre,O05012502,MAESTRÍA EN CIENCIAS CONTABLES Y FINANCIERAS CON MENCION EN GESTIÓN DE RIESGOS Y AUDITORIA INTEGRAL,Otros,Sin Partner (Propio),Presencial Regular,2,4,0,0,56,55,1,4,0,0,17,4,18,9,36,56,66,66
2018-12,2018,Diciembre,O05012502,MAESTRÍA EN CIENCIAS CONTABLES Y FINANCIERAS CON MENCION EN GESTIÓN DE RIESGOS Y AUDITORIA INTEGRAL,Otros,Sin Partner (Propio),Presencial Regular,3,8,0,1,64,57,7,1,2,0,6,9,17,9,37,64,78,78
2019-01,2019,Enero,O05012502,MAESTRÍA EN CIENCIAS CONTABLES Y FINANCIERAS CON MENCION EN GESTIÓN DE RIESGOS Y AUDITORIA INTEGRAL,Otros,Sin Partner (Propio),Presencial Regular,0,13,0,0,72,68,4,2,1,0,7,2,17,14,38,72,88,88
2019-02,2019,Febrero,O05012502,MAESTRÍA EN CIENCIAS CONTABLES Y FINANCIERAS CON MENCION EN GESTIÓN DE RIESGOS Y AUDITORIA INTEGRAL,Otros,Sin Partner (Propio),Presencial Regular,0,6,0,0,79,75,4,1,0,0,13,3,15,16,39,79,71,86
2019-03,2019,Marzo,O05012502,MAESTRÍA EN CIENCIAS CONTABLES Y FINANCIERAS CON MENCION EN GESTIÓN DE RIESGOS Y AUDITORIA INTEGRAL,Otros,Sin Partner (Propio),Presencial Regular,0,7,0,0,73,68,5,1,1,0,18,8,14,16,41,73,82,82
2019-04,2019,Abril,O05012502,MAESTRÍA EN CIENCIAS CONTABLES Y FINANCIERAS CON MENCION EN GESTIÓN DE RIESGOS Y AUDITORIA INTEGRAL,Otros,Sin Partner (Propio),Presencial Regular,2,4,0,0,84,75,9,4,1,0,7,8,15,16,42,84,95,95
2019-05,2019,Mayo,O05012502,MAESTRÍA EN CIENCIAS CONTABLES Y FINANCIERAS CON MENCION EN GESTIÓN DE RIESGOS Y AUDITORIA INTEGRAL,Otros,Sin Partner (Propio),Presencial Regular,13,11,0,1,77,75,2,3,0,0,6,4,13,23,42,77,104,104
2019-06,2019,Junio,O05012502,MAESTRÍA EN CIENCIAS CONTABLES Y FINANCIERAS CON MENCION EN GESTIÓN DE RIESGOS Y AUDITORIA INTEGRAL,Otros,Sin Partner (Propio),Presencial Regular,5,12,0,0,75,73,2,0,0,0,13,4,17,20,45,75,77,92
2019-07,2019,Julio,O05012502,MAESTRÍA EN CIENCIAS CONTABLES Y FINANCIERAS CON MENCION EN GESTIÓN DE RIESGOS Y AUDITORIA INTEGRAL,Otros,Sin Partner (Propio),Presencial Regular,3,3,0,0,78,73,5,1,1,0,11,8,19,14,51,78,86,86
2019-08,2019,Agosto,O05012502,MAESTRÍA EN CIENCIAS CONTABLES Y FINANCIERAS CON MENCION EN GESTIÓN DE RIESGOS Y AUDITORIA INTEGRAL,Otros,Sin Partner (Propio),Presencial Regular,2,9,0,0,73,71,2,7,0,1,10,9,16,15,53,73,92,92
2019-09,2019,Setiembre,O05012502,MAESTRÍA EN CIENCIAS CONTABLES Y FINANCIERAS CON MENCION EN GESTIÓN DE RIESGOS Y AUDITORIA INTEGRAL,Otros,Sin Partner (Propio),Presencial Regular,4,7,0,0,79,76,3,3,1,1,12,6,16,18,53,79,95,95
2019-10,2019,Octubre,O05012502,MAESTRÍA EN CIENCIAS CONTABLES Y FINANCIERAS CON MENCION EN GESTIÓN DE RIESGOS Y AUDITORIA INTEGRAL,Otros,Sin Partner (Propio),Presencial Regular,4,12,0,1,76,76,0,1,1,0,11,12,17,18,56,76,79,94
2019-11,2019,Noviembre,O05012502,MAESTRÍA EN CIENCIAS CONTABLES Y FINANCIERAS CON MENCION EN GESTIÓN DE RIESGOS Y AUDITORIA INTEGRAL,Otros,Sin Partner (Propio),Presencial Regular,5,5,0,0,80,78,2,4,0,1,7,9,22,15,61,80,95,95
2019-12,2019,Diciembre,O05012502,MAESTRÍA EN CIENCIAS CONTABLES Y FINANCIERAS CON MENCION EN GESTIÓN DE RIESGOS Y AUDITORIA INTEGRAL,Otros,Sin Partner (Propio),Presencial Regular,3,6,0,0,82,79,3,1,0,0,9,4,28,16,61,82,92,92
2020-01,2020,Enero,O05012502,MAESTRÍA EN CIENCIAS CONTABLES Y FINANCIERAS CON MENCION EN GESTIÓN DE RIESGOS Y AUDITORIA INTEGRAL,Otros,Sin Partner (Propio),Presencial Regular,4,7,0,0,78,78,0,3,3,0,8,9,22,18,62,78,95,95
2020-02,2020,Febrero,O05012502,MAESTRÍA EN CIENCIAS CONTABLES Y FINANCIERAS CON MENCION EN GESTIÓN DE RIESGOS Y AUDITORIA INTEGRAL,Otros,Sin Partner (Propio),Presencial Regular,6,7,0,0,83,81,2,1,0,0,8,5,23,19,65,83,72,97
2020-03,2020,Marzo,O05012502,MAESTRÍA EN CIENCIAS CONTABLES Y FINANCIERAS CON MENCION EN GESTIÓN DE RIESGOS Y AUDITORIA INTEGRAL,Otros,Sin Partner (Propio),Presencial Regular,4,13,0,0,84,80,4,0,1,0,7,4,21,21,69,84,102,102
2020-04,2020,Abril,O05012502,MAESTRÍA EN CIENCIAS CONTABLES Y FINANCIERAS CON MENCION EN GESTIÓN DE RIESGOS Y AUDITORIA INTEGRAL,Otros,Sin Partner (Propio),Presencial Regular,7,3,0,0,70,67,3,3,2,0,25,4,14,23,72,70,85,85
2020-05,2020,Mayo,O05012502,MAESTRÍA EN CIENCIAS CONTABLES Y FINANCIERAS CON MENCION EN GESTIÓN DE RIESGOS Y AUDITORIA INTEGRAL,Otros,Sin Partner (Propio),Presencial Regular,5,2,0,0,65,56,9,5,0,0,18,15,11,24,73,65,77,77
2020-06,2020,Junio,O05012502,MAESTRÍA EN CIENCIAS CONTABLES Y FINANCIERAS CON MENCION EN GESTIÓN DE RIESGOS Y AUDITORIA INTEGRAL,Otros,Sin Partner (Propio),Presencial Regular,4,10,0,0,71,61,10,5,2,0,8,8,17,24,74,71,65,92
2020-07,2020,Julio,O05012502,MAESTRÍA EN CIENCIAS CONTABLES Y FINANCIERAS CON MENCION EN GESTIÓN DE RIESGOS Y AUDITORIA INTEGRAL,Otros,Sin Partner (Propio),Presencial Regular,5,15,0,1,81,75,6,3,0,2,9,2,19,20,78,81,106,106
2020-08,2020,Agosto,O05012502,MAESTRÍA EN CIENCIAS CONTABLES Y FINANCIERAS CON MENCION EN GESTIÓN DE RIESGOS Y AUDITORIA INTEGRAL,Otros,Sin Partner (Propio),Presencial Regular,9,10,0,0,83,82,1,4,0,0,11,7,16,18,81,83,106,106
2020-09,2020,Setiembre,O05012502,MAESTRÍA EN CIENCIAS CONTABLES Y FINANCIERAS CON MENCION EN GESTIÓN DE RIESGOS Y AUDITORIA INTEGRAL,Otros,Sin Partner (Propio),Presencial Regular,6,6,0,0,84,82,2,2,0,2,11,9,17,15,84,84,100,100
2020-10,2020,Octubre,O05012502,MAESTRÍA EN CIENCIAS CONTABLES Y FINANCIERAS CON MENCION EN GESTIÓN DE RIESGOS Y AUDITORIA INTEGRAL,Otros,Sin Partner (Propio),Presencial Regular,3,16,0,1,81,79,2,2,1,0,15,6,15,18,89,81,83,103
2020-11,2020,Noviembre,O05012502,MAESTRÍA EN CIENCIAS CONTABLES Y FINANCIERAS CON MENCION EN GESTIÓN DE RIESGOS Y AUDITORIA INTEGRAL,Otros,Sin Partner (Propio),Presencial Regular,2,6,0,0,86,80,6,3,3,0,18,9,15,16,91,86,100,100
2020-12,2020,Diciembre,O05012502,MAESTRÍA EN CIENCIAS CONTABLES Y FINANCIERAS CON MENCION EN GESTIÓN DE RIESGOS Y AUDITORIA INTEGRAL,Otros,Sin Partner (Propio),Presencial Regular,9,12,0,0,85,82,3,1,0,0,13,13,19,13,94,85,107,107
2021-01,2021,Enero,O05012502,MAESTRÍA EN CIENCIAS CONTABLES Y FINANCIERAS CON MENCION EN GESTIÓN DE RIESGOS Y AUDITORIA INTEGRAL,Otros,Sin Partner (Propio),Presencial Regular,6,13,1,1,86,81,5,3,0,0,11,8,26,15,95,86,108,108
2021-02,2021,Febrero,O05012502,MAESTRÍA EN CIENCIAS CONTABLES Y FINANCIERAS CON MENCION EN GESTIÓN DE RIESGOS Y AUDITORIA INTEGRAL,Otros,Sin Partner (Propio),Presencial Regular,3,14,0,1,79,77,2,2,3,0,24,8,26,17,95,79,87,101
2021-03,2021,Marzo,O05012502,MAESTRÍA EN CIENCIAS CONTABLES Y FINANCIERAS CON MENCION EN GESTIÓN DE RIESGOS Y AUDITORIA INTEGRAL,Otros,Sin Partner (Propio),Presencial Regular,0,14,0,1,95,88,7,5,0,0,10,17,26,19,96,95,114,114
2021-04,2021,Abril,O05012502,MAESTRÍA EN CIENCIAS CONTABLES Y FINANCIERAS CON MENCION EN GESTIÓN DE RIESGOS Y AUDITORIA INTEGRAL,Otros,Sin Partner (Propio),Presencial Regular,7,15,0,0,103,100,3,5,0,1,11,6,30,17,102,103,131,131
2021-05,2021,Mayo,O05012502,MAESTRÍA EN CIENCIAS CONTABLES Y FINANCIERAS CON MENCION EN GESTIÓN DE RIESGOS Y AUDITORIA INTEGRAL,Otros,Sin Partner (Propio),Presencial Regular,5,13,0,0,109,107,2,4,1,1,14,8,24,20,104,109,133,133
2021-06,2021,Junio,O05012502,MAESTRÍA EN CIENCIAS CONTABLES Y FINANCIERAS CON MENCION EN GESTIÓN DE RIESGOS Y AUDITORIA INTEGRAL,Otros,Sin Partner (Propio),Presencial Regular,6,30,0,3,117,110,7,5,2,0,14,7,22,23,102,117,137,160
2021-07,2021,Julio,O05012502,MAESTRÍA EN CIENCIAS CONTABLES Y FINANCIERAS CON MENCION EN GESTIÓN DE RIESGOS Y AUDITORIA INTEGRAL,Otros,Sin Partner (Propio),Presencial Regular,2,22,0,0,138,134,4,3,0,2,19,10,23,22,103,138,167,167
2021-08,2021,Agosto,O05012502,MAESTRÍA EN CIENCIAS CONTABLES Y FINANCIERAS CON MENCION EN GESTIÓN DE RIESGOS Y AUDITORIA INTEGRAL,Otros,Sin Partner (Propio),Presencial Regular,1,20,0,1,156,153,3,5,1,0,12,16,18,27,106,156,183,183
2021-09,2021,Setiembre,O05012502,MAESTRÍA EN CIENCIAS CONTABLES Y FINANCIERAS CON MENCION EN GESTIÓN DE RIESGOS Y AUDITORIA INTEGRAL,Otros,Sin Partner (Propio),Presencial Regular,11,17,0,1,162,161,1,9,0,0,14,11,19,27,108,162,199,199
2021-10,2021,Octubre,O05012502,MAESTRÍA EN CIENCIAS CONTABLES Y FINANCIERAS CON MENCION EN GESTIÓN DE RIESGOS Y AUDITORIA INTEGRAL,Otros,Sin Partner (Propio),Presencial Regular,9,15,0,0,153,148,5,2,0,0,34,9,27,25,108,153,153,179
2021-11,2021,Noviembre,O05012502,MAESTRÍA EN CIENCIAS CONTABLES Y FINANCIERAS CON MENCION EN GESTIÓN DE RIESGOS Y AUDITORIA INTEGRAL,Otros,Sin Partner (Propio),Presencial Regular,7,6,0,0,163,146,17,2,1,0,18,16,30,22,114,163,179,179
2021-12,2021,Diciembre,O05012502,MAESTRÍA EN CIENCIAS CONTABLES Y FINANCIERAS CON MENCION EN GESTIÓN DE RIESGOS Y AUDITORIA INTEGRAL,Otros,Sin Partner (Propio),Presencial Regular,6,6,0,1,145,139,6,5,0,0,30,12,34,21,119,145,162,162
2022-01,2022,Enero,O05012502,MAESTRÍA EN CIENCIAS CONTABLES Y FINANCIERAS CON MENCION EN GESTIÓN DE RIESGOS Y AUDITORIA INTEGRAL,Otros,Sin Partner (Propio),Presencial Regular,8,13,0,0,151,135,16,1,1,0,14,14,36,25,122,151,174,174
2022-02,2022,Febrero,O05012502,MAESTRÍA EN CIENCIAS CONTABLES Y FINANCIERAS CON MENCION EN GESTIÓN DE RIESGOS Y AUDITORIA INTEGRAL,Otros,Sin Partner (Propio),Presencial Regular,5,14,0,1,141,136,5,7,0,0,29,9,32,25,129,141,137,167
2022-03,2022,Marzo,O05012502,MAESTRÍA EN CIENCIAS CONTABLES Y FINANCIERAS CON MENCION EN GESTIÓN DE RIESGOS Y AUDITORIA INTEGRAL,Otros,Sin Partner (Propio),Presencial Regular,5,16,0,0,139,131,8,6,1,0,26,21,31,26,131,139,167,167
2022-04,2022,Abril,O05012502,MAESTRÍA EN CIENCIAS CONTABLES Y FINANCIERAS CON MENCION EN GESTIÓN DE RIESGOS Y AUDITORIA INTEGRAL,Otros,Sin Partner (Propio),Presencial Regular,5,15,0,0,144,139,5,4,0,0,18,21,40,34,131,144,168,168
2022-05,2022,Mayo,O05012502,MAESTRÍA EN CIENCIAS CONTABLES Y FINANCIERAS CON MENCION EN GESTIÓN DE RIESGOS Y AUDITORIA INTEGRAL,Otros,Sin Partner (Propio),Presencial Regular,13,15,0,1,148,142,6,10,1,0,10,11,43,37,134,148,187,187
2022-06,2022,Junio,O05012502,MAESTRÍA EN CIENCIAS CONTABLES Y FINANCIERAS CON MENCION EN GESTIÓN DE RIESGOS Y AUDITORIA INTEGRAL,Otros,Sin Partner (Propio),Presencial Regular,19,7,0,0,148,143,5,4,1,0,20,4,42,38,133,148,129,179
2022-07,2022,Julio,O05012502,MAESTRÍA EN CIENCIAS CONTABLES Y FINANCIERAS CON MENCION EN GESTIÓN DE RIESGOS Y AUDITORIA INTEGRAL,Otros,Sin Partner (Propio),Presencial Regular,5,5,0,0,140,136,4,7,0,0,21,16,32,35,141,140,157,157
2022-08,2022,Agosto,O05012502,MAESTRÍA EN CIENCIAS CONTABLES Y FINANCIERAS CON MENCION EN GESTIÓN DE RIESGOS Y AUDITORIA INTEGRAL,Otros,Sin Partner (Propio),Presencial Regular,6,6,0,0,139,134,5,5,3,1,14,14,30,39,146,139,160,160
2022-09,2022,Setiembre,O05012502,MAESTRÍA EN CIENCIAS CONTABLES Y FINANCIERAS CON MENCION EN GESTIÓN DE RIESGOS Y AUDITORIA INTEGRAL,Otros,Sin Partner (Propio),Presencial Regular,9,17,0,1,121,118,3,2,0,0,27,11,33,45,149,121,149,149
2022-10,2022,Octubre,O05012502,MAESTRÍA EN CIENCIAS CONTABLES Y FINANCIERAS CON MENCION EN GESTIÓN DE RIESGOS Y AUDITORIA INTEGRAL,Otros,Sin Partner (Propio),Presencial Regular,12,10,0,2,116,104,12,7,3,0,25,15,30,42,155,116,104,148
2022-11,2022,Noviembre,O05012502,MAESTRÍA EN CIENCIAS CONTABLES Y FINANCIERAS CON MENCION EN GESTIÓN DE RIESGOS Y AUDITORIA INTEGRAL,Otros,Sin Partner (Propio),Presencial Regular,10,15,0,1,120,110,10,6,0,0,18,13,38,37,161,120,151,151
2022-12,2022,Diciembre,O05012502,MAESTRÍA EN CIENCIAS CONTABLES Y FINANCIERAS CON MENCION EN GESTIÓN DE RIESGOS Y AUDITORIA INTEGRAL,Otros,Sin Partner (Propio),Presencial Regular,13,9,1,0,121,117,4,4,0,2,18,12,34,40,164,121,146,149
2023-01,2023,Enero,O05012502,MAESTRÍA EN CIENCIAS CONTABLES Y FINANCIERAS CON MENCION EN GESTIÓN DE RIESGOS Y AUDITORIA INTEGRAL,Otros,Sin Partner (Propio),Presencial Regular,10,10,0,1,108,99,9,8,2,0,28,9,29,41,169,108,138,138
2023-02,2023,Febrero,O05012502,MAESTRÍA EN CIENCIAS CONTABLES Y FINANCIERAS CON MENCION EN GESTIÓN DE RIESGOS Y AUDITORIA INTEGRAL,Otros,Sin Partner (Propio),Presencial Regular,8,11,1,0,111,104,7,3,0,1,19,20,27,37,178,111,111,134
2023-03,2023,Marzo,O05012502,MAESTRÍA EN CIENCIAS CONTABLES Y FINANCIERAS CON MENCION EN GESTIÓN DE RIESGOS Y AUDITORIA INTEGRAL,Otros,Sin Partner (Propio),Presencial Regular,5,8,0,0,116,106,10,8,1,0,16,9,33,33,186,116,138,138
2023-04,2023,Abril,O05012502,MAESTRÍA EN CIENCIAS CONTABLES Y FINANCIERAS CON MENCION EN GESTIÓN DE RIESGOS Y AUDITORIA INTEGRAL,Otros,Sin Partner (Propio),Presencial Regular,8,8,0,0,110,107,3,3,1,0,21,12,30,33,192,110,130,130
2023-05,2023,Mayo,O05012502,MAESTRÍA EN CIENCIAS CONTABLES Y FINANCIERAS CON MENCION EN GESTIÓN DE RIESGOS Y AUDITORIA INTEGRAL,Otros,Sin Partner (Propio),Presencial Regular,5,7,0,0,104,98,6,6,0,0,19,15,34,34,193,104,122,122
2023-06,2023,Junio,O05012502,MAESTRÍA EN CIENCIAS CONTABLES Y FINANCIERAS CON MENCION EN GESTIÓN DE RIESGOS Y AUDITORIA INTEGRAL,Otros,Sin Partner (Propio),Presencial Regular,10,3,0,2,110,99,11,6,0,1,10,8,37,30,200,110,87,130
2023-07,2023,Julio,O05012502,MAESTRÍA EN CIENCIAS CONTABLES Y FINANCIERAS CON MENCION EN GESTIÓN DE RIESGOS Y AUDITORIA INTEGRAL,Otros,Sin Partner (Propio),Presencial Regular,9,0,0,0,89,87,2,3,1,0,25,8,33,31,206,89,102,102
2023-08,2023,Agosto,O05012502,MAESTRÍA EN CIENCIAS CONTABLES Y FINANCIERAS CON MENCION EN GESTIÓN DE RIESGOS Y AUDITORIA INTEGRAL,Otros,Sin Partner (Propio),Presencial Regular,3,0,0,0,87,76,11,9,0,0,14,14,23,35,211,87,99,99
2023-09,2023,Setiembre,O05012502,MAESTRÍA EN CIENCIAS CONTABLES Y FINANCIERAS CON MENCION EN GESTIÓN DE RIESGOS Y AUDITORIA INTEGRAL,Otros,Sin Partner (Propio),Presencial Regular,12,0,0,0,73,70,3,6,0,1,17,11,23,35,215,73,92,92
2023-10,2023,Octubre,O05012502,MAESTRÍA EN CIENCIAS CONTABLES Y FINANCIERAS CON MENCION EN GESTIÓN DE RIESGOS Y AUDITORIA INTEGRAL,Otros,Sin Partner (Propio),Presencial Regular,8,0,0,0,60,57,3,4,0,1,19,14,22,32,221,60,48,73
2023-11,2023,Noviembre,O05012502,MAESTRÍA EN CIENCIAS CONTABLES Y FINANCIERAS CON MENCION EN GESTIÓN DE RIESGOS Y AUDITORIA INTEGRAL,Otros,Sin Partner (Propio),Presencial Regular,2,0,0,0,59,51,8,1,1,1,14,10,29,34,222,59,64,64
2023-12,2023,Diciembre,O05012502,MAESTRÍA EN CIENCIAS CONTABLES Y FINANCIERAS CON MENCION EN GESTIÓN DE RIESGOS Y AUDITORIA INTEGRAL,Otros,Sin Partner (Propio),Presencial Regular,6,0,0,0,48,44,4,4,0,0,12,10,30,35,226,48,58,58
2024-01,2024,Enero,O05012502,MAESTRÍA EN CIENCIAS CONTABLES Y FINANCIERAS CON MENCION EN GESTIÓN DE RIESGOS Y AUDITORIA INTEGRAL,Otros,Sin Partner (Propio),Presencial Regular,5,0,0,0,45,43,2,7,0,0,7,9,29,31,232,45,57,57
2024-02,2024,Febrero,O05012502,MAESTRÍA EN CIENCIAS CONTABLES Y FINANCIERAS CON MENCION EN GESTIÓN DE RIESGOS Y AUDITORIA INTEGRAL,Otros,Sin Partner (Propio),Presencial Regular,6,0,0,0,37,37,0,5,0,1,11,7,25,28,240,37,22,49
2024-03,2024,Marzo,O05012502,MAESTRÍA EN CIENCIAS CONTABLES Y FINANCIERAS CON MENCION EN GESTIÓN DE RIESGOS Y AUDITORIA INTEGRAL,Otros,Sin Partner (Propio),Presencial Regular,8,0,0,0,30,29,1,5,1,0,11,8,16,31,244,30,44,44
2024-04,2024,Abril,O05012502,MAESTRÍA EN CIENCIAS CONTABLES Y FINANCIERAS CON MENCION EN GESTIÓN DE RIESGOS Y AUDITORIA INTEGRAL,Otros,Sin Partner (Propio),Presencial Regular,2,0,0,0,31,28,3,1,1,0,6,8,19,29,249,31,35,35
2024-05,2024,Mayo,O05012502,MAESTRÍA EN CIENCIAS CONTABLES Y FINANCIERAS CON MENCION EN GESTIÓN DE RIESGOS Y AUDITORIA INTEGRAL,Otros,Sin Partner (Propio),Presencial Regular,9,0,0,0,23,21,2,3,2,0,6,4,19,24,254,23,37,37
2024-06,2024,Junio,O05012502,MAESTRÍA EN CIENCIAS CONTABLES Y FINANCIERAS CON MENCION EN GESTIÓN DE RIESGOS Y AUDITORIA INTEGRAL,Otros,Sin Partner (Propio),Presencial Regular,8,0,0,0,20,18,2,1,0,0,6,4,14,24,258,20,7,29
2024-07,2024,Julio,O05012502,MAESTRÍA EN CIENCIAS CONTABLES Y FINANCIERAS CON MENCION EN GESTIÓN DE RIESGOS Y AUDITORIA INTEGRAL,Otros,Sin Partner (Propio),Presencial Regular,5,0,0,0,10,9,1,2,0,0,8,4,14,24,260,10,17,17
2024-08,2024,Agosto,O05012502,MAESTRÍA EN CIENCIAS CONTABLES Y FINANCIERAS CON MENCION EN GESTIÓN DE RIESGOS Y AUDITORIA INTEGRAL,Otros,Sin Partner (Propio),Presencial Regular,0,0,0,0,7,1,6,6,0,0,11,2,8,23,265,7,13,13
2024-09,2024,Setiembre,O05012502,MAESTRÍA EN CIENCIAS CONTABLES Y FINANCIERAS CON MENCION EN GESTIÓN DE RIESGOS Y AUDITORIA INTEGRAL,Otros,Sin Partner (Propio),Presencial Regular,9,0,0,0,6,4,2,1,0,0,8,3,7,17,271,6,16,16
2024-10,2024,Octubre,O05012502,MAESTRÍA EN CIENCIAS CONTABLES Y FINANCIERAS CON MENCION EN GESTIÓN DE RIESGOS Y AUDITORIA INTEGRAL,Otros,Sin Partner (Propio),Presencial Regular,2,0,0,0,3,1,2,3,0,2,5,6,3,17,272,3,4,10
2024-11,2024,Noviembre,O05012502,MAESTRÍA EN CIENCIAS CONTABLES Y FINANCIERAS CON MENCION EN GESTIÓN DE RIESGOS Y AUDITORIA INTEGRAL,Otros,Sin Partner (Propio),Presencial Regular,6,0,0,0,3,3,0,6,2,0,3,3,1,13,274,3,17,17
2024-12,2024,Diciembre,O05012502,MAESTRÍA EN CIENCIAS CONTABLES Y FINANCIERAS CON MENCION EN GESTIÓN DE RIESGOS Y AUDITORIA INTEGRAL,Otros,Sin Partner (Propio),Presencial Regular,0,0,0,0,2,2,0,0,0,0,9,3,4,8,279,2,2,2
2025-01,2025,N/A,O05012502,MAESTRÍA EN CIENCIAS CONTABLES Y FINANCIERAS CON MENCION EN GESTIÓN DE RIESGOS Y AUDITORIA INTEGRAL,Otros,Sin Partner (Propio),Presencial Regular,0,0,0,0,0,0,0,0,0,0,2,9,7,6,281,0,0,0
2025-02,2025,Febrero,O05012502,MAESTRÍA EN CIENCIAS CONTABLES Y FINANCIERAS CON MENCION EN GESTIÓN DE RIESGOS Y AUDITORIA INTEGRAL,Otros,Sin Partner (Propio),Presencial Regular,2,0,0,0,0,0,0,5,0,0,0,2,8,4,284,0,2,7
2025-03,2025,Marzo,O05012502,MAESTRÍA EN CIENCIAS CONTABLES Y FINANCIERAS CON MENCION EN GESTIÓN DE RIESGOS Y AUDITORIA INTEGRAL,Otros,Sin Partner (Propio),Presencial Regular,3,0,0,0,0,0,0,2,0,1,4,0,7,3,283,0,6,6
2025-04,2025,Abril,O05012502,MAESTRÍA EN CIENCIAS CONTABLES Y FINANCIERAS CON MENCION EN GESTIÓN DE RIESGOS Y AUDITORIA INTEGRAL,Otros,Sin Partner (Propio),Presencial Regular,3,0,0,0,1,1,0,1,0,0,1,2,4,3,285,1,2,5
2025-05,2025,Mayo,O05012502,MAESTRÍA EN CIENCIAS CONTABLES Y FINANCIERAS CON MENCION EN GESTIÓN DE RIESGOS Y AUDITORIA INTEGRAL,Otros,Sin Partner (Propio),Presencial Regular,3,0,0,0,2,1,1,0,0,0,1,0,2,4,285,2,5,5
2025-06,2025,N/A,O05012502,MAESTRÍA EN CIENCIAS CONTABLES Y FINANCIERAS CON MENCION EN GESTIÓN DE RIESGOS Y AUDITORIA INTEGRAL,Otros,Sin Partner (Propio),Presencial Regular,0,0,0,0,0,0,0,0,0,0,2,1,1,5,285,0,0,0
2025-07,2025,N/A,O05012502,MAESTRÍA EN CIENCIAS CONTABLES Y FINANCIERAS CON MENCION EN GESTIÓN DE RIESGOS Y AUDITORIA INTEGRAL,Otros,Sin Partner (Propio),Presencial Regular,0,0,0,0,0,0,0,0,0,0,0,2,2,5,285,0,0,0
2025-08,2025,N/A,O05012502,MAESTRÍA EN CIENCIAS CONTABLES Y FINANCIERAS CON MENCION EN GESTIÓN DE RIESGOS Y AUDITORIA INTEGRAL,Otros,Sin Partner (Propio),Presencial Regular,0,0,0,0,0,0,0,0,0,0,0,0,4,4,286,0,0,0
2025-09,2025,N/A,O05012502,MAESTRÍA EN CIENCIAS CONTABLES Y FINANCIERAS CON MENCION EN GESTIÓN DE RIESGOS Y AUDITORIA INTEGRAL,Otros,Sin Partner (Propio),Presencial Regular,0,0,0,0,0,0,0,0,0,0,0,0,3,5,286,0,0,0
2025-10,2025,N/A,O05012502,MAESTRÍA EN CIENCIAS CONTABLES Y FINANCIERAS CON MENCION EN GESTIÓN DE RIESGOS Y AUDITORIA INTEGRAL,Otros,Sin Partner (Propio),Presencial Regular,0,0,0,0,0,0,0,0,0,0,0,0,3,3,288,0,0,0
2025-11,2025,N/A,O05012502,MAESTRÍA EN CIENCIAS CONTABLES Y FINANCIERAS CON MENCION EN GESTIÓN DE RIESGOS Y AUDITORIA INTEGRAL,Otros,Sin Partner (Propio),Presencial Regular,0,0,0,0,0,0,0,0,0,0,0,0,2,3,289,0,0,0
2025-12,2025,N/A,O05012502,MAESTRÍA EN CIENCIAS CONTABLES Y FINANCIERAS CON MENCION EN GESTIÓN DE RIESGOS Y AUDITORIA INTEGRAL,Otros,Sin Partner (Propio),Presencial Regular,0,0,0,0,0,0,0,0,0,0,0,0,0,4,290,0,0,0
2026-01,2026,N/A,O05012502,MAESTRÍA EN CIENCIAS CONTABLES Y FINANCIERAS CON MENCION EN GESTIÓN DE RIESGOS Y AUDITORIA INTEGRAL,Otros,Sin Partner (Propio),Presencial Regular,0,0,0,0,0,0,0,0,0,0,0,0,0,4,290,0,0,0
2026-02,2026,N/A,O05012502,MAESTRÍA EN CIENCIAS CONTABLES Y FINANCIERAS CON MENCION EN GESTIÓN DE RIESGOS Y AUDITORIA INTEGRAL,Otros,Sin Partner (Propio),Presencial Regular,0,0,0,0,0,0,0,0,0,0,0,0,0,4,290,0,0,0
2026-03,2026,N/A,O05012502,MAESTRÍA EN CIENCIAS CONTABLES Y FINANCIERAS CON MENCION EN GESTIÓN DE RIESGOS Y AUDITORIA INTEGRAL,Otros,Sin Partner (Propio),Presencial Regular,0,0,0,0,0,0,0,0,0,0,0,0,0,3,291,0,0,0
2026-04,2026,N/A,O05012502,MAESTRÍA EN CIENCIAS CONTABLES Y FINANCIERAS CON MENCION EN GESTIÓN DE RIESGOS Y AUDITORIA INTEGRAL,Otros,Sin Partner (Propio),Presencial Regular,0,0,0,0,0,0,0,0,0,0,0,0,0,3,291,0,0,0
2026-05,2026,N/A,O05012502,MAESTRÍA EN CIENCIAS CONTABLES Y FINANCIERAS CON MENCION EN GESTIÓN DE RIESGOS Y AUDITORIA INTEGRAL,Otros,Sin Partner (Propio),Presencial Regular,0,0,0,0,0,0,0,0,0,0,0,0,0,2,292,0,0,0
2026-06,2026,N/A,O05012502,MAESTRÍA EN CIENCIAS CONTABLES Y FINANCIERAS CON MENCION EN GESTIÓN DE RIESGOS Y AUDITORIA INTEGRAL,Otros,Sin Partner (Propio),Presencial Regular,0,0,0,0,0,0,0,0,0,0,0,0,0,0,294,0,0,0
2026-07,2026,N/A,O05012502,MAESTRÍA EN CIENCIAS CONTABLES Y FINANCIERAS CON MENCION EN GESTIÓN DE RIESGOS Y AUDITORIA INTEGRAL,Otros,Sin Partner (Propio),Presencial Regular,0,0,0,0,0,0,0,0,0,0,0,0,0,0,294,0,0,0
2017-04,2017,Abril,O03010401,MAESTRÍA EN PERIODISMO Y COMUNICACIÓN MULTIMEDIA,Otros,Sin Partner (Propio),Presencial Regular,0,57,0,0,0,0,0,0,0,0,0,0,0,0,0,0,0,57
2017-05,2017,Mayo,O03010401,MAESTRÍA EN PERIODISMO Y COMUNICACIÓN MULTIMEDIA,Otros,Sin Partner (Propio),Presencial Regular,0,10,0,0,0,0,0,0,0,0,57,0,0,0,0,0,0,10
2017-06,2017,N/A,O03010401,MAESTRÍA EN PERIODISMO Y COMUNICACIÓN MULTIMEDIA,Otros,Sin Partner (Propio),Presencial Regular,0,0,0,0,0,0,0,0,0,0,10,57,0,0,0,0,0,0
2017-07,2017,N/A,O03010401,MAESTRÍA EN PERIODISMO Y COMUNICACIÓN MULTIMEDIA,Otros,Sin Partner (Propio),Presencial Regular,0,0,0,0,0,0,0,0,0,0,0,10,57,0,0,0,0,0
2017-08,2017,N/A,O03010401,MAESTRÍA EN PERIODISMO Y COMUNICACIÓN MULTIMEDIA,Otros,Sin Partner (Propio),Presencial Regular,0,0,0,0,0,0,0,0,0,0,0,0,67,0,0,0,0,0
2017-09,2017,N/A,O03010401,MAESTRÍA EN PERIODISMO Y COMUNICACIÓN MULTIMEDIA,Otros,Sin Partner (Propio),Presencial Regular,0,0,0,0,0,0,0,0,0,0,0,0,67,0,0,0,0,0
2017-10,2017,N/A,O03010401,MAESTRÍA EN PERIODISMO Y COMUNICACIÓN MULTIMEDIA,Otros,Sin Partner (Propio),Presencial Regular,0,0,0,0,0,0,0,0,0,0,0,0,67,0,0,0,0,0
2017-11,2017,N/A,O03010401,MAESTRÍA EN PERIODISMO Y COMUNICACIÓN MULTIMEDIA,Otros,Sin Partner (Propio),Presencial Regular,0,0,0,0,0,0,0,0,0,0,0,0,10,57,0,0,0,0
2017-12,2017,N/A,O03010401,MAESTRÍA EN PERIODISMO Y COMUNICACIÓN MULTIMEDIA,Otros,Sin Partner (Propio),Presencial Regular,0,0,0,0,0,0,0,0,0,0,0,0,0,67,0,0,0,0
2018-01,2018,N/A,O03010401,MAESTRÍA EN PERIODISMO Y COMUNICACIÓN MULTIMEDIA,Otros,Sin Partner (Propio),Presencial Regular,0,0,0,0,0,0,0,0,0,0,0,0,0,67,0,0,0,0
2018-02,2018,N/A,O03010401,MAESTRÍA EN PERIODISMO Y COMUNICACIÓN MULTIMEDIA,Otros,Sin Partner (Propio),Presencial Regular,0,0,0,0,0,0,0,0,0,0,0,0,0,67,0,0,0,0
2018-03,2018,N/A,O03010401,MAESTRÍA EN PERIODISMO Y COMUNICACIÓN MULTIMEDIA,Otros,Sin Partner (Propio),Presencial Regular,0,0,0,0,0,0,0,0,0,0,0,0,0,67,0,0,0,0
2018-04,2018,N/A,O03010401,MAESTRÍA EN PERIODISMO Y COMUNICACIÓN MULTIMEDIA,Otros,Sin Partner (Propio),Presencial Regular,0,0,0,0,0,0,0,0,0,0,0,0,0,67,0,0,0,0
2018-05,2018,N/A,O03010401,MAESTRÍA EN PERIODISMO Y COMUNICACIÓN MULTIMEDIA,Otros,Sin Partner (Propio),Presencial Regular,0,0,0,0,0,0,0,0,0,0,0,0,0,10,57,0,0,0
2018-06,2018,N/A,O03010401,MAESTRÍA EN PERIODISMO Y COMUNICACIÓN MULTIMEDIA,Otros,Sin Partner (Propio),Presencial Regular,0,0,0,0,0,0,0,0,0,0,0,0,0,0,67,0,0,0
2018-07,2018,N/A,O03010401,MAESTRÍA EN PERIODISMO Y COMUNICACIÓN MULTIMEDIA,Otros,Sin Partner (Propio),Presencial Regular,0,0,0,0,0,0,0,0,0,0,0,0,0,0,67,0,0,0
2018-08,2018,N/A,O03010401,MAESTRÍA EN PERIODISMO Y COMUNICACIÓN MULTIMEDIA,Otros,Sin Partner (Propio),Presencial Regular,0,0,0,0,0,0,0,0,0,0,0,0,0,0,67,0,0,0
2018-09,2018,N/A,O03010401,MAESTRÍA EN PERIODISMO Y COMUNICACIÓN MULTIMEDIA,Otros,Sin Partner (Propio),Presencial Regular,0,0,0,0,0,0,0,0,0,0,0,0,0,0,67,0,0,0
2018-10,2018,N/A,O03010401,MAESTRÍA EN PERIODISMO Y COMUNICACIÓN MULTIMEDIA,Otros,Sin Partner (Propio),Presencial Regular,0,0,0,0,0,0,0,0,0,0,0,0,0,0,67,0,0,0
2018-11,2018,N/A,O03010401,MAESTRÍA EN PERIODISMO Y COMUNICACIÓN MULTIMEDIA,Otros,Sin Partner (Propio),Presencial Regular,0,0,0,0,0,0,0,0,0,0,0,0,0,0,67,0,0,0
2018-12,2018,N/A,O03010401,MAESTRÍA EN PERIODISMO Y COMUNICACIÓN MULTIMEDIA,Otros,Sin Partner (Propio),Presencial Regular,0,0,0,0,0,0,0,0,0,0,0,0,0,0,67,0,0,0
2019-01,2019,N/A,O03010401,MAESTRÍA EN PERIODISMO Y COMUNICACIÓN MULTIMEDIA,Otros,Sin Partner (Propio),Presencial Regular,0,0,0,0,0,0,0,0,0,0,0,0,0,0,67,0,0,0
2019-02,2019,N/A,O03010401,MAESTRÍA EN PERIODISMO Y COMUNICACIÓN MULTIMEDIA,Otros,Sin Partner (Propio),Presencial Regular,0,0,0,0,0,0,0,0,0,0,0,0,0,0,67,0,0,0
2019-03,2019,Marzo,O03010401,MAESTRÍA EN PERIODISMO Y COMUNICACIÓN MULTIMEDIA,Otros,Sin Partner (Propio),Presencial Regular,0,44,0,0,0,0,0,0,0,1,0,0,0,0,66,0,0,45
2019-04,2019,Abril,O03010401,MAESTRÍA EN PERIODISMO Y COMUNICACIÓN MULTIMEDIA,Otros,Sin Partner (Propio),Presencial Regular,0,1,0,0,39,39,0,0,0,0,6,0,0,0,66,39,0,40
2019-05,2019,Mayo,O03010401,MAESTRÍA EN PERIODISMO Y COMUNICACIÓN MULTIMEDIA,Otros,Sin Partner (Propio),Presencial Regular,0,0,0,0,36,36,0,0,0,1,4,6,0,0,65,36,0,37
2019-06,2019,Junio,O03010401,MAESTRÍA EN PERIODISMO Y COMUNICACIÓN MULTIMEDIA,Otros,Sin Partner (Propio),Presencial Regular,0,0,0,0,38,37,1,0,0,0,0,3,6,0,65,38,0,38
2019-07,2019,N/A,O03010401,MAESTRÍA EN PERIODISMO Y COMUNICACIÓN MULTIMEDIA,Otros,Sin Partner (Propio),Presencial Regular,0,0,0,0,0,0,0,0,0,0,38,0,9,0,65,0,0,0
2019-08,2019,Agosto,O03010401,MAESTRÍA EN PERIODISMO Y COMUNICACIÓN MULTIMEDIA,Otros,Sin Partner (Propio),Presencial Regular,0,1,0,0,37,0,37,0,0,2,0,1,9,0,63,37,0,40
2019-09,2019,Setiembre,O03010401,MAESTRÍA EN PERIODISMO Y COMUNICACIÓN MULTIMEDIA,Otros,Sin Partner (Propio),Presencial Regular,0,0,0,0,19,19,0,0,0,0,21,0,10,0,63,19,0,19
2019-10,2019,Octubre,O03010401,MAESTRÍA EN PERIODISMO Y COMUNICACIÓN MULTIMEDIA,Otros,Sin Partner (Propio),Presencial Regular,0,0,0,0,20,19,1,0,0,0,0,20,4,6,63,20,0,20
2019-11,2019,Noviembre,O03010401,MAESTRÍA EN PERIODISMO Y COMUNICACIÓN MULTIMEDIA,Otros,Sin Partner (Propio),Presencial Regular,0,0,0,0,20,20,0,0,0,0,0,0,21,9,63,20,0,20
2019-12,2019,N/A,O03010401,MAESTRÍA EN PERIODISMO Y COMUNICACIÓN MULTIMEDIA,Otros,Sin Partner (Propio),Presencial Regular,0,0,0,0,0,0,0,0,0,0,20,0,21,9,63,0,0,0
2020-01,2020,N/A,O03010401,MAESTRÍA EN PERIODISMO Y COMUNICACIÓN MULTIMEDIA,Otros,Sin Partner (Propio),Presencial Regular,0,0,0,0,0,0,0,0,0,0,0,20,20,10,63,0,0,0
2020-02,2020,N/A,O03010401,MAESTRÍA EN PERIODISMO Y COMUNICACIÓN MULTIMEDIA,Otros,Sin Partner (Propio),Presencial Regular,0,0,0,0,0,0,0,0,0,0,0,0,40,10,63,0,0,0
2020-03,2020,Marzo,O03010401,MAESTRÍA EN PERIODISMO Y COMUNICACIÓN MULTIMEDIA,Otros,Sin Partner (Propio),Presencial Regular,0,17,0,0,0,0,0,20,1,0,0,0,0,29,63,0,0,38
2020-04,2020,Abril,O03010401,MAESTRÍA EN PERIODISMO Y COMUNICACIÓN MULTIMEDIA,Otros,Sin Partner (Propio),Presencial Regular,0,0,0,0,20,20,0,0,0,0,18,0,0,23,69,20,0,20
2020-05,2020,Mayo,O03010401,MAESTRÍA EN PERIODISMO Y COMUNICACIÓN MULTIMEDIA,Otros,Sin Partner (Propio),Presencial Regular,0,0,0,0,15,0,15,0,0,0,20,3,0,21,71,15,0,15
2020-06,2020,Junio,O03010401,MAESTRÍA EN PERIODISMO Y COMUNICACIÓN MULTIMEDIA,Otros,Sin Partner (Propio),Presencial Regular,0,0,0,0,20,0,20,0,0,0,15,0,3,21,71,20,0,20
2020-07,2020,Julio,O03010401,MAESTRÍA EN PERIODISMO Y COMUNICACIÓN MULTIMEDIA,Otros,Sin Partner (Propio),Presencial Regular,0,0,0,0,20,20,0,0,0,0,0,15,3,20,72,20,0,20
2020-08,2020,N/A,O03010401,MAESTRÍA EN PERIODISMO Y COMUNICACIÓN MULTIMEDIA,Otros,Sin Partner (Propio),Presencial Regular,0,0,0,0,0,0,0,0,0,0,20,0,18,20,72,0,0,0
2020-09,2020,N/A,O03010401,MAESTRÍA EN PERIODISMO Y COMUNICACIÓN MULTIMEDIA,Otros,Sin Partner (Propio),Presencial Regular,0,0,0,0,0,0,0,0,0,0,0,20,18,0,92,0,0,0
2020-10,2020,N/A,O03010401,MAESTRÍA EN PERIODISMO Y COMUNICACIÓN MULTIMEDIA,Otros,Sin Partner (Propio),Presencial Regular,0,0,0,0,0,0,0,0,0,0,0,0,35,3,92,0,0,0
2020-11,2020,N/A,O03010401,MAESTRÍA EN PERIODISMO Y COMUNICACIÓN MULTIMEDIA,Otros,Sin Partner (Propio),Presencial Regular,0,0,0,0,0,0,0,0,0,0,0,0,35,3,92,0,0,0
2020-12,2020,N/A,O03010401,MAESTRÍA EN PERIODISMO Y COMUNICACIÓN MULTIMEDIA,Otros,Sin Partner (Propio),Presencial Regular,0,0,0,0,0,0,0,0,0,0,0,0,20,18,92,0,0,0
2021-01,2021,N/A,O03010401,MAESTRÍA EN PERIODISMO Y COMUNICACIÓN MULTIMEDIA,Otros,Sin Partner (Propio),Presencial Regular,0,0,0,0,0,0,0,0,0,0,0,0,20,18,92,0,0,0
2021-02,2021,N/A,O03010401,MAESTRÍA EN PERIODISMO Y COMUNICACIÓN MULTIMEDIA,Otros,Sin Partner (Propio),Presencial Regular,0,0,0,0,0,0,0,0,0,0,0,0,0,38,92,0,0,0
2021-03,2021,N/A,O03010401,MAESTRÍA EN PERIODISMO Y COMUNICACIÓN MULTIMEDIA,Otros,Sin Partner (Propio),Presencial Regular,0,0,0,0,0,0,0,0,0,0,0,0,0,38,92,0,0,0
2021-04,2021,N/A,O03010401,MAESTRÍA EN PERIODISMO Y COMUNICACIÓN MULTIMEDIA,Otros,Sin Partner (Propio),Presencial Regular,0,0,0,0,0,0,0,0,0,0,0,0,0,35,95,0,0,0
2021-05,2021,N/A,O03010401,MAESTRÍA EN PERIODISMO Y COMUNICACIÓN MULTIMEDIA,Otros,Sin Partner (Propio),Presencial Regular,0,0,0,0,0,0,0,0,0,0,0,0,0,35,95,0,0,0
2021-06,2021,N/A,O03010401,MAESTRÍA EN PERIODISMO Y COMUNICACIÓN MULTIMEDIA,Otros,Sin Partner (Propio),Presencial Regular,0,0,0,0,0,0,0,0,0,0,0,0,0,20,110,0,0,0
2021-07,2021,N/A,O03010401,MAESTRÍA EN PERIODISMO Y COMUNICACIÓN MULTIMEDIA,Otros,Sin Partner (Propio),Presencial Regular,0,0,0,0,0,0,0,0,0,0,0,0,0,20,110,0,0,0
2021-08,2021,N/A,O03010401,MAESTRÍA EN PERIODISMO Y COMUNICACIÓN MULTIMEDIA,Otros,Sin Partner (Propio),Presencial Regular,0,0,0,0,0,0,0,0,0,0,0,0,0,0,130,0,0,0
2021-09,2021,N/A,O03010401,MAESTRÍA EN PERIODISMO Y COMUNICACIÓN MULTIMEDIA,Otros,Sin Partner (Propio),Presencial Regular,0,0,0,0,0,0,0,0,0,0,0,0,0,0,130,0,0,0
2021-10,2021,N/A,O03010401,MAESTRÍA EN PERIODISMO Y COMUNICACIÓN MULTIMEDIA,Otros,Sin Partner (Propio),Presencial Regular,0,0,0,0,0,0,0,0,0,0,0,0,0,0,130,0,0,0
2021-11,2021,N/A,O03010401,MAESTRÍA EN PERIODISMO Y COMUNICACIÓN MULTIMEDIA,Otros,Sin Partner (Propio),Presencial Regular,0,0,0,0,0,0,0,0,0,0,0,0,0,0,130,0,0,0
2021-12,2021,N/A,O03010401,MAESTRÍA EN PERIODISMO Y COMUNICACIÓN MULTIMEDIA,Otros,Sin Partner (Propio),Presencial Regular,0,0,0,0,0,0,0,0,0,0,0,0,0,0,130,0,0,0
2022-01,2022,N/A,O03010401,MAESTRÍA EN PERIODISMO Y COMUNICACIÓN MULTIMEDIA,Otros,Sin Partner (Propio),Presencial Regular,0,0,0,0,0,0,0,0,0,0,0,0,0,0,130,0,0,0
2022-02,2022,N/A,O03010401,MAESTRÍA EN PERIODISMO Y COMUNICACIÓN MULTIMEDIA,Otros,Sin Partner (Propio),Presencial Regular,0,0,0,0,0,0,0,0,0,0,0,0,0,0,130,0,0,0
2022-03,2022,N/A,O03010401,MAESTRÍA EN PERIODISMO Y COMUNICACIÓN MULTIMEDIA,Otros,Sin Partner (Propio),Presencial Regular,0,0,0,0,0,0,0,0,0,0,0,0,0,0,130,0,0,0
2022-04,2022,N/A,O03010401,MAESTRÍA EN PERIODISMO Y COMUNICACIÓN MULTIMEDIA,Otros,Sin Partner (Propio),Presencial Regular,0,0,0,0,0,0,0,0,0,0,0,0,0,0,130,0,0,0
2022-05,2022,N/A,O03010401,MAESTRÍA EN PERIODISMO Y COMUNICACIÓN MULTIMEDIA,Otros,Sin Partner (Propio),Presencial Regular,0,0,0,0,0,0,0,0,0,0,0,0,0,0,130,0,0,0
2022-06,2022,N/A,O03010401,MAESTRÍA EN PERIODISMO Y COMUNICACIÓN MULTIMEDIA,Otros,Sin Partner (Propio),Presencial Regular,0,0,0,0,0,0,0,0,0,0,0,0,0,0,130,0,0,0
2022-07,2022,N/A,O03010401,MAESTRÍA EN PERIODISMO Y COMUNICACIÓN MULTIMEDIA,Otros,Sin Partner (Propio),Presencial Regular,0,0,0,0,0,0,0,0,0,0,0,0,0,0,130,0,0,0
2022-08,2022,N/A,O03010401,MAESTRÍA EN PERIODISMO Y COMUNICACIÓN MULTIMEDIA,Otros,Sin Partner (Propio),Presencial Regular,0,0,0,0,0,0,0,0,0,0,0,0,0,0,130,0,0,0
2022-09,2022,N/A,O03010401,MAESTRÍA EN PERIODISMO Y COMUNICACIÓN MULTIMEDIA,Otros,Sin Partner (Propio),Presencial Regular,0,0,0,0,0,0,0,0,0,0,0,0,0,0,130,0,0,0
2022-10,2022,N/A,O03010401,MAESTRÍA EN PERIODISMO Y COMUNICACIÓN MULTIMEDIA,Otros,Sin Partner (Propio),Presencial Regular,0,0,0,0,0,0,0,0,0,0,0,0,0,0,130,0,0,0
2022-11,2022,N/A,O03010401,MAESTRÍA EN PERIODISMO Y COMUNICACIÓN MULTIMEDIA,Otros,Sin Partner (Propio),Presencial Regular,0,0,0,0,0,0,0,0,0,0,0,0,0,0,130,0,0,0
2022-12,2022,N/A,O03010401,MAESTRÍA EN PERIODISMO Y COMUNICACIÓN MULTIMEDIA,Otros,Sin Partner (Propio),Presencial Regular,0,0,0,0,0,0,0,0,0,0,0,0,0,0,130,0,0,0
2023-01,2023,N/A,O03010401,MAESTRÍA EN PERIODISMO Y COMUNICACIÓN MULTIMEDIA,Otros,Sin Partner (Propio),Presencial Regular,0,0,0,0,0,0,0,0,0,0,0,0,0,0,130,0,0,0
2023-02,2023,N/A,O03010401,MAESTRÍA EN PERIODISMO Y COMUNICACIÓN MULTIMEDIA,Otros,Sin Partner (Propio),Presencial Regular,0,0,0,0,0,0,0,0,0,0,0,0,0,0,130,0,0,0
2023-03,2023,N/A,O03010401,MAESTRÍA EN PERIODISMO Y COMUNICACIÓN MULTIMEDIA,Otros,Sin Partner (Propio),Presencial Regular,0,0,0,0,0,0,0,0,0,0,0,0,0,0,130,0,0,0
2023-04,2023,N/A,O03010401,MAESTRÍA EN PERIODISMO Y COMUNICACIÓN MULTIMEDIA,Otros,Sin Partner (Propio),Presencial Regular,0,0,0,0,0,0,0,0,0,0,0,0,0,0,130,0,0,0
2023-05,2023,N/A,O03010401,MAESTRÍA EN PERIODISMO Y COMUNICACIÓN MULTIMEDIA,Otros,Sin Partner (Propio),Presencial Regular,0,0,0,0,0,0,0,0,0,0,0,0,0,0,130,0,0,0
2023-06,2023,N/A,O03010401,MAESTRÍA EN PERIODISMO Y COMUNICACIÓN MULTIMEDIA,Otros,Sin Partner (Propio),Presencial Regular,0,0,0,0,0,0,0,0,0,0,0,0,0,0,130,0,0,0
2023-07,2023,N/A,O03010401,MAESTRÍA EN PERIODISMO Y COMUNICACIÓN MULTIMEDIA,Otros,Sin Partner (Propio),Presencial Regular,0,0,0,0,0,0,0,0,0,0,0,0,0,0,130,0,0,0
2023-08,2023,N/A,O03010401,MAESTRÍA EN PERIODISMO Y COMUNICACIÓN MULTIMEDIA,Otros,Sin Partner (Propio),Presencial Regular,0,0,0,0,0,0,0,0,0,0,0,0,0,0,130,0,0,0
2023-09,2023,N/A,O03010401,MAESTRÍA EN PERIODISMO Y COMUNICACIÓN MULTIMEDIA,Otros,Sin Partner (Propio),Presencial Regular,0,0,0,0,0,0,0,0,0,0,0,0,0,0,130,0,0,0
2023-10,2023,N/A,O03010401,MAESTRÍA EN PERIODISMO Y COMUNICACIÓN MULTIMEDIA,Otros,Sin Partner (Propio),Presencial Regular,0,0,0,0,0,0,0,0,0,0,0,0,0,0,130,0,0,0
2023-11,2023,N/A,O03010401,MAESTRÍA EN PERIODISMO Y COMUNICACIÓN MULTIMEDIA,Otros,Sin Partner (Propio),Presencial Regular,0,0,0,0,0,0,0,0,0,0,0,0,0,0,130,0,0,0
2023-12,2023,N/A,O03010401,MAESTRÍA EN PERIODISMO Y COMUNICACIÓN MULTIMEDIA,Otros,Sin Partner (Propio),Presencial Regular,0,0,0,0,0,0,0,0,0,0,0,0,0,0,130,0,0,0
2024-01,2024,N/A,O03010401,MAESTRÍA EN PERIODISMO Y COMUNICACIÓN MULTIMEDIA,Otros,Sin Partner (Propio),Presencial Regular,0,0,0,0,0,0,0,0,0,0,0,0,0,0,130,0,0,0
2024-02,2024,N/A,O03010401,MAESTRÍA EN PERIODISMO Y COMUNICACIÓN MULTIMEDIA,Otros,Sin Partner (Propio),Presencial Regular,0,0,0,0,0,0,0,0,0,0,0,0,0,0,130,0,0,0
2024-03,2024,N/A,O03010401,MAESTRÍA EN PERIODISMO Y COMUNICACIÓN MULTIMEDIA,Otros,Sin Partner (Propio),Presencial Regular,0,0,0,0,0,0,0,0,0,0,0,0,0,0,130,0,0,0
2024-04,2024,N/A,O03010401,MAESTRÍA EN PERIODISMO Y COMUNICACIÓN MULTIMEDIA,Otros,Sin Partner (Propio),Presencial Regular,0,0,0,0,0,0,0,0,0,0,0,0,0,0,130,0,0,0
2024-05,2024,N/A,O03010401,MAESTRÍA EN PERIODISMO Y COMUNICACIÓN MULTIMEDIA,Otros,Sin Partner (Propio),Presencial Regular,0,0,0,0,0,0,0,0,0,0,0,0,0,0,130,0,0,0
2024-06,2024,N/A,O03010401,MAESTRÍA EN PERIODISMO Y COMUNICACIÓN MULTIMEDIA,Otros,Sin Partner (Propio),Presencial Regular,0,0,0,0,0,0,0,0,0,0,0,0,0,0,130,0,0,0
2024-07,2024,N/A,O03010401,MAESTRÍA EN PERIODISMO Y COMUNICACIÓN MULTIMEDIA,Otros,Sin Partner (Propio),Presencial Regular,0,0,0,0,0,0,0,0,0,0,0,0,0,0,130,0,0,0
2024-08,2024,N/A,O03010401,MAESTRÍA EN PERIODISMO Y COMUNICACIÓN MULTIMEDIA,Otros,Sin Partner (Propio),Presencial Regular,0,0,0,0,0,0,0,0,0,0,0,0,0,0,130,0,0,0
2024-09,2024,N/A,O03010401,MAESTRÍA EN PERIODISMO Y COMUNICACIÓN MULTIMEDIA,Otros,Sin Partner (Propio),Presencial Regular,0,0,0,0,0,0,0,0,0,0,0,0,0,0,130,0,0,0
2024-10,2024,N/A,O03010401,MAESTRÍA EN PERIODISMO Y COMUNICACIÓN MULTIMEDIA,Otros,Sin Partner (Propio),Presencial Regular,0,0,0,0,0,0,0,0,0,0,0,0,0,0,130,0,0,0
2024-11,2024,N/A,O03010401,MAESTRÍA EN PERIODISMO Y COMUNICACIÓN MULTIMEDIA,Otros,Sin Partner (Propio),Presencial Regular,0,0,0,0,0,0,0,0,0,0,0,0,0,0,130,0,0,0
2024-12,2024,N/A,O03010401,MAESTRÍA EN PERIODISMO Y COMUNICACIÓN MULTIMEDIA,Otros,Sin Partner (Propio),Presencial Regular,0,0,0,0,0,0,0,0,0,0,0,0,0,0,130,0,0,0
2025-01,2025,N/A,O03010401,MAESTRÍA EN PERIODISMO Y COMUNICACIÓN MULTIMEDIA,Otros,Sin Partner (Propio),Presencial Regular,0,0,0,0,0,0,0,0,0,0,0,0,0,0,130,0,0,0
2025-02,2025,N/A,O03010401,MAESTRÍA EN PERIODISMO Y COMUNICACIÓN MULTIMEDIA,Otros,Sin Partner (Propio),Presencial Regular,0,0,0,0,0,0,0,0,0,0,0,0,0,0,130,0,0,0
2025-03,2025,N/A,O03010401,MAESTRÍA EN PERIODISMO Y COMUNICACIÓN MULTIMEDIA,Otros,Sin Partner (Propio),Presencial Regular,0,0,0,0,0,0,0,0,0,0,0,0,0,0,130,0,0,0
2025-04,2025,N/A,O03010401,MAESTRÍA EN PERIODISMO Y COMUNICACIÓN MULTIMEDIA,Otros,Sin Partner (Propio),Presencial Regular,0,0,0,0,0,0,0,0,0,0,0,0,0,0,130,0,0,0
2025-05,2025,N/A,O03010401,MAESTRÍA EN PERIODISMO Y COMUNICACIÓN MULTIMEDIA,Otros,Sin Partner (Propio),Presencial Regular,0,0,0,0,0,0,0,0,0,0,0,0,0,0,130,0,0,0
2025-06,2025,N/A,O03010401,MAESTRÍA EN PERIODISMO Y COMUNICACIÓN MULTIMEDIA,Otros,Sin Partner (Propio),Presencial Regular,0,0,0,0,0,0,0,0,0,0,0,0,0,0,130,0,0,0
2025-07,2025,N/A,O03010401,MAESTRÍA EN PERIODISMO Y COMUNICACIÓN MULTIMEDIA,Otros,Sin Partner (Propio),Presencial Regular,0,0,0,0,0,0,0,0,0,0,0,0,0,0,130,0,0,0
2025-08,2025,N/A,O03010401,MAESTRÍA EN PERIODISMO Y COMUNICACIÓN MULTIMEDIA,Otros,Sin Partner (Propio),Presencial Regular,0,0,0,0,0,0,0,0,0,0,0,0,0,0,130,0,0,0
2025-09,2025,N/A,O03010401,MAESTRÍA EN PERIODISMO Y COMUNICACIÓN MULTIMEDIA,Otros,Sin Partner (Propio),Presencial Regular,0,0,0,0,0,0,0,0,0,0,0,0,0,0,130,0,0,0
2025-10,2025,N/A,O03010401,MAESTRÍA EN PERIODISMO Y COMUNICACIÓN MULTIMEDIA,Otros,Sin Partner (Propio),Presencial Regular,0,0,0,0,0,0,0,0,0,0,0,0,0,0,130,0,0,0
2025-11,2025,N/A,O03010401,MAESTRÍA EN PERIODISMO Y COMUNICACIÓN MULTIMEDIA,Otros,Sin Partner (Propio),Presencial Regular,0,0,0,0,0,0,0,0,0,0,0,0,0,0,130,0,0,0
2025-12,2025,N/A,O03010401,MAESTRÍA EN PERIODISMO Y COMUNICACIÓN MULTIMEDIA,Otros,Sin Partner (Propio),Presencial Regular,0,0,0,0,0,0,0,0,0,0,0,0,0,0,130,0,0,0
2026-01,2026,N/A,O03010401,MAESTRÍA EN PERIODISMO Y COMUNICACIÓN MULTIMEDIA,Otros,Sin Partner (Propio),Presencial Regular,0,0,0,0,0,0,0,0,0,0,0,0,0,0,130,0,0,0
2026-02,2026,N/A,O03010401,MAESTRÍA EN PERIODISMO Y COMUNICACIÓN MULTIMEDIA,Otros,Sin Partner (Propio),Presencial Regular,0,0,0,0,0,0,0,0,0,0,0,0,0,0,130,0,0,0
2026-03,2026,N/A,O03010401,MAESTRÍA EN PERIODISMO Y COMUNICACIÓN MULTIMEDIA,Otros,Sin Partner (Propio),Presencial Regular,0,0,0,0,0,0,0,0,0,0,0,0,0,0,130,0,0,0
2026-04,2026,N/A,O03010401,MAESTRÍA EN PERIODISMO Y COMUNICACIÓN MULTIMEDIA,Otros,Sin Partner (Propio),Presencial Regular,0,0,0,0,0,0,0,0,0,0,0,0,0,0,130,0,0,0
2026-05,2026,N/A,O03010401,MAESTRÍA EN PERIODISMO Y COMUNICACIÓN MULTIMEDIA,Otros,Sin Partner (Propio),Presencial Regular,0,0,0,0,0,0,0,0,0,0,0,0,0,0,130,0,0,0
2026-06,2026,N/A,O03010401,MAESTRÍA EN PERIODISMO Y COMUNICACIÓN MULTIMEDIA,Otros,Sin Partner (Propio),Presencial Regular,0,0,0,0,0,0,0,0,0,0,0,0,0,0,130,0,0,0
2026-07,2026,N/A,O03010401,MAESTRÍA EN PERIODISMO Y COMUNICACIÓN MULTIMEDIA,Otros,Sin Partner (Propio),Presencial Regular,0,0,0,0,0,0,0,0,0,0,0,0,0,0,130,0,0,0
2017-04,2017,Abril,O03010501,MAESTRÍA EN RELACIONES PÚBLICAS,Otros,Sin Partner (Propio),Presencial Regular,0,50,0,0,0,0,0,0,0,0,0,0,0,0,0,0,0,50
2017-05,2017,Mayo,O03010501,MAESTRÍA EN RELACIONES PÚBLICAS,Otros,Sin Partner (Propio),Presencial Regular,0,9,0,0,0,0,0,0,0,0,50,0,0,0,0,0,0,9
2017-06,2017,N/A,O03010501,MAESTRÍA EN RELACIONES PÚBLICAS,Otros,Sin Partner (Propio),Presencial Regular,0,0,0,0,0,0,0,0,0,0,9,50,0,0,0,0,0,0
2017-07,2017,N/A,O03010501,MAESTRÍA EN RELACIONES PÚBLICAS,Otros,Sin Partner (Propio),Presencial Regular,0,0,0,0,0,0,0,0,0,0,0,9,50,0,0,0,0,0
2017-08,2017,N/A,O03010501,MAESTRÍA EN RELACIONES PÚBLICAS,Otros,Sin Partner (Propio),Presencial Regular,0,0,0,0,0,0,0,0,0,0,0,0,59,0,0,0,0,0
2017-09,2017,N/A,O03010501,MAESTRÍA EN RELACIONES PÚBLICAS,Otros,Sin Partner (Propio),Presencial Regular,0,0,0,0,0,0,0,0,0,0,0,0,59,0,0,0,0,0
2017-10,2017,N/A,O03010501,MAESTRÍA EN RELACIONES PÚBLICAS,Otros,Sin Partner (Propio),Presencial Regular,0,0,0,0,0,0,0,0,0,0,0,0,59,0,0,0,0,0
2017-11,2017,N/A,O03010501,MAESTRÍA EN RELACIONES PÚBLICAS,Otros,Sin Partner (Propio),Presencial Regular,0,0,0,0,0,0,0,0,0,0,0,0,9,50,0,0,0,0
2017-12,2017,N/A,O03010501,MAESTRÍA EN RELACIONES PÚBLICAS,Otros,Sin Partner (Propio),Presencial Regular,0,0,0,0,0,0,0,0,0,0,0,0,0,59,0,0,0,0
2018-01,2018,N/A,O03010501,MAESTRÍA EN RELACIONES PÚBLICAS,Otros,Sin Partner (Propio),Presencial Regular,0,0,0,0,0,0,0,0,0,0,0,0,0,59,0,0,0,0
2018-02,2018,N/A,O03010501,MAESTRÍA EN RELACIONES PÚBLICAS,Otros,Sin Partner (Propio),Presencial Regular,0,0,0,0,0,0,0,0,0,0,0,0,0,59,0,0,0,0
2018-03,2018,N/A,O03010501,MAESTRÍA EN RELACIONES PÚBLICAS,Otros,Sin Partner (Propio),Presencial Regular,0,0,0,0,0,0,0,0,0,0,0,0,0,59,0,0,0,0
2018-04,2018,N/A,O03010501,MAESTRÍA EN RELACIONES PÚBLICAS,Otros,Sin Partner (Propio),Presencial Regular,0,0,0,0,0,0,0,0,0,0,0,0,0,59,0,0,0,0
2018-05,2018,N/A,O03010501,MAESTRÍA EN RELACIONES PÚBLICAS,Otros,Sin Partner (Propio),Presencial Regular,0,0,0,0,0,0,0,0,0,0,0,0,0,9,50,0,0,0
2018-06,2018,N/A,O03010501,MAESTRÍA EN RELACIONES PÚBLICAS,Otros,Sin Partner (Propio),Presencial Regular,0,0,0,0,0,0,0,0,0,0,0,0,0,0,59,0,0,0
2018-07,2018,N/A,O03010501,MAESTRÍA EN RELACIONES PÚBLICAS,Otros,Sin Partner (Propio),Presencial Regular,0,0,0,0,0,0,0,0,0,0,0,0,0,0,59,0,0,0
2018-08,2018,N/A,O03010501,MAESTRÍA EN RELACIONES PÚBLICAS,Otros,Sin Partner (Propio),Presencial Regular,0,0,0,0,0,0,0,0,0,0,0,0,0,0,59,0,0,0
2018-09,2018,N/A,O03010501,MAESTRÍA EN RELACIONES PÚBLICAS,Otros,Sin Partner (Propio),Presencial Regular,0,0,0,0,0,0,0,0,0,0,0,0,0,0,59,0,0,0
2018-10,2018,N/A,O03010501,MAESTRÍA EN RELACIONES PÚBLICAS,Otros,Sin Partner (Propio),Presencial Regular,0,0,0,0,0,0,0,0,0,0,0,0,0,0,59,0,0,0
2018-11,2018,N/A,O03010501,MAESTRÍA EN RELACIONES PÚBLICAS,Otros,Sin Partner (Propio),Presencial Regular,0,0,0,0,0,0,0,0,0,0,0,0,0,0,59,0,0,0
2018-12,2018,N/A,O03010501,MAESTRÍA EN RELACIONES PÚBLICAS,Otros,Sin Partner (Propio),Presencial Regular,0,0,0,0,0,0,0,0,0,0,0,0,0,0,59,0,0,0
2019-01,2019,N/A,O03010501,MAESTRÍA EN RELACIONES PÚBLICAS,Otros,Sin Partner (Propio),Presencial Regular,0,0,0,0,0,0,0,0,0,0,0,0,0,0,59,0,0,0
2019-02,2019,N/A,O03010501,MAESTRÍA EN RELACIONES PÚBLICAS,Otros,Sin Partner (Propio),Presencial Regular,0,0,0,0,0,0,0,0,0,0,0,0,0,0,59,0,0,0
2019-03,2019,Marzo,O03010501,MAESTRÍA EN RELACIONES PÚBLICAS,Otros,Sin Partner (Propio),Presencial Regular,0,41,0,0,0,0,0,0,0,1,0,0,0,0,58,0,0,42
2019-04,2019,Abril,O03010501,MAESTRÍA EN RELACIONES PÚBLICAS,Otros,Sin Partner (Propio),Presencial Regular,0,1,0,0,42,42,0,0,0,0,0,0,0,0,58,42,0,43
2019-05,2019,Mayo,O03010501,MAESTRÍA EN RELACIONES PÚBLICAS,Otros,Sin Partner (Propio),Presencial Regular,0,0,0,0,42,42,0,0,0,0,1,0,0,0,58,42,0,42
2019-06,2019,Junio,O03010501,MAESTRÍA EN RELACIONES PÚBLICAS,Otros,Sin Partner (Propio),Presencial Regular,0,0,0,0,42,42,0,0,0,0,0,1,0,0,58,42,0,42
2019-07,2019,N/A,O03010501,MAESTRÍA EN RELACIONES PÚBLICAS,Otros,Sin Partner (Propio),Presencial Regular,0,0,0,0,0,0,0,0,0,0,42,0,1,0,58,0,0,0
2019-08,2019,Agosto,O03010501,MAESTRÍA EN RELACIONES PÚBLICAS,Otros,Sin Partner (Propio),Presencial Regular,0,2,0,0,42,0,42,0,0,2,0,0,1,0,56,42,0,46
2019-09,2019,Setiembre,O03010501,MAESTRÍA EN RELACIONES PÚBLICAS,Otros,Sin Partner (Propio),Presencial Regular,0,0,0,0,18,18,0,0,0,0,28,0,1,0,56,18,0,18
2019-10,2019,Octubre,O03010501,MAESTRÍA EN RELACIONES PÚBLICAS,Otros,Sin Partner (Propio),Presencial Regular,0,0,0,0,18,17,1,0,0,0,1,27,1,0,56,18,0,18
2019-11,2019,N/A,O03010501,MAESTRÍA EN RELACIONES PÚBLICAS,Otros,Sin Partner (Propio),Presencial Regular,0,0,0,0,0,0,0,0,0,0,18,1,27,1,56,0,0,0
2019-12,2019,N/A,O03010501,MAESTRÍA EN RELACIONES PÚBLICAS,Otros,Sin Partner (Propio),Presencial Regular,0,0,0,0,0,0,0,0,0,0,0,18,28,1,56,0,0,0
2020-01,2020,N/A,O03010501,MAESTRÍA EN RELACIONES PÚBLICAS,Otros,Sin Partner (Propio),Presencial Regular,0,0,0,0,0,0,0,0,0,0,0,0,46,1,56,0,0,0
2020-02,2020,N/A,O03010501,MAESTRÍA EN RELACIONES PÚBLICAS,Otros,Sin Partner (Propio),Presencial Regular,0,0,0,0,0,0,0,0,0,0,0,0,46,1,56,0,0,0
2020-03,2020,Marzo,O03010501,MAESTRÍA EN RELACIONES PÚBLICAS,Otros,Sin Partner (Propio),Presencial Regular,0,13,0,0,0,0,0,17,0,0,0,0,2,28,56,0,0,30
2020-04,2020,Abril,O03010501,MAESTRÍA EN RELACIONES PÚBLICAS,Otros,Sin Partner (Propio),Presencial Regular,0,0,0,0,17,17,0,1,0,0,13,0,0,29,56,17,0,18
2020-05,2020,Mayo,O03010501,MAESTRÍA EN RELACIONES PÚBLICAS,Otros,Sin Partner (Propio),Presencial Regular,0,0,0,0,23,16,7,0,0,0,2,6,0,28,57,23,0,23
2020-06,2020,Junio,O03010501,MAESTRÍA EN RELACIONES PÚBLICAS,Otros,Sin Partner (Propio),Presencial Regular,0,0,0,0,1,1,0,0,0,0,22,2,6,28,57,1,0,1
2020-07,2020,Julio,O03010501,MAESTRÍA EN RELACIONES PÚBLICAS,Otros,Sin Partner (Propio),Presencial Regular,0,0,0,0,17,1,16,1,0,0,0,6,7,28,57,17,0,18
2020-08,2020,N/A,O03010501,MAESTRÍA EN RELACIONES PÚBLICAS,Otros,Sin Partner (Propio),Presencial Regular,0,0,0,0,0,0,0,0,0,0,18,0,13,28,57,0,0,0
2020-09,2020,N/A,O03010501,MAESTRÍA EN RELACIONES PÚBLICAS,Otros,Sin Partner (Propio),Presencial Regular,0,0,0,0,0,0,0,0,0,0,0,18,13,1,84,0,0,0
2020-10,2020,N/A,O03010501,MAESTRÍA EN RELACIONES PÚBLICAS,Otros,Sin Partner (Propio),Presencial Regular,0,0,0,0,0,0,0,0,0,0,0,0,25,6,85,0,0,0
2020-11,2020,N/A,O03010501,MAESTRÍA EN RELACIONES PÚBLICAS,Otros,Sin Partner (Propio),Presencial Regular,0,0,0,0,0,0,0,0,0,0,0,0,24,7,85,0,0,0
2020-12,2020,N/A,O03010501,MAESTRÍA EN RELACIONES PÚBLICAS,Otros,Sin Partner (Propio),Presencial Regular,0,0,0,0,0,0,0,0,0,0,0,0,18,13,85,0,0,0
2021-01,2021,N/A,O03010501,MAESTRÍA EN RELACIONES PÚBLICAS,Otros,Sin Partner (Propio),Presencial Regular,0,0,0,0,0,0,0,0,0,0,0,0,18,13,85,0,0,0
2021-02,2021,N/A,O03010501,MAESTRÍA EN RELACIONES PÚBLICAS,Otros,Sin Partner (Propio),Presencial Regular,0,0,0,0,0,0,0,0,0,0,0,0,0,31,85,0,0,0
2021-03,2021,N/A,O03010501,MAESTRÍA EN RELACIONES PÚBLICAS,Otros,Sin Partner (Propio),Presencial Regular,0,0,0,0,0,0,0,0,0,0,0,0,0,31,85,0,0,0
2021-04,2021,N/A,O03010501,MAESTRÍA EN RELACIONES PÚBLICAS,Otros,Sin Partner (Propio),Presencial Regular,0,0,0,0,0,0,0,0,0,0,0,0,0,25,91,0,0,0
2021-05,2021,N/A,O03010501,MAESTRÍA EN RELACIONES PÚBLICAS,Otros,Sin Partner (Propio),Presencial Regular,0,0,0,0,0,0,0,0,0,0,0,0,0,24,92,0,0,0
2021-06,2021,N/A,O03010501,MAESTRÍA EN RELACIONES PÚBLICAS,Otros,Sin Partner (Propio),Presencial Regular,0,0,0,0,0,0,0,0,0,0,0,0,0,18,98,0,0,0
2021-07,2021,N/A,O03010501,MAESTRÍA EN RELACIONES PÚBLICAS,Otros,Sin Partner (Propio),Presencial Regular,0,0,0,0,0,0,0,0,0,0,0,0,0,18,98,0,0,0
2021-08,2021,N/A,O03010501,MAESTRÍA EN RELACIONES PÚBLICAS,Otros,Sin Partner (Propio),Presencial Regular,0,0,0,0,0,0,0,0,0,0,0,0,0,0,116,0,0,0
2021-09,2021,N/A,O03010501,MAESTRÍA EN RELACIONES PÚBLICAS,Otros,Sin Partner (Propio),Presencial Regular,0,0,0,0,0,0,0,0,0,0,0,0,0,0,116,0,0,0
2021-10,2021,N/A,O03010501,MAESTRÍA EN RELACIONES PÚBLICAS,Otros,Sin Partner (Propio),Presencial Regular,0,0,0,0,0,0,0,0,0,0,0,0,0,0,116,0,0,0
2021-11,2021,N/A,O03010501,MAESTRÍA EN RELACIONES PÚBLICAS,Otros,Sin Partner (Propio),Presencial Regular,0,0,0,0,0,0,0,0,0,0,0,0,0,0,116,0,0,0
2021-12,2021,N/A,O03010501,MAESTRÍA EN RELACIONES PÚBLICAS,Otros,Sin Partner (Propio),Presencial Regular,0,0,0,0,0,0,0,0,0,0,0,0,0,0,116,0,0,0
2022-01,2022,N/A,O03010501,MAESTRÍA EN RELACIONES PÚBLICAS,Otros,Sin Partner (Propio),Presencial Regular,0,0,0,0,0,0,0,0,0,0,0,0,0,0,116,0,0,0
2022-02,2022,N/A,O03010501,MAESTRÍA EN RELACIONES PÚBLICAS,Otros,Sin Partner (Propio),Presencial Regular,0,0,0,0,0,0,0,0,0,0,0,0,0,0,116,0,0,0
2022-03,2022,N/A,O03010501,MAESTRÍA EN RELACIONES PÚBLICAS,Otros,Sin Partner (Propio),Presencial Regular,0,0,0,0,0,0,0,0,0,0,0,0,0,0,116,0,0,0
2022-04,2022,N/A,O03010501,MAESTRÍA EN RELACIONES PÚBLICAS,Otros,Sin Partner (Propio),Presencial Regular,0,0,0,0,0,0,0,0,0,0,0,0,0,0,116,0,0,0
2022-05,2022,N/A,O03010501,MAESTRÍA EN RELACIONES PÚBLICAS,Otros,Sin Partner (Propio),Presencial Regular,0,0,0,0,0,0,0,0,0,0,0,0,0,0,116,0,0,0
2022-06,2022,N/A,O03010501,MAESTRÍA EN RELACIONES PÚBLICAS,Otros,Sin Partner (Propio),Presencial Regular,0,0,0,0,0,0,0,0,0,0,0,0,0,0,116,0,0,0
2022-07,2022,N/A,O03010501,MAESTRÍA EN RELACIONES PÚBLICAS,Otros,Sin Partner (Propio),Presencial Regular,0,0,0,0,0,0,0,0,0,0,0,0,0,0,116,0,0,0
2022-08,2022,N/A,O03010501,MAESTRÍA EN RELACIONES PÚBLICAS,Otros,Sin Partner (Propio),Presencial Regular,0,0,0,0,0,0,0,0,0,0,0,0,0,0,116,0,0,0
2022-09,2022,N/A,O03010501,MAESTRÍA EN RELACIONES PÚBLICAS,Otros,Sin Partner (Propio),Presencial Regular,0,0,0,0,0,0,0,0,0,0,0,0,0,0,116,0,0,0
2022-10,2022,N/A,O03010501,MAESTRÍA EN RELACIONES PÚBLICAS,Otros,Sin Partner (Propio),Presencial Regular,0,0,0,0,0,0,0,0,0,0,0,0,0,0,116,0,0,0
2022-11,2022,N/A,O03010501,MAESTRÍA EN RELACIONES PÚBLICAS,Otros,Sin Partner (Propio),Presencial Regular,0,0,0,0,0,0,0,0,0,0,0,0,0,0,116,0,0,0
2022-12,2022,N/A,O03010501,MAESTRÍA EN RELACIONES PÚBLICAS,Otros,Sin Partner (Propio),Presencial Regular,0,0,0,0,0,0,0,0,0,0,0,0,0,0,116,0,0,0
2023-01,2023,N/A,O03010501,MAESTRÍA EN RELACIONES PÚBLICAS,Otros,Sin Partner (Propio),Presencial Regular,0,0,0,0,0,0,0,0,0,0,0,0,0,0,116,0,0,0
2023-02,2023,N/A,O03010501,MAESTRÍA EN RELACIONES PÚBLICAS,Otros,Sin Partner (Propio),Presencial Regular,0,0,0,0,0,0,0,0,0,0,0,0,0,0,116,0,0,0
2023-03,2023,N/A,O03010501,MAESTRÍA EN RELACIONES PÚBLICAS,Otros,Sin Partner (Propio),Presencial Regular,0,0,0,0,0,0,0,0,0,0,0,0,0,0,116,0,0,0
2023-04,2023,N/A,O03010501,MAESTRÍA EN RELACIONES PÚBLICAS,Otros,Sin Partner (Propio),Presencial Regular,0,0,0,0,0,0,0,0,0,0,0,0,0,0,116,0,0,0
2023-05,2023,N/A,O03010501,MAESTRÍA EN RELACIONES PÚBLICAS,Otros,Sin Partner (Propio),Presencial Regular,0,0,0,0,0,0,0,0,0,0,0,0,0,0,116,0,0,0
2023-06,2023,N/A,O03010501,MAESTRÍA EN RELACIONES PÚBLICAS,Otros,Sin Partner (Propio),Presencial Regular,0,0,0,0,0,0,0,0,0,0,0,0,0,0,116,0,0,0
2023-07,2023,N/A,O03010501,MAESTRÍA EN RELACIONES PÚBLICAS,Otros,Sin Partner (Propio),Presencial Regular,0,0,0,0,0,0,0,0,0,0,0,0,0,0,116,0,0,0
2023-08,2023,N/A,O03010501,MAESTRÍA EN RELACIONES PÚBLICAS,Otros,Sin Partner (Propio),Presencial Regular,0,0,0,0,0,0,0,0,0,0,0,0,0,0,116,0,0,0
2023-09,2023,N/A,O03010501,MAESTRÍA EN RELACIONES PÚBLICAS,Otros,Sin Partner (Propio),Presencial Regular,0,0,0,0,0,0,0,0,0,0,0,0,0,0,116,0,0,0
2023-10,2023,N/A,O03010501,MAESTRÍA EN RELACIONES PÚBLICAS,Otros,Sin Partner (Propio),Presencial Regular,0,0,0,0,0,0,0,0,0,0,0,0,0,0,116,0,0,0
2023-11,2023,N/A,O03010501,MAESTRÍA EN RELACIONES PÚBLICAS,Otros,Sin Partner (Propio),Presencial Regular,0,0,0,0,0,0,0,0,0,0,0,0,0,0,116,0,0,0
2023-12,2023,N/A,O03010501,MAESTRÍA EN RELACIONES PÚBLICAS,Otros,Sin Partner (Propio),Presencial Regular,0,0,0,0,0,0,0,0,0,0,0,0,0,0,116,0,0,0
2024-01,2024,N/A,O03010501,MAESTRÍA EN RELACIONES PÚBLICAS,Otros,Sin Partner (Propio),Presencial Regular,0,0,0,0,0,0,0,0,0,0,0,0,0,0,116,0,0,0
2024-02,2024,N/A,O03010501,MAESTRÍA EN RELACIONES PÚBLICAS,Otros,Sin Partner (Propio),Presencial Regular,0,0,0,0,0,0,0,0,0,0,0,0,0,0,116,0,0,0
2024-03,2024,N/A,O03010501,MAESTRÍA EN RELACIONES PÚBLICAS,Otros,Sin Partner (Propio),Presencial Regular,0,0,0,0,0,0,0,0,0,0,0,0,0,0,116,0,0,0
2024-04,2024,N/A,O03010501,MAESTRÍA EN RELACIONES PÚBLICAS,Otros,Sin Partner (Propio),Presencial Regular,0,0,0,0,0,0,0,0,0,0,0,0,0,0,116,0,0,0
2024-05,2024,N/A,O03010501,MAESTRÍA EN RELACIONES PÚBLICAS,Otros,Sin Partner (Propio),Presencial Regular,0,0,0,0,0,0,0,0,0,0,0,0,0,0,116,0,0,0
2024-06,2024,N/A,O03010501,MAESTRÍA EN RELACIONES PÚBLICAS,Otros,Sin Partner (Propio),Presencial Regular,0,0,0,0,0,0,0,0,0,0,0,0,0,0,116,0,0,0
2024-07,2024,N/A,O03010501,MAESTRÍA EN RELACIONES PÚBLICAS,Otros,Sin Partner (Propio),Presencial Regular,0,0,0,0,0,0,0,0,0,0,0,0,0,0,116,0,0,0
2024-08,2024,N/A,O03010501,MAESTRÍA EN RELACIONES PÚBLICAS,Otros,Sin Partner (Propio),Presencial Regular,0,0,0,0,0,0,0,0,0,0,0,0,0,0,116,0,0,0
2024-09,2024,N/A,O03010501,MAESTRÍA EN RELACIONES PÚBLICAS,Otros,Sin Partner (Propio),Presencial Regular,0,0,0,0,0,0,0,0,0,0,0,0,0,0,116,0,0,0
2024-10,2024,N/A,O03010501,MAESTRÍA EN RELACIONES PÚBLICAS,Otros,Sin Partner (Propio),Presencial Regular,0,0,0,0,0,0,0,0,0,0,0,0,0,0,116,0,0,0
2024-11,2024,N/A,O03010501,MAESTRÍA EN RELACIONES PÚBLICAS,Otros,Sin Partner (Propio),Presencial Regular,0,0,0,0,0,0,0,0,0,0,0,0,0,0,116,0,0,0
2024-12,2024,N/A,O03010501,MAESTRÍA EN RELACIONES PÚBLICAS,Otros,Sin Partner (Propio),Presencial Regular,0,0,0,0,0,0,0,0,0,0,0,0,0,0,116,0,0,0
2025-01,2025,N/A,O03010501,MAESTRÍA EN RELACIONES PÚBLICAS,Otros,Sin Partner (Propio),Presencial Regular,0,0,0,0,0,0,0,0,0,0,0,0,0,0,116,0,0,0
2025-02,2025,N/A,O03010501,MAESTRÍA EN RELACIONES PÚBLICAS,Otros,Sin Partner (Propio),Presencial Regular,0,0,0,0,0,0,0,0,0,0,0,0,0,0,116,0,0,0
2025-03,2025,N/A,O03010501,MAESTRÍA EN RELACIONES PÚBLICAS,Otros,Sin Partner (Propio),Presencial Regular,0,0,0,0,0,0,0,0,0,0,0,0,0,0,116,0,0,0
2025-04,2025,N/A,O03010501,MAESTRÍA EN RELACIONES PÚBLICAS,Otros,Sin Partner (Propio),Presencial Regular,0,0,0,0,0,0,0,0,0,0,0,0,0,0,116,0,0,0
2025-05,2025,N/A,O03010501,MAESTRÍA EN RELACIONES PÚBLICAS,Otros,Sin Partner (Propio),Presencial Regular,0,0,0,0,0,0,0,0,0,0,0,0,0,0,116,0,0,0
2025-06,2025,N/A,O03010501,MAESTRÍA EN RELACIONES PÚBLICAS,Otros,Sin Partner (Propio),Presencial Regular,0,0,0,0,0,0,0,0,0,0,0,0,0,0,116,0,0,0
2025-07,2025,N/A,O03010501,MAESTRÍA EN RELACIONES PÚBLICAS,Otros,Sin Partner (Propio),Presencial Regular,0,0,0,0,0,0,0,0,0,0,0,0,0,0,116,0,0,0
2025-08,2025,N/A,O03010501,MAESTRÍA EN RELACIONES PÚBLICAS,Otros,Sin Partner (Propio),Presencial Regular,0,0,0,0,0,0,0,0,0,0,0,0,0,0,116,0,0,0
2025-09,2025,N/A,O03010501,MAESTRÍA EN RELACIONES PÚBLICAS,Otros,Sin Partner (Propio),Presencial Regular,0,0,0,0,0,0,0,0,0,0,0,0,0,0,116,0,0,0
2025-10,2025,N/A,O03010501,MAESTRÍA EN RELACIONES PÚBLICAS,Otros,Sin Partner (Propio),Presencial Regular,0,0,0,0,0,0,0,0,0,0,0,0,0,0,116,0,0,0
2025-11,2025,N/A,O03010501,MAESTRÍA EN RELACIONES PÚBLICAS,Otros,Sin Partner (Propio),Presencial Regular,0,0,0,0,0,0,0,0,0,0,0,0,0,0,116,0,0,0
2025-12,2025,N/A,O03010501,MAESTRÍA EN RELACIONES PÚBLICAS,Otros,Sin Partner (Propio),Presencial Regular,0,0,0,0,0,0,0,0,0,0,0,0,0,0,116,0,0,0
2026-01,2026,N/A,O03010501,MAESTRÍA EN RELACIONES PÚBLICAS,Otros,Sin Partner (Propio),Presencial Regular,0,0,0,0,0,0,0,0,0,0,0,0,0,0,116,0,0,0
2026-02,2026,N/A,O03010501,MAESTRÍA EN RELACIONES PÚBLICAS,Otros,Sin Partner (Propio),Presencial Regular,0,0,0,0,0,0,0,0,0,0,0,0,0,0,116,0,0,0
2026-03,2026,N/A,O03010501,MAESTRÍA EN RELACIONES PÚBLICAS,Otros,Sin Partner (Propio),Presencial Regular,0,0,0,0,0,0,0,0,0,0,0,0,0,0,116,0,0,0
2026-04,2026,N/A,O03010501,MAESTRÍA EN RELACIONES PÚBLICAS,Otros,Sin Partner (Propio),Presencial Regular,0,0,0,0,0,0,0,0,0,0,0,0,0,0,116,0,0,0
2026-05,2026,N/A,O03010501,MAESTRÍA EN RELACIONES PÚBLICAS,Otros,Sin Partner (Propio),Presencial Regular,0,0,0,0,0,0,0,0,0,0,0,0,0,0,116,0,0,0
2026-06,2026,N/A,O03010501,MAESTRÍA EN RELACIONES PÚBLICAS,Otros,Sin Partner (Propio),Presencial Regular,0,0,0,0,0,0,0,0,0,0,0,0,0,0,116,0,0,0
2026-07,2026,N/A,O03010501,MAESTRÍA EN RELACIONES PÚBLICAS,Otros,Sin Partner (Propio),Presencial Regular,0,0,0,0,0,0,0,0,0,0,0,0,0,0,116,0,0,0
2017-04,2017,Abril,O03012101,"MAESTRÍA EN POBLACIÓN, COMUNICACIÓN Y DESARROLLO SUSTENTABLE",Otros,Sin Partner (Propio),Presencial Regular,0,41,0,0,0,0,0,0,0,0,0,0,0,0,0,0,0,41
2017-05,2017,N/A,O03012101,"MAESTRÍA EN POBLACIÓN, COMUNICACIÓN Y DESARROLLO SUSTENTABLE",Otros,Sin Partner (Propio),Presencial Regular,0,0,0,0,0,0,0,0,0,0,41,0,0,0,0,0,0,0
2017-06,2017,N/A,O03012101,"MAESTRÍA EN POBLACIÓN, COMUNICACIÓN Y DESARROLLO SUSTENTABLE",Otros,Sin Partner (Propio),Presencial Regular,0,0,0,0,0,0,0,0,0,0,0,41,0,0,0,0,0,0
2017-07,2017,N/A,O03012101,"MAESTRÍA EN POBLACIÓN, COMUNICACIÓN Y DESARROLLO SUSTENTABLE",Otros,Sin Partner (Propio),Presencial Regular,0,0,0,0,0,0,0,0,0,0,0,0,41,0,0,0,0,0
2017-08,2017,N/A,O03012101,"MAESTRÍA EN POBLACIÓN, COMUNICACIÓN Y DESARROLLO SUSTENTABLE",Otros,Sin Partner (Propio),Presencial Regular,0,0,0,0,0,0,0,0,0,0,0,0,41,0,0,0,0,0
2017-09,2017,N/A,O03012101,"MAESTRÍA EN POBLACIÓN, COMUNICACIÓN Y DESARROLLO SUSTENTABLE",Otros,Sin Partner (Propio),Presencial Regular,0,0,0,0,0,0,0,0,0,0,0,0,41,0,0,0,0,0
2017-10,2017,N/A,O03012101,"MAESTRÍA EN POBLACIÓN, COMUNICACIÓN Y DESARROLLO SUSTENTABLE",Otros,Sin Partner (Propio),Presencial Regular,0,0,0,0,0,0,0,0,0,0,0,0,41,0,0,0,0,0
2017-11,2017,N/A,O03012101,"MAESTRÍA EN POBLACIÓN, COMUNICACIÓN Y DESARROLLO SUSTENTABLE",Otros,Sin Partner (Propio),Presencial Regular,0,0,0,0,0,0,0,0,0,0,0,0,0,41,0,0,0,0
2017-12,2017,N/A,O03012101,"MAESTRÍA EN POBLACIÓN, COMUNICACIÓN Y DESARROLLO SUSTENTABLE",Otros,Sin Partner (Propio),Presencial Regular,0,0,0,0,0,0,0,0,0,0,0,0,0,41,0,0,0,0
2018-01,2018,N/A,O03012101,"MAESTRÍA EN POBLACIÓN, COMUNICACIÓN Y DESARROLLO SUSTENTABLE",Otros,Sin Partner (Propio),Presencial Regular,0,0,0,0,0,0,0,0,0,0,0,0,0,41,0,0,0,0
2018-02,2018,N/A,O03012101,"MAESTRÍA EN POBLACIÓN, COMUNICACIÓN Y DESARROLLO SUSTENTABLE",Otros,Sin Partner (Propio),Presencial Regular,0,0,0,0,0,0,0,0,0,0,0,0,0,41,0,0,0,0
2018-03,2018,N/A,O03012101,"MAESTRÍA EN POBLACIÓN, COMUNICACIÓN Y DESARROLLO SUSTENTABLE",Otros,Sin Partner (Propio),Presencial Regular,0,0,0,0,0,0,0,0,0,0,0,0,0,41,0,0,0,0
2018-04,2018,N/A,O03012101,"MAESTRÍA EN POBLACIÓN, COMUNICACIÓN Y DESARROLLO SUSTENTABLE",Otros,Sin Partner (Propio),Presencial Regular,0,0,0,0,0,0,0,0,0,0,0,0,0,41,0,0,0,0
2018-05,2018,N/A,O03012101,"MAESTRÍA EN POBLACIÓN, COMUNICACIÓN Y DESARROLLO SUSTENTABLE",Otros,Sin Partner (Propio),Presencial Regular,0,0,0,0,0,0,0,0,0,0,0,0,0,0,41,0,0,0
2018-06,2018,N/A,O03012101,"MAESTRÍA EN POBLACIÓN, COMUNICACIÓN Y DESARROLLO SUSTENTABLE",Otros,Sin Partner (Propio),Presencial Regular,0,0,0,0,0,0,0,0,0,0,0,0,0,0,41,0,0,0
2018-07,2018,N/A,O03012101,"MAESTRÍA EN POBLACIÓN, COMUNICACIÓN Y DESARROLLO SUSTENTABLE",Otros,Sin Partner (Propio),Presencial Regular,0,0,0,0,0,0,0,0,0,0,0,0,0,0,41,0,0,0
2018-08,2018,N/A,O03012101,"MAESTRÍA EN POBLACIÓN, COMUNICACIÓN Y DESARROLLO SUSTENTABLE",Otros,Sin Partner (Propio),Presencial Regular,0,0,0,0,0,0,0,0,0,0,0,0,0,0,41,0,0,0
2018-09,2018,N/A,O03012101,"MAESTRÍA EN POBLACIÓN, COMUNICACIÓN Y DESARROLLO SUSTENTABLE",Otros,Sin Partner (Propio),Presencial Regular,0,0,0,0,0,0,0,0,0,0,0,0,0,0,41,0,0,0
2018-10,2018,N/A,O03012101,"MAESTRÍA EN POBLACIÓN, COMUNICACIÓN Y DESARROLLO SUSTENTABLE",Otros,Sin Partner (Propio),Presencial Regular,0,0,0,0,0,0,0,0,0,0,0,0,0,0,41,0,0,0
2018-11,2018,N/A,O03012101,"MAESTRÍA EN POBLACIÓN, COMUNICACIÓN Y DESARROLLO SUSTENTABLE",Otros,Sin Partner (Propio),Presencial Regular,0,0,0,0,0,0,0,0,0,0,0,0,0,0,41,0,0,0
2018-12,2018,N/A,O03012101,"MAESTRÍA EN POBLACIÓN, COMUNICACIÓN Y DESARROLLO SUSTENTABLE",Otros,Sin Partner (Propio),Presencial Regular,0,0,0,0,0,0,0,0,0,0,0,0,0,0,41,0,0,0
2019-01,2019,N/A,O03012101,"MAESTRÍA EN POBLACIÓN, COMUNICACIÓN Y DESARROLLO SUSTENTABLE",Otros,Sin Partner (Propio),Presencial Regular,0,0,0,0,0,0,0,0,0,0,0,0,0,0,41,0,0,0
2019-02,2019,N/A,O03012101,"MAESTRÍA EN POBLACIÓN, COMUNICACIÓN Y DESARROLLO SUSTENTABLE",Otros,Sin Partner (Propio),Presencial Regular,0,0,0,0,0,0,0,0,0,0,0,0,0,0,41,0,0,0
2019-03,2019,Marzo,O03012101,"MAESTRÍA EN POBLACIÓN, COMUNICACIÓN Y DESARROLLO SUSTENTABLE",Otros,Sin Partner (Propio),Presencial Regular,0,41,0,0,0,0,0,0,0,0,0,0,0,0,41,0,0,41
2019-04,2019,Abril,O03012101,"MAESTRÍA EN POBLACIÓN, COMUNICACIÓN Y DESARROLLO SUSTENTABLE",Otros,Sin Partner (Propio),Presencial Regular,0,5,0,0,40,40,0,0,0,1,1,0,0,0,40,40,0,46
2019-05,2019,Mayo,O03012101,"MAESTRÍA EN POBLACIÓN, COMUNICACIÓN Y DESARROLLO SUSTENTABLE",Otros,Sin Partner (Propio),Presencial Regular,0,0,0,0,41,40,1,0,0,0,6,0,0,0,40,41,0,41
2019-06,2019,Junio,O03012101,"MAESTRÍA EN POBLACIÓN, COMUNICACIÓN Y DESARROLLO SUSTENTABLE",Otros,Sin Partner (Propio),Presencial Regular,0,0,0,0,41,41,0,0,0,0,0,6,0,0,40,41,0,41
2019-07,2019,N/A,O03012101,"MAESTRÍA EN POBLACIÓN, COMUNICACIÓN Y DESARROLLO SUSTENTABLE",Otros,Sin Partner (Propio),Presencial Regular,0,0,0,0,0,0,0,0,0,0,41,0,6,0,40,0,0,0
2019-08,2019,Agosto,O03012101,"MAESTRÍA EN POBLACIÓN, COMUNICACIÓN Y DESARROLLO SUSTENTABLE",Otros,Sin Partner (Propio),Presencial Regular,0,1,0,0,38,0,38,0,0,0,0,3,6,0,40,38,0,39
2019-09,2019,Setiembre,O03012101,"MAESTRÍA EN POBLACIÓN, COMUNICACIÓN Y DESARROLLO SUSTENTABLE",Otros,Sin Partner (Propio),Presencial Regular,0,0,0,0,17,17,0,1,0,0,22,0,8,0,40,17,0,18
2019-10,2019,Octubre,O03012101,"MAESTRÍA EN POBLACIÓN, COMUNICACIÓN Y DESARROLLO SUSTENTABLE",Otros,Sin Partner (Propio),Presencial Regular,0,0,0,0,18,18,0,0,0,0,0,22,8,0,40,18,0,18
2019-11,2019,Noviembre,O03012101,"MAESTRÍA EN POBLACIÓN, COMUNICACIÓN Y DESARROLLO SUSTENTABLE",Otros,Sin Partner (Propio),Presencial Regular,0,0,0,0,18,18,0,0,0,0,0,0,24,6,40,18,0,18
2019-12,2019,N/A,O03012101,"MAESTRÍA EN POBLACIÓN, COMUNICACIÓN Y DESARROLLO SUSTENTABLE",Otros,Sin Partner (Propio),Presencial Regular,0,0,0,0,0,0,0,0,0,0,18,0,24,6,40,0,0,0
2020-01,2020,N/A,O03012101,"MAESTRÍA EN POBLACIÓN, COMUNICACIÓN Y DESARROLLO SUSTENTABLE",Otros,Sin Partner (Propio),Presencial Regular,0,0,0,0,0,0,0,0,0,0,0,18,22,8,40,0,0,0
2020-02,2020,N/A,O03012101,"MAESTRÍA EN POBLACIÓN, COMUNICACIÓN Y DESARROLLO SUSTENTABLE",Otros,Sin Partner (Propio),Presencial Regular,0,0,0,0,0,0,0,0,0,0,0,0,40,8,40,0,0,0
2020-03,2020,Marzo,O03012101,"MAESTRÍA EN POBLACIÓN, COMUNICACIÓN Y DESARROLLO SUSTENTABLE",Otros,Sin Partner (Propio),Presencial Regular,0,9,0,0,0,0,0,18,1,0,0,0,0,29,40,0,0,28
2020-04,2020,Abril,O03012101,"MAESTRÍA EN POBLACIÓN, COMUNICACIÓN Y DESARROLLO SUSTENTABLE",Otros,Sin Partner (Propio),Presencial Regular,0,0,0,0,17,17,0,0,0,0,11,0,0,29,40,17,0,17
2020-05,2020,Mayo,O03012101,"MAESTRÍA EN POBLACIÓN, COMUNICACIÓN Y DESARROLLO SUSTENTABLE",Otros,Sin Partner (Propio),Presencial Regular,0,0,0,0,25,17,8,0,0,0,0,3,0,23,46,25,0,25
2020-06,2020,Junio,O03012101,"MAESTRÍA EN POBLACIÓN, COMUNICACIÓN Y DESARROLLO SUSTENTABLE",Otros,Sin Partner (Propio),Presencial Regular,0,0,0,0,17,17,0,1,0,0,8,0,2,23,46,17,0,18
2020-07,2020,N/A,O03012101,"MAESTRÍA EN POBLACIÓN, COMUNICACIÓN Y DESARROLLO SUSTENTABLE",Otros,Sin Partner (Propio),Presencial Regular,0,0,0,0,0,0,0,0,0,0,18,8,2,22,47,0,0,0
2020-08,2020,N/A,O03012101,"MAESTRÍA EN POBLACIÓN, COMUNICACIÓN Y DESARROLLO SUSTENTABLE",Otros,Sin Partner (Propio),Presencial Regular,0,0,0,0,0,0,0,0,0,0,0,18,10,22,47,0,0,0
2020-09,2020,N/A,O03012101,"MAESTRÍA EN POBLACIÓN, COMUNICACIÓN Y DESARROLLO SUSTENTABLE",Otros,Sin Partner (Propio),Presencial Regular,0,0,0,0,0,0,0,0,0,0,0,0,28,0,69,0,0,0
2020-10,2020,N/A,O03012101,"MAESTRÍA EN POBLACIÓN, COMUNICACIÓN Y DESARROLLO SUSTENTABLE",Otros,Sin Partner (Propio),Presencial Regular,0,0,0,0,0,0,0,0,0,0,0,0,26,2,69,0,0,0
2020-11,2020,N/A,O03012101,"MAESTRÍA EN POBLACIÓN, COMUNICACIÓN Y DESARROLLO SUSTENTABLE",Otros,Sin Partner (Propio),Presencial Regular,0,0,0,0,0,0,0,0,0,0,0,0,26,2,69,0,0,0
2020-12,2020,N/A,O03012101,"MAESTRÍA EN POBLACIÓN, COMUNICACIÓN Y DESARROLLO SUSTENTABLE",Otros,Sin Partner (Propio),Presencial Regular,0,0,0,0,0,0,0,0,0,0,0,0,18,10,69,0,0,0
2021-01,2021,N/A,O03012101,"MAESTRÍA EN POBLACIÓN, COMUNICACIÓN Y DESARROLLO SUSTENTABLE",Otros,Sin Partner (Propio),Presencial Regular,0,0,0,0,0,0,0,0,0,0,0,0,0,28,69,0,0,0
2021-02,2021,N/A,O03012101,"MAESTRÍA EN POBLACIÓN, COMUNICACIÓN Y DESARROLLO SUSTENTABLE",Otros,Sin Partner (Propio),Presencial Regular,0,0,0,0,0,0,0,0,0,0,0,0,0,28,69,0,0,0
2021-03,2021,N/A,O03012101,"MAESTRÍA EN POBLACIÓN, COMUNICACIÓN Y DESARROLLO SUSTENTABLE",Otros,Sin Partner (Propio),Presencial Regular,0,0,0,0,0,0,0,0,0,0,0,0,0,28,69,0,0,0
2021-04,2021,N/A,O03012101,"MAESTRÍA EN POBLACIÓN, COMUNICACIÓN Y DESARROLLO SUSTENTABLE",Otros,Sin Partner (Propio),Presencial Regular,0,0,0,0,0,0,0,0,0,0,0,0,0,26,71,0,0,0
2021-05,2021,N/A,O03012101,"MAESTRÍA EN POBLACIÓN, COMUNICACIÓN Y DESARROLLO SUSTENTABLE",Otros,Sin Partner (Propio),Presencial Regular,0,0,0,0,0,0,0,0,0,0,0,0,0,26,71,0,0,0
2021-06,2021,N/A,O03012101,"MAESTRÍA EN POBLACIÓN, COMUNICACIÓN Y DESARROLLO SUSTENTABLE",Otros,Sin Partner (Propio),Presencial Regular,0,0,0,0,0,0,0,0,0,0,0,0,0,18,79,0,0,0
2021-07,2021,N/A,O03012101,"MAESTRÍA EN POBLACIÓN, COMUNICACIÓN Y DESARROLLO SUSTENTABLE",Otros,Sin Partner (Propio),Presencial Regular,0,0,0,0,0,0,0,0,0,0,0,0,0,0,97,0,0,0
2021-08,2021,N/A,O03012101,"MAESTRÍA EN POBLACIÓN, COMUNICACIÓN Y DESARROLLO SUSTENTABLE",Otros,Sin Partner (Propio),Presencial Regular,0,0,0,0,0,0,0,0,0,0,0,0,0,0,97,0,0,0
2021-09,2021,N/A,O03012101,"MAESTRÍA EN POBLACIÓN, COMUNICACIÓN Y DESARROLLO SUSTENTABLE",Otros,Sin Partner (Propio),Presencial Regular,0,0,0,0,0,0,0,0,0,0,0,0,0,0,97,0,0,0
2021-10,2021,N/A,O03012101,"MAESTRÍA EN POBLACIÓN, COMUNICACIÓN Y DESARROLLO SUSTENTABLE",Otros,Sin Partner (Propio),Presencial Regular,0,0,0,0,0,0,0,0,0,0,0,0,0,0,97,0,0,0
2021-11,2021,N/A,O03012101,"MAESTRÍA EN POBLACIÓN, COMUNICACIÓN Y DESARROLLO SUSTENTABLE",Otros,Sin Partner (Propio),Presencial Regular,0,0,0,0,0,0,0,0,0,0,0,0,0,0,97,0,0,0
2021-12,2021,N/A,O03012101,"MAESTRÍA EN POBLACIÓN, COMUNICACIÓN Y DESARROLLO SUSTENTABLE",Otros,Sin Partner (Propio),Presencial Regular,0,0,0,0,0,0,0,0,0,0,0,0,0,0,97,0,0,0
2022-01,2022,N/A,O03012101,"MAESTRÍA EN POBLACIÓN, COMUNICACIÓN Y DESARROLLO SUSTENTABLE",Otros,Sin Partner (Propio),Presencial Regular,0,0,0,0,0,0,0,0,0,0,0,0,0,0,97,0,0,0
2022-02,2022,N/A,O03012101,"MAESTRÍA EN POBLACIÓN, COMUNICACIÓN Y DESARROLLO SUSTENTABLE",Otros,Sin Partner (Propio),Presencial Regular,0,0,0,0,0,0,0,0,0,0,0,0,0,0,97,0,0,0
2022-03,2022,N/A,O03012101,"MAESTRÍA EN POBLACIÓN, COMUNICACIÓN Y DESARROLLO SUSTENTABLE",Otros,Sin Partner (Propio),Presencial Regular,0,0,0,0,0,0,0,0,0,0,0,0,0,0,97,0,0,0
2022-04,2022,N/A,O03012101,"MAESTRÍA EN POBLACIÓN, COMUNICACIÓN Y DESARROLLO SUSTENTABLE",Otros,Sin Partner (Propio),Presencial Regular,0,0,0,0,0,0,0,0,0,0,0,0,0,0,97,0,0,0
2022-05,2022,N/A,O03012101,"MAESTRÍA EN POBLACIÓN, COMUNICACIÓN Y DESARROLLO SUSTENTABLE",Otros,Sin Partner (Propio),Presencial Regular,0,0,0,0,0,0,0,0,0,0,0,0,0,0,97,0,0,0
2022-06,2022,N/A,O03012101,"MAESTRÍA EN POBLACIÓN, COMUNICACIÓN Y DESARROLLO SUSTENTABLE",Otros,Sin Partner (Propio),Presencial Regular,0,0,0,0,0,0,0,0,0,0,0,0,0,0,97,0,0,0
2022-07,2022,N/A,O03012101,"MAESTRÍA EN POBLACIÓN, COMUNICACIÓN Y DESARROLLO SUSTENTABLE",Otros,Sin Partner (Propio),Presencial Regular,0,0,0,0,0,0,0,0,0,0,0,0,0,0,97,0,0,0
2022-08,2022,N/A,O03012101,"MAESTRÍA EN POBLACIÓN, COMUNICACIÓN Y DESARROLLO SUSTENTABLE",Otros,Sin Partner (Propio),Presencial Regular,0,0,0,0,0,0,0,0,0,0,0,0,0,0,97,0,0,0
2022-09,2022,N/A,O03012101,"MAESTRÍA EN POBLACIÓN, COMUNICACIÓN Y DESARROLLO SUSTENTABLE",Otros,Sin Partner (Propio),Presencial Regular,0,0,0,0,0,0,0,0,0,0,0,0,0,0,97,0,0,0
2022-10,2022,N/A,O03012101,"MAESTRÍA EN POBLACIÓN, COMUNICACIÓN Y DESARROLLO SUSTENTABLE",Otros,Sin Partner (Propio),Presencial Regular,0,0,0,0,0,0,0,0,0,0,0,0,0,0,97,0,0,0
2022-11,2022,N/A,O03012101,"MAESTRÍA EN POBLACIÓN, COMUNICACIÓN Y DESARROLLO SUSTENTABLE",Otros,Sin Partner (Propio),Presencial Regular,0,0,0,0,0,0,0,0,0,0,0,0,0,0,97,0,0,0
2022-12,2022,N/A,O03012101,"MAESTRÍA EN POBLACIÓN, COMUNICACIÓN Y DESARROLLO SUSTENTABLE",Otros,Sin Partner (Propio),Presencial Regular,0,0,0,0,0,0,0,0,0,0,0,0,0,0,97,0,0,0
2023-01,2023,N/A,O03012101,"MAESTRÍA EN POBLACIÓN, COMUNICACIÓN Y DESARROLLO SUSTENTABLE",Otros,Sin Partner (Propio),Presencial Regular,0,0,0,0,0,0,0,0,0,0,0,0,0,0,97,0,0,0
2023-02,2023,N/A,O03012101,"MAESTRÍA EN POBLACIÓN, COMUNICACIÓN Y DESARROLLO SUSTENTABLE",Otros,Sin Partner (Propio),Presencial Regular,0,0,0,0,0,0,0,0,0,0,0,0,0,0,97,0,0,0
2023-03,2023,N/A,O03012101,"MAESTRÍA EN POBLACIÓN, COMUNICACIÓN Y DESARROLLO SUSTENTABLE",Otros,Sin Partner (Propio),Presencial Regular,0,0,0,0,0,0,0,0,0,0,0,0,0,0,97,0,0,0
2023-04,2023,N/A,O03012101,"MAESTRÍA EN POBLACIÓN, COMUNICACIÓN Y DESARROLLO SUSTENTABLE",Otros,Sin Partner (Propio),Presencial Regular,0,0,0,0,0,0,0,0,0,0,0,0,0,0,97,0,0,0
2023-05,2023,N/A,O03012101,"MAESTRÍA EN POBLACIÓN, COMUNICACIÓN Y DESARROLLO SUSTENTABLE",Otros,Sin Partner (Propio),Presencial Regular,0,0,0,0,0,0,0,0,0,0,0,0,0,0,97,0,0,0
2023-06,2023,N/A,O03012101,"MAESTRÍA EN POBLACIÓN, COMUNICACIÓN Y DESARROLLO SUSTENTABLE",Otros,Sin Partner (Propio),Presencial Regular,0,0,0,0,0,0,0,0,0,0,0,0,0,0,97,0,0,0
2023-07,2023,N/A,O03012101,"MAESTRÍA EN POBLACIÓN, COMUNICACIÓN Y DESARROLLO SUSTENTABLE",Otros,Sin Partner (Propio),Presencial Regular,0,0,0,0,0,0,0,0,0,0,0,0,0,0,97,0,0,0
2023-08,2023,N/A,O03012101,"MAESTRÍA EN POBLACIÓN, COMUNICACIÓN Y DESARROLLO SUSTENTABLE",Otros,Sin Partner (Propio),Presencial Regular,0,0,0,0,0,0,0,0,0,0,0,0,0,0,97,0,0,0
2023-09,2023,N/A,O03012101,"MAESTRÍA EN POBLACIÓN, COMUNICACIÓN Y DESARROLLO SUSTENTABLE",Otros,Sin Partner (Propio),Presencial Regular,0,0,0,0,0,0,0,0,0,0,0,0,0,0,97,0,0,0
2023-10,2023,N/A,O03012101,"MAESTRÍA EN POBLACIÓN, COMUNICACIÓN Y DESARROLLO SUSTENTABLE",Otros,Sin Partner (Propio),Presencial Regular,0,0,0,0,0,0,0,0,0,0,0,0,0,0,97,0,0,0
2023-11,2023,N/A,O03012101,"MAESTRÍA EN POBLACIÓN, COMUNICACIÓN Y DESARROLLO SUSTENTABLE",Otros,Sin Partner (Propio),Presencial Regular,0,0,0,0,0,0,0,0,0,0,0,0,0,0,97,0,0,0
2023-12,2023,N/A,O03012101,"MAESTRÍA EN POBLACIÓN, COMUNICACIÓN Y DESARROLLO SUSTENTABLE",Otros,Sin Partner (Propio),Presencial Regular,0,0,0,0,0,0,0,0,0,0,0,0,0,0,97,0,0,0
2024-01,2024,N/A,O03012101,"MAESTRÍA EN POBLACIÓN, COMUNICACIÓN Y DESARROLLO SUSTENTABLE",Otros,Sin Partner (Propio),Presencial Regular,0,0,0,0,0,0,0,0,0,0,0,0,0,0,97,0,0,0
2024-02,2024,N/A,O03012101,"MAESTRÍA EN POBLACIÓN, COMUNICACIÓN Y DESARROLLO SUSTENTABLE",Otros,Sin Partner (Propio),Presencial Regular,0,0,0,0,0,0,0,0,0,0,0,0,0,0,97,0,0,0
2024-03,2024,N/A,O03012101,"MAESTRÍA EN POBLACIÓN, COMUNICACIÓN Y DESARROLLO SUSTENTABLE",Otros,Sin Partner (Propio),Presencial Regular,0,0,0,0,0,0,0,0,0,0,0,0,0,0,97,0,0,0
2024-04,2024,N/A,O03012101,"MAESTRÍA EN POBLACIÓN, COMUNICACIÓN Y DESARROLLO SUSTENTABLE",Otros,Sin Partner (Propio),Presencial Regular,0,0,0,0,0,0,0,0,0,0,0,0,0,0,97,0,0,0
2024-05,2024,N/A,O03012101,"MAESTRÍA EN POBLACIÓN, COMUNICACIÓN Y DESARROLLO SUSTENTABLE",Otros,Sin Partner (Propio),Presencial Regular,0,0,0,0,0,0,0,0,0,0,0,0,0,0,97,0,0,0
2024-06,2024,N/A,O03012101,"MAESTRÍA EN POBLACIÓN, COMUNICACIÓN Y DESARROLLO SUSTENTABLE",Otros,Sin Partner (Propio),Presencial Regular,0,0,0,0,0,0,0,0,0,0,0,0,0,0,97,0,0,0
2024-07,2024,N/A,O03012101,"MAESTRÍA EN POBLACIÓN, COMUNICACIÓN Y DESARROLLO SUSTENTABLE",Otros,Sin Partner (Propio),Presencial Regular,0,0,0,0,0,0,0,0,0,0,0,0,0,0,97,0,0,0
2024-08,2024,N/A,O03012101,"MAESTRÍA EN POBLACIÓN, COMUNICACIÓN Y DESARROLLO SUSTENTABLE",Otros,Sin Partner (Propio),Presencial Regular,0,0,0,0,0,0,0,0,0,0,0,0,0,0,97,0,0,0
2024-09,2024,N/A,O03012101,"MAESTRÍA EN POBLACIÓN, COMUNICACIÓN Y DESARROLLO SUSTENTABLE",Otros,Sin Partner (Propio),Presencial Regular,0,0,0,0,0,0,0,0,0,0,0,0,0,0,97,0,0,0
2024-10,2024,N/A,O03012101,"MAESTRÍA EN POBLACIÓN, COMUNICACIÓN Y DESARROLLO SUSTENTABLE",Otros,Sin Partner (Propio),Presencial Regular,0,0,0,0,0,0,0,0,0,0,0,0,0,0,97,0,0,0
2024-11,2024,N/A,O03012101,"MAESTRÍA EN POBLACIÓN, COMUNICACIÓN Y DESARROLLO SUSTENTABLE",Otros,Sin Partner (Propio),Presencial Regular,0,0,0,0,0,0,0,0,0,0,0,0,0,0,97,0,0,0
2024-12,2024,N/A,O03012101,"MAESTRÍA EN POBLACIÓN, COMUNICACIÓN Y DESARROLLO SUSTENTABLE",Otros,Sin Partner (Propio),Presencial Regular,0,0,0,0,0,0,0,0,0,0,0,0,0,0,97,0,0,0
2025-01,2025,N/A,O03012101,"MAESTRÍA EN POBLACIÓN, COMUNICACIÓN Y DESARROLLO SUSTENTABLE",Otros,Sin Partner (Propio),Presencial Regular,0,0,0,0,0,0,0,0,0,0,0,0,0,0,97,0,0,0
2025-02,2025,N/A,O03012101,"MAESTRÍA EN POBLACIÓN, COMUNICACIÓN Y DESARROLLO SUSTENTABLE",Otros,Sin Partner (Propio),Presencial Regular,0,0,0,0,0,0,0,0,0,0,0,0,0,0,97,0,0,0
2025-03,2025,N/A,O03012101,"MAESTRÍA EN POBLACIÓN, COMUNICACIÓN Y DESARROLLO SUSTENTABLE",Otros,Sin Partner (Propio),Presencial Regular,0,0,0,0,0,0,0,0,0,0,0,0,0,0,97,0,0,0
2025-04,2025,N/A,O03012101,"MAESTRÍA EN POBLACIÓN, COMUNICACIÓN Y DESARROLLO SUSTENTABLE",Otros,Sin Partner (Propio),Presencial Regular,0,0,0,0,0,0,0,0,0,0,0,0,0,0,97,0,0,0
2025-05,2025,N/A,O03012101,"MAESTRÍA EN POBLACIÓN, COMUNICACIÓN Y DESARROLLO SUSTENTABLE",Otros,Sin Partner (Propio),Presencial Regular,0,0,0,0,0,0,0,0,0,0,0,0,0,0,97,0,0,0
2025-06,2025,N/A,O03012101,"MAESTRÍA EN POBLACIÓN, COMUNICACIÓN Y DESARROLLO SUSTENTABLE",Otros,Sin Partner (Propio),Presencial Regular,0,0,0,0,0,0,0,0,0,0,0,0,0,0,97,0,0,0
2025-07,2025,N/A,O03012101,"MAESTRÍA EN POBLACIÓN, COMUNICACIÓN Y DESARROLLO SUSTENTABLE",Otros,Sin Partner (Propio),Presencial Regular,0,0,0,0,0,0,0,0,0,0,0,0,0,0,97,0,0,0
2025-08,2025,N/A,O03012101,"MAESTRÍA EN POBLACIÓN, COMUNICACIÓN Y DESARROLLO SUSTENTABLE",Otros,Sin Partner (Propio),Presencial Regular,0,0,0,0,0,0,0,0,0,0,0,0,0,0,97,0,0,0
2025-09,2025,N/A,O03012101,"MAESTRÍA EN POBLACIÓN, COMUNICACIÓN Y DESARROLLO SUSTENTABLE",Otros,Sin Partner (Propio),Presencial Regular,0,0,0,0,0,0,0,0,0,0,0,0,0,0,97,0,0,0
2025-10,2025,N/A,O03012101,"MAESTRÍA EN POBLACIÓN, COMUNICACIÓN Y DESARROLLO SUSTENTABLE",Otros,Sin Partner (Propio),Presencial Regular,0,0,0,0,0,0,0,0,0,0,0,0,0,0,97,0,0,0
2025-11,2025,N/A,O03012101,"MAESTRÍA EN POBLACIÓN, COMUNICACIÓN Y DESARROLLO SUSTENTABLE",Otros,Sin Partner (Propio),Presencial Regular,0,0,0,0,0,0,0,0,0,0,0,0,0,0,97,0,0,0
2025-12,2025,N/A,O03012101,"MAESTRÍA EN POBLACIÓN, COMUNICACIÓN Y DESARROLLO SUSTENTABLE",Otros,Sin Partner (Propio),Presencial Regular,0,0,0,0,0,0,0,0,0,0,0,0,0,0,97,0,0,0
2026-01,2026,N/A,O03012101,"MAESTRÍA EN POBLACIÓN, COMUNICACIÓN Y DESARROLLO SUSTENTABLE",Otros,Sin Partner (Propio),Presencial Regular,0,0,0,0,0,0,0,0,0,0,0,0,0,0,97,0,0,0
2026-02,2026,N/A,O03012101,"MAESTRÍA EN POBLACIÓN, COMUNICACIÓN Y DESARROLLO SUSTENTABLE",Otros,Sin Partner (Propio),Presencial Regular,0,0,0,0,0,0,0,0,0,0,0,0,0,0,97,0,0,0
2026-03,2026,N/A,O03012101,"MAESTRÍA EN POBLACIÓN, COMUNICACIÓN Y DESARROLLO SUSTENTABLE",Otros,Sin Partner (Propio),Presencial Regular,0,0,0,0,0,0,0,0,0,0,0,0,0,0,97,0,0,0
2026-04,2026,N/A,O03012101,"MAESTRÍA EN POBLACIÓN, COMUNICACIÓN Y DESARROLLO SUSTENTABLE",Otros,Sin Partner (Propio),Presencial Regular,0,0,0,0,0,0,0,0,0,0,0,0,0,0,97,0,0,0
2026-05,2026,N/A,O03012101,"MAESTRÍA EN POBLACIÓN, COMUNICACIÓN Y DESARROLLO SUSTENTABLE",Otros,Sin Partner (Propio),Presencial Regular,0,0,0,0,0,0,0,0,0,0,0,0,0,0,97,0,0,0
2026-06,2026,N/A,O03012101,"MAESTRÍA EN POBLACIÓN, COMUNICACIÓN Y DESARROLLO SUSTENTABLE",Otros,Sin Partner (Propio),Presencial Regular,0,0,0,0,0,0,0,0,0,0,0,0,0,0,97,0,0,0
2026-07,2026,N/A,O03012101,"MAESTRÍA EN POBLACIÓN, COMUNICACIÓN Y DESARROLLO SUSTENTABLE",Otros,Sin Partner (Propio),Presencial Regular,0,0,0,0,0,0,0,0,0,0,0,0,0,0,97,0,0,0
2017-04,2017,Abril,O03012301,MAESTRÍA EN PUBLICIDAD,Otros,Sin Partner (Propio),Presencial Regular,0,47,0,0,0,0,0,0,0,0,0,0,0,0,0,0,0,47
2017-05,2017,N/A,O03012301,MAESTRÍA EN PUBLICIDAD,Otros,Sin Partner (Propio),Presencial Regular,0,0,0,0,0,0,0,0,0,0,47,0,0,0,0,0,0,0
2017-06,2017,N/A,O03012301,MAESTRÍA EN PUBLICIDAD,Otros,Sin Partner (Propio),Presencial Regular,0,0,0,0,0,0,0,0,0,0,0,47,0,0,0,0,0,0
2017-07,2017,N/A,O03012301,MAESTRÍA EN PUBLICIDAD,Otros,Sin Partner (Propio),Presencial Regular,0,0,0,0,0,0,0,0,0,0,0,0,47,0,0,0,0,0
2017-08,2017,N/A,O03012301,MAESTRÍA EN PUBLICIDAD,Otros,Sin Partner (Propio),Presencial Regular,0,0,0,0,0,0,0,0,0,0,0,0,47,0,0,0,0,0
2017-09,2017,N/A,O03012301,MAESTRÍA EN PUBLICIDAD,Otros,Sin Partner (Propio),Presencial Regular,0,0,0,0,0,0,0,0,0,0,0,0,47,0,0,0,0,0
2017-10,2017,N/A,O03012301,MAESTRÍA EN PUBLICIDAD,Otros,Sin Partner (Propio),Presencial Regular,0,0,0,0,0,0,0,0,0,0,0,0,47,0,0,0,0,0
2017-11,2017,N/A,O03012301,MAESTRÍA EN PUBLICIDAD,Otros,Sin Partner (Propio),Presencial Regular,0,0,0,0,0,0,0,0,0,0,0,0,0,47,0,0,0,0
2017-12,2017,N/A,O03012301,MAESTRÍA EN PUBLICIDAD,Otros,Sin Partner (Propio),Presencial Regular,0,0,0,0,0,0,0,0,0,0,0,0,0,47,0,0,0,0
2018-01,2018,N/A,O03012301,MAESTRÍA EN PUBLICIDAD,Otros,Sin Partner (Propio),Presencial Regular,0,0,0,0,0,0,0,0,0,0,0,0,0,47,0,0,0,0
2018-02,2018,N/A,O03012301,MAESTRÍA EN PUBLICIDAD,Otros,Sin Partner (Propio),Presencial Regular,0,0,0,0,0,0,0,0,0,0,0,0,0,47,0,0,0,0
2018-03,2018,N/A,O03012301,MAESTRÍA EN PUBLICIDAD,Otros,Sin Partner (Propio),Presencial Regular,0,0,0,0,0,0,0,0,0,0,0,0,0,47,0,0,0,0
2018-04,2018,N/A,O03012301,MAESTRÍA EN PUBLICIDAD,Otros,Sin Partner (Propio),Presencial Regular,0,0,0,0,0,0,0,0,0,0,0,0,0,47,0,0,0,0
2018-05,2018,N/A,O03012301,MAESTRÍA EN PUBLICIDAD,Otros,Sin Partner (Propio),Presencial Regular,0,0,0,0,0,0,0,0,0,0,0,0,0,0,47,0,0,0
2018-06,2018,N/A,O03012301,MAESTRÍA EN PUBLICIDAD,Otros,Sin Partner (Propio),Presencial Regular,0,0,0,0,0,0,0,0,0,0,0,0,0,0,47,0,0,0
2018-07,2018,N/A,O03012301,MAESTRÍA EN PUBLICIDAD,Otros,Sin Partner (Propio),Presencial Regular,0,0,0,0,0,0,0,0,0,0,0,0,0,0,47,0,0,0
2018-08,2018,N/A,O03012301,MAESTRÍA EN PUBLICIDAD,Otros,Sin Partner (Propio),Presencial Regular,0,0,0,0,0,0,0,0,0,0,0,0,0,0,47,0,0,0
2018-09,2018,N/A,O03012301,MAESTRÍA EN PUBLICIDAD,Otros,Sin Partner (Propio),Presencial Regular,0,0,0,0,0,0,0,0,0,0,0,0,0,0,47,0,0,0
2018-10,2018,N/A,O03012301,MAESTRÍA EN PUBLICIDAD,Otros,Sin Partner (Propio),Presencial Regular,0,0,0,0,0,0,0,0,0,0,0,0,0,0,47,0,0,0
2018-11,2018,N/A,O03012301,MAESTRÍA EN PUBLICIDAD,Otros,Sin Partner (Propio),Presencial Regular,0,0,0,0,0,0,0,0,0,0,0,0,0,0,47,0,0,0
2018-12,2018,N/A,O03012301,MAESTRÍA EN PUBLICIDAD,Otros,Sin Partner (Propio),Presencial Regular,0,0,0,0,0,0,0,0,0,0,0,0,0,0,47,0,0,0
2019-01,2019,N/A,O03012301,MAESTRÍA EN PUBLICIDAD,Otros,Sin Partner (Propio),Presencial Regular,0,0,0,0,0,0,0,0,0,0,0,0,0,0,47,0,0,0
2019-02,2019,N/A,O03012301,MAESTRÍA EN PUBLICIDAD,Otros,Sin Partner (Propio),Presencial Regular,0,0,0,0,0,0,0,0,0,0,0,0,0,0,47,0,0,0
2019-03,2019,Marzo,O03012301,MAESTRÍA EN PUBLICIDAD,Otros,Sin Partner (Propio),Presencial Regular,0,26,0,0,0,0,0,0,0,0,0,0,0,0,47,0,0,26
2019-04,2019,Abril,O03012301,MAESTRÍA EN PUBLICIDAD,Otros,Sin Partner (Propio),Presencial Regular,0,0,0,0,25,25,0,0,0,1,1,0,0,0,46,25,0,26
2019-05,2019,Mayo,O03012301,MAESTRÍA EN PUBLICIDAD,Otros,Sin Partner (Propio),Presencial Regular,0,0,0,0,26,25,1,0,0,0,1,0,0,0,46,26,0,26
2019-06,2019,Junio,O03012301,MAESTRÍA EN PUBLICIDAD,Otros,Sin Partner (Propio),Presencial Regular,0,0,0,0,25,25,0,0,0,0,1,1,0,0,46,25,0,25
2019-07,2019,N/A,O03012301,MAESTRÍA EN PUBLICIDAD,Otros,Sin Partner (Propio),Presencial Regular,0,0,0,0,0,0,0,0,0,0,25,1,1,0,46,0,0,0
2019-08,2019,Agosto,O03012301,MAESTRÍA EN PUBLICIDAD,Otros,Sin Partner (Propio),Presencial Regular,0,0,0,0,25,0,25,0,0,3,0,0,2,0,43,25,0,28
2019-09,2019,Setiembre,O03012301,MAESTRÍA EN PUBLICIDAD,Otros,Sin Partner (Propio),Presencial Regular,0,0,0,0,16,16,0,0,0,0,12,0,2,0,43,16,0,16
2019-10,2019,Octubre,O03012301,MAESTRÍA EN PUBLICIDAD,Otros,Sin Partner (Propio),Presencial Regular,0,0,0,0,16,16,0,0,0,0,0,12,2,0,43,16,0,16
2019-11,2019,Noviembre,O03012301,MAESTRÍA EN PUBLICIDAD,Otros,Sin Partner (Propio),Presencial Regular,0,0,0,0,16,16,0,0,0,0,0,0,13,1,43,16,0,16
2019-12,2019,N/A,O03012301,MAESTRÍA EN PUBLICIDAD,Otros,Sin Partner (Propio),Presencial Regular,0,0,0,0,0,0,0,0,0,0,16,0,12,2,43,0,0,0
2020-01,2020,N/A,O03012301,MAESTRÍA EN PUBLICIDAD,Otros,Sin Partner (Propio),Presencial Regular,0,0,0,0,0,0,0,0,0,0,0,16,12,2,43,0,0,0
2020-02,2020,N/A,O03012301,MAESTRÍA EN PUBLICIDAD,Otros,Sin Partner (Propio),Presencial Regular,0,0,0,0,0,0,0,0,0,0,0,0,28,2,43,0,0,0
2020-03,2020,Marzo,O03012301,MAESTRÍA EN PUBLICIDAD,Otros,Sin Partner (Propio),Presencial Regular,0,9,0,0,0,0,0,16,0,0,0,0,0,14,43,0,0,25
2020-04,2020,Abril,O03012301,MAESTRÍA EN PUBLICIDAD,Otros,Sin Partner (Propio),Presencial Regular,0,0,0,0,15,15,0,0,0,0,10,0,0,14,43,15,0,15
2020-05,2020,Mayo,O03012301,MAESTRÍA EN PUBLICIDAD,Otros,Sin Partner (Propio),Presencial Regular,0,0,0,0,23,15,8,0,0,0,0,2,0,13,44,23,0,23
2020-06,2020,Junio,O03012301,MAESTRÍA EN PUBLICIDAD,Otros,Sin Partner (Propio),Presencial Regular,0,0,0,0,15,15,0,1,0,0,8,0,1,12,45,15,0,16
2020-07,2020,N/A,O03012301,MAESTRÍA EN PUBLICIDAD,Otros,Sin Partner (Propio),Presencial Regular,0,0,0,0,0,0,0,0,0,0,16,8,1,12,45,0,0,0
2020-08,2020,N/A,O03012301,MAESTRÍA EN PUBLICIDAD,Otros,Sin Partner (Propio),Presencial Regular,0,0,0,0,0,0,0,0,0,0,0,16,9,12,45,0,0,0
2020-09,2020,N/A,O03012301,MAESTRÍA EN PUBLICIDAD,Otros,Sin Partner (Propio),Presencial Regular,0,0,0,0,0,0,0,0,0,0,0,0,25,0,57,0,0,0
2020-10,2020,N/A,O03012301,MAESTRÍA EN PUBLICIDAD,Otros,Sin Partner (Propio),Presencial Regular,0,0,0,0,0,0,0,0,0,0,0,0,24,1,57,0,0,0
2020-11,2020,N/A,O03012301,MAESTRÍA EN PUBLICIDAD,Otros,Sin Partner (Propio),Presencial Regular,0,0,0,0,0,0,0,0,0,0,0,0,24,1,57,0,0,0
2020-12,2020,N/A,O03012301,MAESTRÍA EN PUBLICIDAD,Otros,Sin Partner (Propio),Presencial Regular,0,0,0,0,0,0,0,0,0,0,0,0,16,9,57,0,0,0
2021-01,2021,N/A,O03012301,MAESTRÍA EN PUBLICIDAD,Otros,Sin Partner (Propio),Presencial Regular,0,0,0,0,0,0,0,0,0,0,0,0,0,25,57,0,0,0
2021-02,2021,N/A,O03012301,MAESTRÍA EN PUBLICIDAD,Otros,Sin Partner (Propio),Presencial Regular,0,0,0,0,0,0,0,0,0,0,0,0,0,25,57,0,0,0
2021-03,2021,N/A,O03012301,MAESTRÍA EN PUBLICIDAD,Otros,Sin Partner (Propio),Presencial Regular,0,0,0,0,0,0,0,0,0,0,0,0,0,25,57,0,0,0
2021-04,2021,N/A,O03012301,MAESTRÍA EN PUBLICIDAD,Otros,Sin Partner (Propio),Presencial Regular,0,0,0,0,0,0,0,0,0,0,0,0,0,24,58,0,0,0
2021-05,2021,N/A,O03012301,MAESTRÍA EN PUBLICIDAD,Otros,Sin Partner (Propio),Presencial Regular,0,0,0,0,0,0,0,0,0,0,0,0,0,24,58,0,0,0
2021-06,2021,N/A,O03012301,MAESTRÍA EN PUBLICIDAD,Otros,Sin Partner (Propio),Presencial Regular,0,0,0,0,0,0,0,0,0,0,0,0,0,16,66,0,0,0
2021-07,2021,N/A,O03012301,MAESTRÍA EN PUBLICIDAD,Otros,Sin Partner (Propio),Presencial Regular,0,0,0,0,0,0,0,0,0,0,0,0,0,0,82,0,0,0
2021-08,2021,N/A,O03012301,MAESTRÍA EN PUBLICIDAD,Otros,Sin Partner (Propio),Presencial Regular,0,0,0,0,0,0,0,0,0,0,0,0,0,0,82,0,0,0
2021-09,2021,N/A,O03012301,MAESTRÍA EN PUBLICIDAD,Otros,Sin Partner (Propio),Presencial Regular,0,0,0,0,0,0,0,0,0,0,0,0,0,0,82,0,0,0
2021-10,2021,N/A,O03012301,MAESTRÍA EN PUBLICIDAD,Otros,Sin Partner (Propio),Presencial Regular,0,0,0,0,0,0,0,0,0,0,0,0,0,0,82,0,0,0
2021-11,2021,N/A,O03012301,MAESTRÍA EN PUBLICIDAD,Otros,Sin Partner (Propio),Presencial Regular,0,0,0,0,0,0,0,0,0,0,0,0,0,0,82,0,0,0
2021-12,2021,N/A,O03012301,MAESTRÍA EN PUBLICIDAD,Otros,Sin Partner (Propio),Presencial Regular,0,0,0,0,0,0,0,0,0,0,0,0,0,0,82,0,0,0
2022-01,2022,N/A,O03012301,MAESTRÍA EN PUBLICIDAD,Otros,Sin Partner (Propio),Presencial Regular,0,0,0,0,0,0,0,0,0,0,0,0,0,0,82,0,0,0
2022-02,2022,N/A,O03012301,MAESTRÍA EN PUBLICIDAD,Otros,Sin Partner (Propio),Presencial Regular,0,0,0,0,0,0,0,0,0,0,0,0,0,0,82,0,0,0
2022-03,2022,N/A,O03012301,MAESTRÍA EN PUBLICIDAD,Otros,Sin Partner (Propio),Presencial Regular,0,0,0,0,0,0,0,0,0,0,0,0,0,0,82,0,0,0
2022-04,2022,N/A,O03012301,MAESTRÍA EN PUBLICIDAD,Otros,Sin Partner (Propio),Presencial Regular,0,0,0,0,0,0,0,0,0,0,0,0,0,0,82,0,0,0
2022-05,2022,N/A,O03012301,MAESTRÍA EN PUBLICIDAD,Otros,Sin Partner (Propio),Presencial Regular,0,0,0,0,0,0,0,0,0,0,0,0,0,0,82,0,0,0
2022-06,2022,N/A,O03012301,MAESTRÍA EN PUBLICIDAD,Otros,Sin Partner (Propio),Presencial Regular,0,0,0,0,0,0,0,0,0,0,0,0,0,0,82,0,0,0
2022-07,2022,N/A,O03012301,MAESTRÍA EN PUBLICIDAD,Otros,Sin Partner (Propio),Presencial Regular,0,0,0,0,0,0,0,0,0,0,0,0,0,0,82,0,0,0
2022-08,2022,N/A,O03012301,MAESTRÍA EN PUBLICIDAD,Otros,Sin Partner (Propio),Presencial Regular,0,0,0,0,0,0,0,0,0,0,0,0,0,0,82,0,0,0
2022-09,2022,N/A,O03012301,MAESTRÍA EN PUBLICIDAD,Otros,Sin Partner (Propio),Presencial Regular,0,0,0,0,0,0,0,0,0,0,0,0,0,0,82,0,0,0
2022-10,2022,N/A,O03012301,MAESTRÍA EN PUBLICIDAD,Otros,Sin Partner (Propio),Presencial Regular,0,0,0,0,0,0,0,0,0,0,0,0,0,0,82,0,0,0
2022-11,2022,N/A,O03012301,MAESTRÍA EN PUBLICIDAD,Otros,Sin Partner (Propio),Presencial Regular,0,0,0,0,0,0,0,0,0,0,0,0,0,0,82,0,0,0
2022-12,2022,N/A,O03012301,MAESTRÍA EN PUBLICIDAD,Otros,Sin Partner (Propio),Presencial Regular,0,0,0,0,0,0,0,0,0,0,0,0,0,0,82,0,0,0
2023-01,2023,N/A,O03012301,MAESTRÍA EN PUBLICIDAD,Otros,Sin Partner (Propio),Presencial Regular,0,0,0,0,0,0,0,0,0,0,0,0,0,0,82,0,0,0
2023-02,2023,N/A,O03012301,MAESTRÍA EN PUBLICIDAD,Otros,Sin Partner (Propio),Presencial Regular,0,0,0,0,0,0,0,0,0,0,0,0,0,0,82,0,0,0
2023-03,2023,N/A,O03012301,MAESTRÍA EN PUBLICIDAD,Otros,Sin Partner (Propio),Presencial Regular,0,0,0,0,0,0,0,0,0,0,0,0,0,0,82,0,0,0
2023-04,2023,N/A,O03012301,MAESTRÍA EN PUBLICIDAD,Otros,Sin Partner (Propio),Presencial Regular,0,0,0,0,0,0,0,0,0,0,0,0,0,0,82,0,0,0
2023-05,2023,N/A,O03012301,MAESTRÍA EN PUBLICIDAD,Otros,Sin Partner (Propio),Presencial Regular,0,0,0,0,0,0,0,0,0,0,0,0,0,0,82,0,0,0
2023-06,2023,N/A,O03012301,MAESTRÍA EN PUBLICIDAD,Otros,Sin Partner (Propio),Presencial Regular,0,0,0,0,0,0,0,0,0,0,0,0,0,0,82,0,0,0
2023-07,2023,N/A,O03012301,MAESTRÍA EN PUBLICIDAD,Otros,Sin Partner (Propio),Presencial Regular,0,0,0,0,0,0,0,0,0,0,0,0,0,0,82,0,0,0
2023-08,2023,N/A,O03012301,MAESTRÍA EN PUBLICIDAD,Otros,Sin Partner (Propio),Presencial Regular,0,0,0,0,0,0,0,0,0,0,0,0,0,0,82,0,0,0
2023-09,2023,N/A,O03012301,MAESTRÍA EN PUBLICIDAD,Otros,Sin Partner (Propio),Presencial Regular,0,0,0,0,0,0,0,0,0,0,0,0,0,0,82,0,0,0
2023-10,2023,N/A,O03012301,MAESTRÍA EN PUBLICIDAD,Otros,Sin Partner (Propio),Presencial Regular,0,0,0,0,0,0,0,0,0,0,0,0,0,0,82,0,0,0
2023-11,2023,N/A,O03012301,MAESTRÍA EN PUBLICIDAD,Otros,Sin Partner (Propio),Presencial Regular,0,0,0,0,0,0,0,0,0,0,0,0,0,0,82,0,0,0
2023-12,2023,N/A,O03012301,MAESTRÍA EN PUBLICIDAD,Otros,Sin Partner (Propio),Presencial Regular,0,0,0,0,0,0,0,0,0,0,0,0,0,0,82,0,0,0
2024-01,2024,N/A,O03012301,MAESTRÍA EN PUBLICIDAD,Otros,Sin Partner (Propio),Presencial Regular,0,0,0,0,0,0,0,0,0,0,0,0,0,0,82,0,0,0
2024-02,2024,N/A,O03012301,MAESTRÍA EN PUBLICIDAD,Otros,Sin Partner (Propio),Presencial Regular,0,0,0,0,0,0,0,0,0,0,0,0,0,0,82,0,0,0
2024-03,2024,N/A,O03012301,MAESTRÍA EN PUBLICIDAD,Otros,Sin Partner (Propio),Presencial Regular,0,0,0,0,0,0,0,0,0,0,0,0,0,0,82,0,0,0
2024-04,2024,N/A,O03012301,MAESTRÍA EN PUBLICIDAD,Otros,Sin Partner (Propio),Presencial Regular,0,0,0,0,0,0,0,0,0,0,0,0,0,0,82,0,0,0
2024-05,2024,N/A,O03012301,MAESTRÍA EN PUBLICIDAD,Otros,Sin Partner (Propio),Presencial Regular,0,0,0,0,0,0,0,0,0,0,0,0,0,0,82,0,0,0
2024-06,2024,N/A,O03012301,MAESTRÍA EN PUBLICIDAD,Otros,Sin Partner (Propio),Presencial Regular,0,0,0,0,0,0,0,0,0,0,0,0,0,0,82,0,0,0
2024-07,2024,N/A,O03012301,MAESTRÍA EN PUBLICIDAD,Otros,Sin Partner (Propio),Presencial Regular,0,0,0,0,0,0,0,0,0,0,0,0,0,0,82,0,0,0
2024-08,2024,N/A,O03012301,MAESTRÍA EN PUBLICIDAD,Otros,Sin Partner (Propio),Presencial Regular,0,0,0,0,0,0,0,0,0,0,0,0,0,0,82,0,0,0
2024-09,2024,N/A,O03012301,MAESTRÍA EN PUBLICIDAD,Otros,Sin Partner (Propio),Presencial Regular,0,0,0,0,0,0,0,0,0,0,0,0,0,0,82,0,0,0
2024-10,2024,N/A,O03012301,MAESTRÍA EN PUBLICIDAD,Otros,Sin Partner (Propio),Presencial Regular,0,0,0,0,0,0,0,0,0,0,0,0,0,0,82,0,0,0
2024-11,2024,N/A,O03012301,MAESTRÍA EN PUBLICIDAD,Otros,Sin Partner (Propio),Presencial Regular,0,0,0,0,0,0,0,0,0,0,0,0,0,0,82,0,0,0
2024-12,2024,N/A,O03012301,MAESTRÍA EN PUBLICIDAD,Otros,Sin Partner (Propio),Presencial Regular,0,0,0,0,0,0,0,0,0,0,0,0,0,0,82,0,0,0
2025-01,2025,N/A,O03012301,MAESTRÍA EN PUBLICIDAD,Otros,Sin Partner (Propio),Presencial Regular,0,0,0,0,0,0,0,0,0,0,0,0,0,0,82,0,0,0
2025-02,2025,N/A,O03012301,MAESTRÍA EN PUBLICIDAD,Otros,Sin Partner (Propio),Presencial Regular,0,0,0,0,0,0,0,0,0,0,0,0,0,0,82,0,0,0
2025-03,2025,N/A,O03012301,MAESTRÍA EN PUBLICIDAD,Otros,Sin Partner (Propio),Presencial Regular,0,0,0,0,0,0,0,0,0,0,0,0,0,0,82,0,0,0
2025-04,2025,N/A,O03012301,MAESTRÍA EN PUBLICIDAD,Otros,Sin Partner (Propio),Presencial Regular,0,0,0,0,0,0,0,0,0,0,0,0,0,0,82,0,0,0
2025-05,2025,N/A,O03012301,MAESTRÍA EN PUBLICIDAD,Otros,Sin Partner (Propio),Presencial Regular,0,0,0,0,0,0,0,0,0,0,0,0,0,0,82,0,0,0
2025-06,2025,N/A,O03012301,MAESTRÍA EN PUBLICIDAD,Otros,Sin Partner (Propio),Presencial Regular,0,0,0,0,0,0,0,0,0,0,0,0,0,0,82,0,0,0
2025-07,2025,N/A,O03012301,MAESTRÍA EN PUBLICIDAD,Otros,Sin Partner (Propio),Presencial Regular,0,0,0,0,0,0,0,0,0,0,0,0,0,0,82,0,0,0
2025-08,2025,N/A,O03012301,MAESTRÍA EN PUBLICIDAD,Otros,Sin Partner (Propio),Presencial Regular,0,0,0,0,0,0,0,0,0,0,0,0,0,0,82,0,0,0
2025-09,2025,N/A,O03012301,MAESTRÍA EN PUBLICIDAD,Otros,Sin Partner (Propio),Presencial Regular,0,0,0,0,0,0,0,0,0,0,0,0,0,0,82,0,0,0
2025-10,2025,N/A,O03012301,MAESTRÍA EN PUBLICIDAD,Otros,Sin Partner (Propio),Presencial Regular,0,0,0,0,0,0,0,0,0,0,0,0,0,0,82,0,0,0
2025-11,2025,N/A,O03012301,MAESTRÍA EN PUBLICIDAD,Otros,Sin Partner (Propio),Presencial Regular,0,0,0,0,0,0,0,0,0,0,0,0,0,0,82,0,0,0
2025-12,2025,N/A,O03012301,MAESTRÍA EN PUBLICIDAD,Otros,Sin Partner (Propio),Presencial Regular,0,0,0,0,0,0,0,0,0,0,0,0,0,0,82,0,0,0
2026-01,2026,N/A,O03012301,MAESTRÍA EN PUBLICIDAD,Otros,Sin Partner (Propio),Presencial Regular,0,0,0,0,0,0,0,0,0,0,0,0,0,0,82,0,0,0
2026-02,2026,N/A,O03012301,MAESTRÍA EN PUBLICIDAD,Otros,Sin Partner (Propio),Presencial Regular,0,0,0,0,0,0,0,0,0,0,0,0,0,0,82,0,0,0
2026-03,2026,N/A,O03012301,MAESTRÍA EN PUBLICIDAD,Otros,Sin Partner (Propio),Presencial Regular,0,0,0,0,0,0,0,0,0,0,0,0,0,0,82,0,0,0
2026-04,2026,N/A,O03012301,MAESTRÍA EN PUBLICIDAD,Otros,Sin Partner (Propio),Presencial Regular,0,0,0,0,0,0,0,0,0,0,0,0,0,0,82,0,0,0
2026-05,2026,N/A,O03012301,MAESTRÍA EN PUBLICIDAD,Otros,Sin Partner (Propio),Presencial Regular,0,0,0,0,0,0,0,0,0,0,0,0,0,0,82,0,0,0
2026-06,2026,N/A,O03012301,MAESTRÍA EN PUBLICIDAD,Otros,Sin Partner (Propio),Presencial Regular,0,0,0,0,0,0,0,0,0,0,0,0,0,0,82,0,0,0
2026-07,2026,N/A,O03012301,MAESTRÍA EN PUBLICIDAD,Otros,Sin Partner (Propio),Presencial Regular,0,0,0,0,0,0,0,0,0,0,0,0,0,0,82,0,0,0
2017-04,2017,Abril,O03032201,MAESTRÍA EN PSICOLOGÍA DEL TRABAJO Y LAS ORGANIZACIONES,Otros,Sin Partner (Propio),Presencial Regular,0,54,0,0,0,0,0,0,0,0,0,0,0,0,0,0,0,54
2017-05,2017,N/A,O03032201,MAESTRÍA EN PSICOLOGÍA DEL TRABAJO Y LAS ORGANIZACIONES,Otros,Sin Partner (Propio),Presencial Regular,0,0,0,0,0,0,0,0,0,0,54,0,0,0,0,0,0,0
2017-06,2017,N/A,O03032201,MAESTRÍA EN PSICOLOGÍA DEL TRABAJO Y LAS ORGANIZACIONES,Otros,Sin Partner (Propio),Presencial Regular,0,0,0,0,0,0,0,0,0,0,0,54,0,0,0,0,0,0
2017-07,2017,N/A,O03032201,MAESTRÍA EN PSICOLOGÍA DEL TRABAJO Y LAS ORGANIZACIONES,Otros,Sin Partner (Propio),Presencial Regular,0,0,0,0,0,0,0,0,0,0,0,0,54,0,0,0,0,0
2017-08,2017,N/A,O03032201,MAESTRÍA EN PSICOLOGÍA DEL TRABAJO Y LAS ORGANIZACIONES,Otros,Sin Partner (Propio),Presencial Regular,0,0,0,0,0,0,0,0,0,0,0,0,54,0,0,0,0,0
2017-09,2017,N/A,O03032201,MAESTRÍA EN PSICOLOGÍA DEL TRABAJO Y LAS ORGANIZACIONES,Otros,Sin Partner (Propio),Presencial Regular,0,0,0,0,0,0,0,0,0,0,0,0,54,0,0,0,0,0
2017-10,2017,N/A,O03032201,MAESTRÍA EN PSICOLOGÍA DEL TRABAJO Y LAS ORGANIZACIONES,Otros,Sin Partner (Propio),Presencial Regular,0,0,0,0,0,0,0,0,0,0,0,0,54,0,0,0,0,0
2017-11,2017,N/A,O03032201,MAESTRÍA EN PSICOLOGÍA DEL TRABAJO Y LAS ORGANIZACIONES,Otros,Sin Partner (Propio),Presencial Regular,0,0,0,0,0,0,0,0,0,0,0,0,0,54,0,0,0,0
2017-12,2017,N/A,O03032201,MAESTRÍA EN PSICOLOGÍA DEL TRABAJO Y LAS ORGANIZACIONES,Otros,Sin Partner (Propio),Presencial Regular,0,0,0,0,0,0,0,0,0,0,0,0,0,54,0,0,0,0
2018-01,2018,N/A,O03032201,MAESTRÍA EN PSICOLOGÍA DEL TRABAJO Y LAS ORGANIZACIONES,Otros,Sin Partner (Propio),Presencial Regular,0,0,0,0,0,0,0,0,0,0,0,0,0,54,0,0,0,0
2018-02,2018,N/A,O03032201,MAESTRÍA EN PSICOLOGÍA DEL TRABAJO Y LAS ORGANIZACIONES,Otros,Sin Partner (Propio),Presencial Regular,0,0,0,0,0,0,0,0,0,0,0,0,0,54,0,0,0,0
2018-03,2018,N/A,O03032201,MAESTRÍA EN PSICOLOGÍA DEL TRABAJO Y LAS ORGANIZACIONES,Otros,Sin Partner (Propio),Presencial Regular,0,0,0,0,0,0,0,0,0,0,0,0,0,54,0,0,0,0
2018-04,2018,N/A,O03032201,MAESTRÍA EN PSICOLOGÍA DEL TRABAJO Y LAS ORGANIZACIONES,Otros,Sin Partner (Propio),Presencial Regular,0,0,0,0,0,0,0,0,0,0,0,0,0,54,0,0,0,0
2018-05,2018,N/A,O03032201,MAESTRÍA EN PSICOLOGÍA DEL TRABAJO Y LAS ORGANIZACIONES,Otros,Sin Partner (Propio),Presencial Regular,0,0,0,0,0,0,0,0,0,0,0,0,0,0,54,0,0,0
2018-06,2018,N/A,O03032201,MAESTRÍA EN PSICOLOGÍA DEL TRABAJO Y LAS ORGANIZACIONES,Otros,Sin Partner (Propio),Presencial Regular,0,0,0,0,0,0,0,0,0,0,0,0,0,0,54,0,0,0
2018-07,2018,N/A,O03032201,MAESTRÍA EN PSICOLOGÍA DEL TRABAJO Y LAS ORGANIZACIONES,Otros,Sin Partner (Propio),Presencial Regular,0,0,0,0,0,0,0,0,0,0,0,0,0,0,54,0,0,0
2018-08,2018,N/A,O03032201,MAESTRÍA EN PSICOLOGÍA DEL TRABAJO Y LAS ORGANIZACIONES,Otros,Sin Partner (Propio),Presencial Regular,0,0,0,0,0,0,0,0,0,0,0,0,0,0,54,0,0,0
2018-09,2018,N/A,O03032201,MAESTRÍA EN PSICOLOGÍA DEL TRABAJO Y LAS ORGANIZACIONES,Otros,Sin Partner (Propio),Presencial Regular,0,0,0,0,0,0,0,0,0,0,0,0,0,0,54,0,0,0
2018-10,2018,N/A,O03032201,MAESTRÍA EN PSICOLOGÍA DEL TRABAJO Y LAS ORGANIZACIONES,Otros,Sin Partner (Propio),Presencial Regular,0,0,0,0,0,0,0,0,0,0,0,0,0,0,54,0,0,0
2018-11,2018,N/A,O03032201,MAESTRÍA EN PSICOLOGÍA DEL TRABAJO Y LAS ORGANIZACIONES,Otros,Sin Partner (Propio),Presencial Regular,0,0,0,0,0,0,0,0,0,0,0,0,0,0,54,0,0,0
2018-12,2018,N/A,O03032201,MAESTRÍA EN PSICOLOGÍA DEL TRABAJO Y LAS ORGANIZACIONES,Otros,Sin Partner (Propio),Presencial Regular,0,0,0,0,0,0,0,0,0,0,0,0,0,0,54,0,0,0
2019-01,2019,N/A,O03032201,MAESTRÍA EN PSICOLOGÍA DEL TRABAJO Y LAS ORGANIZACIONES,Otros,Sin Partner (Propio),Presencial Regular,0,0,0,0,0,0,0,0,0,0,0,0,0,0,54,0,0,0
2019-02,2019,N/A,O03032201,MAESTRÍA EN PSICOLOGÍA DEL TRABAJO Y LAS ORGANIZACIONES,Otros,Sin Partner (Propio),Presencial Regular,0,0,0,0,0,0,0,0,0,0,0,0,0,0,54,0,0,0
2019-03,2019,Marzo,O03032201,MAESTRÍA EN PSICOLOGÍA DEL TRABAJO Y LAS ORGANIZACIONES,Otros,Sin Partner (Propio),Presencial Regular,0,34,0,0,0,0,0,0,0,3,0,0,0,0,51,0,0,37
2019-04,2019,Abril,O03032201,MAESTRÍA EN PSICOLOGÍA DEL TRABAJO Y LAS ORGANIZACIONES,Otros,Sin Partner (Propio),Presencial Regular,0,0,0,0,25,25,0,0,0,2,12,0,0,0,49,25,0,27
2019-05,2019,Mayo,O03032201,MAESTRÍA EN PSICOLOGÍA DEL TRABAJO Y LAS ORGANIZACIONES,Otros,Sin Partner (Propio),Presencial Regular,0,0,0,0,25,24,1,0,0,1,3,11,0,0,48,25,0,26
2019-06,2019,Junio,O03032201,MAESTRÍA EN PSICOLOGÍA DEL TRABAJO Y LAS ORGANIZACIONES,Otros,Sin Partner (Propio),Presencial Regular,0,0,0,0,1,0,1,10,0,0,26,2,1,0,48,1,0,11
2019-07,2019,N/A,O03032201,MAESTRÍA EN PSICOLOGÍA DEL TRABAJO Y LAS ORGANIZACIONES,Otros,Sin Partner (Propio),Presencial Regular,0,0,0,0,0,0,0,0,0,0,11,26,3,0,48,0,0,0
2019-08,2019,Agosto,O03032201,MAESTRÍA EN PSICOLOGÍA DEL TRABAJO Y LAS ORGANIZACIONES,Otros,Sin Partner (Propio),Presencial Regular,0,18,0,0,10,0,10,1,0,0,0,1,28,0,48,10,0,29
2019-09,2019,Setiembre,O03032201,MAESTRÍA EN PSICOLOGÍA DEL TRABAJO Y LAS ORGANIZACIONES,Otros,Sin Partner (Propio),Presencial Regular,0,1,0,0,8,8,0,13,0,1,21,0,16,0,47,8,0,23
2019-10,2019,Octubre,O03032201,MAESTRÍA EN PSICOLOGÍA DEL TRABAJO Y LAS ORGANIZACIONES,Otros,Sin Partner (Propio),Presencial Regular,0,0,0,0,18,0,18,0,0,0,23,3,16,0,47,18,0,18
2019-11,2019,N/A,O03032201,MAESTRÍA EN PSICOLOGÍA DEL TRABAJO Y LAS ORGANIZACIONES,Otros,Sin Partner (Propio),Presencial Regular,0,0,0,0,0,0,0,0,0,0,18,23,18,1,47,0,0,0
2019-12,2019,N/A,O03032201,MAESTRÍA EN PSICOLOGÍA DEL TRABAJO Y LAS ORGANIZACIONES,Otros,Sin Partner (Propio),Presencial Regular,0,0,0,0,0,0,0,0,0,0,0,18,27,15,47,0,0,0
2020-01,2020,N/A,O03032201,MAESTRÍA EN PSICOLOGÍA DEL TRABAJO Y LAS ORGANIZACIONES,Otros,Sin Partner (Propio),Presencial Regular,0,0,0,0,0,0,0,0,0,0,0,0,44,16,47,0,0,0
2020-02,2020,N/A,O03032201,MAESTRÍA EN PSICOLOGÍA DEL TRABAJO Y LAS ORGANIZACIONES,Otros,Sin Partner (Propio),Presencial Regular,0,0,0,0,0,0,0,0,0,0,0,0,44,16,47,0,0,0
2020-03,2020,Marzo,O03032201,MAESTRÍA EN PSICOLOGÍA DEL TRABAJO Y LAS ORGANIZACIONES,Otros,Sin Partner (Propio),Presencial Regular,0,13,0,0,0,0,0,26,1,0,0,0,15,18,47,0,0,40
2020-04,2020,Abril,O03032201,MAESTRÍA EN PSICOLOGÍA DEL TRABAJO Y LAS ORGANIZACIONES,Otros,Sin Partner (Propio),Presencial Regular,0,0,0,0,27,27,0,0,1,0,13,0,0,32,47,27,0,28
2020-05,2020,Mayo,O03032201,MAESTRÍA EN PSICOLOGÍA DEL TRABAJO Y LAS ORGANIZACIONES,Otros,Sin Partner (Propio),Presencial Regular,0,0,0,0,36,26,10,0,2,0,2,3,0,30,47,36,0,38
2020-06,2020,Junio,O03032201,MAESTRÍA EN PSICOLOGÍA DEL TRABAJO Y LAS ORGANIZACIONES,Otros,Sin Partner (Propio),Presencial Regular,0,0,0,0,25,24,1,0,0,0,14,1,3,17,60,25,0,25
2020-07,2020,N/A,O03032201,MAESTRÍA EN PSICOLOGÍA DEL TRABAJO Y LAS ORGANIZACIONES,Otros,Sin Partner (Propio),Presencial Regular,0,0,0,0,0,0,0,0,0,0,25,14,4,16,61,0,0,0
2020-08,2020,N/A,O03032201,MAESTRÍA EN PSICOLOGÍA DEL TRABAJO Y LAS ORGANIZACIONES,Otros,Sin Partner (Propio),Presencial Regular,0,0,0,0,0,0,0,0,0,0,0,25,18,16,61,0,0,0
2020-09,2020,N/A,O03032201,MAESTRÍA EN PSICOLOGÍA DEL TRABAJO Y LAS ORGANIZACIONES,Otros,Sin Partner (Propio),Presencial Regular,0,0,0,0,0,0,0,0,0,0,0,0,43,14,63,0,0,0
2020-10,2020,N/A,O03032201,MAESTRÍA EN PSICOLOGÍA DEL TRABAJO Y LAS ORGANIZACIONES,Otros,Sin Partner (Propio),Presencial Regular,0,0,0,0,0,0,0,0,0,0,0,0,40,3,77,0,0,0
2020-11,2020,N/A,O03032201,MAESTRÍA EN PSICOLOGÍA DEL TRABAJO Y LAS ORGANIZACIONES,Otros,Sin Partner (Propio),Presencial Regular,0,0,0,0,0,0,0,0,0,0,0,0,39,4,77,0,0,0
2020-12,2020,N/A,O03032201,MAESTRÍA EN PSICOLOGÍA DEL TRABAJO Y LAS ORGANIZACIONES,Otros,Sin Partner (Propio),Presencial Regular,0,0,0,0,0,0,0,0,0,0,0,0,25,18,77,0,0,0
2021-01,2021,N/A,O03032201,MAESTRÍA EN PSICOLOGÍA DEL TRABAJO Y LAS ORGANIZACIONES,Otros,Sin Partner (Propio),Presencial Regular,0,0,0,0,0,0,0,0,0,0,0,0,0,43,77,0,0,0
2021-02,2021,N/A,O03032201,MAESTRÍA EN PSICOLOGÍA DEL TRABAJO Y LAS ORGANIZACIONES,Otros,Sin Partner (Propio),Presencial Regular,0,0,0,0,0,0,0,0,0,0,0,0,0,43,77,0,0,0
2021-03,2021,N/A,O03032201,MAESTRÍA EN PSICOLOGÍA DEL TRABAJO Y LAS ORGANIZACIONES,Otros,Sin Partner (Propio),Presencial Regular,0,0,0,0,0,0,0,0,0,0,0,0,0,43,77,0,0,0
2021-04,2021,N/A,O03032201,MAESTRÍA EN PSICOLOGÍA DEL TRABAJO Y LAS ORGANIZACIONES,Otros,Sin Partner (Propio),Presencial Regular,0,0,0,0,0,0,0,0,0,0,0,0,0,40,80,0,0,0
2021-05,2021,N/A,O03032201,MAESTRÍA EN PSICOLOGÍA DEL TRABAJO Y LAS ORGANIZACIONES,Otros,Sin Partner (Propio),Presencial Regular,0,0,0,0,0,0,0,0,0,0,0,0,0,39,81,0,0,0
2021-06,2021,N/A,O03032201,MAESTRÍA EN PSICOLOGÍA DEL TRABAJO Y LAS ORGANIZACIONES,Otros,Sin Partner (Propio),Presencial Regular,0,0,0,0,0,0,0,0,0,0,0,0,0,25,95,0,0,0
2021-07,2021,N/A,O03032201,MAESTRÍA EN PSICOLOGÍA DEL TRABAJO Y LAS ORGANIZACIONES,Otros,Sin Partner (Propio),Presencial Regular,0,0,0,0,0,0,0,0,0,0,0,0,0,0,120,0,0,0
2021-08,2021,N/A,O03032201,MAESTRÍA EN PSICOLOGÍA DEL TRABAJO Y LAS ORGANIZACIONES,Otros,Sin Partner (Propio),Presencial Regular,0,0,0,0,0,0,0,0,0,0,0,0,0,0,120,0,0,0
2021-09,2021,N/A,O03032201,MAESTRÍA EN PSICOLOGÍA DEL TRABAJO Y LAS ORGANIZACIONES,Otros,Sin Partner (Propio),Presencial Regular,0,0,0,0,0,0,0,0,0,0,0,0,0,0,120,0,0,0
2021-10,2021,N/A,O03032201,MAESTRÍA EN PSICOLOGÍA DEL TRABAJO Y LAS ORGANIZACIONES,Otros,Sin Partner (Propio),Presencial Regular,0,0,0,0,0,0,0,0,0,0,0,0,0,0,120,0,0,0
2021-11,2021,N/A,O03032201,MAESTRÍA EN PSICOLOGÍA DEL TRABAJO Y LAS ORGANIZACIONES,Otros,Sin Partner (Propio),Presencial Regular,0,0,0,0,0,0,0,0,0,0,0,0,0,0,120,0,0,0
2021-12,2021,N/A,O03032201,MAESTRÍA EN PSICOLOGÍA DEL TRABAJO Y LAS ORGANIZACIONES,Otros,Sin Partner (Propio),Presencial Regular,0,0,0,0,0,0,0,0,0,0,0,0,0,0,120,0,0,0
2022-01,2022,N/A,O03032201,MAESTRÍA EN PSICOLOGÍA DEL TRABAJO Y LAS ORGANIZACIONES,Otros,Sin Partner (Propio),Presencial Regular,0,0,0,0,0,0,0,0,0,0,0,0,0,0,120,0,0,0
2022-02,2022,N/A,O03032201,MAESTRÍA EN PSICOLOGÍA DEL TRABAJO Y LAS ORGANIZACIONES,Otros,Sin Partner (Propio),Presencial Regular,0,0,0,0,0,0,0,0,0,0,0,0,0,0,120,0,0,0
2022-03,2022,N/A,O03032201,MAESTRÍA EN PSICOLOGÍA DEL TRABAJO Y LAS ORGANIZACIONES,Otros,Sin Partner (Propio),Presencial Regular,0,0,0,0,0,0,0,0,0,0,0,0,0,0,120,0,0,0
2022-04,2022,N/A,O03032201,MAESTRÍA EN PSICOLOGÍA DEL TRABAJO Y LAS ORGANIZACIONES,Otros,Sin Partner (Propio),Presencial Regular,0,0,0,0,0,0,0,0,0,0,0,0,0,0,120,0,0,0
2022-05,2022,N/A,O03032201,MAESTRÍA EN PSICOLOGÍA DEL TRABAJO Y LAS ORGANIZACIONES,Otros,Sin Partner (Propio),Presencial Regular,0,0,0,0,0,0,0,0,0,0,0,0,0,0,120,0,0,0
2022-06,2022,N/A,O03032201,MAESTRÍA EN PSICOLOGÍA DEL TRABAJO Y LAS ORGANIZACIONES,Otros,Sin Partner (Propio),Presencial Regular,0,0,0,0,0,0,0,0,0,0,0,0,0,0,120,0,0,0
2022-07,2022,N/A,O03032201,MAESTRÍA EN PSICOLOGÍA DEL TRABAJO Y LAS ORGANIZACIONES,Otros,Sin Partner (Propio),Presencial Regular,0,0,0,0,0,0,0,0,0,0,0,0,0,0,120,0,0,0
2022-08,2022,N/A,O03032201,MAESTRÍA EN PSICOLOGÍA DEL TRABAJO Y LAS ORGANIZACIONES,Otros,Sin Partner (Propio),Presencial Regular,0,0,0,0,0,0,0,0,0,0,0,0,0,0,120,0,0,0
2022-09,2022,N/A,O03032201,MAESTRÍA EN PSICOLOGÍA DEL TRABAJO Y LAS ORGANIZACIONES,Otros,Sin Partner (Propio),Presencial Regular,0,0,0,0,0,0,0,0,0,0,0,0,0,0,120,0,0,0
2022-10,2022,N/A,O03032201,MAESTRÍA EN PSICOLOGÍA DEL TRABAJO Y LAS ORGANIZACIONES,Otros,Sin Partner (Propio),Presencial Regular,0,0,0,0,0,0,0,0,0,0,0,0,0,0,120,0,0,0
2022-11,2022,N/A,O03032201,MAESTRÍA EN PSICOLOGÍA DEL TRABAJO Y LAS ORGANIZACIONES,Otros,Sin Partner (Propio),Presencial Regular,0,0,0,0,0,0,0,0,0,0,0,0,0,0,120,0,0,0
2022-12,2022,N/A,O03032201,MAESTRÍA EN PSICOLOGÍA DEL TRABAJO Y LAS ORGANIZACIONES,Otros,Sin Partner (Propio),Presencial Regular,0,0,0,0,0,0,0,0,0,0,0,0,0,0,120,0,0,0
2023-01,2023,N/A,O03032201,MAESTRÍA EN PSICOLOGÍA DEL TRABAJO Y LAS ORGANIZACIONES,Otros,Sin Partner (Propio),Presencial Regular,0,0,0,0,0,0,0,0,0,0,0,0,0,0,120,0,0,0
2023-02,2023,N/A,O03032201,MAESTRÍA EN PSICOLOGÍA DEL TRABAJO Y LAS ORGANIZACIONES,Otros,Sin Partner (Propio),Presencial Regular,0,0,0,0,0,0,0,0,0,0,0,0,0,0,120,0,0,0
2023-03,2023,N/A,O03032201,MAESTRÍA EN PSICOLOGÍA DEL TRABAJO Y LAS ORGANIZACIONES,Otros,Sin Partner (Propio),Presencial Regular,0,0,0,0,0,0,0,0,0,0,0,0,0,0,120,0,0,0
2023-04,2023,N/A,O03032201,MAESTRÍA EN PSICOLOGÍA DEL TRABAJO Y LAS ORGANIZACIONES,Otros,Sin Partner (Propio),Presencial Regular,0,0,0,0,0,0,0,0,0,0,0,0,0,0,120,0,0,0
2023-05,2023,N/A,O03032201,MAESTRÍA EN PSICOLOGÍA DEL TRABAJO Y LAS ORGANIZACIONES,Otros,Sin Partner (Propio),Presencial Regular,0,0,0,0,0,0,0,0,0,0,0,0,0,0,120,0,0,0
2023-06,2023,N/A,O03032201,MAESTRÍA EN PSICOLOGÍA DEL TRABAJO Y LAS ORGANIZACIONES,Otros,Sin Partner (Propio),Presencial Regular,0,0,0,0,0,0,0,0,0,0,0,0,0,0,120,0,0,0
2023-07,2023,N/A,O03032201,MAESTRÍA EN PSICOLOGÍA DEL TRABAJO Y LAS ORGANIZACIONES,Otros,Sin Partner (Propio),Presencial Regular,0,0,0,0,0,0,0,0,0,0,0,0,0,0,120,0,0,0
2023-08,2023,N/A,O03032201,MAESTRÍA EN PSICOLOGÍA DEL TRABAJO Y LAS ORGANIZACIONES,Otros,Sin Partner (Propio),Presencial Regular,0,0,0,0,0,0,0,0,0,0,0,0,0,0,120,0,0,0
2023-09,2023,N/A,O03032201,MAESTRÍA EN PSICOLOGÍA DEL TRABAJO Y LAS ORGANIZACIONES,Otros,Sin Partner (Propio),Presencial Regular,0,0,0,0,0,0,0,0,0,0,0,0,0,0,120,0,0,0
2023-10,2023,N/A,O03032201,MAESTRÍA EN PSICOLOGÍA DEL TRABAJO Y LAS ORGANIZACIONES,Otros,Sin Partner (Propio),Presencial Regular,0,0,0,0,0,0,0,0,0,0,0,0,0,0,120,0,0,0
2023-11,2023,N/A,O03032201,MAESTRÍA EN PSICOLOGÍA DEL TRABAJO Y LAS ORGANIZACIONES,Otros,Sin Partner (Propio),Presencial Regular,0,0,0,0,0,0,0,0,0,0,0,0,0,0,120,0,0,0
2023-12,2023,N/A,O03032201,MAESTRÍA EN PSICOLOGÍA DEL TRABAJO Y LAS ORGANIZACIONES,Otros,Sin Partner (Propio),Presencial Regular,0,0,0,0,0,0,0,0,0,0,0,0,0,0,120,0,0,0
2024-01,2024,N/A,O03032201,MAESTRÍA EN PSICOLOGÍA DEL TRABAJO Y LAS ORGANIZACIONES,Otros,Sin Partner (Propio),Presencial Regular,0,0,0,0,0,0,0,0,0,0,0,0,0,0,120,0,0,0
2024-02,2024,N/A,O03032201,MAESTRÍA EN PSICOLOGÍA DEL TRABAJO Y LAS ORGANIZACIONES,Otros,Sin Partner (Propio),Presencial Regular,0,0,0,0,0,0,0,0,0,0,0,0,0,0,120,0,0,0
2024-03,2024,N/A,O03032201,MAESTRÍA EN PSICOLOGÍA DEL TRABAJO Y LAS ORGANIZACIONES,Otros,Sin Partner (Propio),Presencial Regular,0,0,0,0,0,0,0,0,0,0,0,0,0,0,120,0,0,0
2024-04,2024,N/A,O03032201,MAESTRÍA EN PSICOLOGÍA DEL TRABAJO Y LAS ORGANIZACIONES,Otros,Sin Partner (Propio),Presencial Regular,0,0,0,0,0,0,0,0,0,0,0,0,0,0,120,0,0,0
2024-05,2024,N/A,O03032201,MAESTRÍA EN PSICOLOGÍA DEL TRABAJO Y LAS ORGANIZACIONES,Otros,Sin Partner (Propio),Presencial Regular,0,0,0,0,0,0,0,0,0,0,0,0,0,0,120,0,0,0
2024-06,2024,N/A,O03032201,MAESTRÍA EN PSICOLOGÍA DEL TRABAJO Y LAS ORGANIZACIONES,Otros,Sin Partner (Propio),Presencial Regular,0,0,0,0,0,0,0,0,0,0,0,0,0,0,120,0,0,0
2024-07,2024,N/A,O03032201,MAESTRÍA EN PSICOLOGÍA DEL TRABAJO Y LAS ORGANIZACIONES,Otros,Sin Partner (Propio),Presencial Regular,0,0,0,0,0,0,0,0,0,0,0,0,0,0,120,0,0,0
2024-08,2024,N/A,O03032201,MAESTRÍA EN PSICOLOGÍA DEL TRABAJO Y LAS ORGANIZACIONES,Otros,Sin Partner (Propio),Presencial Regular,0,0,0,0,0,0,0,0,0,0,0,0,0,0,120,0,0,0
2024-09,2024,N/A,O03032201,MAESTRÍA EN PSICOLOGÍA DEL TRABAJO Y LAS ORGANIZACIONES,Otros,Sin Partner (Propio),Presencial Regular,0,0,0,0,0,0,0,0,0,0,0,0,0,0,120,0,0,0
2024-10,2024,N/A,O03032201,MAESTRÍA EN PSICOLOGÍA DEL TRABAJO Y LAS ORGANIZACIONES,Otros,Sin Partner (Propio),Presencial Regular,0,0,0,0,0,0,0,0,0,0,0,0,0,0,120,0,0,0
2024-11,2024,N/A,O03032201,MAESTRÍA EN PSICOLOGÍA DEL TRABAJO Y LAS ORGANIZACIONES,Otros,Sin Partner (Propio),Presencial Regular,0,0,0,0,0,0,0,0,0,0,0,0,0,0,120,0,0,0
2024-12,2024,N/A,O03032201,MAESTRÍA EN PSICOLOGÍA DEL TRABAJO Y LAS ORGANIZACIONES,Otros,Sin Partner (Propio),Presencial Regular,0,0,0,0,0,0,0,0,0,0,0,0,0,0,120,0,0,0
2025-01,2025,N/A,O03032201,MAESTRÍA EN PSICOLOGÍA DEL TRABAJO Y LAS ORGANIZACIONES,Otros,Sin Partner (Propio),Presencial Regular,0,0,0,0,0,0,0,0,0,0,0,0,0,0,120,0,0,0
2025-02,2025,N/A,O03032201,MAESTRÍA EN PSICOLOGÍA DEL TRABAJO Y LAS ORGANIZACIONES,Otros,Sin Partner (Propio),Presencial Regular,0,0,0,0,0,0,0,0,0,0,0,0,0,0,120,0,0,0
2025-03,2025,N/A,O03032201,MAESTRÍA EN PSICOLOGÍA DEL TRABAJO Y LAS ORGANIZACIONES,Otros,Sin Partner (Propio),Presencial Regular,0,0,0,0,0,0,0,0,0,0,0,0,0,0,120,0,0,0
2025-04,2025,N/A,O03032201,MAESTRÍA EN PSICOLOGÍA DEL TRABAJO Y LAS ORGANIZACIONES,Otros,Sin Partner (Propio),Presencial Regular,0,0,0,0,0,0,0,0,0,0,0,0,0,0,120,0,0,0
2025-05,2025,N/A,O03032201,MAESTRÍA EN PSICOLOGÍA DEL TRABAJO Y LAS ORGANIZACIONES,Otros,Sin Partner (Propio),Presencial Regular,0,0,0,0,0,0,0,0,0,0,0,0,0,0,120,0,0,0
2025-06,2025,N/A,O03032201,MAESTRÍA EN PSICOLOGÍA DEL TRABAJO Y LAS ORGANIZACIONES,Otros,Sin Partner (Propio),Presencial Regular,0,0,0,0,0,0,0,0,0,0,0,0,0,0,120,0,0,0
2025-07,2025,N/A,O03032201,MAESTRÍA EN PSICOLOGÍA DEL TRABAJO Y LAS ORGANIZACIONES,Otros,Sin Partner (Propio),Presencial Regular,0,0,0,0,0,0,0,0,0,0,0,0,0,0,120,0,0,0
2025-08,2025,N/A,O03032201,MAESTRÍA EN PSICOLOGÍA DEL TRABAJO Y LAS ORGANIZACIONES,Otros,Sin Partner (Propio),Presencial Regular,0,0,0,0,0,0,0,0,0,0,0,0,0,0,120,0,0,0
2025-09,2025,N/A,O03032201,MAESTRÍA EN PSICOLOGÍA DEL TRABAJO Y LAS ORGANIZACIONES,Otros,Sin Partner (Propio),Presencial Regular,0,0,0,0,0,0,0,0,0,0,0,0,0,0,120,0,0,0
2025-10,2025,N/A,O03032201,MAESTRÍA EN PSICOLOGÍA DEL TRABAJO Y LAS ORGANIZACIONES,Otros,Sin Partner (Propio),Presencial Regular,0,0,0,0,0,0,0,0,0,0,0,0,0,0,120,0,0,0
2025-11,2025,N/A,O03032201,MAESTRÍA EN PSICOLOGÍA DEL TRABAJO Y LAS ORGANIZACIONES,Otros,Sin Partner (Propio),Presencial Regular,0,0,0,0,0,0,0,0,0,0,0,0,0,0,120,0,0,0
2025-12,2025,N/A,O03032201,MAESTRÍA EN PSICOLOGÍA DEL TRABAJO Y LAS ORGANIZACIONES,Otros,Sin Partner (Propio),Presencial Regular,0,0,0,0,0,0,0,0,0,0,0,0,0,0,120,0,0,0
2026-01,2026,N/A,O03032201,MAESTRÍA EN PSICOLOGÍA DEL TRABAJO Y LAS ORGANIZACIONES,Otros,Sin Partner (Propio),Presencial Regular,0,0,0,0,0,0,0,0,0,0,0,0,0,0,120,0,0,0
2026-02,2026,N/A,O03032201,MAESTRÍA EN PSICOLOGÍA DEL TRABAJO Y LAS ORGANIZACIONES,Otros,Sin Partner (Propio),Presencial Regular,0,0,0,0,0,0,0,0,0,0,0,0,0,0,120,0,0,0
2026-03,2026,N/A,O03032201,MAESTRÍA EN PSICOLOGÍA DEL TRABAJO Y LAS ORGANIZACIONES,Otros,Sin Partner (Propio),Presencial Regular,0,0,0,0,0,0,0,0,0,0,0,0,0,0,120,0,0,0
2026-04,2026,N/A,O03032201,MAESTRÍA EN PSICOLOGÍA DEL TRABAJO Y LAS ORGANIZACIONES,Otros,Sin Partner (Propio),Presencial Regular,0,0,0,0,0,0,0,0,0,0,0,0,0,0,120,0,0,0
2026-05,2026,N/A,O03032201,MAESTRÍA EN PSICOLOGÍA DEL TRABAJO Y LAS ORGANIZACIONES,Otros,Sin Partner (Propio),Presencial Regular,0,0,0,0,0,0,0,0,0,0,0,0,0,0,120,0,0,0
2026-06,2026,N/A,O03032201,MAESTRÍA EN PSICOLOGÍA DEL TRABAJO Y LAS ORGANIZACIONES,Otros,Sin Partner (Propio),Presencial Regular,0,0,0,0,0,0,0,0,0,0,0,0,0,0,120,0,0,0
2026-07,2026,N/A,O03032201,MAESTRÍA EN PSICOLOGÍA DEL TRABAJO Y LAS ORGANIZACIONES,Otros,Sin Partner (Propio),Presencial Regular,0,0,0,0,0,0,0,0,0,0,0,0,0,0,120,0,0,0
2017-04,2017,Abril,O03032401,MAESTRÍA EN PSICOLOGÍA DE NIÑOS Y ADOLESCENTES CON PROBLEMAS DE APRENDIZAJE,Otros,Sin Partner (Propio),Presencial Regular,0,24,0,0,0,0,0,0,0,0,0,0,0,0,0,0,0,24
2017-05,2017,N/A,O03032401,MAESTRÍA EN PSICOLOGÍA DE NIÑOS Y ADOLESCENTES CON PROBLEMAS DE APRENDIZAJE,Otros,Sin Partner (Propio),Presencial Regular,0,0,0,0,0,0,0,0,0,0,24,0,0,0,0,0,0,0
2017-06,2017,N/A,O03032401,MAESTRÍA EN PSICOLOGÍA DE NIÑOS Y ADOLESCENTES CON PROBLEMAS DE APRENDIZAJE,Otros,Sin Partner (Propio),Presencial Regular,0,0,0,0,0,0,0,0,0,0,0,24,0,0,0,0,0,0
2017-07,2017,N/A,O03032401,MAESTRÍA EN PSICOLOGÍA DE NIÑOS Y ADOLESCENTES CON PROBLEMAS DE APRENDIZAJE,Otros,Sin Partner (Propio),Presencial Regular,0,0,0,0,0,0,0,0,0,0,0,0,24,0,0,0,0,0
2017-08,2017,N/A,O03032401,MAESTRÍA EN PSICOLOGÍA DE NIÑOS Y ADOLESCENTES CON PROBLEMAS DE APRENDIZAJE,Otros,Sin Partner (Propio),Presencial Regular,0,0,0,0,0,0,0,0,0,0,0,0,24,0,0,0,0,0
2017-09,2017,N/A,O03032401,MAESTRÍA EN PSICOLOGÍA DE NIÑOS Y ADOLESCENTES CON PROBLEMAS DE APRENDIZAJE,Otros,Sin Partner (Propio),Presencial Regular,0,0,0,0,0,0,0,0,0,0,0,0,24,0,0,0,0,0
2017-10,2017,N/A,O03032401,MAESTRÍA EN PSICOLOGÍA DE NIÑOS Y ADOLESCENTES CON PROBLEMAS DE APRENDIZAJE,Otros,Sin Partner (Propio),Presencial Regular,0,0,0,0,0,0,0,0,0,0,0,0,24,0,0,0,0,0
2017-11,2017,N/A,O03032401,MAESTRÍA EN PSICOLOGÍA DE NIÑOS Y ADOLESCENTES CON PROBLEMAS DE APRENDIZAJE,Otros,Sin Partner (Propio),Presencial Regular,0,0,0,0,0,0,0,0,0,0,0,0,0,24,0,0,0,0
2017-12,2017,N/A,O03032401,MAESTRÍA EN PSICOLOGÍA DE NIÑOS Y ADOLESCENTES CON PROBLEMAS DE APRENDIZAJE,Otros,Sin Partner (Propio),Presencial Regular,0,0,0,0,0,0,0,0,0,0,0,0,0,24,0,0,0,0
2018-01,2018,N/A,O03032401,MAESTRÍA EN PSICOLOGÍA DE NIÑOS Y ADOLESCENTES CON PROBLEMAS DE APRENDIZAJE,Otros,Sin Partner (Propio),Presencial Regular,0,0,0,0,0,0,0,0,0,0,0,0,0,24,0,0,0,0
2018-02,2018,N/A,O03032401,MAESTRÍA EN PSICOLOGÍA DE NIÑOS Y ADOLESCENTES CON PROBLEMAS DE APRENDIZAJE,Otros,Sin Partner (Propio),Presencial Regular,0,0,0,0,0,0,0,0,0,0,0,0,0,24,0,0,0,0
2018-03,2018,N/A,O03032401,MAESTRÍA EN PSICOLOGÍA DE NIÑOS Y ADOLESCENTES CON PROBLEMAS DE APRENDIZAJE,Otros,Sin Partner (Propio),Presencial Regular,0,0,0,0,0,0,0,0,0,0,0,0,0,24,0,0,0,0
2018-04,2018,N/A,O03032401,MAESTRÍA EN PSICOLOGÍA DE NIÑOS Y ADOLESCENTES CON PROBLEMAS DE APRENDIZAJE,Otros,Sin Partner (Propio),Presencial Regular,0,0,0,0,0,0,0,0,0,0,0,0,0,24,0,0,0,0
2018-05,2018,N/A,O03032401,MAESTRÍA EN PSICOLOGÍA DE NIÑOS Y ADOLESCENTES CON PROBLEMAS DE APRENDIZAJE,Otros,Sin Partner (Propio),Presencial Regular,0,0,0,0,0,0,0,0,0,0,0,0,0,0,24,0,0,0
2018-06,2018,N/A,O03032401,MAESTRÍA EN PSICOLOGÍA DE NIÑOS Y ADOLESCENTES CON PROBLEMAS DE APRENDIZAJE,Otros,Sin Partner (Propio),Presencial Regular,0,0,0,0,0,0,0,0,0,0,0,0,0,0,24,0,0,0
2018-07,2018,N/A,O03032401,MAESTRÍA EN PSICOLOGÍA DE NIÑOS Y ADOLESCENTES CON PROBLEMAS DE APRENDIZAJE,Otros,Sin Partner (Propio),Presencial Regular,0,0,0,0,0,0,0,0,0,0,0,0,0,0,24,0,0,0
2018-08,2018,N/A,O03032401,MAESTRÍA EN PSICOLOGÍA DE NIÑOS Y ADOLESCENTES CON PROBLEMAS DE APRENDIZAJE,Otros,Sin Partner (Propio),Presencial Regular,0,0,0,0,0,0,0,0,0,0,0,0,0,0,24,0,0,0
2018-09,2018,N/A,O03032401,MAESTRÍA EN PSICOLOGÍA DE NIÑOS Y ADOLESCENTES CON PROBLEMAS DE APRENDIZAJE,Otros,Sin Partner (Propio),Presencial Regular,0,0,0,0,0,0,0,0,0,0,0,0,0,0,24,0,0,0
2018-10,2018,N/A,O03032401,MAESTRÍA EN PSICOLOGÍA DE NIÑOS Y ADOLESCENTES CON PROBLEMAS DE APRENDIZAJE,Otros,Sin Partner (Propio),Presencial Regular,0,0,0,0,0,0,0,0,0,0,0,0,0,0,24,0,0,0
2018-11,2018,N/A,O03032401,MAESTRÍA EN PSICOLOGÍA DE NIÑOS Y ADOLESCENTES CON PROBLEMAS DE APRENDIZAJE,Otros,Sin Partner (Propio),Presencial Regular,0,0,0,0,0,0,0,0,0,0,0,0,0,0,24,0,0,0
2018-12,2018,N/A,O03032401,MAESTRÍA EN PSICOLOGÍA DE NIÑOS Y ADOLESCENTES CON PROBLEMAS DE APRENDIZAJE,Otros,Sin Partner (Propio),Presencial Regular,0,0,0,0,0,0,0,0,0,0,0,0,0,0,24,0,0,0
2019-01,2019,N/A,O03032401,MAESTRÍA EN PSICOLOGÍA DE NIÑOS Y ADOLESCENTES CON PROBLEMAS DE APRENDIZAJE,Otros,Sin Partner (Propio),Presencial Regular,0,0,0,0,0,0,0,0,0,0,0,0,0,0,24,0,0,0
2019-02,2019,N/A,O03032401,MAESTRÍA EN PSICOLOGÍA DE NIÑOS Y ADOLESCENTES CON PROBLEMAS DE APRENDIZAJE,Otros,Sin Partner (Propio),Presencial Regular,0,0,0,0,0,0,0,0,0,0,0,0,0,0,24,0,0,0
2019-03,2019,Marzo,O03032401,MAESTRÍA EN PSICOLOGÍA DE NIÑOS Y ADOLESCENTES CON PROBLEMAS DE APRENDIZAJE,Otros,Sin Partner (Propio),Presencial Regular,0,4,0,0,0,0,0,0,0,0,0,0,0,0,24,0,0,4
2019-04,2019,N/A,O03032401,MAESTRÍA EN PSICOLOGÍA DE NIÑOS Y ADOLESCENTES CON PROBLEMAS DE APRENDIZAJE,Otros,Sin Partner (Propio),Presencial Regular,0,0,0,0,0,0,0,0,0,0,4,0,0,0,24,0,0,0
2019-05,2019,N/A,O03032401,MAESTRÍA EN PSICOLOGÍA DE NIÑOS Y ADOLESCENTES CON PROBLEMAS DE APRENDIZAJE,Otros,Sin Partner (Propio),Presencial Regular,0,0,0,0,0,0,0,0,0,0,0,4,0,0,24,0,0,0
2019-06,2019,N/A,O03032401,MAESTRÍA EN PSICOLOGÍA DE NIÑOS Y ADOLESCENTES CON PROBLEMAS DE APRENDIZAJE,Otros,Sin Partner (Propio),Presencial Regular,0,0,0,0,0,0,0,0,0,0,0,0,4,0,24,0,0,0
2019-07,2019,N/A,O03032401,MAESTRÍA EN PSICOLOGÍA DE NIÑOS Y ADOLESCENTES CON PROBLEMAS DE APRENDIZAJE,Otros,Sin Partner (Propio),Presencial Regular,0,0,0,0,0,0,0,0,0,0,0,0,4,0,24,0,0,0
2019-08,2019,Agosto,O03032401,MAESTRÍA EN PSICOLOGÍA DE NIÑOS Y ADOLESCENTES CON PROBLEMAS DE APRENDIZAJE,Otros,Sin Partner (Propio),Presencial Regular,0,0,0,0,0,0,0,4,0,0,0,0,0,0,24,0,0,4
2019-09,2019,N/A,O03032401,MAESTRÍA EN PSICOLOGÍA DE NIÑOS Y ADOLESCENTES CON PROBLEMAS DE APRENDIZAJE,Otros,Sin Partner (Propio),Presencial Regular,0,0,0,0,0,0,0,0,0,0,4,0,0,0,24,0,0,0
2019-10,2019,Octubre,O03032401,MAESTRÍA EN PSICOLOGÍA DE NIÑOS Y ADOLESCENTES CON PROBLEMAS DE APRENDIZAJE,Otros,Sin Partner (Propio),Presencial Regular,0,2,0,0,0,0,0,0,0,0,0,4,0,0,24,0,0,2
2019-11,2019,Noviembre,O03032401,MAESTRÍA EN PSICOLOGÍA DE NIÑOS Y ADOLESCENTES CON PROBLEMAS DE APRENDIZAJE,Otros,Sin Partner (Propio),Presencial Regular,0,11,0,0,2,2,0,0,0,0,0,0,4,0,24,2,0,13
2019-12,2019,N/A,O03032401,MAESTRÍA EN PSICOLOGÍA DE NIÑOS Y ADOLESCENTES CON PROBLEMAS DE APRENDIZAJE,Otros,Sin Partner (Propio),Presencial Regular,0,0,0,0,0,0,0,0,0,0,13,0,4,0,24,0,0,0
2020-01,2020,N/A,O03032401,MAESTRÍA EN PSICOLOGÍA DE NIÑOS Y ADOLESCENTES CON PROBLEMAS DE APRENDIZAJE,Otros,Sin Partner (Propio),Presencial Regular,0,0,0,0,0,0,0,0,0,0,0,13,4,0,24,0,0,0
2020-02,2020,N/A,O03032401,MAESTRÍA EN PSICOLOGÍA DE NIÑOS Y ADOLESCENTES CON PROBLEMAS DE APRENDIZAJE,Otros,Sin Partner (Propio),Presencial Regular,0,0,0,0,0,0,0,0,0,0,0,0,17,0,24,0,0,0
2020-03,2020,Marzo,O03032401,MAESTRÍA EN PSICOLOGÍA DE NIÑOS Y ADOLESCENTES CON PROBLEMAS DE APRENDIZAJE,Otros,Sin Partner (Propio),Presencial Regular,0,9,0,0,0,0,0,11,0,0,0,0,2,4,24,0,0,20
2020-04,2020,N/A,O03032401,MAESTRÍA EN PSICOLOGÍA DE NIÑOS Y ADOLESCENTES CON PROBLEMAS DE APRENDIZAJE,Otros,Sin Partner (Propio),Presencial Regular,0,0,0,0,0,0,0,0,0,0,20,0,2,4,24,0,0,0
2020-05,2020,Mayo,O03032401,MAESTRÍA EN PSICOLOGÍA DE NIÑOS Y ADOLESCENTES CON PROBLEMAS DE APRENDIZAJE,Otros,Sin Partner (Propio),Presencial Regular,0,0,0,0,18,0,18,0,0,0,0,2,2,4,24,18,0,18
2020-06,2020,Junio,O03032401,MAESTRÍA EN PSICOLOGÍA DE NIÑOS Y ADOLESCENTES CON PROBLEMAS DE APRENDIZAJE,Otros,Sin Partner (Propio),Presencial Regular,0,0,0,0,11,11,0,0,0,0,7,0,2,6,24,11,0,11
2020-07,2020,Julio,O03032401,MAESTRÍA EN PSICOLOGÍA DE NIÑOS Y ADOLESCENTES CON PROBLEMAS DE APRENDIZAJE,Otros,Sin Partner (Propio),Presencial Regular,0,0,0,0,11,11,0,0,0,0,0,7,2,6,24,11,0,11
2020-08,2020,N/A,O03032401,MAESTRÍA EN PSICOLOGÍA DE NIÑOS Y ADOLESCENTES CON PROBLEMAS DE APRENDIZAJE,Otros,Sin Partner (Propio),Presencial Regular,0,0,0,0,0,0,0,0,0,0,11,0,9,6,24,0,0,0
2020-09,2020,N/A,O03032401,MAESTRÍA EN PSICOLOGÍA DE NIÑOS Y ADOLESCENTES CON PROBLEMAS DE APRENDIZAJE,Otros,Sin Partner (Propio),Presencial Regular,0,0,0,0,0,0,0,0,0,0,0,11,9,2,28,0,0,0
2020-10,2020,N/A,O03032401,MAESTRÍA EN PSICOLOGÍA DE NIÑOS Y ADOLESCENTES CON PROBLEMAS DE APRENDIZAJE,Otros,Sin Partner (Propio),Presencial Regular,0,0,0,0,0,0,0,0,0,0,0,0,18,4,28,0,0,0
2020-11,2020,N/A,O03032401,MAESTRÍA EN PSICOLOGÍA DE NIÑOS Y ADOLESCENTES CON PROBLEMAS DE APRENDIZAJE,Otros,Sin Partner (Propio),Presencial Regular,0,0,0,0,0,0,0,0,0,0,0,0,18,4,28,0,0,0
2020-12,2020,N/A,O03032401,MAESTRÍA EN PSICOLOGÍA DE NIÑOS Y ADOLESCENTES CON PROBLEMAS DE APRENDIZAJE,Otros,Sin Partner (Propio),Presencial Regular,0,0,0,0,0,0,0,0,0,0,0,0,11,9,30,0,0,0
2021-01,2021,N/A,O03032401,MAESTRÍA EN PSICOLOGÍA DE NIÑOS Y ADOLESCENTES CON PROBLEMAS DE APRENDIZAJE,Otros,Sin Partner (Propio),Presencial Regular,0,0,0,0,0,0,0,0,0,0,0,0,11,9,30,0,0,0
2021-02,2021,N/A,O03032401,MAESTRÍA EN PSICOLOGÍA DE NIÑOS Y ADOLESCENTES CON PROBLEMAS DE APRENDIZAJE,Otros,Sin Partner (Propio),Presencial Regular,0,0,0,0,0,0,0,0,0,0,0,0,0,20,30,0,0,0
2021-03,2021,N/A,O03032401,MAESTRÍA EN PSICOLOGÍA DE NIÑOS Y ADOLESCENTES CON PROBLEMAS DE APRENDIZAJE,Otros,Sin Partner (Propio),Presencial Regular,0,0,0,0,0,0,0,0,0,0,0,0,0,20,30,0,0,0
2021-04,2021,N/A,O03032401,MAESTRÍA EN PSICOLOGÍA DE NIÑOS Y ADOLESCENTES CON PROBLEMAS DE APRENDIZAJE,Otros,Sin Partner (Propio),Presencial Regular,0,0,0,0,0,0,0,0,0,0,0,0,0,18,32,0,0,0
2021-05,2021,N/A,O03032401,MAESTRÍA EN PSICOLOGÍA DE NIÑOS Y ADOLESCENTES CON PROBLEMAS DE APRENDIZAJE,Otros,Sin Partner (Propio),Presencial Regular,0,0,0,0,0,0,0,0,0,0,0,0,0,18,32,0,0,0
2021-06,2021,N/A,O03032401,MAESTRÍA EN PSICOLOGÍA DE NIÑOS Y ADOLESCENTES CON PROBLEMAS DE APRENDIZAJE,Otros,Sin Partner (Propio),Presencial Regular,0,0,0,0,0,0,0,0,0,0,0,0,0,11,39,0,0,0
2021-07,2021,N/A,O03032401,MAESTRÍA EN PSICOLOGÍA DE NIÑOS Y ADOLESCENTES CON PROBLEMAS DE APRENDIZAJE,Otros,Sin Partner (Propio),Presencial Regular,0,0,0,0,0,0,0,0,0,0,0,0,0,11,39,0,0,0
2021-08,2021,N/A,O03032401,MAESTRÍA EN PSICOLOGÍA DE NIÑOS Y ADOLESCENTES CON PROBLEMAS DE APRENDIZAJE,Otros,Sin Partner (Propio),Presencial Regular,0,0,0,0,0,0,0,0,0,0,0,0,0,0,50,0,0,0
2021-09,2021,N/A,O03032401,MAESTRÍA EN PSICOLOGÍA DE NIÑOS Y ADOLESCENTES CON PROBLEMAS DE APRENDIZAJE,Otros,Sin Partner (Propio),Presencial Regular,0,0,0,0,0,0,0,0,0,0,0,0,0,0,50,0,0,0
2021-10,2021,N/A,O03032401,MAESTRÍA EN PSICOLOGÍA DE NIÑOS Y ADOLESCENTES CON PROBLEMAS DE APRENDIZAJE,Otros,Sin Partner (Propio),Presencial Regular,0,0,0,0,0,0,0,0,0,0,0,0,0,0,50,0,0,0
2021-11,2021,N/A,O03032401,MAESTRÍA EN PSICOLOGÍA DE NIÑOS Y ADOLESCENTES CON PROBLEMAS DE APRENDIZAJE,Otros,Sin Partner (Propio),Presencial Regular,0,0,0,0,0,0,0,0,0,0,0,0,0,0,50,0,0,0
2021-12,2021,N/A,O03032401,MAESTRÍA EN PSICOLOGÍA DE NIÑOS Y ADOLESCENTES CON PROBLEMAS DE APRENDIZAJE,Otros,Sin Partner (Propio),Presencial Regular,0,0,0,0,0,0,0,0,0,0,0,0,0,0,50,0,0,0
2022-01,2022,N/A,O03032401,MAESTRÍA EN PSICOLOGÍA DE NIÑOS Y ADOLESCENTES CON PROBLEMAS DE APRENDIZAJE,Otros,Sin Partner (Propio),Presencial Regular,0,0,0,0,0,0,0,0,0,0,0,0,0,0,50,0,0,0
2022-02,2022,N/A,O03032401,MAESTRÍA EN PSICOLOGÍA DE NIÑOS Y ADOLESCENTES CON PROBLEMAS DE APRENDIZAJE,Otros,Sin Partner (Propio),Presencial Regular,0,0,0,0,0,0,0,0,0,0,0,0,0,0,50,0,0,0
2022-03,2022,N/A,O03032401,MAESTRÍA EN PSICOLOGÍA DE NIÑOS Y ADOLESCENTES CON PROBLEMAS DE APRENDIZAJE,Otros,Sin Partner (Propio),Presencial Regular,0,0,0,0,0,0,0,0,0,0,0,0,0,0,50,0,0,0
2022-04,2022,N/A,O03032401,MAESTRÍA EN PSICOLOGÍA DE NIÑOS Y ADOLESCENTES CON PROBLEMAS DE APRENDIZAJE,Otros,Sin Partner (Propio),Presencial Regular,0,0,0,0,0,0,0,0,0,0,0,0,0,0,50,0,0,0
2022-05,2022,N/A,O03032401,MAESTRÍA EN PSICOLOGÍA DE NIÑOS Y ADOLESCENTES CON PROBLEMAS DE APRENDIZAJE,Otros,Sin Partner (Propio),Presencial Regular,0,0,0,0,0,0,0,0,0,0,0,0,0,0,50,0,0,0
2022-06,2022,N/A,O03032401,MAESTRÍA EN PSICOLOGÍA DE NIÑOS Y ADOLESCENTES CON PROBLEMAS DE APRENDIZAJE,Otros,Sin Partner (Propio),Presencial Regular,0,0,0,0,0,0,0,0,0,0,0,0,0,0,50,0,0,0
2022-07,2022,N/A,O03032401,MAESTRÍA EN PSICOLOGÍA DE NIÑOS Y ADOLESCENTES CON PROBLEMAS DE APRENDIZAJE,Otros,Sin Partner (Propio),Presencial Regular,0,0,0,0,0,0,0,0,0,0,0,0,0,0,50,0,0,0
2022-08,2022,N/A,O03032401,MAESTRÍA EN PSICOLOGÍA DE NIÑOS Y ADOLESCENTES CON PROBLEMAS DE APRENDIZAJE,Otros,Sin Partner (Propio),Presencial Regular,0,0,0,0,0,0,0,0,0,0,0,0,0,0,50,0,0,0
2022-09,2022,N/A,O03032401,MAESTRÍA EN PSICOLOGÍA DE NIÑOS Y ADOLESCENTES CON PROBLEMAS DE APRENDIZAJE,Otros,Sin Partner (Propio),Presencial Regular,0,0,0,0,0,0,0,0,0,0,0,0,0,0,50,0,0,0
2022-10,2022,N/A,O03032401,MAESTRÍA EN PSICOLOGÍA DE NIÑOS Y ADOLESCENTES CON PROBLEMAS DE APRENDIZAJE,Otros,Sin Partner (Propio),Presencial Regular,0,0,0,0,0,0,0,0,0,0,0,0,0,0,50,0,0,0
2022-11,2022,N/A,O03032401,MAESTRÍA EN PSICOLOGÍA DE NIÑOS Y ADOLESCENTES CON PROBLEMAS DE APRENDIZAJE,Otros,Sin Partner (Propio),Presencial Regular,0,0,0,0,0,0,0,0,0,0,0,0,0,0,50,0,0,0
2022-12,2022,N/A,O03032401,MAESTRÍA EN PSICOLOGÍA DE NIÑOS Y ADOLESCENTES CON PROBLEMAS DE APRENDIZAJE,Otros,Sin Partner (Propio),Presencial Regular,0,0,0,0,0,0,0,0,0,0,0,0,0,0,50,0,0,0
2023-01,2023,N/A,O03032401,MAESTRÍA EN PSICOLOGÍA DE NIÑOS Y ADOLESCENTES CON PROBLEMAS DE APRENDIZAJE,Otros,Sin Partner (Propio),Presencial Regular,0,0,0,0,0,0,0,0,0,0,0,0,0,0,50,0,0,0
2023-02,2023,N/A,O03032401,MAESTRÍA EN PSICOLOGÍA DE NIÑOS Y ADOLESCENTES CON PROBLEMAS DE APRENDIZAJE,Otros,Sin Partner (Propio),Presencial Regular,0,0,0,0,0,0,0,0,0,0,0,0,0,0,50,0,0,0
2023-03,2023,N/A,O03032401,MAESTRÍA EN PSICOLOGÍA DE NIÑOS Y ADOLESCENTES CON PROBLEMAS DE APRENDIZAJE,Otros,Sin Partner (Propio),Presencial Regular,0,0,0,0,0,0,0,0,0,0,0,0,0,0,50,0,0,0
2023-04,2023,N/A,O03032401,MAESTRÍA EN PSICOLOGÍA DE NIÑOS Y ADOLESCENTES CON PROBLEMAS DE APRENDIZAJE,Otros,Sin Partner (Propio),Presencial Regular,0,0,0,0,0,0,0,0,0,0,0,0,0,0,50,0,0,0
2023-05,2023,N/A,O03032401,MAESTRÍA EN PSICOLOGÍA DE NIÑOS Y ADOLESCENTES CON PROBLEMAS DE APRENDIZAJE,Otros,Sin Partner (Propio),Presencial Regular,0,0,0,0,0,0,0,0,0,0,0,0,0,0,50,0,0,0
2023-06,2023,N/A,O03032401,MAESTRÍA EN PSICOLOGÍA DE NIÑOS Y ADOLESCENTES CON PROBLEMAS DE APRENDIZAJE,Otros,Sin Partner (Propio),Presencial Regular,0,0,0,0,0,0,0,0,0,0,0,0,0,0,50,0,0,0
2023-07,2023,N/A,O03032401,MAESTRÍA EN PSICOLOGÍA DE NIÑOS Y ADOLESCENTES CON PROBLEMAS DE APRENDIZAJE,Otros,Sin Partner (Propio),Presencial Regular,0,0,0,0,0,0,0,0,0,0,0,0,0,0,50,0,0,0
2023-08,2023,N/A,O03032401,MAESTRÍA EN PSICOLOGÍA DE NIÑOS Y ADOLESCENTES CON PROBLEMAS DE APRENDIZAJE,Otros,Sin Partner (Propio),Presencial Regular,0,0,0,0,0,0,0,0,0,0,0,0,0,0,50,0,0,0
2023-09,2023,N/A,O03032401,MAESTRÍA EN PSICOLOGÍA DE NIÑOS Y ADOLESCENTES CON PROBLEMAS DE APRENDIZAJE,Otros,Sin Partner (Propio),Presencial Regular,0,0,0,0,0,0,0,0,0,0,0,0,0,0,50,0,0,0
2023-10,2023,N/A,O03032401,MAESTRÍA EN PSICOLOGÍA DE NIÑOS Y ADOLESCENTES CON PROBLEMAS DE APRENDIZAJE,Otros,Sin Partner (Propio),Presencial Regular,0,0,0,0,0,0,0,0,0,0,0,0,0,0,50,0,0,0
2023-11,2023,N/A,O03032401,MAESTRÍA EN PSICOLOGÍA DE NIÑOS Y ADOLESCENTES CON PROBLEMAS DE APRENDIZAJE,Otros,Sin Partner (Propio),Presencial Regular,0,0,0,0,0,0,0,0,0,0,0,0,0,0,50,0,0,0
2023-12,2023,N/A,O03032401,MAESTRÍA EN PSICOLOGÍA DE NIÑOS Y ADOLESCENTES CON PROBLEMAS DE APRENDIZAJE,Otros,Sin Partner (Propio),Presencial Regular,0,0,0,0,0,0,0,0,0,0,0,0,0,0,50,0,0,0
2024-01,2024,N/A,O03032401,MAESTRÍA EN PSICOLOGÍA DE NIÑOS Y ADOLESCENTES CON PROBLEMAS DE APRENDIZAJE,Otros,Sin Partner (Propio),Presencial Regular,0,0,0,0,0,0,0,0,0,0,0,0,0,0,50,0,0,0
2024-02,2024,N/A,O03032401,MAESTRÍA EN PSICOLOGÍA DE NIÑOS Y ADOLESCENTES CON PROBLEMAS DE APRENDIZAJE,Otros,Sin Partner (Propio),Presencial Regular,0,0,0,0,0,0,0,0,0,0,0,0,0,0,50,0,0,0
2024-03,2024,N/A,O03032401,MAESTRÍA EN PSICOLOGÍA DE NIÑOS Y ADOLESCENTES CON PROBLEMAS DE APRENDIZAJE,Otros,Sin Partner (Propio),Presencial Regular,0,0,0,0,0,0,0,0,0,0,0,0,0,0,50,0,0,0
2024-04,2024,N/A,O03032401,MAESTRÍA EN PSICOLOGÍA DE NIÑOS Y ADOLESCENTES CON PROBLEMAS DE APRENDIZAJE,Otros,Sin Partner (Propio),Presencial Regular,0,0,0,0,0,0,0,0,0,0,0,0,0,0,50,0,0,0
2024-05,2024,N/A,O03032401,MAESTRÍA EN PSICOLOGÍA DE NIÑOS Y ADOLESCENTES CON PROBLEMAS DE APRENDIZAJE,Otros,Sin Partner (Propio),Presencial Regular,0,0,0,0,0,0,0,0,0,0,0,0,0,0,50,0,0,0
2024-06,2024,N/A,O03032401,MAESTRÍA EN PSICOLOGÍA DE NIÑOS Y ADOLESCENTES CON PROBLEMAS DE APRENDIZAJE,Otros,Sin Partner (Propio),Presencial Regular,0,0,0,0,0,0,0,0,0,0,0,0,0,0,50,0,0,0
2024-07,2024,N/A,O03032401,MAESTRÍA EN PSICOLOGÍA DE NIÑOS Y ADOLESCENTES CON PROBLEMAS DE APRENDIZAJE,Otros,Sin Partner (Propio),Presencial Regular,0,0,0,0,0,0,0,0,0,0,0,0,0,0,50,0,0,0
2024-08,2024,N/A,O03032401,MAESTRÍA EN PSICOLOGÍA DE NIÑOS Y ADOLESCENTES CON PROBLEMAS DE APRENDIZAJE,Otros,Sin Partner (Propio),Presencial Regular,0,0,0,0,0,0,0,0,0,0,0,0,0,0,50,0,0,0
2024-09,2024,N/A,O03032401,MAESTRÍA EN PSICOLOGÍA DE NIÑOS Y ADOLESCENTES CON PROBLEMAS DE APRENDIZAJE,Otros,Sin Partner (Propio),Presencial Regular,0,0,0,0,0,0,0,0,0,0,0,0,0,0,50,0,0,0
2024-10,2024,N/A,O03032401,MAESTRÍA EN PSICOLOGÍA DE NIÑOS Y ADOLESCENTES CON PROBLEMAS DE APRENDIZAJE,Otros,Sin Partner (Propio),Presencial Regular,0,0,0,0,0,0,0,0,0,0,0,0,0,0,50,0,0,0
2024-11,2024,N/A,O03032401,MAESTRÍA EN PSICOLOGÍA DE NIÑOS Y ADOLESCENTES CON PROBLEMAS DE APRENDIZAJE,Otros,Sin Partner (Propio),Presencial Regular,0,0,0,0,0,0,0,0,0,0,0,0,0,0,50,0,0,0
2024-12,2024,N/A,O03032401,MAESTRÍA EN PSICOLOGÍA DE NIÑOS Y ADOLESCENTES CON PROBLEMAS DE APRENDIZAJE,Otros,Sin Partner (Propio),Presencial Regular,0,0,0,0,0,0,0,0,0,0,0,0,0,0,50,0,0,0
2025-01,2025,N/A,O03032401,MAESTRÍA EN PSICOLOGÍA DE NIÑOS Y ADOLESCENTES CON PROBLEMAS DE APRENDIZAJE,Otros,Sin Partner (Propio),Presencial Regular,0,0,0,0,0,0,0,0,0,0,0,0,0,0,50,0,0,0
2025-02,2025,N/A,O03032401,MAESTRÍA EN PSICOLOGÍA DE NIÑOS Y ADOLESCENTES CON PROBLEMAS DE APRENDIZAJE,Otros,Sin Partner (Propio),Presencial Regular,0,0,0,0,0,0,0,0,0,0,0,0,0,0,50,0,0,0
2025-03,2025,N/A,O03032401,MAESTRÍA EN PSICOLOGÍA DE NIÑOS Y ADOLESCENTES CON PROBLEMAS DE APRENDIZAJE,Otros,Sin Partner (Propio),Presencial Regular,0,0,0,0,0,0,0,0,0,0,0,0,0,0,50,0,0,0
2025-04,2025,N/A,O03032401,MAESTRÍA EN PSICOLOGÍA DE NIÑOS Y ADOLESCENTES CON PROBLEMAS DE APRENDIZAJE,Otros,Sin Partner (Propio),Presencial Regular,0,0,0,0,0,0,0,0,0,0,0,0,0,0,50,0,0,0
2025-05,2025,N/A,O03032401,MAESTRÍA EN PSICOLOGÍA DE NIÑOS Y ADOLESCENTES CON PROBLEMAS DE APRENDIZAJE,Otros,Sin Partner (Propio),Presencial Regular,0,0,0,0,0,0,0,0,0,0,0,0,0,0,50,0,0,0
2025-06,2025,N/A,O03032401,MAESTRÍA EN PSICOLOGÍA DE NIÑOS Y ADOLESCENTES CON PROBLEMAS DE APRENDIZAJE,Otros,Sin Partner (Propio),Presencial Regular,0,0,0,0,0,0,0,0,0,0,0,0,0,0,50,0,0,0
2025-07,2025,N/A,O03032401,MAESTRÍA EN PSICOLOGÍA DE NIÑOS Y ADOLESCENTES CON PROBLEMAS DE APRENDIZAJE,Otros,Sin Partner (Propio),Presencial Regular,0,0,0,0,0,0,0,0,0,0,0,0,0,0,50,0,0,0
2025-08,2025,N/A,O03032401,MAESTRÍA EN PSICOLOGÍA DE NIÑOS Y ADOLESCENTES CON PROBLEMAS DE APRENDIZAJE,Otros,Sin Partner (Propio),Presencial Regular,0,0,0,0,0,0,0,0,0,0,0,0,0,0,50,0,0,0
2025-09,2025,N/A,O03032401,MAESTRÍA EN PSICOLOGÍA DE NIÑOS Y ADOLESCENTES CON PROBLEMAS DE APRENDIZAJE,Otros,Sin Partner (Propio),Presencial Regular,0,0,0,0,0,0,0,0,0,0,0,0,0,0,50,0,0,0
2025-10,2025,N/A,O03032401,MAESTRÍA EN PSICOLOGÍA DE NIÑOS Y ADOLESCENTES CON PROBLEMAS DE APRENDIZAJE,Otros,Sin Partner (Propio),Presencial Regular,0,0,0,0,0,0,0,0,0,0,0,0,0,0,50,0,0,0
2025-11,2025,N/A,O03032401,MAESTRÍA EN PSICOLOGÍA DE NIÑOS Y ADOLESCENTES CON PROBLEMAS DE APRENDIZAJE,Otros,Sin Partner (Propio),Presencial Regular,0,0,0,0,0,0,0,0,0,0,0,0,0,0,50,0,0,0
2025-12,2025,N/A,O03032401,MAESTRÍA EN PSICOLOGÍA DE NIÑOS Y ADOLESCENTES CON PROBLEMAS DE APRENDIZAJE,Otros,Sin Partner (Propio),Presencial Regular,0,0,0,0,0,0,0,0,0,0,0,0,0,0,50,0,0,0
2026-01,2026,N/A,O03032401,MAESTRÍA EN PSICOLOGÍA DE NIÑOS Y ADOLESCENTES CON PROBLEMAS DE APRENDIZAJE,Otros,Sin Partner (Propio),Presencial Regular,0,0,0,0,0,0,0,0,0,0,0,0,0,0,50,0,0,0
2026-02,2026,N/A,O03032401,MAESTRÍA EN PSICOLOGÍA DE NIÑOS Y ADOLESCENTES CON PROBLEMAS DE APRENDIZAJE,Otros,Sin Partner (Propio),Presencial Regular,0,0,0,0,0,0,0,0,0,0,0,0,0,0,50,0,0,0
2026-03,2026,N/A,O03032401,MAESTRÍA EN PSICOLOGÍA DE NIÑOS Y ADOLESCENTES CON PROBLEMAS DE APRENDIZAJE,Otros,Sin Partner (Propio),Presencial Regular,0,0,0,0,0,0,0,0,0,0,0,0,0,0,50,0,0,0
2026-04,2026,N/A,O03032401,MAESTRÍA EN PSICOLOGÍA DE NIÑOS Y ADOLESCENTES CON PROBLEMAS DE APRENDIZAJE,Otros,Sin Partner (Propio),Presencial Regular,0,0,0,0,0,0,0,0,0,0,0,0,0,0,50,0,0,0
2026-05,2026,N/A,O03032401,MAESTRÍA EN PSICOLOGÍA DE NIÑOS Y ADOLESCENTES CON PROBLEMAS DE APRENDIZAJE,Otros,Sin Partner (Propio),Presencial Regular,0,0,0,0,0,0,0,0,0,0,0,0,0,0,50,0,0,0
2026-06,2026,N/A,O03032401,MAESTRÍA EN PSICOLOGÍA DE NIÑOS Y ADOLESCENTES CON PROBLEMAS DE APRENDIZAJE,Otros,Sin Partner (Propio),Presencial Regular,0,0,0,0,0,0,0,0,0,0,0,0,0,0,50,0,0,0
2026-07,2026,N/A,O03032401,MAESTRÍA EN PSICOLOGÍA DE NIÑOS Y ADOLESCENTES CON PROBLEMAS DE APRENDIZAJE,Otros,Sin Partner (Propio),Presencial Regular,0,0,0,0,0,0,0,0,0,0,0,0,0,0,50,0,0,0
2017-04,2017,Abril,O03032501,MAESTRÍA EN PSICOLOGÍA DE CLÍNICA DE NIÑOS,Otros,Sin Partner (Propio),Presencial Regular,0,30,0,0,0,0,0,0,0,0,0,0,0,0,0,0,0,30
2017-05,2017,N/A,O03032501,MAESTRÍA EN PSICOLOGÍA DE CLÍNICA DE NIÑOS,Otros,Sin Partner (Propio),Presencial Regular,0,0,0,0,0,0,0,0,0,0,30,0,0,0,0,0,0,0
2017-06,2017,N/A,O03032501,MAESTRÍA EN PSICOLOGÍA DE CLÍNICA DE NIÑOS,Otros,Sin Partner (Propio),Presencial Regular,0,0,0,0,0,0,0,0,0,0,0,30,0,0,0,0,0,0
2017-07,2017,N/A,O03032501,MAESTRÍA EN PSICOLOGÍA DE CLÍNICA DE NIÑOS,Otros,Sin Partner (Propio),Presencial Regular,0,0,0,0,0,0,0,0,0,0,0,0,30,0,0,0,0,0
2017-08,2017,N/A,O03032501,MAESTRÍA EN PSICOLOGÍA DE CLÍNICA DE NIÑOS,Otros,Sin Partner (Propio),Presencial Regular,0,0,0,0,0,0,0,0,0,0,0,0,30,0,0,0,0,0
2017-09,2017,N/A,O03032501,MAESTRÍA EN PSICOLOGÍA DE CLÍNICA DE NIÑOS,Otros,Sin Partner (Propio),Presencial Regular,0,0,0,0,0,0,0,0,0,0,0,0,30,0,0,0,0,0
2017-10,2017,N/A,O03032501,MAESTRÍA EN PSICOLOGÍA DE CLÍNICA DE NIÑOS,Otros,Sin Partner (Propio),Presencial Regular,0,0,0,0,0,0,0,0,0,0,0,0,30,0,0,0,0,0
2017-11,2017,N/A,O03032501,MAESTRÍA EN PSICOLOGÍA DE CLÍNICA DE NIÑOS,Otros,Sin Partner (Propio),Presencial Regular,0,0,0,0,0,0,0,0,0,0,0,0,0,30,0,0,0,0
2017-12,2017,N/A,O03032501,MAESTRÍA EN PSICOLOGÍA DE CLÍNICA DE NIÑOS,Otros,Sin Partner (Propio),Presencial Regular,0,0,0,0,0,0,0,0,0,0,0,0,0,30,0,0,0,0
2018-01,2018,N/A,O03032501,MAESTRÍA EN PSICOLOGÍA DE CLÍNICA DE NIÑOS,Otros,Sin Partner (Propio),Presencial Regular,0,0,0,0,0,0,0,0,0,0,0,0,0,30,0,0,0,0
2018-02,2018,N/A,O03032501,MAESTRÍA EN PSICOLOGÍA DE CLÍNICA DE NIÑOS,Otros,Sin Partner (Propio),Presencial Regular,0,0,0,0,0,0,0,0,0,0,0,0,0,30,0,0,0,0
2018-03,2018,N/A,O03032501,MAESTRÍA EN PSICOLOGÍA DE CLÍNICA DE NIÑOS,Otros,Sin Partner (Propio),Presencial Regular,0,0,0,0,0,0,0,0,0,0,0,0,0,30,0,0,0,0
2018-04,2018,N/A,O03032501,MAESTRÍA EN PSICOLOGÍA DE CLÍNICA DE NIÑOS,Otros,Sin Partner (Propio),Presencial Regular,0,0,0,0,0,0,0,0,0,0,0,0,0,30,0,0,0,0
2018-05,2018,N/A,O03032501,MAESTRÍA EN PSICOLOGÍA DE CLÍNICA DE NIÑOS,Otros,Sin Partner (Propio),Presencial Regular,0,0,0,0,0,0,0,0,0,0,0,0,0,0,30,0,0,0
2018-06,2018,N/A,O03032501,MAESTRÍA EN PSICOLOGÍA DE CLÍNICA DE NIÑOS,Otros,Sin Partner (Propio),Presencial Regular,0,0,0,0,0,0,0,0,0,0,0,0,0,0,30,0,0,0
2018-07,2018,N/A,O03032501,MAESTRÍA EN PSICOLOGÍA DE CLÍNICA DE NIÑOS,Otros,Sin Partner (Propio),Presencial Regular,0,0,0,0,0,0,0,0,0,0,0,0,0,0,30,0,0,0
2018-08,2018,N/A,O03032501,MAESTRÍA EN PSICOLOGÍA DE CLÍNICA DE NIÑOS,Otros,Sin Partner (Propio),Presencial Regular,0,0,0,0,0,0,0,0,0,0,0,0,0,0,30,0,0,0
2018-09,2018,N/A,O03032501,MAESTRÍA EN PSICOLOGÍA DE CLÍNICA DE NIÑOS,Otros,Sin Partner (Propio),Presencial Regular,0,0,0,0,0,0,0,0,0,0,0,0,0,0,30,0,0,0
2018-10,2018,N/A,O03032501,MAESTRÍA EN PSICOLOGÍA DE CLÍNICA DE NIÑOS,Otros,Sin Partner (Propio),Presencial Regular,0,0,0,0,0,0,0,0,0,0,0,0,0,0,30,0,0,0
2018-11,2018,N/A,O03032501,MAESTRÍA EN PSICOLOGÍA DE CLÍNICA DE NIÑOS,Otros,Sin Partner (Propio),Presencial Regular,0,0,0,0,0,0,0,0,0,0,0,0,0,0,30,0,0,0
2018-12,2018,N/A,O03032501,MAESTRÍA EN PSICOLOGÍA DE CLÍNICA DE NIÑOS,Otros,Sin Partner (Propio),Presencial Regular,0,0,0,0,0,0,0,0,0,0,0,0,0,0,30,0,0,0
2019-01,2019,N/A,O03032501,MAESTRÍA EN PSICOLOGÍA DE CLÍNICA DE NIÑOS,Otros,Sin Partner (Propio),Presencial Regular,0,0,0,0,0,0,0,0,0,0,0,0,0,0,30,0,0,0
2019-02,2019,N/A,O03032501,MAESTRÍA EN PSICOLOGÍA DE CLÍNICA DE NIÑOS,Otros,Sin Partner (Propio),Presencial Regular,0,0,0,0,0,0,0,0,0,0,0,0,0,0,30,0,0,0
2019-03,2019,Marzo,O03032501,MAESTRÍA EN PSICOLOGÍA DE CLÍNICA DE NIÑOS,Otros,Sin Partner (Propio),Presencial Regular,0,20,0,0,0,0,0,0,0,0,0,0,0,0,30,0,0,20
2019-04,2019,Abril,O03032501,MAESTRÍA EN PSICOLOGÍA DE CLÍNICA DE NIÑOS,Otros,Sin Partner (Propio),Presencial Regular,0,0,0,0,11,11,0,0,0,0,9,0,0,0,30,11,0,11
2019-05,2019,N/A,O03032501,MAESTRÍA EN PSICOLOGÍA DE CLÍNICA DE NIÑOS,Otros,Sin Partner (Propio),Presencial Regular,0,0,0,0,0,0,0,0,0,0,11,9,0,0,30,0,0,0
2019-06,2019,N/A,O03032501,MAESTRÍA EN PSICOLOGÍA DE CLÍNICA DE NIÑOS,Otros,Sin Partner (Propio),Presencial Regular,0,0,0,0,0,0,0,0,0,0,0,11,9,0,30,0,0,0
2019-07,2019,N/A,O03032501,MAESTRÍA EN PSICOLOGÍA DE CLÍNICA DE NIÑOS,Otros,Sin Partner (Propio),Presencial Regular,0,0,0,0,0,0,0,0,0,0,0,0,20,0,30,0,0,0
2019-08,2019,N/A,O03032501,MAESTRÍA EN PSICOLOGÍA DE CLÍNICA DE NIÑOS,Otros,Sin Partner (Propio),Presencial Regular,0,0,0,0,0,0,0,0,0,0,0,0,20,0,30,0,0,0
2019-09,2019,N/A,O03032501,MAESTRÍA EN PSICOLOGÍA DE CLÍNICA DE NIÑOS,Otros,Sin Partner (Propio),Presencial Regular,0,0,0,0,0,0,0,0,0,0,0,0,20,0,30,0,0,0
2019-10,2019,N/A,O03032501,MAESTRÍA EN PSICOLOGÍA DE CLÍNICA DE NIÑOS,Otros,Sin Partner (Propio),Presencial Regular,0,0,0,0,0,0,0,0,0,0,0,0,11,9,30,0,0,0
2019-11,2019,Noviembre,O03032501,MAESTRÍA EN PSICOLOGÍA DE CLÍNICA DE NIÑOS,Otros,Sin Partner (Propio),Presencial Regular,0,0,0,0,0,0,0,0,11,0,0,0,0,9,30,0,0,11
2019-12,2019,N/A,O03032501,MAESTRÍA EN PSICOLOGÍA DE CLÍNICA DE NIÑOS,Otros,Sin Partner (Propio),Presencial Regular,0,0,0,0,0,0,0,0,0,0,11,0,0,9,30,0,0,0
2020-01,2020,N/A,O03032501,MAESTRÍA EN PSICOLOGÍA DE CLÍNICA DE NIÑOS,Otros,Sin Partner (Propio),Presencial Regular,0,0,0,0,0,0,0,0,0,0,0,11,0,9,30,0,0,0
2020-02,2020,N/A,O03032501,MAESTRÍA EN PSICOLOGÍA DE CLÍNICA DE NIÑOS,Otros,Sin Partner (Propio),Presencial Regular,0,0,0,0,0,0,0,0,0,0,0,0,11,9,30,0,0,0
2020-03,2020,Marzo,O03032501,MAESTRÍA EN PSICOLOGÍA DE CLÍNICA DE NIÑOS,Otros,Sin Partner (Propio),Presencial Regular,0,15,0,0,0,0,0,10,0,0,0,0,1,9,30,0,0,25
2020-04,2020,Abril,O03032501,MAESTRÍA EN PSICOLOGÍA DE CLÍNICA DE NIÑOS,Otros,Sin Partner (Propio),Presencial Regular,0,0,0,0,10,10,0,1,0,0,15,0,0,0,39,10,0,11
2020-05,2020,Mayo,O03032501,MAESTRÍA EN PSICOLOGÍA DE CLÍNICA DE NIÑOS,Otros,Sin Partner (Propio),Presencial Regular,0,0,0,0,22,11,11,0,0,0,0,4,0,0,39,22,0,22
2020-06,2020,Junio,O03032501,MAESTRÍA EN PSICOLOGÍA DE CLÍNICA DE NIÑOS,Otros,Sin Partner (Propio),Presencial Regular,0,0,0,0,11,11,0,0,0,0,11,0,4,0,39,11,0,11
2020-07,2020,N/A,O03032501,MAESTRÍA EN PSICOLOGÍA DE CLÍNICA DE NIÑOS,Otros,Sin Partner (Propio),Presencial Regular,0,0,0,0,0,0,0,0,0,0,11,11,4,0,39,0,0,0
2020-08,2020,N/A,O03032501,MAESTRÍA EN PSICOLOGÍA DE CLÍNICA DE NIÑOS,Otros,Sin Partner (Propio),Presencial Regular,0,0,0,0,0,0,0,0,0,0,0,11,15,0,39,0,0,0
2020-09,2020,N/A,O03032501,MAESTRÍA EN PSICOLOGÍA DE CLÍNICA DE NIÑOS,Otros,Sin Partner (Propio),Presencial Regular,0,0,0,0,0,0,0,0,0,0,0,0,26,0,39,0,0,0
2020-10,2020,N/A,O03032501,MAESTRÍA EN PSICOLOGÍA DE CLÍNICA DE NIÑOS,Otros,Sin Partner (Propio),Presencial Regular,0,0,0,0,0,0,0,0,0,0,0,0,22,4,39,0,0,0
2020-11,2020,N/A,O03032501,MAESTRÍA EN PSICOLOGÍA DE CLÍNICA DE NIÑOS,Otros,Sin Partner (Propio),Presencial Regular,0,0,0,0,0,0,0,0,0,0,0,0,22,4,39,0,0,0
2020-12,2020,N/A,O03032501,MAESTRÍA EN PSICOLOGÍA DE CLÍNICA DE NIÑOS,Otros,Sin Partner (Propio),Presencial Regular,0,0,0,0,0,0,0,0,0,0,0,0,11,15,39,0,0,0
2021-01,2021,N/A,O03032501,MAESTRÍA EN PSICOLOGÍA DE CLÍNICA DE NIÑOS,Otros,Sin Partner (Propio),Presencial Regular,0,0,0,0,0,0,0,0,0,0,0,0,0,26,39,0,0,0
2021-02,2021,N/A,O03032501,MAESTRÍA EN PSICOLOGÍA DE CLÍNICA DE NIÑOS,Otros,Sin Partner (Propio),Presencial Regular,0,0,0,0,0,0,0,0,0,0,0,0,0,26,39,0,0,0
2021-03,2021,N/A,O03032501,MAESTRÍA EN PSICOLOGÍA DE CLÍNICA DE NIÑOS,Otros,Sin Partner (Propio),Presencial Regular,0,0,0,0,0,0,0,0,0,0,0,0,0,26,39,0,0,0
2021-04,2021,N/A,O03032501,MAESTRÍA EN PSICOLOGÍA DE CLÍNICA DE NIÑOS,Otros,Sin Partner (Propio),Presencial Regular,0,0,0,0,0,0,0,0,0,0,0,0,0,22,43,0,0,0
2021-05,2021,N/A,O03032501,MAESTRÍA EN PSICOLOGÍA DE CLÍNICA DE NIÑOS,Otros,Sin Partner (Propio),Presencial Regular,0,0,0,0,0,0,0,0,0,0,0,0,0,22,43,0,0,0
2021-06,2021,N/A,O03032501,MAESTRÍA EN PSICOLOGÍA DE CLÍNICA DE NIÑOS,Otros,Sin Partner (Propio),Presencial Regular,0,0,0,0,0,0,0,0,0,0,0,0,0,11,54,0,0,0
2021-07,2021,N/A,O03032501,MAESTRÍA EN PSICOLOGÍA DE CLÍNICA DE NIÑOS,Otros,Sin Partner (Propio),Presencial Regular,0,0,0,0,0,0,0,0,0,0,0,0,0,0,65,0,0,0
2021-08,2021,N/A,O03032501,MAESTRÍA EN PSICOLOGÍA DE CLÍNICA DE NIÑOS,Otros,Sin Partner (Propio),Presencial Regular,0,0,0,0,0,0,0,0,0,0,0,0,0,0,65,0,0,0
2021-09,2021,N/A,O03032501,MAESTRÍA EN PSICOLOGÍA DE CLÍNICA DE NIÑOS,Otros,Sin Partner (Propio),Presencial Regular,0,0,0,0,0,0,0,0,0,0,0,0,0,0,65,0,0,0
2021-10,2021,N/A,O03032501,MAESTRÍA EN PSICOLOGÍA DE CLÍNICA DE NIÑOS,Otros,Sin Partner (Propio),Presencial Regular,0,0,0,0,0,0,0,0,0,0,0,0,0,0,65,0,0,0
2021-11,2021,N/A,O03032501,MAESTRÍA EN PSICOLOGÍA DE CLÍNICA DE NIÑOS,Otros,Sin Partner (Propio),Presencial Regular,0,0,0,0,0,0,0,0,0,0,0,0,0,0,65,0,0,0
2021-12,2021,N/A,O03032501,MAESTRÍA EN PSICOLOGÍA DE CLÍNICA DE NIÑOS,Otros,Sin Partner (Propio),Presencial Regular,0,0,0,0,0,0,0,0,0,0,0,0,0,0,65,0,0,0
2022-01,2022,N/A,O03032501,MAESTRÍA EN PSICOLOGÍA DE CLÍNICA DE NIÑOS,Otros,Sin Partner (Propio),Presencial Regular,0,0,0,0,0,0,0,0,0,0,0,0,0,0,65,0,0,0
2022-02,2022,N/A,O03032501,MAESTRÍA EN PSICOLOGÍA DE CLÍNICA DE NIÑOS,Otros,Sin Partner (Propio),Presencial Regular,0,0,0,0,0,0,0,0,0,0,0,0,0,0,65,0,0,0
2022-03,2022,N/A,O03032501,MAESTRÍA EN PSICOLOGÍA DE CLÍNICA DE NIÑOS,Otros,Sin Partner (Propio),Presencial Regular,0,0,0,0,0,0,0,0,0,0,0,0,0,0,65,0,0,0
2022-04,2022,N/A,O03032501,MAESTRÍA EN PSICOLOGÍA DE CLÍNICA DE NIÑOS,Otros,Sin Partner (Propio),Presencial Regular,0,0,0,0,0,0,0,0,0,0,0,0,0,0,65,0,0,0
2022-05,2022,N/A,O03032501,MAESTRÍA EN PSICOLOGÍA DE CLÍNICA DE NIÑOS,Otros,Sin Partner (Propio),Presencial Regular,0,0,0,0,0,0,0,0,0,0,0,0,0,0,65,0,0,0
2022-06,2022,N/A,O03032501,MAESTRÍA EN PSICOLOGÍA DE CLÍNICA DE NIÑOS,Otros,Sin Partner (Propio),Presencial Regular,0,0,0,0,0,0,0,0,0,0,0,0,0,0,65,0,0,0
2022-07,2022,N/A,O03032501,MAESTRÍA EN PSICOLOGÍA DE CLÍNICA DE NIÑOS,Otros,Sin Partner (Propio),Presencial Regular,0,0,0,0,0,0,0,0,0,0,0,0,0,0,65,0,0,0
2022-08,2022,N/A,O03032501,MAESTRÍA EN PSICOLOGÍA DE CLÍNICA DE NIÑOS,Otros,Sin Partner (Propio),Presencial Regular,0,0,0,0,0,0,0,0,0,0,0,0,0,0,65,0,0,0
2022-09,2022,N/A,O03032501,MAESTRÍA EN PSICOLOGÍA DE CLÍNICA DE NIÑOS,Otros,Sin Partner (Propio),Presencial Regular,0,0,0,0,0,0,0,0,0,0,0,0,0,0,65,0,0,0
2022-10,2022,N/A,O03032501,MAESTRÍA EN PSICOLOGÍA DE CLÍNICA DE NIÑOS,Otros,Sin Partner (Propio),Presencial Regular,0,0,0,0,0,0,0,0,0,0,0,0,0,0,65,0,0,0
2022-11,2022,N/A,O03032501,MAESTRÍA EN PSICOLOGÍA DE CLÍNICA DE NIÑOS,Otros,Sin Partner (Propio),Presencial Regular,0,0,0,0,0,0,0,0,0,0,0,0,0,0,65,0,0,0
2022-12,2022,N/A,O03032501,MAESTRÍA EN PSICOLOGÍA DE CLÍNICA DE NIÑOS,Otros,Sin Partner (Propio),Presencial Regular,0,0,0,0,0,0,0,0,0,0,0,0,0,0,65,0,0,0
2023-01,2023,N/A,O03032501,MAESTRÍA EN PSICOLOGÍA DE CLÍNICA DE NIÑOS,Otros,Sin Partner (Propio),Presencial Regular,0,0,0,0,0,0,0,0,0,0,0,0,0,0,65,0,0,0
2023-02,2023,N/A,O03032501,MAESTRÍA EN PSICOLOGÍA DE CLÍNICA DE NIÑOS,Otros,Sin Partner (Propio),Presencial Regular,0,0,0,0,0,0,0,0,0,0,0,0,0,0,65,0,0,0
2023-03,2023,N/A,O03032501,MAESTRÍA EN PSICOLOGÍA DE CLÍNICA DE NIÑOS,Otros,Sin Partner (Propio),Presencial Regular,0,0,0,0,0,0,0,0,0,0,0,0,0,0,65,0,0,0
2023-04,2023,N/A,O03032501,MAESTRÍA EN PSICOLOGÍA DE CLÍNICA DE NIÑOS,Otros,Sin Partner (Propio),Presencial Regular,0,0,0,0,0,0,0,0,0,0,0,0,0,0,65,0,0,0
2023-05,2023,N/A,O03032501,MAESTRÍA EN PSICOLOGÍA DE CLÍNICA DE NIÑOS,Otros,Sin Partner (Propio),Presencial Regular,0,0,0,0,0,0,0,0,0,0,0,0,0,0,65,0,0,0
2023-06,2023,N/A,O03032501,MAESTRÍA EN PSICOLOGÍA DE CLÍNICA DE NIÑOS,Otros,Sin Partner (Propio),Presencial Regular,0,0,0,0,0,0,0,0,0,0,0,0,0,0,65,0,0,0
2023-07,2023,N/A,O03032501,MAESTRÍA EN PSICOLOGÍA DE CLÍNICA DE NIÑOS,Otros,Sin Partner (Propio),Presencial Regular,0,0,0,0,0,0,0,0,0,0,0,0,0,0,65,0,0,0
2023-08,2023,N/A,O03032501,MAESTRÍA EN PSICOLOGÍA DE CLÍNICA DE NIÑOS,Otros,Sin Partner (Propio),Presencial Regular,0,0,0,0,0,0,0,0,0,0,0,0,0,0,65,0,0,0
2023-09,2023,N/A,O03032501,MAESTRÍA EN PSICOLOGÍA DE CLÍNICA DE NIÑOS,Otros,Sin Partner (Propio),Presencial Regular,0,0,0,0,0,0,0,0,0,0,0,0,0,0,65,0,0,0
2023-10,2023,N/A,O03032501,MAESTRÍA EN PSICOLOGÍA DE CLÍNICA DE NIÑOS,Otros,Sin Partner (Propio),Presencial Regular,0,0,0,0,0,0,0,0,0,0,0,0,0,0,65,0,0,0
2023-11,2023,N/A,O03032501,MAESTRÍA EN PSICOLOGÍA DE CLÍNICA DE NIÑOS,Otros,Sin Partner (Propio),Presencial Regular,0,0,0,0,0,0,0,0,0,0,0,0,0,0,65,0,0,0
2023-12,2023,N/A,O03032501,MAESTRÍA EN PSICOLOGÍA DE CLÍNICA DE NIÑOS,Otros,Sin Partner (Propio),Presencial Regular,0,0,0,0,0,0,0,0,0,0,0,0,0,0,65,0,0,0
2024-01,2024,N/A,O03032501,MAESTRÍA EN PSICOLOGÍA DE CLÍNICA DE NIÑOS,Otros,Sin Partner (Propio),Presencial Regular,0,0,0,0,0,0,0,0,0,0,0,0,0,0,65,0,0,0
2024-02,2024,N/A,O03032501,MAESTRÍA EN PSICOLOGÍA DE CLÍNICA DE NIÑOS,Otros,Sin Partner (Propio),Presencial Regular,0,0,0,0,0,0,0,0,0,0,0,0,0,0,65,0,0,0
2024-03,2024,N/A,O03032501,MAESTRÍA EN PSICOLOGÍA DE CLÍNICA DE NIÑOS,Otros,Sin Partner (Propio),Presencial Regular,0,0,0,0,0,0,0,0,0,0,0,0,0,0,65,0,0,0
2024-04,2024,N/A,O03032501,MAESTRÍA EN PSICOLOGÍA DE CLÍNICA DE NIÑOS,Otros,Sin Partner (Propio),Presencial Regular,0,0,0,0,0,0,0,0,0,0,0,0,0,0,65,0,0,0
2024-05,2024,N/A,O03032501,MAESTRÍA EN PSICOLOGÍA DE CLÍNICA DE NIÑOS,Otros,Sin Partner (Propio),Presencial Regular,0,0,0,0,0,0,0,0,0,0,0,0,0,0,65,0,0,0
2024-06,2024,N/A,O03032501,MAESTRÍA EN PSICOLOGÍA DE CLÍNICA DE NIÑOS,Otros,Sin Partner (Propio),Presencial Regular,0,0,0,0,0,0,0,0,0,0,0,0,0,0,65,0,0,0
2024-07,2024,N/A,O03032501,MAESTRÍA EN PSICOLOGÍA DE CLÍNICA DE NIÑOS,Otros,Sin Partner (Propio),Presencial Regular,0,0,0,0,0,0,0,0,0,0,0,0,0,0,65,0,0,0
2024-08,2024,N/A,O03032501,MAESTRÍA EN PSICOLOGÍA DE CLÍNICA DE NIÑOS,Otros,Sin Partner (Propio),Presencial Regular,0,0,0,0,0,0,0,0,0,0,0,0,0,0,65,0,0,0
2024-09,2024,N/A,O03032501,MAESTRÍA EN PSICOLOGÍA DE CLÍNICA DE NIÑOS,Otros,Sin Partner (Propio),Presencial Regular,0,0,0,0,0,0,0,0,0,0,0,0,0,0,65,0,0,0
2024-10,2024,N/A,O03032501,MAESTRÍA EN PSICOLOGÍA DE CLÍNICA DE NIÑOS,Otros,Sin Partner (Propio),Presencial Regular,0,0,0,0,0,0,0,0,0,0,0,0,0,0,65,0,0,0
2024-11,2024,N/A,O03032501,MAESTRÍA EN PSICOLOGÍA DE CLÍNICA DE NIÑOS,Otros,Sin Partner (Propio),Presencial Regular,0,0,0,0,0,0,0,0,0,0,0,0,0,0,65,0,0,0
2024-12,2024,N/A,O03032501,MAESTRÍA EN PSICOLOGÍA DE CLÍNICA DE NIÑOS,Otros,Sin Partner (Propio),Presencial Regular,0,0,0,0,0,0,0,0,0,0,0,0,0,0,65,0,0,0
2025-01,2025,N/A,O03032501,MAESTRÍA EN PSICOLOGÍA DE CLÍNICA DE NIÑOS,Otros,Sin Partner (Propio),Presencial Regular,0,0,0,0,0,0,0,0,0,0,0,0,0,0,65,0,0,0
2025-02,2025,N/A,O03032501,MAESTRÍA EN PSICOLOGÍA DE CLÍNICA DE NIÑOS,Otros,Sin Partner (Propio),Presencial Regular,0,0,0,0,0,0,0,0,0,0,0,0,0,0,65,0,0,0
2025-03,2025,N/A,O03032501,MAESTRÍA EN PSICOLOGÍA DE CLÍNICA DE NIÑOS,Otros,Sin Partner (Propio),Presencial Regular,0,0,0,0,0,0,0,0,0,0,0,0,0,0,65,0,0,0
2025-04,2025,N/A,O03032501,MAESTRÍA EN PSICOLOGÍA DE CLÍNICA DE NIÑOS,Otros,Sin Partner (Propio),Presencial Regular,0,0,0,0,0,0,0,0,0,0,0,0,0,0,65,0,0,0
2025-05,2025,N/A,O03032501,MAESTRÍA EN PSICOLOGÍA DE CLÍNICA DE NIÑOS,Otros,Sin Partner (Propio),Presencial Regular,0,0,0,0,0,0,0,0,0,0,0,0,0,0,65,0,0,0
2025-06,2025,N/A,O03032501,MAESTRÍA EN PSICOLOGÍA DE CLÍNICA DE NIÑOS,Otros,Sin Partner (Propio),Presencial Regular,0,0,0,0,0,0,0,0,0,0,0,0,0,0,65,0,0,0
2025-07,2025,N/A,O03032501,MAESTRÍA EN PSICOLOGÍA DE CLÍNICA DE NIÑOS,Otros,Sin Partner (Propio),Presencial Regular,0,0,0,0,0,0,0,0,0,0,0,0,0,0,65,0,0,0
2025-08,2025,N/A,O03032501,MAESTRÍA EN PSICOLOGÍA DE CLÍNICA DE NIÑOS,Otros,Sin Partner (Propio),Presencial Regular,0,0,0,0,0,0,0,0,0,0,0,0,0,0,65,0,0,0
2025-09,2025,N/A,O03032501,MAESTRÍA EN PSICOLOGÍA DE CLÍNICA DE NIÑOS,Otros,Sin Partner (Propio),Presencial Regular,0,0,0,0,0,0,0,0,0,0,0,0,0,0,65,0,0,0
2025-10,2025,N/A,O03032501,MAESTRÍA EN PSICOLOGÍA DE CLÍNICA DE NIÑOS,Otros,Sin Partner (Propio),Presencial Regular,0,0,0,0,0,0,0,0,0,0,0,0,0,0,65,0,0,0
2025-11,2025,N/A,O03032501,MAESTRÍA EN PSICOLOGÍA DE CLÍNICA DE NIÑOS,Otros,Sin Partner (Propio),Presencial Regular,0,0,0,0,0,0,0,0,0,0,0,0,0,0,65,0,0,0
2025-12,2025,N/A,O03032501,MAESTRÍA EN PSICOLOGÍA DE CLÍNICA DE NIÑOS,Otros,Sin Partner (Propio),Presencial Regular,0,0,0,0,0,0,0,0,0,0,0,0,0,0,65,0,0,0
2026-01,2026,N/A,O03032501,MAESTRÍA EN PSICOLOGÍA DE CLÍNICA DE NIÑOS,Otros,Sin Partner (Propio),Presencial Regular,0,0,0,0,0,0,0,0,0,0,0,0,0,0,65,0,0,0
2026-02,2026,N/A,O03032501,MAESTRÍA EN PSICOLOGÍA DE CLÍNICA DE NIÑOS,Otros,Sin Partner (Propio),Presencial Regular,0,0,0,0,0,0,0,0,0,0,0,0,0,0,65,0,0,0
2026-03,2026,N/A,O03032501,MAESTRÍA EN PSICOLOGÍA DE CLÍNICA DE NIÑOS,Otros,Sin Partner (Propio),Presencial Regular,0,0,0,0,0,0,0,0,0,0,0,0,0,0,65,0,0,0
2026-04,2026,N/A,O03032501,MAESTRÍA EN PSICOLOGÍA DE CLÍNICA DE NIÑOS,Otros,Sin Partner (Propio),Presencial Regular,0,0,0,0,0,0,0,0,0,0,0,0,0,0,65,0,0,0
2026-05,2026,N/A,O03032501,MAESTRÍA EN PSICOLOGÍA DE CLÍNICA DE NIÑOS,Otros,Sin Partner (Propio),Presencial Regular,0,0,0,0,0,0,0,0,0,0,0,0,0,0,65,0,0,0
2026-06,2026,N/A,O03032501,MAESTRÍA EN PSICOLOGÍA DE CLÍNICA DE NIÑOS,Otros,Sin Partner (Propio),Presencial Regular,0,0,0,0,0,0,0,0,0,0,0,0,0,0,65,0,0,0
2026-07,2026,N/A,O03032501,MAESTRÍA EN PSICOLOGÍA DE CLÍNICA DE NIÑOS,Otros,Sin Partner (Propio),Presencial Regular,0,0,0,0,0,0,0,0,0,0,0,0,0,0,65,0,0,0
2018-09,2018,Setiembre,O07010801,MAESTRIA EN EDUCACIÓN CON MENCIÓN EN DOCENCIA INV.UNIV,Otros,Sin Partner (Propio),Presencial Regular,0,88,0,0,0,0,0,0,0,0,0,0,0,0,0,0,0,88
2018-10,2018,N/A,O07010801,MAESTRIA EN EDUCACIÓN CON MENCIÓN EN DOCENCIA INV.UNIV,Otros,Sin Partner (Propio),Presencial Regular,0,0,0,0,0,0,0,0,0,0,88,0,0,0,0,0,0,0
2018-11,2018,N/A,O07010801,MAESTRIA EN EDUCACIÓN CON MENCIÓN EN DOCENCIA INV.UNIV,Otros,Sin Partner (Propio),Presencial Regular,0,0,0,0,0,0,0,0,0,0,0,88,0,0,0,0,0,0
2018-12,2018,N/A,O07010801,MAESTRIA EN EDUCACIÓN CON MENCIÓN EN DOCENCIA INV.UNIV,Otros,Sin Partner (Propio),Presencial Regular,0,0,0,0,0,0,0,0,0,0,0,0,88,0,0,0,0,0
2019-01,2019,N/A,O07010801,MAESTRIA EN EDUCACIÓN CON MENCIÓN EN DOCENCIA INV.UNIV,Otros,Sin Partner (Propio),Presencial Regular,0,0,0,0,0,0,0,0,0,0,0,0,88,0,0,0,0,0
2019-02,2019,N/A,O07010801,MAESTRIA EN EDUCACIÓN CON MENCIÓN EN DOCENCIA INV.UNIV,Otros,Sin Partner (Propio),Presencial Regular,0,0,0,0,0,0,0,0,0,0,0,0,88,0,0,0,0,0
2019-03,2019,N/A,O07010801,MAESTRIA EN EDUCACIÓN CON MENCIÓN EN DOCENCIA INV.UNIV,Otros,Sin Partner (Propio),Presencial Regular,0,0,0,0,0,0,0,0,0,0,0,0,88,0,0,0,0,0
2019-04,2019,Abril,O07010801,MAESTRIA EN EDUCACIÓN CON MENCIÓN EN DOCENCIA INV.UNIV,Otros,Sin Partner (Propio),Presencial Regular,0,59,0,0,0,0,0,0,26,0,0,0,0,62,0,0,0,85
2019-05,2019,N/A,O07010801,MAESTRIA EN EDUCACIÓN CON MENCIÓN EN DOCENCIA INV.UNIV,Otros,Sin Partner (Propio),Presencial Regular,0,0,0,0,0,0,0,0,0,0,85,0,0,62,0,0,0,0
2019-06,2019,N/A,O07010801,MAESTRIA EN EDUCACIÓN CON MENCIÓN EN DOCENCIA INV.UNIV,Otros,Sin Partner (Propio),Presencial Regular,0,0,0,0,0,0,0,0,0,0,0,85,0,62,0,0,0,0
2019-07,2019,N/A,O07010801,MAESTRIA EN EDUCACIÓN CON MENCIÓN EN DOCENCIA INV.UNIV,Otros,Sin Partner (Propio),Presencial Regular,0,0,0,0,0,0,0,0,0,0,0,0,85,62,0,0,0,0
2019-08,2019,Agosto,O07010801,MAESTRIA EN EDUCACIÓN CON MENCIÓN EN DOCENCIA INV.UNIV,Otros,Sin Partner (Propio),Presencial Regular,0,39,0,0,0,0,0,55,0,0,0,0,30,62,0,0,0,94
2019-09,2019,N/A,O07010801,MAESTRIA EN EDUCACIÓN CON MENCIÓN EN DOCENCIA INV.UNIV,Otros,Sin Partner (Propio),Presencial Regular,0,0,0,0,0,0,0,0,0,0,94,0,30,62,0,0,0,0
2019-10,2019,N/A,O07010801,MAESTRIA EN EDUCACIÓN CON MENCIÓN EN DOCENCIA INV.UNIV,Otros,Sin Partner (Propio),Presencial Regular,0,0,0,0,0,0,0,0,0,0,0,94,30,0,62,0,0,0
2019-11,2019,N/A,O07010801,MAESTRIA EN EDUCACIÓN CON MENCIÓN EN DOCENCIA INV.UNIV,Otros,Sin Partner (Propio),Presencial Regular,0,0,0,0,0,0,0,0,0,0,0,0,94,30,62,0,0,0
2019-12,2019,N/A,O07010801,MAESTRIA EN EDUCACIÓN CON MENCIÓN EN DOCENCIA INV.UNIV,Otros,Sin Partner (Propio),Presencial Regular,0,0,0,0,0,0,0,0,0,0,0,0,94,30,62,0,0,0
2020-01,2020,N/A,O07010801,MAESTRIA EN EDUCACIÓN CON MENCIÓN EN DOCENCIA INV.UNIV,Otros,Sin Partner (Propio),Presencial Regular,0,0,0,0,0,0,0,0,0,0,0,0,94,30,62,0,0,0
2020-02,2020,N/A,O07010801,MAESTRIA EN EDUCACIÓN CON MENCIÓN EN DOCENCIA INV.UNIV,Otros,Sin Partner (Propio),Presencial Regular,0,0,0,0,0,0,0,0,0,0,0,0,94,30,62,0,0,0
2020-03,2020,Marzo,O07010801,MAESTRIA EN EDUCACIÓN CON MENCIÓN EN DOCENCIA INV.UNIV,Otros,Sin Partner (Propio),Presencial Regular,0,57,0,0,0,0,0,0,33,0,0,0,0,91,62,0,0,90
2020-04,2020,N/A,O07010801,MAESTRIA EN EDUCACIÓN CON MENCIÓN EN DOCENCIA INV.UNIV,Otros,Sin Partner (Propio),Presencial Regular,0,0,0,0,0,0,0,0,0,0,90,0,0,91,62,0,0,0
2020-05,2020,N/A,O07010801,MAESTRIA EN EDUCACIÓN CON MENCIÓN EN DOCENCIA INV.UNIV,Otros,Sin Partner (Propio),Presencial Regular,0,0,0,0,0,0,0,0,0,0,0,90,0,61,92,0,0,0
2020-06,2020,N/A,O07010801,MAESTRIA EN EDUCACIÓN CON MENCIÓN EN DOCENCIA INV.UNIV,Otros,Sin Partner (Propio),Presencial Regular,0,0,0,0,0,0,0,0,0,0,0,0,90,61,92,0,0,0
2020-07,2020,N/A,O07010801,MAESTRIA EN EDUCACIÓN CON MENCIÓN EN DOCENCIA INV.UNIV,Otros,Sin Partner (Propio),Presencial Regular,0,0,0,0,0,0,0,0,0,0,0,0,90,61,92,0,0,0
2020-08,2020,N/A,O07010801,MAESTRIA EN EDUCACIÓN CON MENCIÓN EN DOCENCIA INV.UNIV,Otros,Sin Partner (Propio),Presencial Regular,0,0,0,0,0,0,0,0,0,0,0,0,90,61,92,0,0,0
2020-09,2020,N/A,O07010801,MAESTRIA EN EDUCACIÓN CON MENCIÓN EN DOCENCIA INV.UNIV,Otros,Sin Partner (Propio),Presencial Regular,0,0,0,0,0,0,0,0,0,0,0,0,90,0,153,0,0,0
2020-10,2020,N/A,O07010801,MAESTRIA EN EDUCACIÓN CON MENCIÓN EN DOCENCIA INV.UNIV,Otros,Sin Partner (Propio),Presencial Regular,0,0,0,0,0,0,0,0,0,0,0,0,0,90,153,0,0,0
2020-11,2020,N/A,O07010801,MAESTRIA EN EDUCACIÓN CON MENCIÓN EN DOCENCIA INV.UNIV,Otros,Sin Partner (Propio),Presencial Regular,0,0,0,0,0,0,0,0,0,0,0,0,0,90,153,0,0,0
2020-12,2020,N/A,O07010801,MAESTRIA EN EDUCACIÓN CON MENCIÓN EN DOCENCIA INV.UNIV,Otros,Sin Partner (Propio),Presencial Regular,0,0,0,0,0,0,0,0,0,0,0,0,0,90,153,0,0,0
2021-01,2021,N/A,O07010801,MAESTRIA EN EDUCACIÓN CON MENCIÓN EN DOCENCIA INV.UNIV,Otros,Sin Partner (Propio),Presencial Regular,0,0,0,0,0,0,0,0,0,0,0,0,0,90,153,0,0,0
2021-02,2021,N/A,O07010801,MAESTRIA EN EDUCACIÓN CON MENCIÓN EN DOCENCIA INV.UNIV,Otros,Sin Partner (Propio),Presencial Regular,0,0,0,0,0,0,0,0,0,0,0,0,0,90,153,0,0,0
2021-03,2021,N/A,O07010801,MAESTRIA EN EDUCACIÓN CON MENCIÓN EN DOCENCIA INV.UNIV,Otros,Sin Partner (Propio),Presencial Regular,0,0,0,0,0,0,0,0,0,0,0,0,0,90,153,0,0,0
2021-04,2021,N/A,O07010801,MAESTRIA EN EDUCACIÓN CON MENCIÓN EN DOCENCIA INV.UNIV,Otros,Sin Partner (Propio),Presencial Regular,0,0,0,0,0,0,0,0,0,0,0,0,0,0,243,0,0,0
2021-05,2021,N/A,O07010801,MAESTRIA EN EDUCACIÓN CON MENCIÓN EN DOCENCIA INV.UNIV,Otros,Sin Partner (Propio),Presencial Regular,0,0,0,0,0,0,0,0,0,0,0,0,0,0,243,0,0,0
2021-06,2021,N/A,O07010801,MAESTRIA EN EDUCACIÓN CON MENCIÓN EN DOCENCIA INV.UNIV,Otros,Sin Partner (Propio),Presencial Regular,0,0,0,0,0,0,0,0,0,0,0,0,0,0,243,0,0,0
2021-07,2021,N/A,O07010801,MAESTRIA EN EDUCACIÓN CON MENCIÓN EN DOCENCIA INV.UNIV,Otros,Sin Partner (Propio),Presencial Regular,0,0,0,0,0,0,0,0,0,0,0,0,0,0,243,0,0,0
2021-08,2021,N/A,O07010801,MAESTRIA EN EDUCACIÓN CON MENCIÓN EN DOCENCIA INV.UNIV,Otros,Sin Partner (Propio),Presencial Regular,0,0,0,0,0,0,0,0,0,0,0,0,0,0,243,0,0,0
2021-09,2021,N/A,O07010801,MAESTRIA EN EDUCACIÓN CON MENCIÓN EN DOCENCIA INV.UNIV,Otros,Sin Partner (Propio),Presencial Regular,0,0,0,0,0,0,0,0,0,0,0,0,0,0,243,0,0,0
2021-10,2021,N/A,O07010801,MAESTRIA EN EDUCACIÓN CON MENCIÓN EN DOCENCIA INV.UNIV,Otros,Sin Partner (Propio),Presencial Regular,0,0,0,0,0,0,0,0,0,0,0,0,0,0,243,0,0,0
2021-11,2021,N/A,O07010801,MAESTRIA EN EDUCACIÓN CON MENCIÓN EN DOCENCIA INV.UNIV,Otros,Sin Partner (Propio),Presencial Regular,0,0,0,0,0,0,0,0,0,0,0,0,0,0,243,0,0,0
2021-12,2021,N/A,O07010801,MAESTRIA EN EDUCACIÓN CON MENCIÓN EN DOCENCIA INV.UNIV,Otros,Sin Partner (Propio),Presencial Regular,0,0,0,0,0,0,0,0,0,0,0,0,0,0,243,0,0,0
2022-01,2022,N/A,O07010801,MAESTRIA EN EDUCACIÓN CON MENCIÓN EN DOCENCIA INV.UNIV,Otros,Sin Partner (Propio),Presencial Regular,0,0,0,0,0,0,0,0,0,0,0,0,0,0,243,0,0,0
2022-02,2022,N/A,O07010801,MAESTRIA EN EDUCACIÓN CON MENCIÓN EN DOCENCIA INV.UNIV,Otros,Sin Partner (Propio),Presencial Regular,0,0,0,0,0,0,0,0,0,0,0,0,0,0,243,0,0,0
2022-03,2022,N/A,O07010801,MAESTRIA EN EDUCACIÓN CON MENCIÓN EN DOCENCIA INV.UNIV,Otros,Sin Partner (Propio),Presencial Regular,0,0,0,0,0,0,0,0,0,0,0,0,0,0,243,0,0,0
2022-04,2022,N/A,O07010801,MAESTRIA EN EDUCACIÓN CON MENCIÓN EN DOCENCIA INV.UNIV,Otros,Sin Partner (Propio),Presencial Regular,0,0,0,0,0,0,0,0,0,0,0,0,0,0,243,0,0,0
2022-05,2022,N/A,O07010801,MAESTRIA EN EDUCACIÓN CON MENCIÓN EN DOCENCIA INV.UNIV,Otros,Sin Partner (Propio),Presencial Regular,0,0,0,0,0,0,0,0,0,0,0,0,0,0,243,0,0,0
2022-06,2022,N/A,O07010801,MAESTRIA EN EDUCACIÓN CON MENCIÓN EN DOCENCIA INV.UNIV,Otros,Sin Partner (Propio),Presencial Regular,0,0,0,0,0,0,0,0,0,0,0,0,0,0,243,0,0,0
2022-07,2022,N/A,O07010801,MAESTRIA EN EDUCACIÓN CON MENCIÓN EN DOCENCIA INV.UNIV,Otros,Sin Partner (Propio),Presencial Regular,0,0,0,0,0,0,0,0,0,0,0,0,0,0,243,0,0,0
2022-08,2022,N/A,O07010801,MAESTRIA EN EDUCACIÓN CON MENCIÓN EN DOCENCIA INV.UNIV,Otros,Sin Partner (Propio),Presencial Regular,0,0,0,0,0,0,0,0,0,0,0,0,0,0,243,0,0,0
2022-09,2022,N/A,O07010801,MAESTRIA EN EDUCACIÓN CON MENCIÓN EN DOCENCIA INV.UNIV,Otros,Sin Partner (Propio),Presencial Regular,0,0,0,0,0,0,0,0,0,0,0,0,0,0,243,0,0,0
2022-10,2022,N/A,O07010801,MAESTRIA EN EDUCACIÓN CON MENCIÓN EN DOCENCIA INV.UNIV,Otros,Sin Partner (Propio),Presencial Regular,0,0,0,0,0,0,0,0,0,0,0,0,0,0,243,0,0,0
2022-11,2022,N/A,O07010801,MAESTRIA EN EDUCACIÓN CON MENCIÓN EN DOCENCIA INV.UNIV,Otros,Sin Partner (Propio),Presencial Regular,0,0,0,0,0,0,0,0,0,0,0,0,0,0,243,0,0,0
2022-12,2022,N/A,O07010801,MAESTRIA EN EDUCACIÓN CON MENCIÓN EN DOCENCIA INV.UNIV,Otros,Sin Partner (Propio),Presencial Regular,0,0,0,0,0,0,0,0,0,0,0,0,0,0,243,0,0,0
2023-01,2023,N/A,O07010801,MAESTRIA EN EDUCACIÓN CON MENCIÓN EN DOCENCIA INV.UNIV,Otros,Sin Partner (Propio),Presencial Regular,0,0,0,0,0,0,0,0,0,0,0,0,0,0,243,0,0,0
2023-02,2023,N/A,O07010801,MAESTRIA EN EDUCACIÓN CON MENCIÓN EN DOCENCIA INV.UNIV,Otros,Sin Partner (Propio),Presencial Regular,0,0,0,0,0,0,0,0,0,0,0,0,0,0,243,0,0,0
2023-03,2023,N/A,O07010801,MAESTRIA EN EDUCACIÓN CON MENCIÓN EN DOCENCIA INV.UNIV,Otros,Sin Partner (Propio),Presencial Regular,0,0,0,0,0,0,0,0,0,0,0,0,0,0,243,0,0,0
2023-04,2023,N/A,O07010801,MAESTRIA EN EDUCACIÓN CON MENCIÓN EN DOCENCIA INV.UNIV,Otros,Sin Partner (Propio),Presencial Regular,0,0,0,0,0,0,0,0,0,0,0,0,0,0,243,0,0,0
2023-05,2023,N/A,O07010801,MAESTRIA EN EDUCACIÓN CON MENCIÓN EN DOCENCIA INV.UNIV,Otros,Sin Partner (Propio),Presencial Regular,0,0,0,0,0,0,0,0,0,0,0,0,0,0,243,0,0,0
2023-06,2023,N/A,O07010801,MAESTRIA EN EDUCACIÓN CON MENCIÓN EN DOCENCIA INV.UNIV,Otros,Sin Partner (Propio),Presencial Regular,0,0,0,0,0,0,0,0,0,0,0,0,0,0,243,0,0,0
2023-07,2023,N/A,O07010801,MAESTRIA EN EDUCACIÓN CON MENCIÓN EN DOCENCIA INV.UNIV,Otros,Sin Partner (Propio),Presencial Regular,0,0,0,0,0,0,0,0,0,0,0,0,0,0,243,0,0,0
2023-08,2023,N/A,O07010801,MAESTRIA EN EDUCACIÓN CON MENCIÓN EN DOCENCIA INV.UNIV,Otros,Sin Partner (Propio),Presencial Regular,0,0,0,0,0,0,0,0,0,0,0,0,0,0,243,0,0,0
2023-09,2023,N/A,O07010801,MAESTRIA EN EDUCACIÓN CON MENCIÓN EN DOCENCIA INV.UNIV,Otros,Sin Partner (Propio),Presencial Regular,0,0,0,0,0,0,0,0,0,0,0,0,0,0,243,0,0,0
2023-10,2023,N/A,O07010801,MAESTRIA EN EDUCACIÓN CON MENCIÓN EN DOCENCIA INV.UNIV,Otros,Sin Partner (Propio),Presencial Regular,0,0,0,0,0,0,0,0,0,0,0,0,0,0,243,0,0,0
2023-11,2023,N/A,O07010801,MAESTRIA EN EDUCACIÓN CON MENCIÓN EN DOCENCIA INV.UNIV,Otros,Sin Partner (Propio),Presencial Regular,0,0,0,0,0,0,0,0,0,0,0,0,0,0,243,0,0,0
2023-12,2023,N/A,O07010801,MAESTRIA EN EDUCACIÓN CON MENCIÓN EN DOCENCIA INV.UNIV,Otros,Sin Partner (Propio),Presencial Regular,0,0,0,0,0,0,0,0,0,0,0,0,0,0,243,0,0,0
2024-01,2024,N/A,O07010801,MAESTRIA EN EDUCACIÓN CON MENCIÓN EN DOCENCIA INV.UNIV,Otros,Sin Partner (Propio),Presencial Regular,0,0,0,0,0,0,0,0,0,0,0,0,0,0,243,0,0,0
2024-02,2024,N/A,O07010801,MAESTRIA EN EDUCACIÓN CON MENCIÓN EN DOCENCIA INV.UNIV,Otros,Sin Partner (Propio),Presencial Regular,0,0,0,0,0,0,0,0,0,0,0,0,0,0,243,0,0,0
2024-03,2024,N/A,O07010801,MAESTRIA EN EDUCACIÓN CON MENCIÓN EN DOCENCIA INV.UNIV,Otros,Sin Partner (Propio),Presencial Regular,0,0,0,0,0,0,0,0,0,0,0,0,0,0,243,0,0,0
2024-04,2024,N/A,O07010801,MAESTRIA EN EDUCACIÓN CON MENCIÓN EN DOCENCIA INV.UNIV,Otros,Sin Partner (Propio),Presencial Regular,0,0,0,0,0,0,0,0,0,0,0,0,0,0,243,0,0,0
2024-05,2024,N/A,O07010801,MAESTRIA EN EDUCACIÓN CON MENCIÓN EN DOCENCIA INV.UNIV,Otros,Sin Partner (Propio),Presencial Regular,0,0,0,0,0,0,0,0,0,0,0,0,0,0,243,0,0,0
2024-06,2024,N/A,O07010801,MAESTRIA EN EDUCACIÓN CON MENCIÓN EN DOCENCIA INV.UNIV,Otros,Sin Partner (Propio),Presencial Regular,0,0,0,0,0,0,0,0,0,0,0,0,0,0,243,0,0,0
2024-07,2024,N/A,O07010801,MAESTRIA EN EDUCACIÓN CON MENCIÓN EN DOCENCIA INV.UNIV,Otros,Sin Partner (Propio),Presencial Regular,0,0,0,0,0,0,0,0,0,0,0,0,0,0,243,0,0,0
2024-08,2024,N/A,O07010801,MAESTRIA EN EDUCACIÓN CON MENCIÓN EN DOCENCIA INV.UNIV,Otros,Sin Partner (Propio),Presencial Regular,0,0,0,0,0,0,0,0,0,0,0,0,0,0,243,0,0,0
2024-09,2024,N/A,O07010801,MAESTRIA EN EDUCACIÓN CON MENCIÓN EN DOCENCIA INV.UNIV,Otros,Sin Partner (Propio),Presencial Regular,0,0,0,0,0,0,0,0,0,0,0,0,0,0,243,0,0,0
2024-10,2024,N/A,O07010801,MAESTRIA EN EDUCACIÓN CON MENCIÓN EN DOCENCIA INV.UNIV,Otros,Sin Partner (Propio),Presencial Regular,0,0,0,0,0,0,0,0,0,0,0,0,0,0,243,0,0,0
2024-11,2024,N/A,O07010801,MAESTRIA EN EDUCACIÓN CON MENCIÓN EN DOCENCIA INV.UNIV,Otros,Sin Partner (Propio),Presencial Regular,0,0,0,0,0,0,0,0,0,0,0,0,0,0,243,0,0,0
2024-12,2024,N/A,O07010801,MAESTRIA EN EDUCACIÓN CON MENCIÓN EN DOCENCIA INV.UNIV,Otros,Sin Partner (Propio),Presencial Regular,0,0,0,0,0,0,0,0,0,0,0,0,0,0,243,0,0,0
2025-01,2025,N/A,O07010801,MAESTRIA EN EDUCACIÓN CON MENCIÓN EN DOCENCIA INV.UNIV,Otros,Sin Partner (Propio),Presencial Regular,0,0,0,0,0,0,0,0,0,0,0,0,0,0,243,0,0,0
2025-02,2025,N/A,O07010801,MAESTRIA EN EDUCACIÓN CON MENCIÓN EN DOCENCIA INV.UNIV,Otros,Sin Partner (Propio),Presencial Regular,0,0,0,0,0,0,0,0,0,0,0,0,0,0,243,0,0,0
2025-03,2025,N/A,O07010801,MAESTRIA EN EDUCACIÓN CON MENCIÓN EN DOCENCIA INV.UNIV,Otros,Sin Partner (Propio),Presencial Regular,0,0,0,0,0,0,0,0,0,0,0,0,0,0,243,0,0,0
2025-04,2025,N/A,O07010801,MAESTRIA EN EDUCACIÓN CON MENCIÓN EN DOCENCIA INV.UNIV,Otros,Sin Partner (Propio),Presencial Regular,0,0,0,0,0,0,0,0,0,0,0,0,0,0,243,0,0,0
2025-05,2025,N/A,O07010801,MAESTRIA EN EDUCACIÓN CON MENCIÓN EN DOCENCIA INV.UNIV,Otros,Sin Partner (Propio),Presencial Regular,0,0,0,0,0,0,0,0,0,0,0,0,0,0,243,0,0,0
2025-06,2025,N/A,O07010801,MAESTRIA EN EDUCACIÓN CON MENCIÓN EN DOCENCIA INV.UNIV,Otros,Sin Partner (Propio),Presencial Regular,0,0,0,0,0,0,0,0,0,0,0,0,0,0,243,0,0,0
2025-07,2025,N/A,O07010801,MAESTRIA EN EDUCACIÓN CON MENCIÓN EN DOCENCIA INV.UNIV,Otros,Sin Partner (Propio),Presencial Regular,0,0,0,0,0,0,0,0,0,0,0,0,0,0,243,0,0,0
2025-08,2025,N/A,O07010801,MAESTRIA EN EDUCACIÓN CON MENCIÓN EN DOCENCIA INV.UNIV,Otros,Sin Partner (Propio),Presencial Regular,0,0,0,0,0,0,0,0,0,0,0,0,0,0,243,0,0,0
2025-09,2025,N/A,O07010801,MAESTRIA EN EDUCACIÓN CON MENCIÓN EN DOCENCIA INV.UNIV,Otros,Sin Partner (Propio),Presencial Regular,0,0,0,0,0,0,0,0,0,0,0,0,0,0,243,0,0,0
2025-10,2025,N/A,O07010801,MAESTRIA EN EDUCACIÓN CON MENCIÓN EN DOCENCIA INV.UNIV,Otros,Sin Partner (Propio),Presencial Regular,0,0,0,0,0,0,0,0,0,0,0,0,0,0,243,0,0,0
2025-11,2025,N/A,O07010801,MAESTRIA EN EDUCACIÓN CON MENCIÓN EN DOCENCIA INV.UNIV,Otros,Sin Partner (Propio),Presencial Regular,0,0,0,0,0,0,0,0,0,0,0,0,0,0,243,0,0,0
2025-12,2025,N/A,O07010801,MAESTRIA EN EDUCACIÓN CON MENCIÓN EN DOCENCIA INV.UNIV,Otros,Sin Partner (Propio),Presencial Regular,0,0,0,0,0,0,0,0,0,0,0,0,0,0,243,0,0,0
2026-01,2026,N/A,O07010801,MAESTRIA EN EDUCACIÓN CON MENCIÓN EN DOCENCIA INV.UNIV,Otros,Sin Partner (Propio),Presencial Regular,0,0,0,0,0,0,0,0,0,0,0,0,0,0,243,0,0,0
2026-02,2026,N/A,O07010801,MAESTRIA EN EDUCACIÓN CON MENCIÓN EN DOCENCIA INV.UNIV,Otros,Sin Partner (Propio),Presencial Regular,0,0,0,0,0,0,0,0,0,0,0,0,0,0,243,0,0,0
2026-03,2026,N/A,O07010801,MAESTRIA EN EDUCACIÓN CON MENCIÓN EN DOCENCIA INV.UNIV,Otros,Sin Partner (Propio),Presencial Regular,0,0,0,0,0,0,0,0,0,0,0,0,0,0,243,0,0,0
2026-04,2026,N/A,O07010801,MAESTRIA EN EDUCACIÓN CON MENCIÓN EN DOCENCIA INV.UNIV,Otros,Sin Partner (Propio),Presencial Regular,0,0,0,0,0,0,0,0,0,0,0,0,0,0,243,0,0,0
2026-05,2026,N/A,O07010801,MAESTRIA EN EDUCACIÓN CON MENCIÓN EN DOCENCIA INV.UNIV,Otros,Sin Partner (Propio),Presencial Regular,0,0,0,0,0,0,0,0,0,0,0,0,0,0,243,0,0,0
2026-06,2026,N/A,O07010801,MAESTRIA EN EDUCACIÓN CON MENCIÓN EN DOCENCIA INV.UNIV,Otros,Sin Partner (Propio),Presencial Regular,0,0,0,0,0,0,0,0,0,0,0,0,0,0,243,0,0,0
2026-07,2026,N/A,O07010801,MAESTRIA EN EDUCACIÓN CON MENCIÓN EN DOCENCIA INV.UNIV,Otros,Sin Partner (Propio),Presencial Regular,0,0,0,0,0,0,0,0,0,0,0,0,0,0,243,0,0,0
2018-11,2018,Noviembre,O09011301,MAESTRÍA EN E-BUSSINESS,Otros,Sin Partner (Propio),Presencial Regular,0,1,0,0,0,0,0,0,0,0,0,0,0,0,0,0,0,1
2018-12,2018,N/A,O09011301,MAESTRÍA EN E-BUSSINESS,Otros,Sin Partner (Propio),Presencial Regular,0,0,0,0,0,0,0,0,0,0,1,0,0,0,0,0,0,0
2019-01,2019,N/A,O09011301,MAESTRÍA EN E-BUSSINESS,Otros,Sin Partner (Propio),Presencial Regular,0,0,0,0,0,0,0,0,0,0,0,1,0,0,0,0,0,0
2019-02,2019,N/A,O09011301,MAESTRÍA EN E-BUSSINESS,Otros,Sin Partner (Propio),Presencial Regular,0,0,0,0,0,0,0,0,0,0,0,0,1,0,0,0,0,0
2019-03,2019,N/A,O09011301,MAESTRÍA EN E-BUSSINESS,Otros,Sin Partner (Propio),Presencial Regular,0,0,0,0,0,0,0,0,0,0,0,0,1,0,0,0,0,0
2019-04,2019,N/A,O09011301,MAESTRÍA EN E-BUSSINESS,Otros,Sin Partner (Propio),Presencial Regular,0,0,0,0,0,0,0,0,0,0,0,0,1,0,0,0,0,0
2019-05,2019,N/A,O09011301,MAESTRÍA EN E-BUSSINESS,Otros,Sin Partner (Propio),Presencial Regular,0,0,0,0,0,0,0,0,0,0,0,0,1,0,0,0,0,0
2019-06,2019,N/A,O09011301,MAESTRÍA EN E-BUSSINESS,Otros,Sin Partner (Propio),Presencial Regular,0,0,0,0,0,0,0,0,0,0,0,0,0,1,0,0,0,0
2019-07,2019,N/A,O09011301,MAESTRÍA EN E-BUSSINESS,Otros,Sin Partner (Propio),Presencial Regular,0,0,0,0,0,0,0,0,0,0,0,0,0,1,0,0,0,0
2019-08,2019,N/A,O09011301,MAESTRÍA EN E-BUSSINESS,Otros,Sin Partner (Propio),Presencial Regular,0,0,0,0,0,0,0,0,0,0,0,0,0,1,0,0,0,0
2019-09,2019,Setiembre,O09011301,MAESTRÍA EN E-BUSSINESS,Otros,Sin Partner (Propio),Presencial Regular,0,0,0,0,0,0,0,0,1,0,0,0,0,0,0,0,0,1
2019-10,2019,N/A,O09011301,MAESTRÍA EN E-BUSSINESS,Otros,Sin Partner (Propio),Presencial Regular,0,0,0,0,0,0,0,0,0,0,1,0,0,0,0,0,0,0
2019-11,2019,N/A,O09011301,MAESTRÍA EN E-BUSSINESS,Otros,Sin Partner (Propio),Presencial Regular,0,0,0,0,0,0,0,0,0,0,0,1,0,0,0,0,0,0
2019-12,2019,N/A,O09011301,MAESTRÍA EN E-BUSSINESS,Otros,Sin Partner (Propio),Presencial Regular,0,0,0,0,0,0,0,0,0,0,0,0,1,0,0,0,0,0
2020-01,2020,N/A,O09011301,MAESTRÍA EN E-BUSSINESS,Otros,Sin Partner (Propio),Presencial Regular,0,0,0,0,0,0,0,0,0,0,0,0,1,0,0,0,0,0
2020-02,2020,N/A,O09011301,MAESTRÍA EN E-BUSSINESS,Otros,Sin Partner (Propio),Presencial Regular,0,0,0,0,0,0,0,0,0,0,0,0,1,0,0,0,0,0
2020-03,2020,N/A,O09011301,MAESTRÍA EN E-BUSSINESS,Otros,Sin Partner (Propio),Presencial Regular,0,0,0,0,0,0,0,0,0,0,0,0,1,0,0,0,0,0
2020-04,2020,N/A,O09011301,MAESTRÍA EN E-BUSSINESS,Otros,Sin Partner (Propio),Presencial Regular,0,0,0,0,0,0,0,0,0,0,0,0,0,1,0,0,0,0
2020-05,2020,N/A,O09011301,MAESTRÍA EN E-BUSSINESS,Otros,Sin Partner (Propio),Presencial Regular,0,0,0,0,0,0,0,0,0,0,0,0,0,1,0,0,0,0
2020-06,2020,N/A,O09011301,MAESTRÍA EN E-BUSSINESS,Otros,Sin Partner (Propio),Presencial Regular,0,0,0,0,0,0,0,0,0,0,0,0,0,1,0,0,0,0
2020-07,2020,N/A,O09011301,MAESTRÍA EN E-BUSSINESS,Otros,Sin Partner (Propio),Presencial Regular,0,0,0,0,0,0,0,0,0,0,0,0,0,1,0,0,0,0
2020-08,2020,N/A,O09011301,MAESTRÍA EN E-BUSSINESS,Otros,Sin Partner (Propio),Presencial Regular,0,0,0,0,0,0,0,0,0,0,0,0,0,1,0,0,0,0
2020-09,2020,N/A,O09011301,MAESTRÍA EN E-BUSSINESS,Otros,Sin Partner (Propio),Presencial Regular,0,0,0,0,0,0,0,0,0,0,0,0,0,1,0,0,0,0
2020-10,2020,N/A,O09011301,MAESTRÍA EN E-BUSSINESS,Otros,Sin Partner (Propio),Presencial Regular,0,0,0,0,0,0,0,0,0,0,0,0,0,0,1,0,0,0
2020-11,2020,N/A,O09011301,MAESTRÍA EN E-BUSSINESS,Otros,Sin Partner (Propio),Presencial Regular,0,0,0,0,0,0,0,0,0,0,0,0,0,0,1,0,0,0
2020-12,2020,N/A,O09011301,MAESTRÍA EN E-BUSSINESS,Otros,Sin Partner (Propio),Presencial Regular,0,0,0,0,0,0,0,0,0,0,0,0,0,0,1,0,0,0
2021-01,2021,N/A,O09011301,MAESTRÍA EN E-BUSSINESS,Otros,Sin Partner (Propio),Presencial Regular,0,0,0,0,0,0,0,0,0,0,0,0,0,0,1,0,0,0
2021-02,2021,N/A,O09011301,MAESTRÍA EN E-BUSSINESS,Otros,Sin Partner (Propio),Presencial Regular,0,0,0,0,0,0,0,0,0,0,0,0,0,0,1,0,0,0
2021-03,2021,N/A,O09011301,MAESTRÍA EN E-BUSSINESS,Otros,Sin Partner (Propio),Presencial Regular,0,0,0,0,0,0,0,0,0,0,0,0,0,0,1,0,0,0
2021-04,2021,N/A,O09011301,MAESTRÍA EN E-BUSSINESS,Otros,Sin Partner (Propio),Presencial Regular,0,0,0,0,0,0,0,0,0,0,0,0,0,0,1,0,0,0
2021-05,2021,N/A,O09011301,MAESTRÍA EN E-BUSSINESS,Otros,Sin Partner (Propio),Presencial Regular,0,0,0,0,0,0,0,0,0,0,0,0,0,0,1,0,0,0
2021-06,2021,N/A,O09011301,MAESTRÍA EN E-BUSSINESS,Otros,Sin Partner (Propio),Presencial Regular,0,0,0,0,0,0,0,0,0,0,0,0,0,0,1,0,0,0
2021-07,2021,N/A,O09011301,MAESTRÍA EN E-BUSSINESS,Otros,Sin Partner (Propio),Presencial Regular,0,0,0,0,0,0,0,0,0,0,0,0,0,0,1,0,0,0
2021-08,2021,N/A,O09011301,MAESTRÍA EN E-BUSSINESS,Otros,Sin Partner (Propio),Presencial Regular,0,0,0,0,0,0,0,0,0,0,0,0,0,0,1,0,0,0
2021-09,2021,N/A,O09011301,MAESTRÍA EN E-BUSSINESS,Otros,Sin Partner (Propio),Presencial Regular,0,0,0,0,0,0,0,0,0,0,0,0,0,0,1,0,0,0
2021-10,2021,N/A,O09011301,MAESTRÍA EN E-BUSSINESS,Otros,Sin Partner (Propio),Presencial Regular,0,0,0,0,0,0,0,0,0,0,0,0,0,0,1,0,0,0
2021-11,2021,N/A,O09011301,MAESTRÍA EN E-BUSSINESS,Otros,Sin Partner (Propio),Presencial Regular,0,0,0,0,0,0,0,0,0,0,0,0,0,0,1,0,0,0
2021-12,2021,N/A,O09011301,MAESTRÍA EN E-BUSSINESS,Otros,Sin Partner (Propio),Presencial Regular,0,0,0,0,0,0,0,0,0,0,0,0,0,0,1,0,0,0
2022-01,2022,N/A,O09011301,MAESTRÍA EN E-BUSSINESS,Otros,Sin Partner (Propio),Presencial Regular,0,0,0,0,0,0,0,0,0,0,0,0,0,0,1,0,0,0
2022-02,2022,N/A,O09011301,MAESTRÍA EN E-BUSSINESS,Otros,Sin Partner (Propio),Presencial Regular,0,0,0,0,0,0,0,0,0,0,0,0,0,0,1,0,0,0
2022-03,2022,N/A,O09011301,MAESTRÍA EN E-BUSSINESS,Otros,Sin Partner (Propio),Presencial Regular,0,0,0,0,0,0,0,0,0,0,0,0,0,0,1,0,0,0
2022-04,2022,N/A,O09011301,MAESTRÍA EN E-BUSSINESS,Otros,Sin Partner (Propio),Presencial Regular,0,0,0,0,0,0,0,0,0,0,0,0,0,0,1,0,0,0
2022-05,2022,N/A,O09011301,MAESTRÍA EN E-BUSSINESS,Otros,Sin Partner (Propio),Presencial Regular,0,0,0,0,0,0,0,0,0,0,0,0,0,0,1,0,0,0
2022-06,2022,N/A,O09011301,MAESTRÍA EN E-BUSSINESS,Otros,Sin Partner (Propio),Presencial Regular,0,0,0,0,0,0,0,0,0,0,0,0,0,0,1,0,0,0
2022-07,2022,N/A,O09011301,MAESTRÍA EN E-BUSSINESS,Otros,Sin Partner (Propio),Presencial Regular,0,0,0,0,0,0,0,0,0,0,0,0,0,0,1,0,0,0
2022-08,2022,N/A,O09011301,MAESTRÍA EN E-BUSSINESS,Otros,Sin Partner (Propio),Presencial Regular,0,0,0,0,0,0,0,0,0,0,0,0,0,0,1,0,0,0
2022-09,2022,N/A,O09011301,MAESTRÍA EN E-BUSSINESS,Otros,Sin Partner (Propio),Presencial Regular,0,0,0,0,0,0,0,0,0,0,0,0,0,0,1,0,0,0
2022-10,2022,N/A,O09011301,MAESTRÍA EN E-BUSSINESS,Otros,Sin Partner (Propio),Presencial Regular,0,0,0,0,0,0,0,0,0,0,0,0,0,0,1,0,0,0
2022-11,2022,N/A,O09011301,MAESTRÍA EN E-BUSSINESS,Otros,Sin Partner (Propio),Presencial Regular,0,0,0,0,0,0,0,0,0,0,0,0,0,0,1,0,0,0
2022-12,2022,N/A,O09011301,MAESTRÍA EN E-BUSSINESS,Otros,Sin Partner (Propio),Presencial Regular,0,0,0,0,0,0,0,0,0,0,0,0,0,0,1,0,0,0
2023-01,2023,N/A,O09011301,MAESTRÍA EN E-BUSSINESS,Otros,Sin Partner (Propio),Presencial Regular,0,0,0,0,0,0,0,0,0,0,0,0,0,0,1,0,0,0
2023-02,2023,N/A,O09011301,MAESTRÍA EN E-BUSSINESS,Otros,Sin Partner (Propio),Presencial Regular,0,0,0,0,0,0,0,0,0,0,0,0,0,0,1,0,0,0
2023-03,2023,N/A,O09011301,MAESTRÍA EN E-BUSSINESS,Otros,Sin Partner (Propio),Presencial Regular,0,0,0,0,0,0,0,0,0,0,0,0,0,0,1,0,0,0
2023-04,2023,N/A,O09011301,MAESTRÍA EN E-BUSSINESS,Otros,Sin Partner (Propio),Presencial Regular,0,0,0,0,0,0,0,0,0,0,0,0,0,0,1,0,0,0
2023-05,2023,N/A,O09011301,MAESTRÍA EN E-BUSSINESS,Otros,Sin Partner (Propio),Presencial Regular,0,0,0,0,0,0,0,0,0,0,0,0,0,0,1,0,0,0
2023-06,2023,N/A,O09011301,MAESTRÍA EN E-BUSSINESS,Otros,Sin Partner (Propio),Presencial Regular,0,0,0,0,0,0,0,0,0,0,0,0,0,0,1,0,0,0
2023-07,2023,N/A,O09011301,MAESTRÍA EN E-BUSSINESS,Otros,Sin Partner (Propio),Presencial Regular,0,0,0,0,0,0,0,0,0,0,0,0,0,0,1,0,0,0
2023-08,2023,N/A,O09011301,MAESTRÍA EN E-BUSSINESS,Otros,Sin Partner (Propio),Presencial Regular,0,0,0,0,0,0,0,0,0,0,0,0,0,0,1,0,0,0
2023-09,2023,N/A,O09011301,MAESTRÍA EN E-BUSSINESS,Otros,Sin Partner (Propio),Presencial Regular,0,0,0,0,0,0,0,0,0,0,0,0,0,0,1,0,0,0
2023-10,2023,N/A,O09011301,MAESTRÍA EN E-BUSSINESS,Otros,Sin Partner (Propio),Presencial Regular,0,0,0,0,0,0,0,0,0,0,0,0,0,0,1,0,0,0
2023-11,2023,N/A,O09011301,MAESTRÍA EN E-BUSSINESS,Otros,Sin Partner (Propio),Presencial Regular,0,0,0,0,0,0,0,0,0,0,0,0,0,0,1,0,0,0
2023-12,2023,N/A,O09011301,MAESTRÍA EN E-BUSSINESS,Otros,Sin Partner (Propio),Presencial Regular,0,0,0,0,0,0,0,0,0,0,0,0,0,0,1,0,0,0
2024-01,2024,N/A,O09011301,MAESTRÍA EN E-BUSSINESS,Otros,Sin Partner (Propio),Presencial Regular,0,0,0,0,0,0,0,0,0,0,0,0,0,0,1,0,0,0
2024-02,2024,N/A,O09011301,MAESTRÍA EN E-BUSSINESS,Otros,Sin Partner (Propio),Presencial Regular,0,0,0,0,0,0,0,0,0,0,0,0,0,0,1,0,0,0
2024-03,2024,N/A,O09011301,MAESTRÍA EN E-BUSSINESS,Otros,Sin Partner (Propio),Presencial Regular,0,0,0,0,0,0,0,0,0,0,0,0,0,0,1,0,0,0
2024-04,2024,N/A,O09011301,MAESTRÍA EN E-BUSSINESS,Otros,Sin Partner (Propio),Presencial Regular,0,0,0,0,0,0,0,0,0,0,0,0,0,0,1,0,0,0
2024-05,2024,N/A,O09011301,MAESTRÍA EN E-BUSSINESS,Otros,Sin Partner (Propio),Presencial Regular,0,0,0,0,0,0,0,0,0,0,0,0,0,0,1,0,0,0
2024-06,2024,N/A,O09011301,MAESTRÍA EN E-BUSSINESS,Otros,Sin Partner (Propio),Presencial Regular,0,0,0,0,0,0,0,0,0,0,0,0,0,0,1,0,0,0
2024-07,2024,N/A,O09011301,MAESTRÍA EN E-BUSSINESS,Otros,Sin Partner (Propio),Presencial Regular,0,0,0,0,0,0,0,0,0,0,0,0,0,0,1,0,0,0
2024-08,2024,N/A,O09011301,MAESTRÍA EN E-BUSSINESS,Otros,Sin Partner (Propio),Presencial Regular,0,0,0,0,0,0,0,0,0,0,0,0,0,0,1,0,0,0
2024-09,2024,N/A,O09011301,MAESTRÍA EN E-BUSSINESS,Otros,Sin Partner (Propio),Presencial Regular,0,0,0,0,0,0,0,0,0,0,0,0,0,0,1,0,0,0
2024-10,2024,N/A,O09011301,MAESTRÍA EN E-BUSSINESS,Otros,Sin Partner (Propio),Presencial Regular,0,0,0,0,0,0,0,0,0,0,0,0,0,0,1,0,0,0
2024-11,2024,N/A,O09011301,MAESTRÍA EN E-BUSSINESS,Otros,Sin Partner (Propio),Presencial Regular,0,0,0,0,0,0,0,0,0,0,0,0,0,0,1,0,0,0
2024-12,2024,N/A,O09011301,MAESTRÍA EN E-BUSSINESS,Otros,Sin Partner (Propio),Presencial Regular,0,0,0,0,0,0,0,0,0,0,0,0,0,0,1,0,0,0
2025-01,2025,N/A,O09011301,MAESTRÍA EN E-BUSSINESS,Otros,Sin Partner (Propio),Presencial Regular,0,0,0,0,0,0,0,0,0,0,0,0,0,0,1,0,0,0
2025-02,2025,N/A,O09011301,MAESTRÍA EN E-BUSSINESS,Otros,Sin Partner (Propio),Presencial Regular,0,0,0,0,0,0,0,0,0,0,0,0,0,0,1,0,0,0
2025-03,2025,N/A,O09011301,MAESTRÍA EN E-BUSSINESS,Otros,Sin Partner (Propio),Presencial Regular,0,0,0,0,0,0,0,0,0,0,0,0,0,0,1,0,0,0
2025-04,2025,N/A,O09011301,MAESTRÍA EN E-BUSSINESS,Otros,Sin Partner (Propio),Presencial Regular,0,0,0,0,0,0,0,0,0,0,0,0,0,0,1,0,0,0
2025-05,2025,N/A,O09011301,MAESTRÍA EN E-BUSSINESS,Otros,Sin Partner (Propio),Presencial Regular,0,0,0,0,0,0,0,0,0,0,0,0,0,0,1,0,0,0
2025-06,2025,N/A,O09011301,MAESTRÍA EN E-BUSSINESS,Otros,Sin Partner (Propio),Presencial Regular,0,0,0,0,0,0,0,0,0,0,0,0,0,0,1,0,0,0
2025-07,2025,N/A,O09011301,MAESTRÍA EN E-BUSSINESS,Otros,Sin Partner (Propio),Presencial Regular,0,0,0,0,0,0,0,0,0,0,0,0,0,0,1,0,0,0
2025-08,2025,N/A,O09011301,MAESTRÍA EN E-BUSSINESS,Otros,Sin Partner (Propio),Presencial Regular,0,0,0,0,0,0,0,0,0,0,0,0,0,0,1,0,0,0
2025-09,2025,N/A,O09011301,MAESTRÍA EN E-BUSSINESS,Otros,Sin Partner (Propio),Presencial Regular,0,0,0,0,0,0,0,0,0,0,0,0,0,0,1,0,0,0
2025-10,2025,N/A,O09011301,MAESTRÍA EN E-BUSSINESS,Otros,Sin Partner (Propio),Presencial Regular,0,0,0,0,0,0,0,0,0,0,0,0,0,0,1,0,0,0
2025-11,2025,N/A,O09011301,MAESTRÍA EN E-BUSSINESS,Otros,Sin Partner (Propio),Presencial Regular,0,0,0,0,0,0,0,0,0,0,0,0,0,0,1,0,0,0
2025-12,2025,N/A,O09011301,MAESTRÍA EN E-BUSSINESS,Otros,Sin Partner (Propio),Presencial Regular,0,0,0,0,0,0,0,0,0,0,0,0,0,0,1,0,0,0
2026-01,2026,N/A,O09011301,MAESTRÍA EN E-BUSSINESS,Otros,Sin Partner (Propio),Presencial Regular,0,0,0,0,0,0,0,0,0,0,0,0,0,0,1,0,0,0
2026-02,2026,N/A,O09011301,MAESTRÍA EN E-BUSSINESS,Otros,Sin Partner (Propio),Presencial Regular,0,0,0,0,0,0,0,0,0,0,0,0,0,0,1,0,0,0
2026-03,2026,N/A,O09011301,MAESTRÍA EN E-BUSSINESS,Otros,Sin Partner (Propio),Presencial Regular,0,0,0,0,0,0,0,0,0,0,0,0,0,0,1,0,0,0
2026-04,2026,N/A,O09011301,MAESTRÍA EN E-BUSSINESS,Otros,Sin Partner (Propio),Presencial Regular,0,0,0,0,0,0,0,0,0,0,0,0,0,0,1,0,0,0
2026-05,2026,N/A,O09011301,MAESTRÍA EN E-BUSSINESS,Otros,Sin Partner (Propio),Presencial Regular,0,0,0,0,0,0,0,0,0,0,0,0,0,0,1,0,0,0
2026-06,2026,N/A,O09011301,MAESTRÍA EN E-BUSSINESS,Otros,Sin Partner (Propio),Presencial Regular,0,0,0,0,0,0,0,0,0,0,0,0,0,0,1,0,0,0
2026-07,2026,N/A,O09011301,MAESTRÍA EN E-BUSSINESS,Otros,Sin Partner (Propio),Presencial Regular,0,0,0,0,0,0,0,0,0,0,0,0,0,0,1,0,0,0
2019-02,2019,Febrero,O12010201,MAESTRIA EN PERIODONCIA,Otros,Sin Partner (Propio),Presencial Regular,0,23,0,0,0,0,0,0,0,0,0,0,0,0,0,0,0,23
2019-03,2019,Marzo,O12010201,MAESTRIA EN PERIODONCIA,Otros,Sin Partner (Propio),Presencial Regular,0,1,0,0,4,4,0,0,0,0,19,0,0,0,0,4,0,5
2019-04,2019,N/A,O12010201,MAESTRIA EN PERIODONCIA,Otros,Sin Partner (Propio),Presencial Regular,0,0,0,0,0,0,0,0,0,0,5,19,0,0,0,0,0,0
2019-05,2019,N/A,O12010201,MAESTRIA EN PERIODONCIA,Otros,Sin Partner (Propio),Presencial Regular,0,0,0,0,0,0,0,0,0,0,0,5,19,0,0,0,0,0
2019-06,2019,N/A,O12010201,MAESTRIA EN PERIODONCIA,Otros,Sin Partner (Propio),Presencial Regular,0,0,0,0,0,0,0,0,0,0,0,0,24,0,0,0,0,0
2019-07,2019,N/A,O12010201,MAESTRIA EN PERIODONCIA,Otros,Sin Partner (Propio),Presencial Regular,0,0,0,0,0,0,0,0,0,0,0,0,24,0,0,0,0,0
2019-08,2019,Agosto,O12010201,MAESTRIA EN PERIODONCIA,Otros,Sin Partner (Propio),Presencial Regular,0,0,0,0,0,0,0,3,0,0,0,0,21,0,0,0,0,3
2019-09,2019,N/A,O12010201,MAESTRIA EN PERIODONCIA,Otros,Sin Partner (Propio),Presencial Regular,0,0,0,0,0,0,0,0,0,0,3,0,5,16,0,0,0,0
2019-10,2019,N/A,O12010201,MAESTRIA EN PERIODONCIA,Otros,Sin Partner (Propio),Presencial Regular,0,0,0,0,0,0,0,0,0,0,0,3,0,21,0,0,0,0
2019-11,2019,N/A,O12010201,MAESTRIA EN PERIODONCIA,Otros,Sin Partner (Propio),Presencial Regular,0,0,0,0,0,0,0,0,0,0,0,0,3,21,0,0,0,0
2019-12,2019,N/A,O12010201,MAESTRIA EN PERIODONCIA,Otros,Sin Partner (Propio),Presencial Regular,0,0,0,0,0,0,0,0,0,0,0,0,3,21,0,0,0,0
2020-01,2020,N/A,O12010201,MAESTRIA EN PERIODONCIA,Otros,Sin Partner (Propio),Presencial Regular,0,0,0,0,0,0,0,0,0,0,0,0,3,21,0,0,0,0
2020-02,2020,N/A,O12010201,MAESTRIA EN PERIODONCIA,Otros,Sin Partner (Propio),Presencial Regular,0,0,0,0,0,0,0,0,0,0,0,0,3,21,0,0,0,0
2020-03,2020,N/A,O12010201,MAESTRIA EN PERIODONCIA,Otros,Sin Partner (Propio),Presencial Regular,0,0,0,0,0,0,0,0,0,0,0,0,0,8,16,0,0,0
2020-04,2020,Abril,O12010201,MAESTRIA EN PERIODONCIA,Otros,Sin Partner (Propio),Presencial Regular,0,1,0,0,0,0,0,0,3,7,0,0,0,1,13,0,0,11
2020-05,2020,N/A,O12010201,MAESTRIA EN PERIODONCIA,Otros,Sin Partner (Propio),Presencial Regular,0,0,0,0,0,0,0,0,0,0,11,0,0,1,13,0,0,0
2020-06,2020,N/A,O12010201,MAESTRIA EN PERIODONCIA,Otros,Sin Partner (Propio),Presencial Regular,0,0,0,0,0,0,0,0,0,0,0,11,0,1,13,0,0,0
2020-07,2020,N/A,O12010201,MAESTRIA EN PERIODONCIA,Otros,Sin Partner (Propio),Presencial Regular,0,0,0,0,0,0,0,0,0,0,0,0,11,1,13,0,0,0
2020-08,2020,N/A,O12010201,MAESTRIA EN PERIODONCIA,Otros,Sin Partner (Propio),Presencial Regular,0,0,0,0,0,0,0,0,0,0,0,0,11,1,13,0,0,0
2020-09,2020,N/A,O12010201,MAESTRIA EN PERIODONCIA,Otros,Sin Partner (Propio),Presencial Regular,0,0,0,0,0,0,0,0,0,0,0,0,11,0,14,0,0,0
2020-10,2020,N/A,O12010201,MAESTRIA EN PERIODONCIA,Otros,Sin Partner (Propio),Presencial Regular,0,0,0,0,0,0,0,0,0,0,0,0,11,0,14,0,0,0
2020-11,2020,N/A,O12010201,MAESTRIA EN PERIODONCIA,Otros,Sin Partner (Propio),Presencial Regular,0,0,0,0,0,0,0,0,0,0,0,0,0,11,14,0,0,0
2020-12,2020,N/A,O12010201,MAESTRIA EN PERIODONCIA,Otros,Sin Partner (Propio),Presencial Regular,0,0,0,0,0,0,0,0,0,0,0,0,0,11,14,0,0,0
2021-01,2021,N/A,O12010201,MAESTRIA EN PERIODONCIA,Otros,Sin Partner (Propio),Presencial Regular,0,0,0,0,0,0,0,0,0,0,0,0,0,11,14,0,0,0
2021-02,2021,N/A,O12010201,MAESTRIA EN PERIODONCIA,Otros,Sin Partner (Propio),Presencial Regular,0,0,0,0,0,0,0,0,0,0,0,0,0,11,14,0,0,0
2021-03,2021,N/A,O12010201,MAESTRIA EN PERIODONCIA,Otros,Sin Partner (Propio),Presencial Regular,0,0,0,0,0,0,0,0,0,0,0,0,0,11,14,0,0,0
2021-04,2021,N/A,O12010201,MAESTRIA EN PERIODONCIA,Otros,Sin Partner (Propio),Presencial Regular,0,0,0,0,0,0,0,0,0,0,0,0,0,11,14,0,0,0
2021-05,2021,N/A,O12010201,MAESTRIA EN PERIODONCIA,Otros,Sin Partner (Propio),Presencial Regular,0,0,0,0,0,0,0,0,0,0,0,0,0,0,25,0,0,0
2021-06,2021,N/A,O12010201,MAESTRIA EN PERIODONCIA,Otros,Sin Partner (Propio),Presencial Regular,0,0,0,0,0,0,0,0,0,0,0,0,0,0,25,0,0,0
2021-07,2021,N/A,O12010201,MAESTRIA EN PERIODONCIA,Otros,Sin Partner (Propio),Presencial Regular,0,0,0,0,0,0,0,0,0,0,0,0,0,0,25,0,0,0
2021-08,2021,N/A,O12010201,MAESTRIA EN PERIODONCIA,Otros,Sin Partner (Propio),Presencial Regular,0,0,0,0,0,0,0,0,0,0,0,0,0,0,25,0,0,0
2021-09,2021,N/A,O12010201,MAESTRIA EN PERIODONCIA,Otros,Sin Partner (Propio),Presencial Regular,0,0,0,0,0,0,0,0,0,0,0,0,0,0,25,0,0,0
2021-10,2021,N/A,O12010201,MAESTRIA EN PERIODONCIA,Otros,Sin Partner (Propio),Presencial Regular,0,0,0,0,0,0,0,0,0,0,0,0,0,0,25,0,0,0
2021-11,2021,N/A,O12010201,MAESTRIA EN PERIODONCIA,Otros,Sin Partner (Propio),Presencial Regular,0,0,0,0,0,0,0,0,0,0,0,0,0,0,25,0,0,0
2021-12,2021,N/A,O12010201,MAESTRIA EN PERIODONCIA,Otros,Sin Partner (Propio),Presencial Regular,0,0,0,0,0,0,0,0,0,0,0,0,0,0,25,0,0,0
2022-01,2022,N/A,O12010201,MAESTRIA EN PERIODONCIA,Otros,Sin Partner (Propio),Presencial Regular,0,0,0,0,0,0,0,0,0,0,0,0,0,0,25,0,0,0
2022-02,2022,N/A,O12010201,MAESTRIA EN PERIODONCIA,Otros,Sin Partner (Propio),Presencial Regular,0,0,0,0,0,0,0,0,0,0,0,0,0,0,25,0,0,0
2022-03,2022,N/A,O12010201,MAESTRIA EN PERIODONCIA,Otros,Sin Partner (Propio),Presencial Regular,0,0,0,0,0,0,0,0,0,0,0,0,0,0,25,0,0,0
2022-04,2022,N/A,O12010201,MAESTRIA EN PERIODONCIA,Otros,Sin Partner (Propio),Presencial Regular,0,0,0,0,0,0,0,0,0,0,0,0,0,0,25,0,0,0
2022-05,2022,N/A,O12010201,MAESTRIA EN PERIODONCIA,Otros,Sin Partner (Propio),Presencial Regular,0,0,0,0,0,0,0,0,0,0,0,0,0,0,25,0,0,0
2022-06,2022,N/A,O12010201,MAESTRIA EN PERIODONCIA,Otros,Sin Partner (Propio),Presencial Regular,0,0,0,0,0,0,0,0,0,0,0,0,0,0,25,0,0,0
2022-07,2022,N/A,O12010201,MAESTRIA EN PERIODONCIA,Otros,Sin Partner (Propio),Presencial Regular,0,0,0,0,0,0,0,0,0,0,0,0,0,0,25,0,0,0
2022-08,2022,N/A,O12010201,MAESTRIA EN PERIODONCIA,Otros,Sin Partner (Propio),Presencial Regular,0,0,0,0,0,0,0,0,0,0,0,0,0,0,25,0,0,0
2022-09,2022,N/A,O12010201,MAESTRIA EN PERIODONCIA,Otros,Sin Partner (Propio),Presencial Regular,0,0,0,0,0,0,0,0,0,0,0,0,0,0,25,0,0,0
2022-10,2022,N/A,O12010201,MAESTRIA EN PERIODONCIA,Otros,Sin Partner (Propio),Presencial Regular,0,0,0,0,0,0,0,0,0,0,0,0,0,0,25,0,0,0
2022-11,2022,N/A,O12010201,MAESTRIA EN PERIODONCIA,Otros,Sin Partner (Propio),Presencial Regular,0,0,0,0,0,0,0,0,0,0,0,0,0,0,25,0,0,0
2022-12,2022,N/A,O12010201,MAESTRIA EN PERIODONCIA,Otros,Sin Partner (Propio),Presencial Regular,0,0,0,0,0,0,0,0,0,0,0,0,0,0,25,0,0,0
2023-01,2023,N/A,O12010201,MAESTRIA EN PERIODONCIA,Otros,Sin Partner (Propio),Presencial Regular,0,0,0,0,0,0,0,0,0,0,0,0,0,0,25,0,0,0
2023-02,2023,N/A,O12010201,MAESTRIA EN PERIODONCIA,Otros,Sin Partner (Propio),Presencial Regular,0,0,0,0,0,0,0,0,0,0,0,0,0,0,25,0,0,0
2023-03,2023,N/A,O12010201,MAESTRIA EN PERIODONCIA,Otros,Sin Partner (Propio),Presencial Regular,0,0,0,0,0,0,0,0,0,0,0,0,0,0,25,0,0,0
2023-04,2023,N/A,O12010201,MAESTRIA EN PERIODONCIA,Otros,Sin Partner (Propio),Presencial Regular,0,0,0,0,0,0,0,0,0,0,0,0,0,0,25,0,0,0
2023-05,2023,N/A,O12010201,MAESTRIA EN PERIODONCIA,Otros,Sin Partner (Propio),Presencial Regular,0,0,0,0,0,0,0,0,0,0,0,0,0,0,25,0,0,0
2023-06,2023,N/A,O12010201,MAESTRIA EN PERIODONCIA,Otros,Sin Partner (Propio),Presencial Regular,0,0,0,0,0,0,0,0,0,0,0,0,0,0,25,0,0,0
2023-07,2023,N/A,O12010201,MAESTRIA EN PERIODONCIA,Otros,Sin Partner (Propio),Presencial Regular,0,0,0,0,0,0,0,0,0,0,0,0,0,0,25,0,0,0
2023-08,2023,N/A,O12010201,MAESTRIA EN PERIODONCIA,Otros,Sin Partner (Propio),Presencial Regular,0,0,0,0,0,0,0,0,0,0,0,0,0,0,25,0,0,0
2023-09,2023,N/A,O12010201,MAESTRIA EN PERIODONCIA,Otros,Sin Partner (Propio),Presencial Regular,0,0,0,0,0,0,0,0,0,0,0,0,0,0,25,0,0,0
2023-10,2023,N/A,O12010201,MAESTRIA EN PERIODONCIA,Otros,Sin Partner (Propio),Presencial Regular,0,0,0,0,0,0,0,0,0,0,0,0,0,0,25,0,0,0
2023-11,2023,N/A,O12010201,MAESTRIA EN PERIODONCIA,Otros,Sin Partner (Propio),Presencial Regular,0,0,0,0,0,0,0,0,0,0,0,0,0,0,25,0,0,0
2023-12,2023,N/A,O12010201,MAESTRIA EN PERIODONCIA,Otros,Sin Partner (Propio),Presencial Regular,0,0,0,0,0,0,0,0,0,0,0,0,0,0,25,0,0,0
2024-01,2024,N/A,O12010201,MAESTRIA EN PERIODONCIA,Otros,Sin Partner (Propio),Presencial Regular,0,0,0,0,0,0,0,0,0,0,0,0,0,0,25,0,0,0
2024-02,2024,N/A,O12010201,MAESTRIA EN PERIODONCIA,Otros,Sin Partner (Propio),Presencial Regular,0,0,0,0,0,0,0,0,0,0,0,0,0,0,25,0,0,0
2024-03,2024,N/A,O12010201,MAESTRIA EN PERIODONCIA,Otros,Sin Partner (Propio),Presencial Regular,0,0,0,0,0,0,0,0,0,0,0,0,0,0,25,0,0,0
2024-04,2024,N/A,O12010201,MAESTRIA EN PERIODONCIA,Otros,Sin Partner (Propio),Presencial Regular,0,0,0,0,0,0,0,0,0,0,0,0,0,0,25,0,0,0
2024-05,2024,N/A,O12010201,MAESTRIA EN PERIODONCIA,Otros,Sin Partner (Propio),Presencial Regular,0,0,0,0,0,0,0,0,0,0,0,0,0,0,25,0,0,0
2024-06,2024,N/A,O12010201,MAESTRIA EN PERIODONCIA,Otros,Sin Partner (Propio),Presencial Regular,0,0,0,0,0,0,0,0,0,0,0,0,0,0,25,0,0,0
2024-07,2024,N/A,O12010201,MAESTRIA EN PERIODONCIA,Otros,Sin Partner (Propio),Presencial Regular,0,0,0,0,0,0,0,0,0,0,0,0,0,0,25,0,0,0
2024-08,2024,N/A,O12010201,MAESTRIA EN PERIODONCIA,Otros,Sin Partner (Propio),Presencial Regular,0,0,0,0,0,0,0,0,0,0,0,0,0,0,25,0,0,0
2024-09,2024,N/A,O12010201,MAESTRIA EN PERIODONCIA,Otros,Sin Partner (Propio),Presencial Regular,0,0,0,0,0,0,0,0,0,0,0,0,0,0,25,0,0,0
2024-10,2024,N/A,O12010201,MAESTRIA EN PERIODONCIA,Otros,Sin Partner (Propio),Presencial Regular,0,0,0,0,0,0,0,0,0,0,0,0,0,0,25,0,0,0
2024-11,2024,N/A,O12010201,MAESTRIA EN PERIODONCIA,Otros,Sin Partner (Propio),Presencial Regular,0,0,0,0,0,0,0,0,0,0,0,0,0,0,25,0,0,0
2024-12,2024,N/A,O12010201,MAESTRIA EN PERIODONCIA,Otros,Sin Partner (Propio),Presencial Regular,0,0,0,0,0,0,0,0,0,0,0,0,0,0,25,0,0,0
2025-01,2025,N/A,O12010201,MAESTRIA EN PERIODONCIA,Otros,Sin Partner (Propio),Presencial Regular,0,0,0,0,0,0,0,0,0,0,0,0,0,0,25,0,0,0
2025-02,2025,N/A,O12010201,MAESTRIA EN PERIODONCIA,Otros,Sin Partner (Propio),Presencial Regular,0,0,0,0,0,0,0,0,0,0,0,0,0,0,25,0,0,0
2025-03,2025,N/A,O12010201,MAESTRIA EN PERIODONCIA,Otros,Sin Partner (Propio),Presencial Regular,0,0,0,0,0,0,0,0,0,0,0,0,0,0,25,0,0,0
2025-04,2025,N/A,O12010201,MAESTRIA EN PERIODONCIA,Otros,Sin Partner (Propio),Presencial Regular,0,0,0,0,0,0,0,0,0,0,0,0,0,0,25,0,0,0
2025-05,2025,N/A,O12010201,MAESTRIA EN PERIODONCIA,Otros,Sin Partner (Propio),Presencial Regular,0,0,0,0,0,0,0,0,0,0,0,0,0,0,25,0,0,0
2025-06,2025,N/A,O12010201,MAESTRIA EN PERIODONCIA,Otros,Sin Partner (Propio),Presencial Regular,0,0,0,0,0,0,0,0,0,0,0,0,0,0,25,0,0,0
2025-07,2025,N/A,O12010201,MAESTRIA EN PERIODONCIA,Otros,Sin Partner (Propio),Presencial Regular,0,0,0,0,0,0,0,0,0,0,0,0,0,0,25,0,0,0
2025-08,2025,N/A,O12010201,MAESTRIA EN PERIODONCIA,Otros,Sin Partner (Propio),Presencial Regular,0,0,0,0,0,0,0,0,0,0,0,0,0,0,25,0,0,0
2025-09,2025,N/A,O12010201,MAESTRIA EN PERIODONCIA,Otros,Sin Partner (Propio),Presencial Regular,0,0,0,0,0,0,0,0,0,0,0,0,0,0,25,0,0,0
2025-10,2025,N/A,O12010201,MAESTRIA EN PERIODONCIA,Otros,Sin Partner (Propio),Presencial Regular,0,0,0,0,0,0,0,0,0,0,0,0,0,0,25,0,0,0
2025-11,2025,N/A,O12010201,MAESTRIA EN PERIODONCIA,Otros,Sin Partner (Propio),Presencial Regular,0,0,0,0,0,0,0,0,0,0,0,0,0,0,25,0,0,0
2025-12,2025,N/A,O12010201,MAESTRIA EN PERIODONCIA,Otros,Sin Partner (Propio),Presencial Regular,0,0,0,0,0,0,0,0,0,0,0,0,0,0,25,0,0,0
2026-01,2026,N/A,O12010201,MAESTRIA EN PERIODONCIA,Otros,Sin Partner (Propio),Presencial Regular,0,0,0,0,0,0,0,0,0,0,0,0,0,0,25,0,0,0
2026-02,2026,N/A,O12010201,MAESTRIA EN PERIODONCIA,Otros,Sin Partner (Propio),Presencial Regular,0,0,0,0,0,0,0,0,0,0,0,0,0,0,25,0,0,0
2026-03,2026,N/A,O12010201,MAESTRIA EN PERIODONCIA,Otros,Sin Partner (Propio),Presencial Regular,0,0,0,0,0,0,0,0,0,0,0,0,0,0,25,0,0,0
2026-04,2026,N/A,O12010201,MAESTRIA EN PERIODONCIA,Otros,Sin Partner (Propio),Presencial Regular,0,0,0,0,0,0,0,0,0,0,0,0,0,0,25,0,0,0
2026-05,2026,N/A,O12010201,MAESTRIA EN PERIODONCIA,Otros,Sin Partner (Propio),Presencial Regular,0,0,0,0,0,0,0,0,0,0,0,0,0,0,25,0,0,0
2026-06,2026,N/A,O12010201,MAESTRIA EN PERIODONCIA,Otros,Sin Partner (Propio),Presencial Regular,0,0,0,0,0,0,0,0,0,0,0,0,0,0,25,0,0,0
2026-07,2026,N/A,O12010201,MAESTRIA EN PERIODONCIA,Otros,Sin Partner (Propio),Presencial Regular,0,0,0,0,0,0,0,0,0,0,0,0,0,0,25,0,0,0
2019-02,2019,Febrero,O12010701,MAESTRIA EN ODONTOLOGÍA,Otros,Sin Partner (Propio),Presencial Regular,0,26,0,0,0,0,0,0,0,0,0,0,0,0,0,0,0,26
2019-03,2019,N/A,O12010701,MAESTRIA EN ODONTOLOGÍA,Otros,Sin Partner (Propio),Presencial Regular,0,0,0,0,0,0,0,0,0,0,26,0,0,0,0,0,0,0
2019-04,2019,N/A,O12010701,MAESTRIA EN ODONTOLOGÍA,Otros,Sin Partner (Propio),Presencial Regular,0,0,0,0,0,0,0,0,0,0,0,26,0,0,0,0,0,0
2019-05,2019,N/A,O12010701,MAESTRIA EN ODONTOLOGÍA,Otros,Sin Partner (Propio),Presencial Regular,0,0,0,0,0,0,0,0,0,0,0,0,26,0,0,0,0,0
2019-06,2019,N/A,O12010701,MAESTRIA EN ODONTOLOGÍA,Otros,Sin Partner (Propio),Presencial Regular,0,0,0,0,0,0,0,0,0,0,0,0,26,0,0,0,0,0
2019-07,2019,N/A,O12010701,MAESTRIA EN ODONTOLOGÍA,Otros,Sin Partner (Propio),Presencial Regular,0,0,0,0,0,0,0,0,0,0,0,0,26,0,0,0,0,0
2019-08,2019,Agosto,O12010701,MAESTRIA EN ODONTOLOGÍA,Otros,Sin Partner (Propio),Presencial Regular,0,0,0,0,0,0,0,9,0,0,0,0,17,0,0,0,0,9
2019-09,2019,N/A,O12010701,MAESTRIA EN ODONTOLOGÍA,Otros,Sin Partner (Propio),Presencial Regular,0,0,0,0,0,0,0,0,0,0,9,0,0,17,0,0,0,0
2019-10,2019,N/A,O12010701,MAESTRIA EN ODONTOLOGÍA,Otros,Sin Partner (Propio),Presencial Regular,0,0,0,0,0,0,0,0,0,0,0,9,0,17,0,0,0,0
2019-11,2019,N/A,O12010701,MAESTRIA EN ODONTOLOGÍA,Otros,Sin Partner (Propio),Presencial Regular,0,0,0,0,0,0,0,0,0,0,0,0,9,17,0,0,0,0
2019-12,2019,N/A,O12010701,MAESTRIA EN ODONTOLOGÍA,Otros,Sin Partner (Propio),Presencial Regular,0,0,0,0,0,0,0,0,0,0,0,0,9,17,0,0,0,0
2020-01,2020,N/A,O12010701,MAESTRIA EN ODONTOLOGÍA,Otros,Sin Partner (Propio),Presencial Regular,0,0,0,0,0,0,0,0,0,0,0,0,9,17,0,0,0,0
2020-02,2020,N/A,O12010701,MAESTRIA EN ODONTOLOGÍA,Otros,Sin Partner (Propio),Presencial Regular,0,0,0,0,0,0,0,0,0,0,0,0,9,17,0,0,0,0
2020-03,2020,N/A,O12010701,MAESTRIA EN ODONTOLOGÍA,Otros,Sin Partner (Propio),Presencial Regular,0,0,0,0,0,0,0,0,0,0,0,0,0,9,17,0,0,0
2020-04,2020,Abril,O12010701,MAESTRIA EN ODONTOLOGÍA,Otros,Sin Partner (Propio),Presencial Regular,0,0,0,0,0,0,0,0,8,4,0,0,0,1,13,0,0,12
2020-05,2020,N/A,O12010701,MAESTRIA EN ODONTOLOGÍA,Otros,Sin Partner (Propio),Presencial Regular,0,0,0,0,0,0,0,0,0,0,12,0,0,1,13,0,0,0
2020-06,2020,N/A,O12010701,MAESTRIA EN ODONTOLOGÍA,Otros,Sin Partner (Propio),Presencial Regular,0,0,0,0,0,0,0,0,0,0,0,12,0,1,13,0,0,0
2020-07,2020,N/A,O12010701,MAESTRIA EN ODONTOLOGÍA,Otros,Sin Partner (Propio),Presencial Regular,0,0,0,0,0,0,0,0,0,0,0,0,12,1,13,0,0,0
2020-08,2020,N/A,O12010701,MAESTRIA EN ODONTOLOGÍA,Otros,Sin Partner (Propio),Presencial Regular,0,0,0,0,0,0,0,0,0,0,0,0,12,1,13,0,0,0
2020-09,2020,N/A,O12010701,MAESTRIA EN ODONTOLOGÍA,Otros,Sin Partner (Propio),Presencial Regular,0,0,0,0,0,0,0,0,0,0,0,0,12,0,14,0,0,0
2020-10,2020,N/A,O12010701,MAESTRIA EN ODONTOLOGÍA,Otros,Sin Partner (Propio),Presencial Regular,0,0,0,0,0,0,0,0,0,0,0,0,12,0,14,0,0,0
2020-11,2020,N/A,O12010701,MAESTRIA EN ODONTOLOGÍA,Otros,Sin Partner (Propio),Presencial Regular,0,0,0,0,0,0,0,0,0,0,0,0,0,12,14,0,0,0
2020-12,2020,N/A,O12010701,MAESTRIA EN ODONTOLOGÍA,Otros,Sin Partner (Propio),Presencial Regular,0,0,0,0,0,0,0,0,0,0,0,0,0,12,14,0,0,0
2021-01,2021,N/A,O12010701,MAESTRIA EN ODONTOLOGÍA,Otros,Sin Partner (Propio),Presencial Regular,0,0,0,0,0,0,0,0,0,0,0,0,0,12,14,0,0,0
2021-02,2021,N/A,O12010701,MAESTRIA EN ODONTOLOGÍA,Otros,Sin Partner (Propio),Presencial Regular,0,0,0,0,0,0,0,0,0,0,0,0,0,12,14,0,0,0
2021-03,2021,N/A,O12010701,MAESTRIA EN ODONTOLOGÍA,Otros,Sin Partner (Propio),Presencial Regular,0,0,0,0,0,0,0,0,0,0,0,0,0,12,14,0,0,0
2021-04,2021,N/A,O12010701,MAESTRIA EN ODONTOLOGÍA,Otros,Sin Partner (Propio),Presencial Regular,0,0,0,0,0,0,0,0,0,0,0,0,0,12,14,0,0,0
2021-05,2021,N/A,O12010701,MAESTRIA EN ODONTOLOGÍA,Otros,Sin Partner (Propio),Presencial Regular,0,0,0,0,0,0,0,0,0,0,0,0,0,0,26,0,0,0
2021-06,2021,N/A,O12010701,MAESTRIA EN ODONTOLOGÍA,Otros,Sin Partner (Propio),Presencial Regular,0,0,0,0,0,0,0,0,0,0,0,0,0,0,26,0,0,0
2021-07,2021,N/A,O12010701,MAESTRIA EN ODONTOLOGÍA,Otros,Sin Partner (Propio),Presencial Regular,0,0,0,0,0,0,0,0,0,0,0,0,0,0,26,0,0,0
2021-08,2021,N/A,O12010701,MAESTRIA EN ODONTOLOGÍA,Otros,Sin Partner (Propio),Presencial Regular,0,0,0,0,0,0,0,0,0,0,0,0,0,0,26,0,0,0
2021-09,2021,N/A,O12010701,MAESTRIA EN ODONTOLOGÍA,Otros,Sin Partner (Propio),Presencial Regular,0,0,0,0,0,0,0,0,0,0,0,0,0,0,26,0,0,0
2021-10,2021,N/A,O12010701,MAESTRIA EN ODONTOLOGÍA,Otros,Sin Partner (Propio),Presencial Regular,0,0,0,0,0,0,0,0,0,0,0,0,0,0,26,0,0,0
2021-11,2021,N/A,O12010701,MAESTRIA EN ODONTOLOGÍA,Otros,Sin Partner (Propio),Presencial Regular,0,0,0,0,0,0,0,0,0,0,0,0,0,0,26,0,0,0
2021-12,2021,N/A,O12010701,MAESTRIA EN ODONTOLOGÍA,Otros,Sin Partner (Propio),Presencial Regular,0,0,0,0,0,0,0,0,0,0,0,0,0,0,26,0,0,0
2022-01,2022,N/A,O12010701,MAESTRIA EN ODONTOLOGÍA,Otros,Sin Partner (Propio),Presencial Regular,0,0,0,0,0,0,0,0,0,0,0,0,0,0,26,0,0,0
2022-02,2022,N/A,O12010701,MAESTRIA EN ODONTOLOGÍA,Otros,Sin Partner (Propio),Presencial Regular,0,0,0,0,0,0,0,0,0,0,0,0,0,0,26,0,0,0
2022-03,2022,N/A,O12010701,MAESTRIA EN ODONTOLOGÍA,Otros,Sin Partner (Propio),Presencial Regular,0,0,0,0,0,0,0,0,0,0,0,0,0,0,26,0,0,0
2022-04,2022,N/A,O12010701,MAESTRIA EN ODONTOLOGÍA,Otros,Sin Partner (Propio),Presencial Regular,0,0,0,0,0,0,0,0,0,0,0,0,0,0,26,0,0,0
2022-05,2022,N/A,O12010701,MAESTRIA EN ODONTOLOGÍA,Otros,Sin Partner (Propio),Presencial Regular,0,0,0,0,0,0,0,0,0,0,0,0,0,0,26,0,0,0
2022-06,2022,N/A,O12010701,MAESTRIA EN ODONTOLOGÍA,Otros,Sin Partner (Propio),Presencial Regular,0,0,0,0,0,0,0,0,0,0,0,0,0,0,26,0,0,0
2022-07,2022,N/A,O12010701,MAESTRIA EN ODONTOLOGÍA,Otros,Sin Partner (Propio),Presencial Regular,0,0,0,0,0,0,0,0,0,0,0,0,0,0,26,0,0,0
2022-08,2022,N/A,O12010701,MAESTRIA EN ODONTOLOGÍA,Otros,Sin Partner (Propio),Presencial Regular,0,0,0,0,0,0,0,0,0,0,0,0,0,0,26,0,0,0
2022-09,2022,N/A,O12010701,MAESTRIA EN ODONTOLOGÍA,Otros,Sin Partner (Propio),Presencial Regular,0,0,0,0,0,0,0,0,0,0,0,0,0,0,26,0,0,0
2022-10,2022,N/A,O12010701,MAESTRIA EN ODONTOLOGÍA,Otros,Sin Partner (Propio),Presencial Regular,0,0,0,0,0,0,0,0,0,0,0,0,0,0,26,0,0,0
2022-11,2022,N/A,O12010701,MAESTRIA EN ODONTOLOGÍA,Otros,Sin Partner (Propio),Presencial Regular,0,0,0,0,0,0,0,0,0,0,0,0,0,0,26,0,0,0
2022-12,2022,N/A,O12010701,MAESTRIA EN ODONTOLOGÍA,Otros,Sin Partner (Propio),Presencial Regular,0,0,0,0,0,0,0,0,0,0,0,0,0,0,26,0,0,0
2023-01,2023,N/A,O12010701,MAESTRIA EN ODONTOLOGÍA,Otros,Sin Partner (Propio),Presencial Regular,0,0,0,0,0,0,0,0,0,0,0,0,0,0,26,0,0,0
2023-02,2023,N/A,O12010701,MAESTRIA EN ODONTOLOGÍA,Otros,Sin Partner (Propio),Presencial Regular,0,0,0,0,0,0,0,0,0,0,0,0,0,0,26,0,0,0
2023-03,2023,N/A,O12010701,MAESTRIA EN ODONTOLOGÍA,Otros,Sin Partner (Propio),Presencial Regular,0,0,0,0,0,0,0,0,0,0,0,0,0,0,26,0,0,0
2023-04,2023,N/A,O12010701,MAESTRIA EN ODONTOLOGÍA,Otros,Sin Partner (Propio),Presencial Regular,0,0,0,0,0,0,0,0,0,0,0,0,0,0,26,0,0,0
2023-05,2023,N/A,O12010701,MAESTRIA EN ODONTOLOGÍA,Otros,Sin Partner (Propio),Presencial Regular,0,0,0,0,0,0,0,0,0,0,0,0,0,0,26,0,0,0
2023-06,2023,N/A,O12010701,MAESTRIA EN ODONTOLOGÍA,Otros,Sin Partner (Propio),Presencial Regular,0,0,0,0,0,0,0,0,0,0,0,0,0,0,26,0,0,0
2023-07,2023,N/A,O12010701,MAESTRIA EN ODONTOLOGÍA,Otros,Sin Partner (Propio),Presencial Regular,0,0,0,0,0,0,0,0,0,0,0,0,0,0,26,0,0,0
2023-08,2023,N/A,O12010701,MAESTRIA EN ODONTOLOGÍA,Otros,Sin Partner (Propio),Presencial Regular,0,0,0,0,0,0,0,0,0,0,0,0,0,0,26,0,0,0
2023-09,2023,N/A,O12010701,MAESTRIA EN ODONTOLOGÍA,Otros,Sin Partner (Propio),Presencial Regular,0,0,0,0,0,0,0,0,0,0,0,0,0,0,26,0,0,0
2023-10,2023,N/A,O12010701,MAESTRIA EN ODONTOLOGÍA,Otros,Sin Partner (Propio),Presencial Regular,0,0,0,0,0,0,0,0,0,0,0,0,0,0,26,0,0,0
2023-11,2023,N/A,O12010701,MAESTRIA EN ODONTOLOGÍA,Otros,Sin Partner (Propio),Presencial Regular,0,0,0,0,0,0,0,0,0,0,0,0,0,0,26,0,0,0
2023-12,2023,N/A,O12010701,MAESTRIA EN ODONTOLOGÍA,Otros,Sin Partner (Propio),Presencial Regular,0,0,0,0,0,0,0,0,0,0,0,0,0,0,26,0,0,0
2024-01,2024,N/A,O12010701,MAESTRIA EN ODONTOLOGÍA,Otros,Sin Partner (Propio),Presencial Regular,0,0,0,0,0,0,0,0,0,0,0,0,0,0,26,0,0,0
2024-02,2024,N/A,O12010701,MAESTRIA EN ODONTOLOGÍA,Otros,Sin Partner (Propio),Presencial Regular,0,0,0,0,0,0,0,0,0,0,0,0,0,0,26,0,0,0
2024-03,2024,N/A,O12010701,MAESTRIA EN ODONTOLOGÍA,Otros,Sin Partner (Propio),Presencial Regular,0,0,0,0,0,0,0,0,0,0,0,0,0,0,26,0,0,0
2024-04,2024,N/A,O12010701,MAESTRIA EN ODONTOLOGÍA,Otros,Sin Partner (Propio),Presencial Regular,0,0,0,0,0,0,0,0,0,0,0,0,0,0,26,0,0,0
2024-05,2024,N/A,O12010701,MAESTRIA EN ODONTOLOGÍA,Otros,Sin Partner (Propio),Presencial Regular,0,0,0,0,0,0,0,0,0,0,0,0,0,0,26,0,0,0
2024-06,2024,N/A,O12010701,MAESTRIA EN ODONTOLOGÍA,Otros,Sin Partner (Propio),Presencial Regular,0,0,0,0,0,0,0,0,0,0,0,0,0,0,26,0,0,0
2024-07,2024,N/A,O12010701,MAESTRIA EN ODONTOLOGÍA,Otros,Sin Partner (Propio),Presencial Regular,0,0,0,0,0,0,0,0,0,0,0,0,0,0,26,0,0,0
2024-08,2024,N/A,O12010701,MAESTRIA EN ODONTOLOGÍA,Otros,Sin Partner (Propio),Presencial Regular,0,0,0,0,0,0,0,0,0,0,0,0,0,0,26,0,0,0
2024-09,2024,N/A,O12010701,MAESTRIA EN ODONTOLOGÍA,Otros,Sin Partner (Propio),Presencial Regular,0,0,0,0,0,0,0,0,0,0,0,0,0,0,26,0,0,0
2024-10,2024,N/A,O12010701,MAESTRIA EN ODONTOLOGÍA,Otros,Sin Partner (Propio),Presencial Regular,0,0,0,0,0,0,0,0,0,0,0,0,0,0,26,0,0,0
2024-11,2024,N/A,O12010701,MAESTRIA EN ODONTOLOGÍA,Otros,Sin Partner (Propio),Presencial Regular,0,0,0,0,0,0,0,0,0,0,0,0,0,0,26,0,0,0
2024-12,2024,N/A,O12010701,MAESTRIA EN ODONTOLOGÍA,Otros,Sin Partner (Propio),Presencial Regular,0,0,0,0,0,0,0,0,0,0,0,0,0,0,26,0,0,0
2025-01,2025,N/A,O12010701,MAESTRIA EN ODONTOLOGÍA,Otros,Sin Partner (Propio),Presencial Regular,0,0,0,0,0,0,0,0,0,0,0,0,0,0,26,0,0,0
2025-02,2025,N/A,O12010701,MAESTRIA EN ODONTOLOGÍA,Otros,Sin Partner (Propio),Presencial Regular,0,0,0,0,0,0,0,0,0,0,0,0,0,0,26,0,0,0
2025-03,2025,N/A,O12010701,MAESTRIA EN ODONTOLOGÍA,Otros,Sin Partner (Propio),Presencial Regular,0,0,0,0,0,0,0,0,0,0,0,0,0,0,26,0,0,0
2025-04,2025,N/A,O12010701,MAESTRIA EN ODONTOLOGÍA,Otros,Sin Partner (Propio),Presencial Regular,0,0,0,0,0,0,0,0,0,0,0,0,0,0,26,0,0,0
2025-05,2025,N/A,O12010701,MAESTRIA EN ODONTOLOGÍA,Otros,Sin Partner (Propio),Presencial Regular,0,0,0,0,0,0,0,0,0,0,0,0,0,0,26,0,0,0
2025-06,2025,N/A,O12010701,MAESTRIA EN ODONTOLOGÍA,Otros,Sin Partner (Propio),Presencial Regular,0,0,0,0,0,0,0,0,0,0,0,0,0,0,26,0,0,0
2025-07,2025,N/A,O12010701,MAESTRIA EN ODONTOLOGÍA,Otros,Sin Partner (Propio),Presencial Regular,0,0,0,0,0,0,0,0,0,0,0,0,0,0,26,0,0,0
2025-08,2025,N/A,O12010701,MAESTRIA EN ODONTOLOGÍA,Otros,Sin Partner (Propio),Presencial Regular,0,0,0,0,0,0,0,0,0,0,0,0,0,0,26,0,0,0
2025-09,2025,N/A,O12010701,MAESTRIA EN ODONTOLOGÍA,Otros,Sin Partner (Propio),Presencial Regular,0,0,0,0,0,0,0,0,0,0,0,0,0,0,26,0,0,0
2025-10,2025,N/A,O12010701,MAESTRIA EN ODONTOLOGÍA,Otros,Sin Partner (Propio),Presencial Regular,0,0,0,0,0,0,0,0,0,0,0,0,0,0,26,0,0,0
2025-11,2025,N/A,O12010701,MAESTRIA EN ODONTOLOGÍA,Otros,Sin Partner (Propio),Presencial Regular,0,0,0,0,0,0,0,0,0,0,0,0,0,0,26,0,0,0
2025-12,2025,N/A,O12010701,MAESTRIA EN ODONTOLOGÍA,Otros,Sin Partner (Propio),Presencial Regular,0,0,0,0,0,0,0,0,0,0,0,0,0,0,26,0,0,0
2026-01,2026,N/A,O12010701,MAESTRIA EN ODONTOLOGÍA,Otros,Sin Partner (Propio),Presencial Regular,0,0,0,0,0,0,0,0,0,0,0,0,0,0,26,0,0,0
2026-02,2026,N/A,O12010701,MAESTRIA EN ODONTOLOGÍA,Otros,Sin Partner (Propio),Presencial Regular,0,0,0,0,0,0,0,0,0,0,0,0,0,0,26,0,0,0
2026-03,2026,N/A,O12010701,MAESTRIA EN ODONTOLOGÍA,Otros,Sin Partner (Propio),Presencial Regular,0,0,0,0,0,0,0,0,0,0,0,0,0,0,26,0,0,0
2026-04,2026,N/A,O12010701,MAESTRIA EN ODONTOLOGÍA,Otros,Sin Partner (Propio),Presencial Regular,0,0,0,0,0,0,0,0,0,0,0,0,0,0,26,0,0,0
2026-05,2026,N/A,O12010701,MAESTRIA EN ODONTOLOGÍA,Otros,Sin Partner (Propio),Presencial Regular,0,0,0,0,0,0,0,0,0,0,0,0,0,0,26,0,0,0
2026-06,2026,N/A,O12010701,MAESTRIA EN ODONTOLOGÍA,Otros,Sin Partner (Propio),Presencial Regular,0,0,0,0,0,0,0,0,0,0,0,0,0,0,26,0,0,0
2026-07,2026,N/A,O12010701,MAESTRIA EN ODONTOLOGÍA,Otros,Sin Partner (Propio),Presencial Regular,0,0,0,0,0,0,0,0,0,0,0,0,0,0,26,0,0,0
2019-03,2019,Marzo,O03020601,MAESTRÍA DE MARKETING Y TURISMO,Otros,Sin Partner (Propio),Presencial Regular,0,20,0,0,0,0,0,0,0,0,0,0,0,0,0,0,0,20
2019-04,2019,Abril,O03020601,MAESTRÍA DE MARKETING Y TURISMO,Otros,Sin Partner (Propio),Presencial Regular,0,0,0,0,18,18,0,0,0,0,2,0,0,0,0,18,0,18
2019-05,2019,Mayo,O03020601,MAESTRÍA DE MARKETING Y TURISMO,Otros,Sin Partner (Propio),Presencial Regular,0,0,0,0,17,17,0,0,0,0,1,2,0,0,0,17,0,17
2019-06,2019,Junio,O03020601,MAESTRÍA DE MARKETING Y TURISMO,Otros,Sin Partner (Propio),Presencial Regular,0,0,0,0,16,16,0,0,0,0,1,1,2,0,0,16,0,16
2019-07,2019,N/A,O03020601,MAESTRÍA DE MARKETING Y TURISMO,Otros,Sin Partner (Propio),Presencial Regular,0,0,0,0,0,0,0,0,0,0,16,1,3,0,0,0,0,0
2019-08,2019,Agosto,O03020601,MAESTRÍA DE MARKETING Y TURISMO,Otros,Sin Partner (Propio),Presencial Regular,0,1,0,0,16,0,16,1,0,0,0,0,3,0,0,16,0,18
2019-09,2019,Setiembre,O03020601,MAESTRÍA DE MARKETING Y TURISMO,Otros,Sin Partner (Propio),Presencial Regular,0,0,0,0,15,15,0,0,0,0,3,0,3,0,0,15,0,15
2019-10,2019,Octubre,O03020601,MAESTRÍA DE MARKETING Y TURISMO,Otros,Sin Partner (Propio),Presencial Regular,0,1,0,0,7,7,0,0,0,0,8,3,1,2,0,7,0,8
2019-11,2019,Noviembre,O03020601,MAESTRÍA DE MARKETING Y TURISMO,Otros,Sin Partner (Propio),Presencial Regular,0,0,0,0,7,7,0,0,0,0,1,8,3,3,0,7,0,7
2019-12,2019,N/A,O03020601,MAESTRÍA DE MARKETING Y TURISMO,Otros,Sin Partner (Propio),Presencial Regular,0,0,0,0,0,0,0,0,0,0,7,1,11,3,0,0,0,0
2020-01,2020,N/A,O03020601,MAESTRÍA DE MARKETING Y TURISMO,Otros,Sin Partner (Propio),Presencial Regular,0,0,0,0,0,0,0,0,0,0,0,7,12,3,0,0,0,0
2020-02,2020,N/A,O03020601,MAESTRÍA DE MARKETING Y TURISMO,Otros,Sin Partner (Propio),Presencial Regular,0,0,0,0,0,0,0,0,0,0,0,0,19,3,0,0,0,0
2020-03,2020,Marzo,O03020601,MAESTRÍA DE MARKETING Y TURISMO,Otros,Sin Partner (Propio),Presencial Regular,0,2,0,0,0,0,0,6,0,0,0,0,10,6,0,0,0,8
2020-04,2020,Abril,O03020601,MAESTRÍA DE MARKETING Y TURISMO,Otros,Sin Partner (Propio),Presencial Regular,0,0,0,0,7,7,0,0,0,0,1,0,2,12,2,7,0,7
2020-05,2020,Mayo,O03020601,MAESTRÍA DE MARKETING Y TURISMO,Otros,Sin Partner (Propio),Presencial Regular,0,0,0,0,8,7,1,0,0,0,0,0,1,12,3,8,0,8
2020-06,2020,Junio,O03020601,MAESTRÍA DE MARKETING Y TURISMO,Otros,Sin Partner (Propio),Presencial Regular,0,0,0,0,7,7,0,0,0,0,1,0,0,13,3,7,0,7
2020-07,2020,N/A,O03020601,MAESTRÍA DE MARKETING Y TURISMO,Otros,Sin Partner (Propio),Presencial Regular,0,0,0,0,0,0,0,0,0,0,7,1,0,13,3,0,0,0
2020-08,2020,N/A,O03020601,MAESTRÍA DE MARKETING Y TURISMO,Otros,Sin Partner (Propio),Presencial Regular,0,0,0,0,0,0,0,0,0,0,0,7,1,13,3,0,0,0
2020-09,2020,N/A,O03020601,MAESTRÍA DE MARKETING Y TURISMO,Otros,Sin Partner (Propio),Presencial Regular,0,0,0,0,0,0,0,0,0,0,0,0,8,10,6,0,0,0
2020-10,2020,N/A,O03020601,MAESTRÍA DE MARKETING Y TURISMO,Otros,Sin Partner (Propio),Presencial Regular,0,0,0,0,0,0,0,0,0,0,0,0,8,2,14,0,0,0
2020-11,2020,N/A,O03020601,MAESTRÍA DE MARKETING Y TURISMO,Otros,Sin Partner (Propio),Presencial Regular,0,0,0,0,0,0,0,0,0,0,0,0,8,1,15,0,0,0
2020-12,2020,N/A,O03020601,MAESTRÍA DE MARKETING Y TURISMO,Otros,Sin Partner (Propio),Presencial Regular,0,0,0,0,0,0,0,0,0,0,0,0,7,1,16,0,0,0
2021-01,2021,N/A,O03020601,MAESTRÍA DE MARKETING Y TURISMO,Otros,Sin Partner (Propio),Presencial Regular,0,0,0,0,0,0,0,0,0,0,0,0,0,8,16,0,0,0
2021-02,2021,N/A,O03020601,MAESTRÍA DE MARKETING Y TURISMO,Otros,Sin Partner (Propio),Presencial Regular,0,0,0,0,0,0,0,0,0,0,0,0,0,8,16,0,0,0
2021-03,2021,N/A,O03020601,MAESTRÍA DE MARKETING Y TURISMO,Otros,Sin Partner (Propio),Presencial Regular,0,0,0,0,0,0,0,0,0,0,0,0,0,8,16,0,0,0
2021-04,2021,N/A,O03020601,MAESTRÍA DE MARKETING Y TURISMO,Otros,Sin Partner (Propio),Presencial Regular,0,0,0,0,0,0,0,0,0,0,0,0,0,8,16,0,0,0
2021-05,2021,N/A,O03020601,MAESTRÍA DE MARKETING Y TURISMO,Otros,Sin Partner (Propio),Presencial Regular,0,0,0,0,0,0,0,0,0,0,0,0,0,8,16,0,0,0
2021-06,2021,N/A,O03020601,MAESTRÍA DE MARKETING Y TURISMO,Otros,Sin Partner (Propio),Presencial Regular,0,0,0,0,0,0,0,0,0,0,0,0,0,7,17,0,0,0
2021-07,2021,N/A,O03020601,MAESTRÍA DE MARKETING Y TURISMO,Otros,Sin Partner (Propio),Presencial Regular,0,0,0,0,0,0,0,0,0,0,0,0,0,0,24,0,0,0
2021-08,2021,N/A,O03020601,MAESTRÍA DE MARKETING Y TURISMO,Otros,Sin Partner (Propio),Presencial Regular,0,0,0,0,0,0,0,0,0,0,0,0,0,0,24,0,0,0
2021-09,2021,N/A,O03020601,MAESTRÍA DE MARKETING Y TURISMO,Otros,Sin Partner (Propio),Presencial Regular,0,0,0,0,0,0,0,0,0,0,0,0,0,0,24,0,0,0
2021-10,2021,N/A,O03020601,MAESTRÍA DE MARKETING Y TURISMO,Otros,Sin Partner (Propio),Presencial Regular,0,0,0,0,0,0,0,0,0,0,0,0,0,0,24,0,0,0
2021-11,2021,N/A,O03020601,MAESTRÍA DE MARKETING Y TURISMO,Otros,Sin Partner (Propio),Presencial Regular,0,0,0,0,0,0,0,0,0,0,0,0,0,0,24,0,0,0
2021-12,2021,N/A,O03020601,MAESTRÍA DE MARKETING Y TURISMO,Otros,Sin Partner (Propio),Presencial Regular,0,0,0,0,0,0,0,0,0,0,0,0,0,0,24,0,0,0
2022-01,2022,N/A,O03020601,MAESTRÍA DE MARKETING Y TURISMO,Otros,Sin Partner (Propio),Presencial Regular,0,0,0,0,0,0,0,0,0,0,0,0,0,0,24,0,0,0
2022-02,2022,N/A,O03020601,MAESTRÍA DE MARKETING Y TURISMO,Otros,Sin Partner (Propio),Presencial Regular,0,0,0,0,0,0,0,0,0,0,0,0,0,0,24,0,0,0
2022-03,2022,N/A,O03020601,MAESTRÍA DE MARKETING Y TURISMO,Otros,Sin Partner (Propio),Presencial Regular,0,0,0,0,0,0,0,0,0,0,0,0,0,0,24,0,0,0
2022-04,2022,N/A,O03020601,MAESTRÍA DE MARKETING Y TURISMO,Otros,Sin Partner (Propio),Presencial Regular,0,0,0,0,0,0,0,0,0,0,0,0,0,0,24,0,0,0
2022-05,2022,N/A,O03020601,MAESTRÍA DE MARKETING Y TURISMO,Otros,Sin Partner (Propio),Presencial Regular,0,0,0,0,0,0,0,0,0,0,0,0,0,0,24,0,0,0
2022-06,2022,N/A,O03020601,MAESTRÍA DE MARKETING Y TURISMO,Otros,Sin Partner (Propio),Presencial Regular,0,0,0,0,0,0,0,0,0,0,0,0,0,0,24,0,0,0
2022-07,2022,N/A,O03020601,MAESTRÍA DE MARKETING Y TURISMO,Otros,Sin Partner (Propio),Presencial Regular,0,0,0,0,0,0,0,0,0,0,0,0,0,0,24,0,0,0
2022-08,2022,N/A,O03020601,MAESTRÍA DE MARKETING Y TURISMO,Otros,Sin Partner (Propio),Presencial Regular,0,0,0,0,0,0,0,0,0,0,0,0,0,0,24,0,0,0
2022-09,2022,N/A,O03020601,MAESTRÍA DE MARKETING Y TURISMO,Otros,Sin Partner (Propio),Presencial Regular,0,0,0,0,0,0,0,0,0,0,0,0,0,0,24,0,0,0
2022-10,2022,N/A,O03020601,MAESTRÍA DE MARKETING Y TURISMO,Otros,Sin Partner (Propio),Presencial Regular,0,0,0,0,0,0,0,0,0,0,0,0,0,0,24,0,0,0
2022-11,2022,N/A,O03020601,MAESTRÍA DE MARKETING Y TURISMO,Otros,Sin Partner (Propio),Presencial Regular,0,0,0,0,0,0,0,0,0,0,0,0,0,0,24,0,0,0
2022-12,2022,N/A,O03020601,MAESTRÍA DE MARKETING Y TURISMO,Otros,Sin Partner (Propio),Presencial Regular,0,0,0,0,0,0,0,0,0,0,0,0,0,0,24,0,0,0
2023-01,2023,N/A,O03020601,MAESTRÍA DE MARKETING Y TURISMO,Otros,Sin Partner (Propio),Presencial Regular,0,0,0,0,0,0,0,0,0,0,0,0,0,0,24,0,0,0
2023-02,2023,N/A,O03020601,MAESTRÍA DE MARKETING Y TURISMO,Otros,Sin Partner (Propio),Presencial Regular,0,0,0,0,0,0,0,0,0,0,0,0,0,0,24,0,0,0
2023-03,2023,N/A,O03020601,MAESTRÍA DE MARKETING Y TURISMO,Otros,Sin Partner (Propio),Presencial Regular,0,0,0,0,0,0,0,0,0,0,0,0,0,0,24,0,0,0
2023-04,2023,N/A,O03020601,MAESTRÍA DE MARKETING Y TURISMO,Otros,Sin Partner (Propio),Presencial Regular,0,0,0,0,0,0,0,0,0,0,0,0,0,0,24,0,0,0
2023-05,2023,N/A,O03020601,MAESTRÍA DE MARKETING Y TURISMO,Otros,Sin Partner (Propio),Presencial Regular,0,0,0,0,0,0,0,0,0,0,0,0,0,0,24,0,0,0
2023-06,2023,N/A,O03020601,MAESTRÍA DE MARKETING Y TURISMO,Otros,Sin Partner (Propio),Presencial Regular,0,0,0,0,0,0,0,0,0,0,0,0,0,0,24,0,0,0
2023-07,2023,N/A,O03020601,MAESTRÍA DE MARKETING Y TURISMO,Otros,Sin Partner (Propio),Presencial Regular,0,0,0,0,0,0,0,0,0,0,0,0,0,0,24,0,0,0
2023-08,2023,N/A,O03020601,MAESTRÍA DE MARKETING Y TURISMO,Otros,Sin Partner (Propio),Presencial Regular,0,0,0,0,0,0,0,0,0,0,0,0,0,0,24,0,0,0
2023-09,2023,N/A,O03020601,MAESTRÍA DE MARKETING Y TURISMO,Otros,Sin Partner (Propio),Presencial Regular,0,0,0,0,0,0,0,0,0,0,0,0,0,0,24,0,0,0
2023-10,2023,N/A,O03020601,MAESTRÍA DE MARKETING Y TURISMO,Otros,Sin Partner (Propio),Presencial Regular,0,0,0,0,0,0,0,0,0,0,0,0,0,0,24,0,0,0
2023-11,2023,N/A,O03020601,MAESTRÍA DE MARKETING Y TURISMO,Otros,Sin Partner (Propio),Presencial Regular,0,0,0,0,0,0,0,0,0,0,0,0,0,0,24,0,0,0
2023-12,2023,N/A,O03020601,MAESTRÍA DE MARKETING Y TURISMO,Otros,Sin Partner (Propio),Presencial Regular,0,0,0,0,0,0,0,0,0,0,0,0,0,0,24,0,0,0
2024-01,2024,N/A,O03020601,MAESTRÍA DE MARKETING Y TURISMO,Otros,Sin Partner (Propio),Presencial Regular,0,0,0,0,0,0,0,0,0,0,0,0,0,0,24,0,0,0
2024-02,2024,N/A,O03020601,MAESTRÍA DE MARKETING Y TURISMO,Otros,Sin Partner (Propio),Presencial Regular,0,0,0,0,0,0,0,0,0,0,0,0,0,0,24,0,0,0
2024-03,2024,N/A,O03020601,MAESTRÍA DE MARKETING Y TURISMO,Otros,Sin Partner (Propio),Presencial Regular,0,0,0,0,0,0,0,0,0,0,0,0,0,0,24,0,0,0
2024-04,2024,N/A,O03020601,MAESTRÍA DE MARKETING Y TURISMO,Otros,Sin Partner (Propio),Presencial Regular,0,0,0,0,0,0,0,0,0,0,0,0,0,0,24,0,0,0
2024-05,2024,N/A,O03020601,MAESTRÍA DE MARKETING Y TURISMO,Otros,Sin Partner (Propio),Presencial Regular,0,0,0,0,0,0,0,0,0,0,0,0,0,0,24,0,0,0
2024-06,2024,N/A,O03020601,MAESTRÍA DE MARKETING Y TURISMO,Otros,Sin Partner (Propio),Presencial Regular,0,0,0,0,0,0,0,0,0,0,0,0,0,0,24,0,0,0
2024-07,2024,N/A,O03020601,MAESTRÍA DE MARKETING Y TURISMO,Otros,Sin Partner (Propio),Presencial Regular,0,0,0,0,0,0,0,0,0,0,0,0,0,0,24,0,0,0
2024-08,2024,N/A,O03020601,MAESTRÍA DE MARKETING Y TURISMO,Otros,Sin Partner (Propio),Presencial Regular,0,0,0,0,0,0,0,0,0,0,0,0,0,0,24,0,0,0
2024-09,2024,N/A,O03020601,MAESTRÍA DE MARKETING Y TURISMO,Otros,Sin Partner (Propio),Presencial Regular,0,0,0,0,0,0,0,0,0,0,0,0,0,0,24,0,0,0
2024-10,2024,N/A,O03020601,MAESTRÍA DE MARKETING Y TURISMO,Otros,Sin Partner (Propio),Presencial Regular,0,0,0,0,0,0,0,0,0,0,0,0,0,0,24,0,0,0
2024-11,2024,N/A,O03020601,MAESTRÍA DE MARKETING Y TURISMO,Otros,Sin Partner (Propio),Presencial Regular,0,0,0,0,0,0,0,0,0,0,0,0,0,0,24,0,0,0
2024-12,2024,N/A,O03020601,MAESTRÍA DE MARKETING Y TURISMO,Otros,Sin Partner (Propio),Presencial Regular,0,0,0,0,0,0,0,0,0,0,0,0,0,0,24,0,0,0
2025-01,2025,N/A,O03020601,MAESTRÍA DE MARKETING Y TURISMO,Otros,Sin Partner (Propio),Presencial Regular,0,0,0,0,0,0,0,0,0,0,0,0,0,0,24,0,0,0
2025-02,2025,N/A,O03020601,MAESTRÍA DE MARKETING Y TURISMO,Otros,Sin Partner (Propio),Presencial Regular,0,0,0,0,0,0,0,0,0,0,0,0,0,0,24,0,0,0
2025-03,2025,N/A,O03020601,MAESTRÍA DE MARKETING Y TURISMO,Otros,Sin Partner (Propio),Presencial Regular,0,0,0,0,0,0,0,0,0,0,0,0,0,0,24,0,0,0
2025-04,2025,N/A,O03020601,MAESTRÍA DE MARKETING Y TURISMO,Otros,Sin Partner (Propio),Presencial Regular,0,0,0,0,0,0,0,0,0,0,0,0,0,0,24,0,0,0
2025-05,2025,N/A,O03020601,MAESTRÍA DE MARKETING Y TURISMO,Otros,Sin Partner (Propio),Presencial Regular,0,0,0,0,0,0,0,0,0,0,0,0,0,0,24,0,0,0
2025-06,2025,N/A,O03020601,MAESTRÍA DE MARKETING Y TURISMO,Otros,Sin Partner (Propio),Presencial Regular,0,0,0,0,0,0,0,0,0,0,0,0,0,0,24,0,0,0
2025-07,2025,N/A,O03020601,MAESTRÍA DE MARKETING Y TURISMO,Otros,Sin Partner (Propio),Presencial Regular,0,0,0,0,0,0,0,0,0,0,0,0,0,0,24,0,0,0
2025-08,2025,N/A,O03020601,MAESTRÍA DE MARKETING Y TURISMO,Otros,Sin Partner (Propio),Presencial Regular,0,0,0,0,0,0,0,0,0,0,0,0,0,0,24,0,0,0
2025-09,2025,N/A,O03020601,MAESTRÍA DE MARKETING Y TURISMO,Otros,Sin Partner (Propio),Presencial Regular,0,0,0,0,0,0,0,0,0,0,0,0,0,0,24,0,0,0
2025-10,2025,N/A,O03020601,MAESTRÍA DE MARKETING Y TURISMO,Otros,Sin Partner (Propio),Presencial Regular,0,0,0,0,0,0,0,0,0,0,0,0,0,0,24,0,0,0
2025-11,2025,N/A,O03020601,MAESTRÍA DE MARKETING Y TURISMO,Otros,Sin Partner (Propio),Presencial Regular,0,0,0,0,0,0,0,0,0,0,0,0,0,0,24,0,0,0
2025-12,2025,N/A,O03020601,MAESTRÍA DE MARKETING Y TURISMO,Otros,Sin Partner (Propio),Presencial Regular,0,0,0,0,0,0,0,0,0,0,0,0,0,0,24,0,0,0
2026-01,2026,N/A,O03020601,MAESTRÍA DE MARKETING Y TURISMO,Otros,Sin Partner (Propio),Presencial Regular,0,0,0,0,0,0,0,0,0,0,0,0,0,0,24,0,0,0
2026-02,2026,N/A,O03020601,MAESTRÍA DE MARKETING Y TURISMO,Otros,Sin Partner (Propio),Presencial Regular,0,0,0,0,0,0,0,0,0,0,0,0,0,0,24,0,0,0
2026-03,2026,N/A,O03020601,MAESTRÍA DE MARKETING Y TURISMO,Otros,Sin Partner (Propio),Presencial Regular,0,0,0,0,0,0,0,0,0,0,0,0,0,0,24,0,0,0
2026-04,2026,N/A,O03020601,MAESTRÍA DE MARKETING Y TURISMO,Otros,Sin Partner (Propio),Presencial Regular,0,0,0,0,0,0,0,0,0,0,0,0,0,0,24,0,0,0
2026-05,2026,N/A,O03020601,MAESTRÍA DE MARKETING Y TURISMO,Otros,Sin Partner (Propio),Presencial Regular,0,0,0,0,0,0,0,0,0,0,0,0,0,0,24,0,0,0
2026-06,2026,N/A,O03020601,MAESTRÍA DE MARKETING Y TURISMO,Otros,Sin Partner (Propio),Presencial Regular,0,0,0,0,0,0,0,0,0,0,0,0,0,0,24,0,0,0
2026-07,2026,N/A,O03020601,MAESTRÍA DE MARKETING Y TURISMO,Otros,Sin Partner (Propio),Presencial Regular,0,0,0,0,0,0,0,0,0,0,0,0,0,0,24,0,0,0
2019-03,2019,Marzo,O03020701,MAESTRÍA EN GESTION CULTURAL Y PATR.,Otros,Sin Partner (Propio),Distancia,0,44,0,0,0,0,0,0,0,0,0,0,0,0,0,0,0,44
2019-04,2019,Abril,O03020701,MAESTRÍA EN GESTION CULTURAL Y PATR.,Otros,Sin Partner (Propio),Distancia,0,0,0,0,42,42,0,0,0,0,2,0,0,0,0,42,0,42
2019-05,2019,Mayo,O03020701,MAESTRÍA EN GESTION CULTURAL Y PATR.,Otros,Sin Partner (Propio),Distancia,0,0,0,0,41,41,0,0,0,0,1,2,0,0,0,41,0,41
2019-06,2019,Junio,O03020701,MAESTRÍA EN GESTION CULTURAL Y PATR.,Otros,Sin Partner (Propio),Distancia,0,3,0,0,40,40,0,1,0,0,1,1,1,0,0,40,0,44
2019-07,2019,N/A,O03020701,MAESTRÍA EN GESTION CULTURAL Y PATR.,Otros,Sin Partner (Propio),Distancia,0,0,0,0,0,0,0,0,0,0,44,1,2,0,0,0,0,0
2019-08,2019,Agosto,O03020701,MAESTRÍA EN GESTION CULTURAL Y PATR.,Otros,Sin Partner (Propio),Distancia,0,2,0,0,30,0,30,0,0,0,0,14,3,0,0,30,0,32
2019-09,2019,Setiembre,O03020701,MAESTRÍA EN GESTION CULTURAL Y PATR.,Otros,Sin Partner (Propio),Distancia,0,0,0,0,27,27,0,0,0,0,5,0,17,0,0,27,0,27
2019-10,2019,Octubre,O03020701,MAESTRÍA EN GESTION CULTURAL Y PATR.,Otros,Sin Partner (Propio),Distancia,0,1,0,0,13,13,0,0,0,0,14,5,16,1,0,13,0,14
2019-11,2019,Noviembre,O03020701,MAESTRÍA EN GESTION CULTURAL Y PATR.,Otros,Sin Partner (Propio),Distancia,0,1,0,0,13,13,0,0,0,0,1,14,20,2,0,13,0,14
2019-12,2019,N/A,O03020701,MAESTRÍA EN GESTION CULTURAL Y PATR.,Otros,Sin Partner (Propio),Distancia,0,0,0,0,0,0,0,0,0,0,14,1,33,3,0,0,0,0
2020-01,2020,N/A,O03020701,MAESTRÍA EN GESTION CULTURAL Y PATR.,Otros,Sin Partner (Propio),Distancia,0,0,0,0,0,0,0,0,0,0,0,14,20,17,0,0,0,0
2020-02,2020,N/A,O03020701,MAESTRÍA EN GESTION CULTURAL Y PATR.,Otros,Sin Partner (Propio),Distancia,0,0,0,0,0,0,0,0,0,0,0,0,34,17,0,0,0,0
2020-03,2020,Marzo,O03020701,MAESTRÍA EN GESTION CULTURAL Y PATR.,Otros,Sin Partner (Propio),Distancia,0,20,0,0,0,0,0,12,0,0,0,0,17,22,0,0,0,32
2020-04,2020,Abril,O03020701,MAESTRÍA EN GESTION CULTURAL Y PATR.,Otros,Sin Partner (Propio),Distancia,0,0,0,0,20,20,0,0,1,0,12,0,3,34,1,20,0,21
2020-05,2020,Mayo,O03020701,MAESTRÍA EN GESTION CULTURAL Y PATR.,Otros,Sin Partner (Propio),Distancia,0,0,0,0,27,19,8,0,0,0,2,4,2,34,2,27,0,27
2020-06,2020,Junio,O03020701,MAESTRÍA EN GESTION CULTURAL Y PATR.,Otros,Sin Partner (Propio),Distancia,0,0,0,0,19,19,0,0,0,0,8,2,4,35,3,19,0,19
2020-07,2020,N/A,O03020701,MAESTRÍA EN GESTION CULTURAL Y PATR.,Otros,Sin Partner (Propio),Distancia,0,0,0,0,0,0,0,0,0,0,19,8,6,22,16,0,0,0
2020-08,2020,N/A,O03020701,MAESTRÍA EN GESTION CULTURAL Y PATR.,Otros,Sin Partner (Propio),Distancia,0,0,0,0,0,0,0,0,0,0,0,19,14,22,16,0,0,0
2020-09,2020,N/A,O03020701,MAESTRÍA EN GESTION CULTURAL Y PATR.,Otros,Sin Partner (Propio),Distancia,0,0,0,0,0,0,0,0,0,0,0,0,33,17,21,0,0,0
2020-10,2020,N/A,O03020701,MAESTRÍA EN GESTION CULTURAL Y PATR.,Otros,Sin Partner (Propio),Distancia,0,0,0,0,0,0,0,0,0,0,0,0,29,7,35,0,0,0
2020-11,2020,N/A,O03020701,MAESTRÍA EN GESTION CULTURAL Y PATR.,Otros,Sin Partner (Propio),Distancia,0,0,0,0,0,0,0,0,0,0,0,0,27,8,36,0,0,0
2020-12,2020,N/A,O03020701,MAESTRÍA EN GESTION CULTURAL Y PATR.,Otros,Sin Partner (Propio),Distancia,0,0,0,0,0,0,0,0,0,0,0,0,19,14,38,0,0,0
2021-01,2021,N/A,O03020701,MAESTRÍA EN GESTION CULTURAL Y PATR.,Otros,Sin Partner (Propio),Distancia,0,0,0,0,0,0,0,0,0,0,0,0,0,33,38,0,0,0
2021-02,2021,N/A,O03020701,MAESTRÍA EN GESTION CULTURAL Y PATR.,Otros,Sin Partner (Propio),Distancia,0,0,0,0,0,0,0,0,0,0,0,0,0,33,38,0,0,0
2021-03,2021,N/A,O03020701,MAESTRÍA EN GESTION CULTURAL Y PATR.,Otros,Sin Partner (Propio),Distancia,0,0,0,0,0,0,0,0,0,0,0,0,0,33,38,0,0,0
2021-04,2021,N/A,O03020701,MAESTRÍA EN GESTION CULTURAL Y PATR.,Otros,Sin Partner (Propio),Distancia,0,0,0,0,0,0,0,0,0,0,0,0,0,29,42,0,0,0
2021-05,2021,N/A,O03020701,MAESTRÍA EN GESTION CULTURAL Y PATR.,Otros,Sin Partner (Propio),Distancia,0,0,0,0,0,0,0,0,0,0,0,0,0,27,44,0,0,0
2021-06,2021,N/A,O03020701,MAESTRÍA EN GESTION CULTURAL Y PATR.,Otros,Sin Partner (Propio),Distancia,0,0,0,0,0,0,0,0,0,0,0,0,0,19,52,0,0,0
2021-07,2021,N/A,O03020701,MAESTRÍA EN GESTION CULTURAL Y PATR.,Otros,Sin Partner (Propio),Distancia,0,0,0,0,0,0,0,0,0,0,0,0,0,0,71,0,0,0
2021-08,2021,N/A,O03020701,MAESTRÍA EN GESTION CULTURAL Y PATR.,Otros,Sin Partner (Propio),Distancia,0,0,0,0,0,0,0,0,0,0,0,0,0,0,71,0,0,0
2021-09,2021,N/A,O03020701,MAESTRÍA EN GESTION CULTURAL Y PATR.,Otros,Sin Partner (Propio),Distancia,0,0,0,0,0,0,0,0,0,0,0,0,0,0,71,0,0,0
2021-10,2021,N/A,O03020701,MAESTRÍA EN GESTION CULTURAL Y PATR.,Otros,Sin Partner (Propio),Distancia,0,0,0,0,0,0,0,0,0,0,0,0,0,0,71,0,0,0
2021-11,2021,N/A,O03020701,MAESTRÍA EN GESTION CULTURAL Y PATR.,Otros,Sin Partner (Propio),Distancia,0,0,0,0,0,0,0,0,0,0,0,0,0,0,71,0,0,0
2021-12,2021,N/A,O03020701,MAESTRÍA EN GESTION CULTURAL Y PATR.,Otros,Sin Partner (Propio),Distancia,0,0,0,0,0,0,0,0,0,0,0,0,0,0,71,0,0,0
2022-01,2022,N/A,O03020701,MAESTRÍA EN GESTION CULTURAL Y PATR.,Otros,Sin Partner (Propio),Distancia,0,0,0,0,0,0,0,0,0,0,0,0,0,0,71,0,0,0
2022-02,2022,N/A,O03020701,MAESTRÍA EN GESTION CULTURAL Y PATR.,Otros,Sin Partner (Propio),Distancia,0,0,0,0,0,0,0,0,0,0,0,0,0,0,71,0,0,0
2022-03,2022,N/A,O03020701,MAESTRÍA EN GESTION CULTURAL Y PATR.,Otros,Sin Partner (Propio),Distancia,0,0,0,0,0,0,0,0,0,0,0,0,0,0,71,0,0,0
2022-04,2022,N/A,O03020701,MAESTRÍA EN GESTION CULTURAL Y PATR.,Otros,Sin Partner (Propio),Distancia,0,0,0,0,0,0,0,0,0,0,0,0,0,0,71,0,0,0
2022-05,2022,N/A,O03020701,MAESTRÍA EN GESTION CULTURAL Y PATR.,Otros,Sin Partner (Propio),Distancia,0,0,0,0,0,0,0,0,0,0,0,0,0,0,71,0,0,0
2022-06,2022,N/A,O03020701,MAESTRÍA EN GESTION CULTURAL Y PATR.,Otros,Sin Partner (Propio),Distancia,0,0,0,0,0,0,0,0,0,0,0,0,0,0,71,0,0,0
2022-07,2022,N/A,O03020701,MAESTRÍA EN GESTION CULTURAL Y PATR.,Otros,Sin Partner (Propio),Distancia,0,0,0,0,0,0,0,0,0,0,0,0,0,0,71,0,0,0
2022-08,2022,N/A,O03020701,MAESTRÍA EN GESTION CULTURAL Y PATR.,Otros,Sin Partner (Propio),Distancia,0,0,0,0,0,0,0,0,0,0,0,0,0,0,71,0,0,0
2022-09,2022,N/A,O03020701,MAESTRÍA EN GESTION CULTURAL Y PATR.,Otros,Sin Partner (Propio),Distancia,0,0,0,0,0,0,0,0,0,0,0,0,0,0,71,0,0,0
2022-10,2022,N/A,O03020701,MAESTRÍA EN GESTION CULTURAL Y PATR.,Otros,Sin Partner (Propio),Distancia,0,0,0,0,0,0,0,0,0,0,0,0,0,0,71,0,0,0
2022-11,2022,N/A,O03020701,MAESTRÍA EN GESTION CULTURAL Y PATR.,Otros,Sin Partner (Propio),Distancia,0,0,0,0,0,0,0,0,0,0,0,0,0,0,71,0,0,0
2022-12,2022,N/A,O03020701,MAESTRÍA EN GESTION CULTURAL Y PATR.,Otros,Sin Partner (Propio),Distancia,0,0,0,0,0,0,0,0,0,0,0,0,0,0,71,0,0,0
2023-01,2023,N/A,O03020701,MAESTRÍA EN GESTION CULTURAL Y PATR.,Otros,Sin Partner (Propio),Distancia,0,0,0,0,0,0,0,0,0,0,0,0,0,0,71,0,0,0
2023-02,2023,N/A,O03020701,MAESTRÍA EN GESTION CULTURAL Y PATR.,Otros,Sin Partner (Propio),Distancia,0,0,0,0,0,0,0,0,0,0,0,0,0,0,71,0,0,0
2023-03,2023,N/A,O03020701,MAESTRÍA EN GESTION CULTURAL Y PATR.,Otros,Sin Partner (Propio),Distancia,0,0,0,0,0,0,0,0,0,0,0,0,0,0,71,0,0,0
2023-04,2023,N/A,O03020701,MAESTRÍA EN GESTION CULTURAL Y PATR.,Otros,Sin Partner (Propio),Distancia,0,0,0,0,0,0,0,0,0,0,0,0,0,0,71,0,0,0
2023-05,2023,N/A,O03020701,MAESTRÍA EN GESTION CULTURAL Y PATR.,Otros,Sin Partner (Propio),Distancia,0,0,0,0,0,0,0,0,0,0,0,0,0,0,71,0,0,0
2023-06,2023,N/A,O03020701,MAESTRÍA EN GESTION CULTURAL Y PATR.,Otros,Sin Partner (Propio),Distancia,0,0,0,0,0,0,0,0,0,0,0,0,0,0,71,0,0,0
2023-07,2023,N/A,O03020701,MAESTRÍA EN GESTION CULTURAL Y PATR.,Otros,Sin Partner (Propio),Distancia,0,0,0,0,0,0,0,0,0,0,0,0,0,0,71,0,0,0
2023-08,2023,N/A,O03020701,MAESTRÍA EN GESTION CULTURAL Y PATR.,Otros,Sin Partner (Propio),Distancia,0,0,0,0,0,0,0,0,0,0,0,0,0,0,71,0,0,0
2023-09,2023,N/A,O03020701,MAESTRÍA EN GESTION CULTURAL Y PATR.,Otros,Sin Partner (Propio),Distancia,0,0,0,0,0,0,0,0,0,0,0,0,0,0,71,0,0,0
2023-10,2023,N/A,O03020701,MAESTRÍA EN GESTION CULTURAL Y PATR.,Otros,Sin Partner (Propio),Distancia,0,0,0,0,0,0,0,0,0,0,0,0,0,0,71,0,0,0
2023-11,2023,N/A,O03020701,MAESTRÍA EN GESTION CULTURAL Y PATR.,Otros,Sin Partner (Propio),Distancia,0,0,0,0,0,0,0,0,0,0,0,0,0,0,71,0,0,0
2023-12,2023,N/A,O03020701,MAESTRÍA EN GESTION CULTURAL Y PATR.,Otros,Sin Partner (Propio),Distancia,0,0,0,0,0,0,0,0,0,0,0,0,0,0,71,0,0,0
2024-01,2024,N/A,O03020701,MAESTRÍA EN GESTION CULTURAL Y PATR.,Otros,Sin Partner (Propio),Distancia,0,0,0,0,0,0,0,0,0,0,0,0,0,0,71,0,0,0
2024-02,2024,N/A,O03020701,MAESTRÍA EN GESTION CULTURAL Y PATR.,Otros,Sin Partner (Propio),Distancia,0,0,0,0,0,0,0,0,0,0,0,0,0,0,71,0,0,0
2024-03,2024,N/A,O03020701,MAESTRÍA EN GESTION CULTURAL Y PATR.,Otros,Sin Partner (Propio),Distancia,0,0,0,0,0,0,0,0,0,0,0,0,0,0,71,0,0,0
2024-04,2024,N/A,O03020701,MAESTRÍA EN GESTION CULTURAL Y PATR.,Otros,Sin Partner (Propio),Distancia,0,0,0,0,0,0,0,0,0,0,0,0,0,0,71,0,0,0
2024-05,2024,N/A,O03020701,MAESTRÍA EN GESTION CULTURAL Y PATR.,Otros,Sin Partner (Propio),Distancia,0,0,0,0,0,0,0,0,0,0,0,0,0,0,71,0,0,0
2024-06,2024,N/A,O03020701,MAESTRÍA EN GESTION CULTURAL Y PATR.,Otros,Sin Partner (Propio),Distancia,0,0,0,0,0,0,0,0,0,0,0,0,0,0,71,0,0,0
2024-07,2024,N/A,O03020701,MAESTRÍA EN GESTION CULTURAL Y PATR.,Otros,Sin Partner (Propio),Distancia,0,0,0,0,0,0,0,0,0,0,0,0,0,0,71,0,0,0
2024-08,2024,N/A,O03020701,MAESTRÍA EN GESTION CULTURAL Y PATR.,Otros,Sin Partner (Propio),Distancia,0,0,0,0,0,0,0,0,0,0,0,0,0,0,71,0,0,0
2024-09,2024,N/A,O03020701,MAESTRÍA EN GESTION CULTURAL Y PATR.,Otros,Sin Partner (Propio),Distancia,0,0,0,0,0,0,0,0,0,0,0,0,0,0,71,0,0,0
2024-10,2024,N/A,O03020701,MAESTRÍA EN GESTION CULTURAL Y PATR.,Otros,Sin Partner (Propio),Distancia,0,0,0,0,0,0,0,0,0,0,0,0,0,0,71,0,0,0
2024-11,2024,N/A,O03020701,MAESTRÍA EN GESTION CULTURAL Y PATR.,Otros,Sin Partner (Propio),Distancia,0,0,0,0,0,0,0,0,0,0,0,0,0,0,71,0,0,0
2024-12,2024,N/A,O03020701,MAESTRÍA EN GESTION CULTURAL Y PATR.,Otros,Sin Partner (Propio),Distancia,0,0,0,0,0,0,0,0,0,0,0,0,0,0,71,0,0,0
2025-01,2025,N/A,O03020701,MAESTRÍA EN GESTION CULTURAL Y PATR.,Otros,Sin Partner (Propio),Distancia,0,0,0,0,0,0,0,0,0,0,0,0,0,0,71,0,0,0
2025-02,2025,N/A,O03020701,MAESTRÍA EN GESTION CULTURAL Y PATR.,Otros,Sin Partner (Propio),Distancia,0,0,0,0,0,0,0,0,0,0,0,0,0,0,71,0,0,0
2025-03,2025,N/A,O03020701,MAESTRÍA EN GESTION CULTURAL Y PATR.,Otros,Sin Partner (Propio),Distancia,0,0,0,0,0,0,0,0,0,0,0,0,0,0,71,0,0,0
2025-04,2025,N/A,O03020701,MAESTRÍA EN GESTION CULTURAL Y PATR.,Otros,Sin Partner (Propio),Distancia,0,0,0,0,0,0,0,0,0,0,0,0,0,0,71,0,0,0
2025-05,2025,N/A,O03020701,MAESTRÍA EN GESTION CULTURAL Y PATR.,Otros,Sin Partner (Propio),Distancia,0,0,0,0,0,0,0,0,0,0,0,0,0,0,71,0,0,0
2025-06,2025,N/A,O03020701,MAESTRÍA EN GESTION CULTURAL Y PATR.,Otros,Sin Partner (Propio),Distancia,0,0,0,0,0,0,0,0,0,0,0,0,0,0,71,0,0,0
2025-07,2025,N/A,O03020701,MAESTRÍA EN GESTION CULTURAL Y PATR.,Otros,Sin Partner (Propio),Distancia,0,0,0,0,0,0,0,0,0,0,0,0,0,0,71,0,0,0
2025-08,2025,N/A,O03020701,MAESTRÍA EN GESTION CULTURAL Y PATR.,Otros,Sin Partner (Propio),Distancia,0,0,0,0,0,0,0,0,0,0,0,0,0,0,71,0,0,0
2025-09,2025,N/A,O03020701,MAESTRÍA EN GESTION CULTURAL Y PATR.,Otros,Sin Partner (Propio),Distancia,0,0,0,0,0,0,0,0,0,0,0,0,0,0,71,0,0,0
2025-10,2025,N/A,O03020701,MAESTRÍA EN GESTION CULTURAL Y PATR.,Otros,Sin Partner (Propio),Distancia,0,0,0,0,0,0,0,0,0,0,0,0,0,0,71,0,0,0
2025-11,2025,N/A,O03020701,MAESTRÍA EN GESTION CULTURAL Y PATR.,Otros,Sin Partner (Propio),Distancia,0,0,0,0,0,0,0,0,0,0,0,0,0,0,71,0,0,0
2025-12,2025,N/A,O03020701,MAESTRÍA EN GESTION CULTURAL Y PATR.,Otros,Sin Partner (Propio),Distancia,0,0,0,0,0,0,0,0,0,0,0,0,0,0,71,0,0,0
2026-01,2026,N/A,O03020701,MAESTRÍA EN GESTION CULTURAL Y PATR.,Otros,Sin Partner (Propio),Distancia,0,0,0,0,0,0,0,0,0,0,0,0,0,0,71,0,0,0
2026-02,2026,N/A,O03020701,MAESTRÍA EN GESTION CULTURAL Y PATR.,Otros,Sin Partner (Propio),Distancia,0,0,0,0,0,0,0,0,0,0,0,0,0,0,71,0,0,0
2026-03,2026,N/A,O03020701,MAESTRÍA EN GESTION CULTURAL Y PATR.,Otros,Sin Partner (Propio),Distancia,0,0,0,0,0,0,0,0,0,0,0,0,0,0,71,0,0,0
2026-04,2026,N/A,O03020701,MAESTRÍA EN GESTION CULTURAL Y PATR.,Otros,Sin Partner (Propio),Distancia,0,0,0,0,0,0,0,0,0,0,0,0,0,0,71,0,0,0
2026-05,2026,N/A,O03020701,MAESTRÍA EN GESTION CULTURAL Y PATR.,Otros,Sin Partner (Propio),Distancia,0,0,0,0,0,0,0,0,0,0,0,0,0,0,71,0,0,0
2026-06,2026,N/A,O03020701,MAESTRÍA EN GESTION CULTURAL Y PATR.,Otros,Sin Partner (Propio),Distancia,0,0,0,0,0,0,0,0,0,0,0,0,0,0,71,0,0,0
2026-07,2026,N/A,O03020701,MAESTRÍA EN GESTION CULTURAL Y PATR.,Otros,Sin Partner (Propio),Distancia,0,0,0,0,0,0,0,0,0,0,0,0,0,0,71,0,0,0
2019-03,2019,Marzo,O03022901,MAESTRÍA EN GESTION EMP. Y TURISMO,Otros,Sin Partner (Propio),Presencial Regular,0,44,0,0,0,0,0,0,0,0,0,0,0,0,0,0,0,44
2019-04,2019,Abril,O03022901,MAESTRÍA EN GESTION EMP. Y TURISMO,Otros,Sin Partner (Propio),Presencial Regular,0,0,0,0,44,44,0,0,0,0,0,0,0,0,0,44,0,44
2019-05,2019,Mayo,O03022901,MAESTRÍA EN GESTION EMP. Y TURISMO,Otros,Sin Partner (Propio),Presencial Regular,0,1,0,0,43,43,0,0,0,0,1,0,0,0,0,43,0,44
2019-06,2019,Junio,O03022901,MAESTRÍA EN GESTION EMP. Y TURISMO,Otros,Sin Partner (Propio),Presencial Regular,0,0,0,0,39,39,0,0,0,0,5,1,0,0,0,39,0,39
2019-07,2019,N/A,O03022901,MAESTRÍA EN GESTION EMP. Y TURISMO,Otros,Sin Partner (Propio),Presencial Regular,0,0,0,0,0,0,0,0,0,0,39,5,1,0,0,0,0,0
2019-08,2019,Agosto,O03022901,MAESTRÍA EN GESTION EMP. Y TURISMO,Otros,Sin Partner (Propio),Presencial Regular,0,0,0,0,38,0,38,0,0,0,0,1,6,0,0,38,0,38
2019-09,2019,Setiembre,O03022901,MAESTRÍA EN GESTION EMP. Y TURISMO,Otros,Sin Partner (Propio),Presencial Regular,0,0,0,0,38,38,0,0,0,0,0,0,7,0,0,38,0,38
2019-10,2019,Octubre,O03022901,MAESTRÍA EN GESTION EMP. Y TURISMO,Otros,Sin Partner (Propio),Presencial Regular,0,0,0,0,22,22,0,0,0,0,16,0,7,0,0,22,0,22
2019-11,2019,Noviembre,O03022901,MAESTRÍA EN GESTION EMP. Y TURISMO,Otros,Sin Partner (Propio),Presencial Regular,0,0,0,0,22,22,0,0,0,0,0,16,6,1,0,22,0,22
2019-12,2019,N/A,O03022901,MAESTRÍA EN GESTION EMP. Y TURISMO,Otros,Sin Partner (Propio),Presencial Regular,0,0,0,0,0,0,0,0,0,0,22,0,17,6,0,0,0,0
2020-01,2020,N/A,O03022901,MAESTRÍA EN GESTION EMP. Y TURISMO,Otros,Sin Partner (Propio),Presencial Regular,0,0,0,0,0,0,0,0,0,0,0,22,16,7,0,0,0,0
2020-02,2020,N/A,O03022901,MAESTRÍA EN GESTION EMP. Y TURISMO,Otros,Sin Partner (Propio),Presencial Regular,0,0,0,0,0,0,0,0,0,0,0,0,38,7,0,0,0,0
2020-03,2020,Marzo,O03022901,MAESTRÍA EN GESTION EMP. Y TURISMO,Otros,Sin Partner (Propio),Presencial Regular,0,16,0,0,0,0,0,22,3,0,0,0,16,4,0,0,0,41
2020-04,2020,Abril,O03022901,MAESTRÍA EN GESTION EMP. Y TURISMO,Otros,Sin Partner (Propio),Presencial Regular,0,0,0,0,23,23,0,0,0,0,18,0,0,20,0,23,0,23
2020-05,2020,Mayo,O03022901,MAESTRÍA EN GESTION EMP. Y TURISMO,Otros,Sin Partner (Propio),Presencial Regular,0,0,0,0,37,23,14,0,0,0,0,4,0,19,1,37,0,37
2020-06,2020,Junio,O03022901,MAESTRÍA EN GESTION EMP. Y TURISMO,Otros,Sin Partner (Propio),Presencial Regular,0,0,0,0,24,24,0,0,0,0,13,0,4,16,4,24,0,24
2020-07,2020,N/A,O03022901,MAESTRÍA EN GESTION EMP. Y TURISMO,Otros,Sin Partner (Propio),Presencial Regular,0,0,0,0,0,0,0,0,0,0,24,13,4,16,4,0,0,0
2020-08,2020,N/A,O03022901,MAESTRÍA EN GESTION EMP. Y TURISMO,Otros,Sin Partner (Propio),Presencial Regular,0,0,0,0,0,0,0,0,0,0,0,24,17,16,4,0,0,0
2020-09,2020,N/A,O03022901,MAESTRÍA EN GESTION EMP. Y TURISMO,Otros,Sin Partner (Propio),Presencial Regular,0,0,0,0,0,0,0,0,0,0,0,0,41,16,4,0,0,0
2020-10,2020,N/A,O03022901,MAESTRÍA EN GESTION EMP. Y TURISMO,Otros,Sin Partner (Propio),Presencial Regular,0,0,0,0,0,0,0,0,0,0,0,0,37,4,20,0,0,0
2020-11,2020,N/A,O03022901,MAESTRÍA EN GESTION EMP. Y TURISMO,Otros,Sin Partner (Propio),Presencial Regular,0,0,0,0,0,0,0,0,0,0,0,0,37,4,20,0,0,0
2020-12,2020,N/A,O03022901,MAESTRÍA EN GESTION EMP. Y TURISMO,Otros,Sin Partner (Propio),Presencial Regular,0,0,0,0,0,0,0,0,0,0,0,0,24,17,20,0,0,0
2021-01,2021,N/A,O03022901,MAESTRÍA EN GESTION EMP. Y TURISMO,Otros,Sin Partner (Propio),Presencial Regular,0,0,0,0,0,0,0,0,0,0,0,0,0,41,20,0,0,0
2021-02,2021,N/A,O03022901,MAESTRÍA EN GESTION EMP. Y TURISMO,Otros,Sin Partner (Propio),Presencial Regular,0,0,0,0,0,0,0,0,0,0,0,0,0,41,20,0,0,0
2021-03,2021,N/A,O03022901,MAESTRÍA EN GESTION EMP. Y TURISMO,Otros,Sin Partner (Propio),Presencial Regular,0,0,0,0,0,0,0,0,0,0,0,0,0,41,20,0,0,0
2021-04,2021,N/A,O03022901,MAESTRÍA EN GESTION EMP. Y TURISMO,Otros,Sin Partner (Propio),Presencial Regular,0,0,0,0,0,0,0,0,0,0,0,0,0,37,24,0,0,0
2021-05,2021,N/A,O03022901,MAESTRÍA EN GESTION EMP. Y TURISMO,Otros,Sin Partner (Propio),Presencial Regular,0,0,0,0,0,0,0,0,0,0,0,0,0,37,24,0,0,0
2021-06,2021,N/A,O03022901,MAESTRÍA EN GESTION EMP. Y TURISMO,Otros,Sin Partner (Propio),Presencial Regular,0,0,0,0,0,0,0,0,0,0,0,0,0,24,37,0,0,0
2021-07,2021,N/A,O03022901,MAESTRÍA EN GESTION EMP. Y TURISMO,Otros,Sin Partner (Propio),Presencial Regular,0,0,0,0,0,0,0,0,0,0,0,0,0,0,61,0,0,0
2021-08,2021,N/A,O03022901,MAESTRÍA EN GESTION EMP. Y TURISMO,Otros,Sin Partner (Propio),Presencial Regular,0,0,0,0,0,0,0,0,0,0,0,0,0,0,61,0,0,0
2021-09,2021,N/A,O03022901,MAESTRÍA EN GESTION EMP. Y TURISMO,Otros,Sin Partner (Propio),Presencial Regular,0,0,0,0,0,0,0,0,0,0,0,0,0,0,61,0,0,0
2021-10,2021,N/A,O03022901,MAESTRÍA EN GESTION EMP. Y TURISMO,Otros,Sin Partner (Propio),Presencial Regular,0,0,0,0,0,0,0,0,0,0,0,0,0,0,61,0,0,0
2021-11,2021,N/A,O03022901,MAESTRÍA EN GESTION EMP. Y TURISMO,Otros,Sin Partner (Propio),Presencial Regular,0,0,0,0,0,0,0,0,0,0,0,0,0,0,61,0,0,0
2021-12,2021,N/A,O03022901,MAESTRÍA EN GESTION EMP. Y TURISMO,Otros,Sin Partner (Propio),Presencial Regular,0,0,0,0,0,0,0,0,0,0,0,0,0,0,61,0,0,0
2022-01,2022,N/A,O03022901,MAESTRÍA EN GESTION EMP. Y TURISMO,Otros,Sin Partner (Propio),Presencial Regular,0,0,0,0,0,0,0,0,0,0,0,0,0,0,61,0,0,0
2022-02,2022,N/A,O03022901,MAESTRÍA EN GESTION EMP. Y TURISMO,Otros,Sin Partner (Propio),Presencial Regular,0,0,0,0,0,0,0,0,0,0,0,0,0,0,61,0,0,0
2022-03,2022,N/A,O03022901,MAESTRÍA EN GESTION EMP. Y TURISMO,Otros,Sin Partner (Propio),Presencial Regular,0,0,0,0,0,0,0,0,0,0,0,0,0,0,61,0,0,0
2022-04,2022,N/A,O03022901,MAESTRÍA EN GESTION EMP. Y TURISMO,Otros,Sin Partner (Propio),Presencial Regular,0,0,0,0,0,0,0,0,0,0,0,0,0,0,61,0,0,0
2022-05,2022,N/A,O03022901,MAESTRÍA EN GESTION EMP. Y TURISMO,Otros,Sin Partner (Propio),Presencial Regular,0,0,0,0,0,0,0,0,0,0,0,0,0,0,61,0,0,0
2022-06,2022,N/A,O03022901,MAESTRÍA EN GESTION EMP. Y TURISMO,Otros,Sin Partner (Propio),Presencial Regular,0,0,0,0,0,0,0,0,0,0,0,0,0,0,61,0,0,0
2022-07,2022,N/A,O03022901,MAESTRÍA EN GESTION EMP. Y TURISMO,Otros,Sin Partner (Propio),Presencial Regular,0,0,0,0,0,0,0,0,0,0,0,0,0,0,61,0,0,0
2022-08,2022,N/A,O03022901,MAESTRÍA EN GESTION EMP. Y TURISMO,Otros,Sin Partner (Propio),Presencial Regular,0,0,0,0,0,0,0,0,0,0,0,0,0,0,61,0,0,0
2022-09,2022,N/A,O03022901,MAESTRÍA EN GESTION EMP. Y TURISMO,Otros,Sin Partner (Propio),Presencial Regular,0,0,0,0,0,0,0,0,0,0,0,0,0,0,61,0,0,0
2022-10,2022,N/A,O03022901,MAESTRÍA EN GESTION EMP. Y TURISMO,Otros,Sin Partner (Propio),Presencial Regular,0,0,0,0,0,0,0,0,0,0,0,0,0,0,61,0,0,0
2022-11,2022,N/A,O03022901,MAESTRÍA EN GESTION EMP. Y TURISMO,Otros,Sin Partner (Propio),Presencial Regular,0,0,0,0,0,0,0,0,0,0,0,0,0,0,61,0,0,0
2022-12,2022,N/A,O03022901,MAESTRÍA EN GESTION EMP. Y TURISMO,Otros,Sin Partner (Propio),Presencial Regular,0,0,0,0,0,0,0,0,0,0,0,0,0,0,61,0,0,0
2023-01,2023,N/A,O03022901,MAESTRÍA EN GESTION EMP. Y TURISMO,Otros,Sin Partner (Propio),Presencial Regular,0,0,0,0,0,0,0,0,0,0,0,0,0,0,61,0,0,0
2023-02,2023,N/A,O03022901,MAESTRÍA EN GESTION EMP. Y TURISMO,Otros,Sin Partner (Propio),Presencial Regular,0,0,0,0,0,0,0,0,0,0,0,0,0,0,61,0,0,0
2023-03,2023,N/A,O03022901,MAESTRÍA EN GESTION EMP. Y TURISMO,Otros,Sin Partner (Propio),Presencial Regular,0,0,0,0,0,0,0,0,0,0,0,0,0,0,61,0,0,0
2023-04,2023,N/A,O03022901,MAESTRÍA EN GESTION EMP. Y TURISMO,Otros,Sin Partner (Propio),Presencial Regular,0,0,0,0,0,0,0,0,0,0,0,0,0,0,61,0,0,0
2023-05,2023,N/A,O03022901,MAESTRÍA EN GESTION EMP. Y TURISMO,Otros,Sin Partner (Propio),Presencial Regular,0,0,0,0,0,0,0,0,0,0,0,0,0,0,61,0,0,0
2023-06,2023,N/A,O03022901,MAESTRÍA EN GESTION EMP. Y TURISMO,Otros,Sin Partner (Propio),Presencial Regular,0,0,0,0,0,0,0,0,0,0,0,0,0,0,61,0,0,0
2023-07,2023,N/A,O03022901,MAESTRÍA EN GESTION EMP. Y TURISMO,Otros,Sin Partner (Propio),Presencial Regular,0,0,0,0,0,0,0,0,0,0,0,0,0,0,61,0,0,0
2023-08,2023,N/A,O03022901,MAESTRÍA EN GESTION EMP. Y TURISMO,Otros,Sin Partner (Propio),Presencial Regular,0,0,0,0,0,0,0,0,0,0,0,0,0,0,61,0,0,0
2023-09,2023,N/A,O03022901,MAESTRÍA EN GESTION EMP. Y TURISMO,Otros,Sin Partner (Propio),Presencial Regular,0,0,0,0,0,0,0,0,0,0,0,0,0,0,61,0,0,0
2023-10,2023,N/A,O03022901,MAESTRÍA EN GESTION EMP. Y TURISMO,Otros,Sin Partner (Propio),Presencial Regular,0,0,0,0,0,0,0,0,0,0,0,0,0,0,61,0,0,0
2023-11,2023,N/A,O03022901,MAESTRÍA EN GESTION EMP. Y TURISMO,Otros,Sin Partner (Propio),Presencial Regular,0,0,0,0,0,0,0,0,0,0,0,0,0,0,61,0,0,0
2023-12,2023,N/A,O03022901,MAESTRÍA EN GESTION EMP. Y TURISMO,Otros,Sin Partner (Propio),Presencial Regular,0,0,0,0,0,0,0,0,0,0,0,0,0,0,61,0,0,0
2024-01,2024,N/A,O03022901,MAESTRÍA EN GESTION EMP. Y TURISMO,Otros,Sin Partner (Propio),Presencial Regular,0,0,0,0,0,0,0,0,0,0,0,0,0,0,61,0,0,0
2024-02,2024,N/A,O03022901,MAESTRÍA EN GESTION EMP. Y TURISMO,Otros,Sin Partner (Propio),Presencial Regular,0,0,0,0,0,0,0,0,0,0,0,0,0,0,61,0,0,0
2024-03,2024,N/A,O03022901,MAESTRÍA EN GESTION EMP. Y TURISMO,Otros,Sin Partner (Propio),Presencial Regular,0,0,0,0,0,0,0,0,0,0,0,0,0,0,61,0,0,0
2024-04,2024,N/A,O03022901,MAESTRÍA EN GESTION EMP. Y TURISMO,Otros,Sin Partner (Propio),Presencial Regular,0,0,0,0,0,0,0,0,0,0,0,0,0,0,61,0,0,0
2024-05,2024,N/A,O03022901,MAESTRÍA EN GESTION EMP. Y TURISMO,Otros,Sin Partner (Propio),Presencial Regular,0,0,0,0,0,0,0,0,0,0,0,0,0,0,61,0,0,0
2024-06,2024,N/A,O03022901,MAESTRÍA EN GESTION EMP. Y TURISMO,Otros,Sin Partner (Propio),Presencial Regular,0,0,0,0,0,0,0,0,0,0,0,0,0,0,61,0,0,0
2024-07,2024,N/A,O03022901,MAESTRÍA EN GESTION EMP. Y TURISMO,Otros,Sin Partner (Propio),Presencial Regular,0,0,0,0,0,0,0,0,0,0,0,0,0,0,61,0,0,0
2024-08,2024,N/A,O03022901,MAESTRÍA EN GESTION EMP. Y TURISMO,Otros,Sin Partner (Propio),Presencial Regular,0,0,0,0,0,0,0,0,0,0,0,0,0,0,61,0,0,0
2024-09,2024,N/A,O03022901,MAESTRÍA EN GESTION EMP. Y TURISMO,Otros,Sin Partner (Propio),Presencial Regular,0,0,0,0,0,0,0,0,0,0,0,0,0,0,61,0,0,0
2024-10,2024,N/A,O03022901,MAESTRÍA EN GESTION EMP. Y TURISMO,Otros,Sin Partner (Propio),Presencial Regular,0,0,0,0,0,0,0,0,0,0,0,0,0,0,61,0,0,0
2024-11,2024,N/A,O03022901,MAESTRÍA EN GESTION EMP. Y TURISMO,Otros,Sin Partner (Propio),Presencial Regular,0,0,0,0,0,0,0,0,0,0,0,0,0,0,61,0,0,0
2024-12,2024,N/A,O03022901,MAESTRÍA EN GESTION EMP. Y TURISMO,Otros,Sin Partner (Propio),Presencial Regular,0,0,0,0,0,0,0,0,0,0,0,0,0,0,61,0,0,0
2025-01,2025,N/A,O03022901,MAESTRÍA EN GESTION EMP. Y TURISMO,Otros,Sin Partner (Propio),Presencial Regular,0,0,0,0,0,0,0,0,0,0,0,0,0,0,61,0,0,0
2025-02,2025,N/A,O03022901,MAESTRÍA EN GESTION EMP. Y TURISMO,Otros,Sin Partner (Propio),Presencial Regular,0,0,0,0,0,0,0,0,0,0,0,0,0,0,61,0,0,0
2025-03,2025,N/A,O03022901,MAESTRÍA EN GESTION EMP. Y TURISMO,Otros,Sin Partner (Propio),Presencial Regular,0,0,0,0,0,0,0,0,0,0,0,0,0,0,61,0,0,0
2025-04,2025,N/A,O03022901,MAESTRÍA EN GESTION EMP. Y TURISMO,Otros,Sin Partner (Propio),Presencial Regular,0,0,0,0,0,0,0,0,0,0,0,0,0,0,61,0,0,0
2025-05,2025,N/A,O03022901,MAESTRÍA EN GESTION EMP. Y TURISMO,Otros,Sin Partner (Propio),Presencial Regular,0,0,0,0,0,0,0,0,0,0,0,0,0,0,61,0,0,0
2025-06,2025,N/A,O03022901,MAESTRÍA EN GESTION EMP. Y TURISMO,Otros,Sin Partner (Propio),Presencial Regular,0,0,0,0,0,0,0,0,0,0,0,0,0,0,61,0,0,0
2025-07,2025,N/A,O03022901,MAESTRÍA EN GESTION EMP. Y TURISMO,Otros,Sin Partner (Propio),Presencial Regular,0,0,0,0,0,0,0,0,0,0,0,0,0,0,61,0,0,0
2025-08,2025,N/A,O03022901,MAESTRÍA EN GESTION EMP. Y TURISMO,Otros,Sin Partner (Propio),Presencial Regular,0,0,0,0,0,0,0,0,0,0,0,0,0,0,61,0,0,0
2025-09,2025,N/A,O03022901,MAESTRÍA EN GESTION EMP. Y TURISMO,Otros,Sin Partner (Propio),Presencial Regular,0,0,0,0,0,0,0,0,0,0,0,0,0,0,61,0,0,0
2025-10,2025,N/A,O03022901,MAESTRÍA EN GESTION EMP. Y TURISMO,Otros,Sin Partner (Propio),Presencial Regular,0,0,0,0,0,0,0,0,0,0,0,0,0,0,61,0,0,0
2025-11,2025,N/A,O03022901,MAESTRÍA EN GESTION EMP. Y TURISMO,Otros,Sin Partner (Propio),Presencial Regular,0,0,0,0,0,0,0,0,0,0,0,0,0,0,61,0,0,0
2025-12,2025,N/A,O03022901,MAESTRÍA EN GESTION EMP. Y TURISMO,Otros,Sin Partner (Propio),Presencial Regular,0,0,0,0,0,0,0,0,0,0,0,0,0,0,61,0,0,0
2026-01,2026,N/A,O03022901,MAESTRÍA EN GESTION EMP. Y TURISMO,Otros,Sin Partner (Propio),Presencial Regular,0,0,0,0,0,0,0,0,0,0,0,0,0,0,61,0,0,0
2026-02,2026,N/A,O03022901,MAESTRÍA EN GESTION EMP. Y TURISMO,Otros,Sin Partner (Propio),Presencial Regular,0,0,0,0,0,0,0,0,0,0,0,0,0,0,61,0,0,0
2026-03,2026,N/A,O03022901,MAESTRÍA EN GESTION EMP. Y TURISMO,Otros,Sin Partner (Propio),Presencial Regular,0,0,0,0,0,0,0,0,0,0,0,0,0,0,61,0,0,0
2026-04,2026,N/A,O03022901,MAESTRÍA EN GESTION EMP. Y TURISMO,Otros,Sin Partner (Propio),Presencial Regular,0,0,0,0,0,0,0,0,0,0,0,0,0,0,61,0,0,0
2026-05,2026,N/A,O03022901,MAESTRÍA EN GESTION EMP. Y TURISMO,Otros,Sin Partner (Propio),Presencial Regular,0,0,0,0,0,0,0,0,0,0,0,0,0,0,61,0,0,0
2026-06,2026,N/A,O03022901,MAESTRÍA EN GESTION EMP. Y TURISMO,Otros,Sin Partner (Propio),Presencial Regular,0,0,0,0,0,0,0,0,0,0,0,0,0,0,61,0,0,0
2026-07,2026,N/A,O03022901,MAESTRÍA EN GESTION EMP. Y TURISMO,Otros,Sin Partner (Propio),Presencial Regular,0,0,0,0,0,0,0,0,0,0,0,0,0,0,61,0,0,0
2019-03,2019,Marzo,O03030801,MAESTRÍA EN PSICOLOGÍA,Otros,Sin Partner (Propio),Presencial Regular,0,20,0,0,0,0,0,0,0,0,0,0,0,0,0,0,0,20
2019-04,2019,Abril,O03030801,MAESTRÍA EN PSICOLOGÍA,Otros,Sin Partner (Propio),Presencial Regular,0,4,0,0,12,12,0,0,0,0,8,0,0,0,0,12,0,16
2019-05,2019,Mayo,O03030801,MAESTRÍA EN PSICOLOGÍA,Otros,Sin Partner (Propio),Presencial Regular,0,0,0,0,15,15,0,0,0,0,1,8,0,0,0,15,0,15
2019-06,2019,Junio,O03030801,MAESTRÍA EN PSICOLOGÍA,Otros,Sin Partner (Propio),Presencial Regular,0,0,0,0,13,13,0,1,0,0,2,1,7,0,0,13,0,14
2019-07,2019,N/A,O03030801,MAESTRÍA EN PSICOLOGÍA,Otros,Sin Partner (Propio),Presencial Regular,0,0,0,0,0,0,0,0,0,0,14,2,8,0,0,0,0,0
2019-08,2019,Agosto,O03030801,MAESTRÍA EN PSICOLOGÍA,Otros,Sin Partner (Propio),Presencial Regular,0,17,0,0,11,0,11,3,0,0,0,3,7,0,0,11,0,31
2019-09,2019,Setiembre,O03030801,MAESTRÍA EN PSICOLOGÍA,Otros,Sin Partner (Propio),Presencial Regular,0,0,0,0,20,20,0,0,0,0,11,0,10,0,0,20,0,20
2019-10,2019,Octubre,O03030801,MAESTRÍA EN PSICOLOGÍA,Otros,Sin Partner (Propio),Presencial Regular,0,0,0,0,20,19,1,2,0,0,1,10,4,4,0,20,0,22
2019-11,2019,Noviembre,O03030801,MAESTRÍA EN PSICOLOGÍA,Otros,Sin Partner (Propio),Presencial Regular,0,0,0,0,19,18,1,0,0,0,4,0,13,5,0,19,0,19
2019-12,2019,N/A,O03030801,MAESTRÍA EN PSICOLOGÍA,Otros,Sin Partner (Propio),Presencial Regular,0,0,0,0,0,0,0,0,0,0,19,4,11,7,0,0,0,0
2020-01,2020,N/A,O03030801,MAESTRÍA EN PSICOLOGÍA,Otros,Sin Partner (Propio),Presencial Regular,0,0,0,0,0,0,0,0,0,0,0,19,14,8,0,0,0,0
2020-02,2020,N/A,O03030801,MAESTRÍA EN PSICOLOGÍA,Otros,Sin Partner (Propio),Presencial Regular,0,0,0,0,0,0,0,0,0,0,0,0,33,8,0,0,0,0
2020-03,2020,Marzo,O03030801,MAESTRÍA EN PSICOLOGÍA,Otros,Sin Partner (Propio),Presencial Regular,0,11,0,0,0,0,0,16,0,0,0,0,7,18,0,0,0,27
2020-04,2020,Abril,O03030801,MAESTRÍA EN PSICOLOGÍA,Otros,Sin Partner (Propio),Presencial Regular,0,1,0,0,27,27,0,0,0,0,0,0,7,14,4,27,0,28
2020-05,2020,Mayo,O03030801,MAESTRÍA EN PSICOLOGÍA,Otros,Sin Partner (Propio),Presencial Regular,0,0,0,0,28,28,0,0,0,0,0,0,3,17,5,28,0,28
2020-06,2020,Junio,O03030801,MAESTRÍA EN PSICOLOGÍA,Otros,Sin Partner (Propio),Presencial Regular,0,0,0,0,26,26,0,0,0,0,2,0,0,18,7,26,0,26
2020-07,2020,N/A,O03030801,MAESTRÍA EN PSICOLOGÍA,Otros,Sin Partner (Propio),Presencial Regular,0,0,0,0,0,0,0,0,0,0,26,2,0,17,8,0,0,0
2020-08,2020,N/A,O03030801,MAESTRÍA EN PSICOLOGÍA,Otros,Sin Partner (Propio),Presencial Regular,0,0,0,0,0,0,0,0,0,0,0,26,2,17,8,0,0,0
2020-09,2020,N/A,O03030801,MAESTRÍA EN PSICOLOGÍA,Otros,Sin Partner (Propio),Presencial Regular,0,0,0,0,0,0,0,0,0,0,0,0,28,7,18,0,0,0
2020-10,2020,N/A,O03030801,MAESTRÍA EN PSICOLOGÍA,Otros,Sin Partner (Propio),Presencial Regular,0,0,0,0,0,0,0,0,0,0,0,0,28,7,18,0,0,0
2020-11,2020,N/A,O03030801,MAESTRÍA EN PSICOLOGÍA,Otros,Sin Partner (Propio),Presencial Regular,0,0,0,0,0,0,0,0,0,0,0,0,28,3,22,0,0,0
2020-12,2020,N/A,O03030801,MAESTRÍA EN PSICOLOGÍA,Otros,Sin Partner (Propio),Presencial Regular,0,0,0,0,0,0,0,0,0,0,0,0,26,2,25,0,0,0
2021-01,2021,N/A,O03030801,MAESTRÍA EN PSICOLOGÍA,Otros,Sin Partner (Propio),Presencial Regular,0,0,0,0,0,0,0,0,0,0,0,0,0,28,25,0,0,0
2021-02,2021,N/A,O03030801,MAESTRÍA EN PSICOLOGÍA,Otros,Sin Partner (Propio),Presencial Regular,0,0,0,0,0,0,0,0,0,0,0,0,0,28,25,0,0,0
2021-03,2021,N/A,O03030801,MAESTRÍA EN PSICOLOGÍA,Otros,Sin Partner (Propio),Presencial Regular,0,0,0,0,0,0,0,0,0,0,0,0,0,28,25,0,0,0
2021-04,2021,N/A,O03030801,MAESTRÍA EN PSICOLOGÍA,Otros,Sin Partner (Propio),Presencial Regular,0,0,0,0,0,0,0,0,0,0,0,0,0,28,25,0,0,0
2021-05,2021,N/A,O03030801,MAESTRÍA EN PSICOLOGÍA,Otros,Sin Partner (Propio),Presencial Regular,0,0,0,0,0,0,0,0,0,0,0,0,0,28,25,0,0,0
2021-06,2021,N/A,O03030801,MAESTRÍA EN PSICOLOGÍA,Otros,Sin Partner (Propio),Presencial Regular,0,0,0,0,0,0,0,0,0,0,0,0,0,26,27,0,0,0
2021-07,2021,N/A,O03030801,MAESTRÍA EN PSICOLOGÍA,Otros,Sin Partner (Propio),Presencial Regular,0,0,0,0,0,0,0,0,0,0,0,0,0,0,53,0,0,0
2021-08,2021,N/A,O03030801,MAESTRÍA EN PSICOLOGÍA,Otros,Sin Partner (Propio),Presencial Regular,0,0,0,0,0,0,0,0,0,0,0,0,0,0,53,0,0,0
2021-09,2021,N/A,O03030801,MAESTRÍA EN PSICOLOGÍA,Otros,Sin Partner (Propio),Presencial Regular,0,0,0,0,0,0,0,0,0,0,0,0,0,0,53,0,0,0
2021-10,2021,N/A,O03030801,MAESTRÍA EN PSICOLOGÍA,Otros,Sin Partner (Propio),Presencial Regular,0,0,0,0,0,0,0,0,0,0,0,0,0,0,53,0,0,0
2021-11,2021,N/A,O03030801,MAESTRÍA EN PSICOLOGÍA,Otros,Sin Partner (Propio),Presencial Regular,0,0,0,0,0,0,0,0,0,0,0,0,0,0,53,0,0,0
2021-12,2021,N/A,O03030801,MAESTRÍA EN PSICOLOGÍA,Otros,Sin Partner (Propio),Presencial Regular,0,0,0,0,0,0,0,0,0,0,0,0,0,0,53,0,0,0
2022-01,2022,N/A,O03030801,MAESTRÍA EN PSICOLOGÍA,Otros,Sin Partner (Propio),Presencial Regular,0,0,0,0,0,0,0,0,0,0,0,0,0,0,53,0,0,0
2022-02,2022,N/A,O03030801,MAESTRÍA EN PSICOLOGÍA,Otros,Sin Partner (Propio),Presencial Regular,0,0,0,0,0,0,0,0,0,0,0,0,0,0,53,0,0,0
2022-03,2022,N/A,O03030801,MAESTRÍA EN PSICOLOGÍA,Otros,Sin Partner (Propio),Presencial Regular,0,0,0,0,0,0,0,0,0,0,0,0,0,0,53,0,0,0
2022-04,2022,N/A,O03030801,MAESTRÍA EN PSICOLOGÍA,Otros,Sin Partner (Propio),Presencial Regular,0,0,0,0,0,0,0,0,0,0,0,0,0,0,53,0,0,0
2022-05,2022,N/A,O03030801,MAESTRÍA EN PSICOLOGÍA,Otros,Sin Partner (Propio),Presencial Regular,0,0,0,0,0,0,0,0,0,0,0,0,0,0,53,0,0,0
2022-06,2022,N/A,O03030801,MAESTRÍA EN PSICOLOGÍA,Otros,Sin Partner (Propio),Presencial Regular,0,0,0,0,0,0,0,0,0,0,0,0,0,0,53,0,0,0
2022-07,2022,N/A,O03030801,MAESTRÍA EN PSICOLOGÍA,Otros,Sin Partner (Propio),Presencial Regular,0,0,0,0,0,0,0,0,0,0,0,0,0,0,53,0,0,0
2022-08,2022,N/A,O03030801,MAESTRÍA EN PSICOLOGÍA,Otros,Sin Partner (Propio),Presencial Regular,0,0,0,0,0,0,0,0,0,0,0,0,0,0,53,0,0,0
2022-09,2022,N/A,O03030801,MAESTRÍA EN PSICOLOGÍA,Otros,Sin Partner (Propio),Presencial Regular,0,0,0,0,0,0,0,0,0,0,0,0,0,0,53,0,0,0
2022-10,2022,N/A,O03030801,MAESTRÍA EN PSICOLOGÍA,Otros,Sin Partner (Propio),Presencial Regular,0,0,0,0,0,0,0,0,0,0,0,0,0,0,53,0,0,0
2022-11,2022,N/A,O03030801,MAESTRÍA EN PSICOLOGÍA,Otros,Sin Partner (Propio),Presencial Regular,0,0,0,0,0,0,0,0,0,0,0,0,0,0,53,0,0,0
2022-12,2022,N/A,O03030801,MAESTRÍA EN PSICOLOGÍA,Otros,Sin Partner (Propio),Presencial Regular,0,0,0,0,0,0,0,0,0,0,0,0,0,0,53,0,0,0
2023-01,2023,N/A,O03030801,MAESTRÍA EN PSICOLOGÍA,Otros,Sin Partner (Propio),Presencial Regular,0,0,0,0,0,0,0,0,0,0,0,0,0,0,53,0,0,0
2023-02,2023,N/A,O03030801,MAESTRÍA EN PSICOLOGÍA,Otros,Sin Partner (Propio),Presencial Regular,0,0,0,0,0,0,0,0,0,0,0,0,0,0,53,0,0,0
2023-03,2023,N/A,O03030801,MAESTRÍA EN PSICOLOGÍA,Otros,Sin Partner (Propio),Presencial Regular,0,0,0,0,0,0,0,0,0,0,0,0,0,0,53,0,0,0
2023-04,2023,N/A,O03030801,MAESTRÍA EN PSICOLOGÍA,Otros,Sin Partner (Propio),Presencial Regular,0,0,0,0,0,0,0,0,0,0,0,0,0,0,53,0,0,0
2023-05,2023,N/A,O03030801,MAESTRÍA EN PSICOLOGÍA,Otros,Sin Partner (Propio),Presencial Regular,0,0,0,0,0,0,0,0,0,0,0,0,0,0,53,0,0,0
2023-06,2023,N/A,O03030801,MAESTRÍA EN PSICOLOGÍA,Otros,Sin Partner (Propio),Presencial Regular,0,0,0,0,0,0,0,0,0,0,0,0,0,0,53,0,0,0
2023-07,2023,N/A,O03030801,MAESTRÍA EN PSICOLOGÍA,Otros,Sin Partner (Propio),Presencial Regular,0,0,0,0,0,0,0,0,0,0,0,0,0,0,53,0,0,0
2023-08,2023,N/A,O03030801,MAESTRÍA EN PSICOLOGÍA,Otros,Sin Partner (Propio),Presencial Regular,0,0,0,0,0,0,0,0,0,0,0,0,0,0,53,0,0,0
2023-09,2023,N/A,O03030801,MAESTRÍA EN PSICOLOGÍA,Otros,Sin Partner (Propio),Presencial Regular,0,0,0,0,0,0,0,0,0,0,0,0,0,0,53,0,0,0
2023-10,2023,N/A,O03030801,MAESTRÍA EN PSICOLOGÍA,Otros,Sin Partner (Propio),Presencial Regular,0,0,0,0,0,0,0,0,0,0,0,0,0,0,53,0,0,0
2023-11,2023,N/A,O03030801,MAESTRÍA EN PSICOLOGÍA,Otros,Sin Partner (Propio),Presencial Regular,0,0,0,0,0,0,0,0,0,0,0,0,0,0,53,0,0,0
2023-12,2023,N/A,O03030801,MAESTRÍA EN PSICOLOGÍA,Otros,Sin Partner (Propio),Presencial Regular,0,0,0,0,0,0,0,0,0,0,0,0,0,0,53,0,0,0
2024-01,2024,N/A,O03030801,MAESTRÍA EN PSICOLOGÍA,Otros,Sin Partner (Propio),Presencial Regular,0,0,0,0,0,0,0,0,0,0,0,0,0,0,53,0,0,0
2024-02,2024,N/A,O03030801,MAESTRÍA EN PSICOLOGÍA,Otros,Sin Partner (Propio),Presencial Regular,0,0,0,0,0,0,0,0,0,0,0,0,0,0,53,0,0,0
2024-03,2024,N/A,O03030801,MAESTRÍA EN PSICOLOGÍA,Otros,Sin Partner (Propio),Presencial Regular,0,0,0,0,0,0,0,0,0,0,0,0,0,0,53,0,0,0
2024-04,2024,N/A,O03030801,MAESTRÍA EN PSICOLOGÍA,Otros,Sin Partner (Propio),Presencial Regular,0,0,0,0,0,0,0,0,0,0,0,0,0,0,53,0,0,0
2024-05,2024,N/A,O03030801,MAESTRÍA EN PSICOLOGÍA,Otros,Sin Partner (Propio),Presencial Regular,0,0,0,0,0,0,0,0,0,0,0,0,0,0,53,0,0,0
2024-06,2024,N/A,O03030801,MAESTRÍA EN PSICOLOGÍA,Otros,Sin Partner (Propio),Presencial Regular,0,0,0,0,0,0,0,0,0,0,0,0,0,0,53,0,0,0
2024-07,2024,N/A,O03030801,MAESTRÍA EN PSICOLOGÍA,Otros,Sin Partner (Propio),Presencial Regular,0,0,0,0,0,0,0,0,0,0,0,0,0,0,53,0,0,0
2024-08,2024,N/A,O03030801,MAESTRÍA EN PSICOLOGÍA,Otros,Sin Partner (Propio),Presencial Regular,0,0,0,0,0,0,0,0,0,0,0,0,0,0,53,0,0,0
2024-09,2024,N/A,O03030801,MAESTRÍA EN PSICOLOGÍA,Otros,Sin Partner (Propio),Presencial Regular,0,0,0,0,0,0,0,0,0,0,0,0,0,0,53,0,0,0
2024-10,2024,N/A,O03030801,MAESTRÍA EN PSICOLOGÍA,Otros,Sin Partner (Propio),Presencial Regular,0,0,0,0,0,0,0,0,0,0,0,0,0,0,53,0,0,0
2024-11,2024,N/A,O03030801,MAESTRÍA EN PSICOLOGÍA,Otros,Sin Partner (Propio),Presencial Regular,0,0,0,0,0,0,0,0,0,0,0,0,0,0,53,0,0,0
2024-12,2024,N/A,O03030801,MAESTRÍA EN PSICOLOGÍA,Otros,Sin Partner (Propio),Presencial Regular,0,0,0,0,0,0,0,0,0,0,0,0,0,0,53,0,0,0
2025-01,2025,N/A,O03030801,MAESTRÍA EN PSICOLOGÍA,Otros,Sin Partner (Propio),Presencial Regular,0,0,0,0,0,0,0,0,0,0,0,0,0,0,53,0,0,0
2025-02,2025,N/A,O03030801,MAESTRÍA EN PSICOLOGÍA,Otros,Sin Partner (Propio),Presencial Regular,0,0,0,0,0,0,0,0,0,0,0,0,0,0,53,0,0,0
2025-03,2025,N/A,O03030801,MAESTRÍA EN PSICOLOGÍA,Otros,Sin Partner (Propio),Presencial Regular,0,0,0,0,0,0,0,0,0,0,0,0,0,0,53,0,0,0
2025-04,2025,N/A,O03030801,MAESTRÍA EN PSICOLOGÍA,Otros,Sin Partner (Propio),Presencial Regular,0,0,0,0,0,0,0,0,0,0,0,0,0,0,53,0,0,0
2025-05,2025,N/A,O03030801,MAESTRÍA EN PSICOLOGÍA,Otros,Sin Partner (Propio),Presencial Regular,0,0,0,0,0,0,0,0,0,0,0,0,0,0,53,0,0,0
2025-06,2025,N/A,O03030801,MAESTRÍA EN PSICOLOGÍA,Otros,Sin Partner (Propio),Presencial Regular,0,0,0,0,0,0,0,0,0,0,0,0,0,0,53,0,0,0
2025-07,2025,N/A,O03030801,MAESTRÍA EN PSICOLOGÍA,Otros,Sin Partner (Propio),Presencial Regular,0,0,0,0,0,0,0,0,0,0,0,0,0,0,53,0,0,0
2025-08,2025,N/A,O03030801,MAESTRÍA EN PSICOLOGÍA,Otros,Sin Partner (Propio),Presencial Regular,0,0,0,0,0,0,0,0,0,0,0,0,0,0,53,0,0,0
2025-09,2025,N/A,O03030801,MAESTRÍA EN PSICOLOGÍA,Otros,Sin Partner (Propio),Presencial Regular,0,0,0,0,0,0,0,0,0,0,0,0,0,0,53,0,0,0
2025-10,2025,N/A,O03030801,MAESTRÍA EN PSICOLOGÍA,Otros,Sin Partner (Propio),Presencial Regular,0,0,0,0,0,0,0,0,0,0,0,0,0,0,53,0,0,0
2025-11,2025,N/A,O03030801,MAESTRÍA EN PSICOLOGÍA,Otros,Sin Partner (Propio),Presencial Regular,0,0,0,0,0,0,0,0,0,0,0,0,0,0,53,0,0,0
2025-12,2025,N/A,O03030801,MAESTRÍA EN PSICOLOGÍA,Otros,Sin Partner (Propio),Presencial Regular,0,0,0,0,0,0,0,0,0,0,0,0,0,0,53,0,0,0
2026-01,2026,N/A,O03030801,MAESTRÍA EN PSICOLOGÍA,Otros,Sin Partner (Propio),Presencial Regular,0,0,0,0,0,0,0,0,0,0,0,0,0,0,53,0,0,0
2026-02,2026,N/A,O03030801,MAESTRÍA EN PSICOLOGÍA,Otros,Sin Partner (Propio),Presencial Regular,0,0,0,0,0,0,0,0,0,0,0,0,0,0,53,0,0,0
2026-03,2026,N/A,O03030801,MAESTRÍA EN PSICOLOGÍA,Otros,Sin Partner (Propio),Presencial Regular,0,0,0,0,0,0,0,0,0,0,0,0,0,0,53,0,0,0
2026-04,2026,N/A,O03030801,MAESTRÍA EN PSICOLOGÍA,Otros,Sin Partner (Propio),Presencial Regular,0,0,0,0,0,0,0,0,0,0,0,0,0,0,53,0,0,0
2026-05,2026,N/A,O03030801,MAESTRÍA EN PSICOLOGÍA,Otros,Sin Partner (Propio),Presencial Regular,0,0,0,0,0,0,0,0,0,0,0,0,0,0,53,0,0,0
2026-06,2026,N/A,O03030801,MAESTRÍA EN PSICOLOGÍA,Otros,Sin Partner (Propio),Presencial Regular,0,0,0,0,0,0,0,0,0,0,0,0,0,0,53,0,0,0
2026-07,2026,N/A,O03030801,MAESTRÍA EN PSICOLOGÍA,Otros,Sin Partner (Propio),Presencial Regular,0,0,0,0,0,0,0,0,0,0,0,0,0,0,53,0,0,0
2019-03,2019,Marzo,O06016602,MAESTRIA EN ENSEÑANZA DEL DERECHO,Otros,Sin Partner (Propio),Presencial Regular,0,12,0,0,0,0,0,0,0,0,0,0,0,0,0,0,0,12
2019-04,2019,Abril,O06016602,MAESTRIA EN ENSEÑANZA DEL DERECHO,Otros,Sin Partner (Propio),Presencial Regular,0,0,0,0,11,11,0,0,0,0,1,0,0,0,0,11,0,11
2019-05,2019,Mayo,O06016602,MAESTRIA EN ENSEÑANZA DEL DERECHO,Otros,Sin Partner (Propio),Presencial Regular,0,0,0,0,11,11,0,0,0,0,0,1,0,0,0,11,0,11
2019-06,2019,N/A,O06016602,MAESTRIA EN ENSEÑANZA DEL DERECHO,Otros,Sin Partner (Propio),Presencial Regular,0,0,0,0,0,0,0,0,0,0,11,0,1,0,0,0,0,0
2019-07,2019,N/A,O06016602,MAESTRIA EN ENSEÑANZA DEL DERECHO,Otros,Sin Partner (Propio),Presencial Regular,0,0,0,0,0,0,0,0,0,0,0,11,1,0,0,0,0,0
2019-08,2019,Agosto,O06016602,MAESTRIA EN ENSEÑANZA DEL DERECHO,Otros,Sin Partner (Propio),Presencial Regular,0,0,0,0,0,0,0,11,0,0,0,0,1,0,0,0,0,11
2019-09,2019,N/A,O06016602,MAESTRIA EN ENSEÑANZA DEL DERECHO,Otros,Sin Partner (Propio),Presencial Regular,0,0,0,0,0,0,0,0,0,0,11,0,1,0,0,0,0,0
2019-10,2019,N/A,O06016602,MAESTRIA EN ENSEÑANZA DEL DERECHO,Otros,Sin Partner (Propio),Presencial Regular,0,0,0,0,0,0,0,0,0,0,0,11,0,1,0,0,0,0
2019-11,2019,N/A,O06016602,MAESTRIA EN ENSEÑANZA DEL DERECHO,Otros,Sin Partner (Propio),Presencial Regular,0,0,0,0,0,0,0,0,0,0,0,0,11,1,0,0,0,0
2019-12,2019,N/A,O06016602,MAESTRIA EN ENSEÑANZA DEL DERECHO,Otros,Sin Partner (Propio),Presencial Regular,0,0,0,0,0,0,0,0,0,0,0,0,11,1,0,0,0,0
2020-01,2020,N/A,O06016602,MAESTRIA EN ENSEÑANZA DEL DERECHO,Otros,Sin Partner (Propio),Presencial Regular,0,0,0,0,0,0,0,0,0,0,0,0,11,1,0,0,0,0
2020-02,2020,N/A,O06016602,MAESTRIA EN ENSEÑANZA DEL DERECHO,Otros,Sin Partner (Propio),Presencial Regular,0,0,0,0,0,0,0,0,0,0,0,0,11,1,0,0,0,0
2020-03,2020,N/A,O06016602,MAESTRIA EN ENSEÑANZA DEL DERECHO,Otros,Sin Partner (Propio),Presencial Regular,0,0,0,0,0,0,0,0,0,0,0,0,0,12,0,0,0,0
2020-04,2020,N/A,O06016602,MAESTRIA EN ENSEÑANZA DEL DERECHO,Otros,Sin Partner (Propio),Presencial Regular,0,0,0,0,0,0,0,0,0,0,0,0,0,11,1,0,0,0
2020-05,2020,N/A,O06016602,MAESTRIA EN ENSEÑANZA DEL DERECHO,Otros,Sin Partner (Propio),Presencial Regular,0,0,0,0,0,0,0,0,0,0,0,0,0,11,1,0,0,0
2020-06,2020,N/A,O06016602,MAESTRIA EN ENSEÑANZA DEL DERECHO,Otros,Sin Partner (Propio),Presencial Regular,0,0,0,0,0,0,0,0,0,0,0,0,0,11,1,0,0,0
2020-07,2020,N/A,O06016602,MAESTRIA EN ENSEÑANZA DEL DERECHO,Otros,Sin Partner (Propio),Presencial Regular,0,0,0,0,0,0,0,0,0,0,0,0,0,11,1,0,0,0
2020-08,2020,N/A,O06016602,MAESTRIA EN ENSEÑANZA DEL DERECHO,Otros,Sin Partner (Propio),Presencial Regular,0,0,0,0,0,0,0,0,0,0,0,0,0,11,1,0,0,0
2020-09,2020,N/A,O06016602,MAESTRIA EN ENSEÑANZA DEL DERECHO,Otros,Sin Partner (Propio),Presencial Regular,0,0,0,0,0,0,0,0,0,0,0,0,0,0,12,0,0,0
2020-10,2020,N/A,O06016602,MAESTRIA EN ENSEÑANZA DEL DERECHO,Otros,Sin Partner (Propio),Presencial Regular,0,0,0,0,0,0,0,0,0,0,0,0,0,0,12,0,0,0
2020-11,2020,N/A,O06016602,MAESTRIA EN ENSEÑANZA DEL DERECHO,Otros,Sin Partner (Propio),Presencial Regular,0,0,0,0,0,0,0,0,0,0,0,0,0,0,12,0,0,0
2020-12,2020,N/A,O06016602,MAESTRIA EN ENSEÑANZA DEL DERECHO,Otros,Sin Partner (Propio),Presencial Regular,0,0,0,0,0,0,0,0,0,0,0,0,0,0,12,0,0,0
2021-01,2021,N/A,O06016602,MAESTRIA EN ENSEÑANZA DEL DERECHO,Otros,Sin Partner (Propio),Presencial Regular,0,0,0,0,0,0,0,0,0,0,0,0,0,0,12,0,0,0
2021-02,2021,N/A,O06016602,MAESTRIA EN ENSEÑANZA DEL DERECHO,Otros,Sin Partner (Propio),Presencial Regular,0,0,0,0,0,0,0,0,0,0,0,0,0,0,12,0,0,0
2021-03,2021,N/A,O06016602,MAESTRIA EN ENSEÑANZA DEL DERECHO,Otros,Sin Partner (Propio),Presencial Regular,0,0,0,0,0,0,0,0,0,0,0,0,0,0,12,0,0,0
2021-04,2021,N/A,O06016602,MAESTRIA EN ENSEÑANZA DEL DERECHO,Otros,Sin Partner (Propio),Presencial Regular,0,0,0,0,0,0,0,0,0,0,0,0,0,0,12,0,0,0
2021-05,2021,N/A,O06016602,MAESTRIA EN ENSEÑANZA DEL DERECHO,Otros,Sin Partner (Propio),Presencial Regular,0,0,0,0,0,0,0,0,0,0,0,0,0,0,12,0,0,0
2021-06,2021,N/A,O06016602,MAESTRIA EN ENSEÑANZA DEL DERECHO,Otros,Sin Partner (Propio),Presencial Regular,0,0,0,0,0,0,0,0,0,0,0,0,0,0,12,0,0,0
2021-07,2021,N/A,O06016602,MAESTRIA EN ENSEÑANZA DEL DERECHO,Otros,Sin Partner (Propio),Presencial Regular,0,0,0,0,0,0,0,0,0,0,0,0,0,0,12,0,0,0
2021-08,2021,N/A,O06016602,MAESTRIA EN ENSEÑANZA DEL DERECHO,Otros,Sin Partner (Propio),Presencial Regular,0,0,0,0,0,0,0,0,0,0,0,0,0,0,12,0,0,0
2021-09,2021,N/A,O06016602,MAESTRIA EN ENSEÑANZA DEL DERECHO,Otros,Sin Partner (Propio),Presencial Regular,0,0,0,0,0,0,0,0,0,0,0,0,0,0,12,0,0,0
2021-10,2021,N/A,O06016602,MAESTRIA EN ENSEÑANZA DEL DERECHO,Otros,Sin Partner (Propio),Presencial Regular,0,0,0,0,0,0,0,0,0,0,0,0,0,0,12,0,0,0
2021-11,2021,N/A,O06016602,MAESTRIA EN ENSEÑANZA DEL DERECHO,Otros,Sin Partner (Propio),Presencial Regular,0,0,0,0,0,0,0,0,0,0,0,0,0,0,12,0,0,0
2021-12,2021,N/A,O06016602,MAESTRIA EN ENSEÑANZA DEL DERECHO,Otros,Sin Partner (Propio),Presencial Regular,0,0,0,0,0,0,0,0,0,0,0,0,0,0,12,0,0,0
2022-01,2022,N/A,O06016602,MAESTRIA EN ENSEÑANZA DEL DERECHO,Otros,Sin Partner (Propio),Presencial Regular,0,0,0,0,0,0,0,0,0,0,0,0,0,0,12,0,0,0
2022-02,2022,N/A,O06016602,MAESTRIA EN ENSEÑANZA DEL DERECHO,Otros,Sin Partner (Propio),Presencial Regular,0,0,0,0,0,0,0,0,0,0,0,0,0,0,12,0,0,0
2022-03,2022,N/A,O06016602,MAESTRIA EN ENSEÑANZA DEL DERECHO,Otros,Sin Partner (Propio),Presencial Regular,0,0,0,0,0,0,0,0,0,0,0,0,0,0,12,0,0,0
2022-04,2022,N/A,O06016602,MAESTRIA EN ENSEÑANZA DEL DERECHO,Otros,Sin Partner (Propio),Presencial Regular,0,0,0,0,0,0,0,0,0,0,0,0,0,0,12,0,0,0
2022-05,2022,N/A,O06016602,MAESTRIA EN ENSEÑANZA DEL DERECHO,Otros,Sin Partner (Propio),Presencial Regular,0,0,0,0,0,0,0,0,0,0,0,0,0,0,12,0,0,0
2022-06,2022,N/A,O06016602,MAESTRIA EN ENSEÑANZA DEL DERECHO,Otros,Sin Partner (Propio),Presencial Regular,0,0,0,0,0,0,0,0,0,0,0,0,0,0,12,0,0,0
2022-07,2022,N/A,O06016602,MAESTRIA EN ENSEÑANZA DEL DERECHO,Otros,Sin Partner (Propio),Presencial Regular,0,0,0,0,0,0,0,0,0,0,0,0,0,0,12,0,0,0
2022-08,2022,N/A,O06016602,MAESTRIA EN ENSEÑANZA DEL DERECHO,Otros,Sin Partner (Propio),Presencial Regular,0,0,0,0,0,0,0,0,0,0,0,0,0,0,12,0,0,0
2022-09,2022,N/A,O06016602,MAESTRIA EN ENSEÑANZA DEL DERECHO,Otros,Sin Partner (Propio),Presencial Regular,0,0,0,0,0,0,0,0,0,0,0,0,0,0,12,0,0,0
2022-10,2022,N/A,O06016602,MAESTRIA EN ENSEÑANZA DEL DERECHO,Otros,Sin Partner (Propio),Presencial Regular,0,0,0,0,0,0,0,0,0,0,0,0,0,0,12,0,0,0
2022-11,2022,N/A,O06016602,MAESTRIA EN ENSEÑANZA DEL DERECHO,Otros,Sin Partner (Propio),Presencial Regular,0,0,0,0,0,0,0,0,0,0,0,0,0,0,12,0,0,0
2022-12,2022,N/A,O06016602,MAESTRIA EN ENSEÑANZA DEL DERECHO,Otros,Sin Partner (Propio),Presencial Regular,0,0,0,0,0,0,0,0,0,0,0,0,0,0,12,0,0,0
2023-01,2023,N/A,O06016602,MAESTRIA EN ENSEÑANZA DEL DERECHO,Otros,Sin Partner (Propio),Presencial Regular,0,0,0,0,0,0,0,0,0,0,0,0,0,0,12,0,0,0
2023-02,2023,N/A,O06016602,MAESTRIA EN ENSEÑANZA DEL DERECHO,Otros,Sin Partner (Propio),Presencial Regular,0,0,0,0,0,0,0,0,0,0,0,0,0,0,12,0,0,0
2023-03,2023,N/A,O06016602,MAESTRIA EN ENSEÑANZA DEL DERECHO,Otros,Sin Partner (Propio),Presencial Regular,0,0,0,0,0,0,0,0,0,0,0,0,0,0,12,0,0,0
2023-04,2023,N/A,O06016602,MAESTRIA EN ENSEÑANZA DEL DERECHO,Otros,Sin Partner (Propio),Presencial Regular,0,0,0,0,0,0,0,0,0,0,0,0,0,0,12,0,0,0
2023-05,2023,N/A,O06016602,MAESTRIA EN ENSEÑANZA DEL DERECHO,Otros,Sin Partner (Propio),Presencial Regular,0,0,0,0,0,0,0,0,0,0,0,0,0,0,12,0,0,0
2023-06,2023,N/A,O06016602,MAESTRIA EN ENSEÑANZA DEL DERECHO,Otros,Sin Partner (Propio),Presencial Regular,0,0,0,0,0,0,0,0,0,0,0,0,0,0,12,0,0,0
2023-07,2023,N/A,O06016602,MAESTRIA EN ENSEÑANZA DEL DERECHO,Otros,Sin Partner (Propio),Presencial Regular,0,0,0,0,0,0,0,0,0,0,0,0,0,0,12,0,0,0
2023-08,2023,N/A,O06016602,MAESTRIA EN ENSEÑANZA DEL DERECHO,Otros,Sin Partner (Propio),Presencial Regular,0,0,0,0,0,0,0,0,0,0,0,0,0,0,12,0,0,0
2023-09,2023,N/A,O06016602,MAESTRIA EN ENSEÑANZA DEL DERECHO,Otros,Sin Partner (Propio),Presencial Regular,0,0,0,0,0,0,0,0,0,0,0,0,0,0,12,0,0,0
2023-10,2023,N/A,O06016602,MAESTRIA EN ENSEÑANZA DEL DERECHO,Otros,Sin Partner (Propio),Presencial Regular,0,0,0,0,0,0,0,0,0,0,0,0,0,0,12,0,0,0
2023-11,2023,N/A,O06016602,MAESTRIA EN ENSEÑANZA DEL DERECHO,Otros,Sin Partner (Propio),Presencial Regular,0,0,0,0,0,0,0,0,0,0,0,0,0,0,12,0,0,0
2023-12,2023,N/A,O06016602,MAESTRIA EN ENSEÑANZA DEL DERECHO,Otros,Sin Partner (Propio),Presencial Regular,0,0,0,0,0,0,0,0,0,0,0,0,0,0,12,0,0,0
2024-01,2024,N/A,O06016602,MAESTRIA EN ENSEÑANZA DEL DERECHO,Otros,Sin Partner (Propio),Presencial Regular,0,0,0,0,0,0,0,0,0,0,0,0,0,0,12,0,0,0
2024-02,2024,N/A,O06016602,MAESTRIA EN ENSEÑANZA DEL DERECHO,Otros,Sin Partner (Propio),Presencial Regular,0,0,0,0,0,0,0,0,0,0,0,0,0,0,12,0,0,0
2024-03,2024,N/A,O06016602,MAESTRIA EN ENSEÑANZA DEL DERECHO,Otros,Sin Partner (Propio),Presencial Regular,0,0,0,0,0,0,0,0,0,0,0,0,0,0,12,0,0,0
2024-04,2024,N/A,O06016602,MAESTRIA EN ENSEÑANZA DEL DERECHO,Otros,Sin Partner (Propio),Presencial Regular,0,0,0,0,0,0,0,0,0,0,0,0,0,0,12,0,0,0
2024-05,2024,N/A,O06016602,MAESTRIA EN ENSEÑANZA DEL DERECHO,Otros,Sin Partner (Propio),Presencial Regular,0,0,0,0,0,0,0,0,0,0,0,0,0,0,12,0,0,0
2024-06,2024,N/A,O06016602,MAESTRIA EN ENSEÑANZA DEL DERECHO,Otros,Sin Partner (Propio),Presencial Regular,0,0,0,0,0,0,0,0,0,0,0,0,0,0,12,0,0,0
2024-07,2024,N/A,O06016602,MAESTRIA EN ENSEÑANZA DEL DERECHO,Otros,Sin Partner (Propio),Presencial Regular,0,0,0,0,0,0,0,0,0,0,0,0,0,0,12,0,0,0
2024-08,2024,N/A,O06016602,MAESTRIA EN ENSEÑANZA DEL DERECHO,Otros,Sin Partner (Propio),Presencial Regular,0,0,0,0,0,0,0,0,0,0,0,0,0,0,12,0,0,0
2024-09,2024,N/A,O06016602,MAESTRIA EN ENSEÑANZA DEL DERECHO,Otros,Sin Partner (Propio),Presencial Regular,0,0,0,0,0,0,0,0,0,0,0,0,0,0,12,0,0,0
2024-10,2024,N/A,O06016602,MAESTRIA EN ENSEÑANZA DEL DERECHO,Otros,Sin Partner (Propio),Presencial Regular,0,0,0,0,0,0,0,0,0,0,0,0,0,0,12,0,0,0
2024-11,2024,N/A,O06016602,MAESTRIA EN ENSEÑANZA DEL DERECHO,Otros,Sin Partner (Propio),Presencial Regular,0,0,0,0,0,0,0,0,0,0,0,0,0,0,12,0,0,0
2024-12,2024,N/A,O06016602,MAESTRIA EN ENSEÑANZA DEL DERECHO,Otros,Sin Partner (Propio),Presencial Regular,0,0,0,0,0,0,0,0,0,0,0,0,0,0,12,0,0,0
2025-01,2025,N/A,O06016602,MAESTRIA EN ENSEÑANZA DEL DERECHO,Otros,Sin Partner (Propio),Presencial Regular,0,0,0,0,0,0,0,0,0,0,0,0,0,0,12,0,0,0
2025-02,2025,N/A,O06016602,MAESTRIA EN ENSEÑANZA DEL DERECHO,Otros,Sin Partner (Propio),Presencial Regular,0,0,0,0,0,0,0,0,0,0,0,0,0,0,12,0,0,0
2025-03,2025,N/A,O06016602,MAESTRIA EN ENSEÑANZA DEL DERECHO,Otros,Sin Partner (Propio),Presencial Regular,0,0,0,0,0,0,0,0,0,0,0,0,0,0,12,0,0,0
2025-04,2025,N/A,O06016602,MAESTRIA EN ENSEÑANZA DEL DERECHO,Otros,Sin Partner (Propio),Presencial Regular,0,0,0,0,0,0,0,0,0,0,0,0,0,0,12,0,0,0
2025-05,2025,N/A,O06016602,MAESTRIA EN ENSEÑANZA DEL DERECHO,Otros,Sin Partner (Propio),Presencial Regular,0,0,0,0,0,0,0,0,0,0,0,0,0,0,12,0,0,0
2025-06,2025,N/A,O06016602,MAESTRIA EN ENSEÑANZA DEL DERECHO,Otros,Sin Partner (Propio),Presencial Regular,0,0,0,0,0,0,0,0,0,0,0,0,0,0,12,0,0,0
2025-07,2025,N/A,O06016602,MAESTRIA EN ENSEÑANZA DEL DERECHO,Otros,Sin Partner (Propio),Presencial Regular,0,0,0,0,0,0,0,0,0,0,0,0,0,0,12,0,0,0
2025-08,2025,N/A,O06016602,MAESTRIA EN ENSEÑANZA DEL DERECHO,Otros,Sin Partner (Propio),Presencial Regular,0,0,0,0,0,0,0,0,0,0,0,0,0,0,12,0,0,0
2025-09,2025,N/A,O06016602,MAESTRIA EN ENSEÑANZA DEL DERECHO,Otros,Sin Partner (Propio),Presencial Regular,0,0,0,0,0,0,0,0,0,0,0,0,0,0,12,0,0,0
2025-10,2025,N/A,O06016602,MAESTRIA EN ENSEÑANZA DEL DERECHO,Otros,Sin Partner (Propio),Presencial Regular,0,0,0,0,0,0,0,0,0,0,0,0,0,0,12,0,0,0
2025-11,2025,N/A,O06016602,MAESTRIA EN ENSEÑANZA DEL DERECHO,Otros,Sin Partner (Propio),Presencial Regular,0,0,0,0,0,0,0,0,0,0,0,0,0,0,12,0,0,0
2025-12,2025,N/A,O06016602,MAESTRIA EN ENSEÑANZA DEL DERECHO,Otros,Sin Partner (Propio),Presencial Regular,0,0,0,0,0,0,0,0,0,0,0,0,0,0,12,0,0,0
2026-01,2026,N/A,O06016602,MAESTRIA EN ENSEÑANZA DEL DERECHO,Otros,Sin Partner (Propio),Presencial Regular,0,0,0,0,0,0,0,0,0,0,0,0,0,0,12,0,0,0
2026-02,2026,N/A,O06016602,MAESTRIA EN ENSEÑANZA DEL DERECHO,Otros,Sin Partner (Propio),Presencial Regular,0,0,0,0,0,0,0,0,0,0,0,0,0,0,12,0,0,0
2026-03,2026,N/A,O06016602,MAESTRIA EN ENSEÑANZA DEL DERECHO,Otros,Sin Partner (Propio),Presencial Regular,0,0,0,0,0,0,0,0,0,0,0,0,0,0,12,0,0,0
2026-04,2026,N/A,O06016602,MAESTRIA EN ENSEÑANZA DEL DERECHO,Otros,Sin Partner (Propio),Presencial Regular,0,0,0,0,0,0,0,0,0,0,0,0,0,0,12,0,0,0
2026-05,2026,N/A,O06016602,MAESTRIA EN ENSEÑANZA DEL DERECHO,Otros,Sin Partner (Propio),Presencial Regular,0,0,0,0,0,0,0,0,0,0,0,0,0,0,12,0,0,0
2026-06,2026,N/A,O06016602,MAESTRIA EN ENSEÑANZA DEL DERECHO,Otros,Sin Partner (Propio),Presencial Regular,0,0,0,0,0,0,0,0,0,0,0,0,0,0,12,0,0,0
2026-07,2026,N/A,O06016602,MAESTRIA EN ENSEÑANZA DEL DERECHO,Otros,Sin Partner (Propio),Presencial Regular,0,0,0,0,0,0,0,0,0,0,0,0,0,0,12,0,0,0
2019-03,2019,Marzo,O06017102,MAESTRIA EN DERECHO CONSTITUCIONAL,Otros,Sin Partner (Propio),Presencial Regular,0,82,0,0,0,0,0,0,0,0,0,0,0,0,0,0,0,82
2019-04,2019,N/A,O06017102,MAESTRIA EN DERECHO CONSTITUCIONAL,Otros,Sin Partner (Propio),Presencial Regular,0,0,0,0,0,0,0,0,0,0,82,0,0,0,0,0,0,0
2019-05,2019,N/A,O06017102,MAESTRIA EN DERECHO CONSTITUCIONAL,Otros,Sin Partner (Propio),Presencial Regular,0,0,0,0,0,0,0,0,0,0,0,82,0,0,0,0,0,0
2019-06,2019,N/A,O06017102,MAESTRIA EN DERECHO CONSTITUCIONAL,Otros,Sin Partner (Propio),Presencial Regular,0,0,0,0,0,0,0,0,0,0,0,0,82,0,0,0,0,0
2019-07,2019,N/A,O06017102,MAESTRIA EN DERECHO CONSTITUCIONAL,Otros,Sin Partner (Propio),Presencial Regular,0,0,0,0,0,0,0,0,0,0,0,0,82,0,0,0,0,0
2019-08,2019,N/A,O06017102,MAESTRIA EN DERECHO CONSTITUCIONAL,Otros,Sin Partner (Propio),Presencial Regular,0,0,0,0,0,0,0,0,0,0,0,0,82,0,0,0,0,0
2019-09,2019,Setiembre,O06017102,MAESTRIA EN DERECHO CONSTITUCIONAL,Otros,Sin Partner (Propio),Presencial Regular,0,35,0,0,0,0,0,53,0,0,0,0,29,0,0,0,0,88
2019-10,2019,N/A,O06017102,MAESTRIA EN DERECHO CONSTITUCIONAL,Otros,Sin Partner (Propio),Presencial Regular,0,0,0,0,0,0,0,0,0,0,88,0,0,29,0,0,0,0
2019-11,2019,N/A,O06017102,MAESTRIA EN DERECHO CONSTITUCIONAL,Otros,Sin Partner (Propio),Presencial Regular,0,0,0,0,0,0,0,0,0,0,0,88,0,29,0,0,0,0
2019-12,2019,N/A,O06017102,MAESTRIA EN DERECHO CONSTITUCIONAL,Otros,Sin Partner (Propio),Presencial Regular,0,0,0,0,0,0,0,0,0,0,0,0,88,29,0,0,0,0
2020-01,2020,N/A,O06017102,MAESTRIA EN DERECHO CONSTITUCIONAL,Otros,Sin Partner (Propio),Presencial Regular,0,0,0,0,0,0,0,0,0,0,0,0,88,29,0,0,0,0
2020-02,2020,N/A,O06017102,MAESTRIA EN DERECHO CONSTITUCIONAL,Otros,Sin Partner (Propio),Presencial Regular,0,0,0,0,0,0,0,0,0,0,0,0,88,29,0,0,0,0
2020-03,2020,N/A,O06017102,MAESTRIA EN DERECHO CONSTITUCIONAL,Otros,Sin Partner (Propio),Presencial Regular,0,0,0,0,0,0,0,0,0,0,0,0,88,29,0,0,0,0
2020-04,2020,N/A,O06017102,MAESTRIA EN DERECHO CONSTITUCIONAL,Otros,Sin Partner (Propio),Presencial Regular,0,0,0,0,0,0,0,0,0,0,0,0,0,88,29,0,0,0
2020-05,2020,N/A,O06017102,MAESTRIA EN DERECHO CONSTITUCIONAL,Otros,Sin Partner (Propio),Presencial Regular,0,0,0,0,0,0,0,0,0,0,0,0,0,88,29,0,0,0
2020-06,2020,N/A,O06017102,MAESTRIA EN DERECHO CONSTITUCIONAL,Otros,Sin Partner (Propio),Presencial Regular,0,0,0,0,0,0,0,0,0,0,0,0,0,88,29,0,0,0
2020-07,2020,N/A,O06017102,MAESTRIA EN DERECHO CONSTITUCIONAL,Otros,Sin Partner (Propio),Presencial Regular,0,0,0,0,0,0,0,0,0,0,0,0,0,88,29,0,0,0
2020-08,2020,N/A,O06017102,MAESTRIA EN DERECHO CONSTITUCIONAL,Otros,Sin Partner (Propio),Presencial Regular,0,0,0,0,0,0,0,0,0,0,0,0,0,88,29,0,0,0
2020-09,2020,N/A,O06017102,MAESTRIA EN DERECHO CONSTITUCIONAL,Otros,Sin Partner (Propio),Presencial Regular,0,0,0,0,0,0,0,0,0,0,0,0,0,88,29,0,0,0
2020-10,2020,N/A,O06017102,MAESTRIA EN DERECHO CONSTITUCIONAL,Otros,Sin Partner (Propio),Presencial Regular,0,0,0,0,0,0,0,0,0,0,0,0,0,0,117,0,0,0
2020-11,2020,N/A,O06017102,MAESTRIA EN DERECHO CONSTITUCIONAL,Otros,Sin Partner (Propio),Presencial Regular,0,0,0,0,0,0,0,0,0,0,0,0,0,0,117,0,0,0
2020-12,2020,N/A,O06017102,MAESTRIA EN DERECHO CONSTITUCIONAL,Otros,Sin Partner (Propio),Presencial Regular,0,0,0,0,0,0,0,0,0,0,0,0,0,0,117,0,0,0
2021-01,2021,N/A,O06017102,MAESTRIA EN DERECHO CONSTITUCIONAL,Otros,Sin Partner (Propio),Presencial Regular,0,0,0,0,0,0,0,0,0,0,0,0,0,0,117,0,0,0
2021-02,2021,N/A,O06017102,MAESTRIA EN DERECHO CONSTITUCIONAL,Otros,Sin Partner (Propio),Presencial Regular,0,0,0,0,0,0,0,0,0,0,0,0,0,0,117,0,0,0
2021-03,2021,N/A,O06017102,MAESTRIA EN DERECHO CONSTITUCIONAL,Otros,Sin Partner (Propio),Presencial Regular,0,0,0,0,0,0,0,0,0,0,0,0,0,0,117,0,0,0
2021-04,2021,N/A,O06017102,MAESTRIA EN DERECHO CONSTITUCIONAL,Otros,Sin Partner (Propio),Presencial Regular,0,0,0,0,0,0,0,0,0,0,0,0,0,0,117,0,0,0
2021-05,2021,N/A,O06017102,MAESTRIA EN DERECHO CONSTITUCIONAL,Otros,Sin Partner (Propio),Presencial Regular,0,0,0,0,0,0,0,0,0,0,0,0,0,0,117,0,0,0
2021-06,2021,N/A,O06017102,MAESTRIA EN DERECHO CONSTITUCIONAL,Otros,Sin Partner (Propio),Presencial Regular,0,0,0,0,0,0,0,0,0,0,0,0,0,0,117,0,0,0
2021-07,2021,N/A,O06017102,MAESTRIA EN DERECHO CONSTITUCIONAL,Otros,Sin Partner (Propio),Presencial Regular,0,0,0,0,0,0,0,0,0,0,0,0,0,0,117,0,0,0
2021-08,2021,N/A,O06017102,MAESTRIA EN DERECHO CONSTITUCIONAL,Otros,Sin Partner (Propio),Presencial Regular,0,0,0,0,0,0,0,0,0,0,0,0,0,0,117,0,0,0
2021-09,2021,N/A,O06017102,MAESTRIA EN DERECHO CONSTITUCIONAL,Otros,Sin Partner (Propio),Presencial Regular,0,0,0,0,0,0,0,0,0,0,0,0,0,0,117,0,0,0
2021-10,2021,N/A,O06017102,MAESTRIA EN DERECHO CONSTITUCIONAL,Otros,Sin Partner (Propio),Presencial Regular,0,0,0,0,0,0,0,0,0,0,0,0,0,0,117,0,0,0
2021-11,2021,N/A,O06017102,MAESTRIA EN DERECHO CONSTITUCIONAL,Otros,Sin Partner (Propio),Presencial Regular,0,0,0,0,0,0,0,0,0,0,0,0,0,0,117,0,0,0
2021-12,2021,N/A,O06017102,MAESTRIA EN DERECHO CONSTITUCIONAL,Otros,Sin Partner (Propio),Presencial Regular,0,0,0,0,0,0,0,0,0,0,0,0,0,0,117,0,0,0
2022-01,2022,N/A,O06017102,MAESTRIA EN DERECHO CONSTITUCIONAL,Otros,Sin Partner (Propio),Presencial Regular,0,0,0,0,0,0,0,0,0,0,0,0,0,0,117,0,0,0
2022-02,2022,N/A,O06017102,MAESTRIA EN DERECHO CONSTITUCIONAL,Otros,Sin Partner (Propio),Presencial Regular,0,0,0,0,0,0,0,0,0,0,0,0,0,0,117,0,0,0
2022-03,2022,N/A,O06017102,MAESTRIA EN DERECHO CONSTITUCIONAL,Otros,Sin Partner (Propio),Presencial Regular,0,0,0,0,0,0,0,0,0,0,0,0,0,0,117,0,0,0
2022-04,2022,N/A,O06017102,MAESTRIA EN DERECHO CONSTITUCIONAL,Otros,Sin Partner (Propio),Presencial Regular,0,0,0,0,0,0,0,0,0,0,0,0,0,0,117,0,0,0
2022-05,2022,N/A,O06017102,MAESTRIA EN DERECHO CONSTITUCIONAL,Otros,Sin Partner (Propio),Presencial Regular,0,0,0,0,0,0,0,0,0,0,0,0,0,0,117,0,0,0
2022-06,2022,N/A,O06017102,MAESTRIA EN DERECHO CONSTITUCIONAL,Otros,Sin Partner (Propio),Presencial Regular,0,0,0,0,0,0,0,0,0,0,0,0,0,0,117,0,0,0
2022-07,2022,N/A,O06017102,MAESTRIA EN DERECHO CONSTITUCIONAL,Otros,Sin Partner (Propio),Presencial Regular,0,0,0,0,0,0,0,0,0,0,0,0,0,0,117,0,0,0
2022-08,2022,N/A,O06017102,MAESTRIA EN DERECHO CONSTITUCIONAL,Otros,Sin Partner (Propio),Presencial Regular,0,0,0,0,0,0,0,0,0,0,0,0,0,0,117,0,0,0
2022-09,2022,N/A,O06017102,MAESTRIA EN DERECHO CONSTITUCIONAL,Otros,Sin Partner (Propio),Presencial Regular,0,0,0,0,0,0,0,0,0,0,0,0,0,0,117,0,0,0
2022-10,2022,N/A,O06017102,MAESTRIA EN DERECHO CONSTITUCIONAL,Otros,Sin Partner (Propio),Presencial Regular,0,0,0,0,0,0,0,0,0,0,0,0,0,0,117,0,0,0
2022-11,2022,N/A,O06017102,MAESTRIA EN DERECHO CONSTITUCIONAL,Otros,Sin Partner (Propio),Presencial Regular,0,0,0,0,0,0,0,0,0,0,0,0,0,0,117,0,0,0
2022-12,2022,N/A,O06017102,MAESTRIA EN DERECHO CONSTITUCIONAL,Otros,Sin Partner (Propio),Presencial Regular,0,0,0,0,0,0,0,0,0,0,0,0,0,0,117,0,0,0
2023-01,2023,N/A,O06017102,MAESTRIA EN DERECHO CONSTITUCIONAL,Otros,Sin Partner (Propio),Presencial Regular,0,0,0,0,0,0,0,0,0,0,0,0,0,0,117,0,0,0
2023-02,2023,N/A,O06017102,MAESTRIA EN DERECHO CONSTITUCIONAL,Otros,Sin Partner (Propio),Presencial Regular,0,0,0,0,0,0,0,0,0,0,0,0,0,0,117,0,0,0
2023-03,2023,N/A,O06017102,MAESTRIA EN DERECHO CONSTITUCIONAL,Otros,Sin Partner (Propio),Presencial Regular,0,0,0,0,0,0,0,0,0,0,0,0,0,0,117,0,0,0
2023-04,2023,N/A,O06017102,MAESTRIA EN DERECHO CONSTITUCIONAL,Otros,Sin Partner (Propio),Presencial Regular,0,0,0,0,0,0,0,0,0,0,0,0,0,0,117,0,0,0
2023-05,2023,N/A,O06017102,MAESTRIA EN DERECHO CONSTITUCIONAL,Otros,Sin Partner (Propio),Presencial Regular,0,0,0,0,0,0,0,0,0,0,0,0,0,0,117,0,0,0
2023-06,2023,N/A,O06017102,MAESTRIA EN DERECHO CONSTITUCIONAL,Otros,Sin Partner (Propio),Presencial Regular,0,0,0,0,0,0,0,0,0,0,0,0,0,0,117,0,0,0
2023-07,2023,N/A,O06017102,MAESTRIA EN DERECHO CONSTITUCIONAL,Otros,Sin Partner (Propio),Presencial Regular,0,0,0,0,0,0,0,0,0,0,0,0,0,0,117,0,0,0
2023-08,2023,N/A,O06017102,MAESTRIA EN DERECHO CONSTITUCIONAL,Otros,Sin Partner (Propio),Presencial Regular,0,0,0,0,0,0,0,0,0,0,0,0,0,0,117,0,0,0
2023-09,2023,N/A,O06017102,MAESTRIA EN DERECHO CONSTITUCIONAL,Otros,Sin Partner (Propio),Presencial Regular,0,0,0,0,0,0,0,0,0,0,0,0,0,0,117,0,0,0
2023-10,2023,N/A,O06017102,MAESTRIA EN DERECHO CONSTITUCIONAL,Otros,Sin Partner (Propio),Presencial Regular,0,0,0,0,0,0,0,0,0,0,0,0,0,0,117,0,0,0
2023-11,2023,N/A,O06017102,MAESTRIA EN DERECHO CONSTITUCIONAL,Otros,Sin Partner (Propio),Presencial Regular,0,0,0,0,0,0,0,0,0,0,0,0,0,0,117,0,0,0
2023-12,2023,N/A,O06017102,MAESTRIA EN DERECHO CONSTITUCIONAL,Otros,Sin Partner (Propio),Presencial Regular,0,0,0,0,0,0,0,0,0,0,0,0,0,0,117,0,0,0
2024-01,2024,N/A,O06017102,MAESTRIA EN DERECHO CONSTITUCIONAL,Otros,Sin Partner (Propio),Presencial Regular,0,0,0,0,0,0,0,0,0,0,0,0,0,0,117,0,0,0
2024-02,2024,N/A,O06017102,MAESTRIA EN DERECHO CONSTITUCIONAL,Otros,Sin Partner (Propio),Presencial Regular,0,0,0,0,0,0,0,0,0,0,0,0,0,0,117,0,0,0
2024-03,2024,N/A,O06017102,MAESTRIA EN DERECHO CONSTITUCIONAL,Otros,Sin Partner (Propio),Presencial Regular,0,0,0,0,0,0,0,0,0,0,0,0,0,0,117,0,0,0
2024-04,2024,N/A,O06017102,MAESTRIA EN DERECHO CONSTITUCIONAL,Otros,Sin Partner (Propio),Presencial Regular,0,0,0,0,0,0,0,0,0,0,0,0,0,0,117,0,0,0
2024-05,2024,N/A,O06017102,MAESTRIA EN DERECHO CONSTITUCIONAL,Otros,Sin Partner (Propio),Presencial Regular,0,0,0,0,0,0,0,0,0,0,0,0,0,0,117,0,0,0
2024-06,2024,N/A,O06017102,MAESTRIA EN DERECHO CONSTITUCIONAL,Otros,Sin Partner (Propio),Presencial Regular,0,0,0,0,0,0,0,0,0,0,0,0,0,0,117,0,0,0
2024-07,2024,N/A,O06017102,MAESTRIA EN DERECHO CONSTITUCIONAL,Otros,Sin Partner (Propio),Presencial Regular,0,0,0,0,0,0,0,0,0,0,0,0,0,0,117,0,0,0
2024-08,2024,N/A,O06017102,MAESTRIA EN DERECHO CONSTITUCIONAL,Otros,Sin Partner (Propio),Presencial Regular,0,0,0,0,0,0,0,0,0,0,0,0,0,0,117,0,0,0
2024-09,2024,N/A,O06017102,MAESTRIA EN DERECHO CONSTITUCIONAL,Otros,Sin Partner (Propio),Presencial Regular,0,0,0,0,0,0,0,0,0,0,0,0,0,0,117,0,0,0
2024-10,2024,N/A,O06017102,MAESTRIA EN DERECHO CONSTITUCIONAL,Otros,Sin Partner (Propio),Presencial Regular,0,0,0,0,0,0,0,0,0,0,0,0,0,0,117,0,0,0
2024-11,2024,N/A,O06017102,MAESTRIA EN DERECHO CONSTITUCIONAL,Otros,Sin Partner (Propio),Presencial Regular,0,0,0,0,0,0,0,0,0,0,0,0,0,0,117,0,0,0
2024-12,2024,N/A,O06017102,MAESTRIA EN DERECHO CONSTITUCIONAL,Otros,Sin Partner (Propio),Presencial Regular,0,0,0,0,0,0,0,0,0,0,0,0,0,0,117,0,0,0
2025-01,2025,N/A,O06017102,MAESTRIA EN DERECHO CONSTITUCIONAL,Otros,Sin Partner (Propio),Presencial Regular,0,0,0,0,0,0,0,0,0,0,0,0,0,0,117,0,0,0
2025-02,2025,N/A,O06017102,MAESTRIA EN DERECHO CONSTITUCIONAL,Otros,Sin Partner (Propio),Presencial Regular,0,0,0,0,0,0,0,0,0,0,0,0,0,0,117,0,0,0
2025-03,2025,N/A,O06017102,MAESTRIA EN DERECHO CONSTITUCIONAL,Otros,Sin Partner (Propio),Presencial Regular,0,0,0,0,0,0,0,0,0,0,0,0,0,0,117,0,0,0
2025-04,2025,N/A,O06017102,MAESTRIA EN DERECHO CONSTITUCIONAL,Otros,Sin Partner (Propio),Presencial Regular,0,0,0,0,0,0,0,0,0,0,0,0,0,0,117,0,0,0
2025-05,2025,N/A,O06017102,MAESTRIA EN DERECHO CONSTITUCIONAL,Otros,Sin Partner (Propio),Presencial Regular,0,0,0,0,0,0,0,0,0,0,0,0,0,0,117,0,0,0
2025-06,2025,N/A,O06017102,MAESTRIA EN DERECHO CONSTITUCIONAL,Otros,Sin Partner (Propio),Presencial Regular,0,0,0,0,0,0,0,0,0,0,0,0,0,0,117,0,0,0
2025-07,2025,N/A,O06017102,MAESTRIA EN DERECHO CONSTITUCIONAL,Otros,Sin Partner (Propio),Presencial Regular,0,0,0,0,0,0,0,0,0,0,0,0,0,0,117,0,0,0
2025-08,2025,N/A,O06017102,MAESTRIA EN DERECHO CONSTITUCIONAL,Otros,Sin Partner (Propio),Presencial Regular,0,0,0,0,0,0,0,0,0,0,0,0,0,0,117,0,0,0
2025-09,2025,N/A,O06017102,MAESTRIA EN DERECHO CONSTITUCIONAL,Otros,Sin Partner (Propio),Presencial Regular,0,0,0,0,0,0,0,0,0,0,0,0,0,0,117,0,0,0
2025-10,2025,N/A,O06017102,MAESTRIA EN DERECHO CONSTITUCIONAL,Otros,Sin Partner (Propio),Presencial Regular,0,0,0,0,0,0,0,0,0,0,0,0,0,0,117,0,0,0
2025-11,2025,N/A,O06017102,MAESTRIA EN DERECHO CONSTITUCIONAL,Otros,Sin Partner (Propio),Presencial Regular,0,0,0,0,0,0,0,0,0,0,0,0,0,0,117,0,0,0
2025-12,2025,N/A,O06017102,MAESTRIA EN DERECHO CONSTITUCIONAL,Otros,Sin Partner (Propio),Presencial Regular,0,0,0,0,0,0,0,0,0,0,0,0,0,0,117,0,0,0
2026-01,2026,N/A,O06017102,MAESTRIA EN DERECHO CONSTITUCIONAL,Otros,Sin Partner (Propio),Presencial Regular,0,0,0,0,0,0,0,0,0,0,0,0,0,0,117,0,0,0
2026-02,2026,N/A,O06017102,MAESTRIA EN DERECHO CONSTITUCIONAL,Otros,Sin Partner (Propio),Presencial Regular,0,0,0,0,0,0,0,0,0,0,0,0,0,0,117,0,0,0
2026-03,2026,N/A,O06017102,MAESTRIA EN DERECHO CONSTITUCIONAL,Otros,Sin Partner (Propio),Presencial Regular,0,0,0,0,0,0,0,0,0,0,0,0,0,0,117,0,0,0
2026-04,2026,N/A,O06017102,MAESTRIA EN DERECHO CONSTITUCIONAL,Otros,Sin Partner (Propio),Presencial Regular,0,0,0,0,0,0,0,0,0,0,0,0,0,0,117,0,0,0
2026-05,2026,N/A,O06017102,MAESTRIA EN DERECHO CONSTITUCIONAL,Otros,Sin Partner (Propio),Presencial Regular,0,0,0,0,0,0,0,0,0,0,0,0,0,0,117,0,0,0
2026-06,2026,N/A,O06017102,MAESTRIA EN DERECHO CONSTITUCIONAL,Otros,Sin Partner (Propio),Presencial Regular,0,0,0,0,0,0,0,0,0,0,0,0,0,0,117,0,0,0
2026-07,2026,N/A,O06017102,MAESTRIA EN DERECHO CONSTITUCIONAL,Otros,Sin Partner (Propio),Presencial Regular,0,0,0,0,0,0,0,0,0,0,0,0,0,0,117,0,0,0
2019-10,2019,Octubre,O05012603,MAESTRÍA EN CIENCIAS CONTABLES Y FINANCIERAS CON MENCION EN TRIBUTACIÓN FISCAL Y EMPRESARIAL (A DISTANCIA).,Otros,Sin Partner (Propio),Distancia,0,1,0,0,0,0,0,0,0,0,0,0,0,0,0,0,1,1
2019-11,2019,Noviembre,O05012603,MAESTRÍA EN CIENCIAS CONTABLES Y FINANCIERAS CON MENCION EN TRIBUTACIÓN FISCAL Y EMPRESARIAL (A DISTANCIA).,Otros,Sin Partner (Propio),Distancia,0,0,0,0,1,1,0,0,0,0,0,0,0,0,0,1,1,1
2019-12,2019,N/A,O05012603,MAESTRÍA EN CIENCIAS CONTABLES Y FINANCIERAS CON MENCION EN TRIBUTACIÓN FISCAL Y EMPRESARIAL (A DISTANCIA).,Otros,Sin Partner (Propio),Distancia,0,0,0,0,0,0,0,0,0,0,1,0,0,0,0,0,0,0
2020-01,2020,Enero,O05012603,MAESTRÍA EN CIENCIAS CONTABLES Y FINANCIERAS CON MENCION EN TRIBUTACIÓN FISCAL Y EMPRESARIAL (A DISTANCIA).,Otros,Sin Partner (Propio),Distancia,0,0,0,0,1,0,1,0,0,0,0,0,0,0,0,1,1,1
2020-02,2020,Febrero,O05012603,MAESTRÍA EN CIENCIAS CONTABLES Y FINANCIERAS CON MENCION EN TRIBUTACIÓN FISCAL Y EMPRESARIAL (A DISTANCIA).,Otros,Sin Partner (Propio),Distancia,0,0,0,0,1,1,0,0,0,0,0,0,0,0,0,1,1,1
2020-03,2020,N/A,O05012603,MAESTRÍA EN CIENCIAS CONTABLES Y FINANCIERAS CON MENCION EN TRIBUTACIÓN FISCAL Y EMPRESARIAL (A DISTANCIA).,Otros,Sin Partner (Propio),Distancia,0,0,0,0,0,0,0,0,0,0,1,0,0,0,0,0,0,0
2020-04,2020,N/A,O05012603,MAESTRÍA EN CIENCIAS CONTABLES Y FINANCIERAS CON MENCION EN TRIBUTACIÓN FISCAL Y EMPRESARIAL (A DISTANCIA).,Otros,Sin Partner (Propio),Distancia,0,0,0,0,0,0,0,0,0,0,0,1,0,0,0,0,0,0
2020-05,2020,N/A,O05012603,MAESTRÍA EN CIENCIAS CONTABLES Y FINANCIERAS CON MENCION EN TRIBUTACIÓN FISCAL Y EMPRESARIAL (A DISTANCIA).,Otros,Sin Partner (Propio),Distancia,0,0,0,0,0,0,0,0,0,0,0,0,1,0,0,0,0,0
2020-06,2020,N/A,O05012603,MAESTRÍA EN CIENCIAS CONTABLES Y FINANCIERAS CON MENCION EN TRIBUTACIÓN FISCAL Y EMPRESARIAL (A DISTANCIA).,Otros,Sin Partner (Propio),Distancia,0,0,0,0,0,0,0,0,0,0,0,0,1,0,0,0,0,0
2020-07,2020,N/A,O05012603,MAESTRÍA EN CIENCIAS CONTABLES Y FINANCIERAS CON MENCION EN TRIBUTACIÓN FISCAL Y EMPRESARIAL (A DISTANCIA).,Otros,Sin Partner (Propio),Distancia,0,0,0,0,0,0,0,0,0,0,0,0,1,0,0,0,0,0
2020-08,2020,N/A,O05012603,MAESTRÍA EN CIENCIAS CONTABLES Y FINANCIERAS CON MENCION EN TRIBUTACIÓN FISCAL Y EMPRESARIAL (A DISTANCIA).,Otros,Sin Partner (Propio),Distancia,0,0,0,0,0,0,0,0,0,0,0,0,1,0,0,0,0,0
2020-09,2020,N/A,O05012603,MAESTRÍA EN CIENCIAS CONTABLES Y FINANCIERAS CON MENCION EN TRIBUTACIÓN FISCAL Y EMPRESARIAL (A DISTANCIA).,Otros,Sin Partner (Propio),Distancia,0,0,0,0,0,0,0,0,0,0,0,0,0,1,0,0,0,0
2020-10,2020,N/A,O05012603,MAESTRÍA EN CIENCIAS CONTABLES Y FINANCIERAS CON MENCION EN TRIBUTACIÓN FISCAL Y EMPRESARIAL (A DISTANCIA).,Otros,Sin Partner (Propio),Distancia,0,0,0,0,0,0,0,0,0,0,0,0,0,1,0,0,0,0
2020-11,2020,N/A,O05012603,MAESTRÍA EN CIENCIAS CONTABLES Y FINANCIERAS CON MENCION EN TRIBUTACIÓN FISCAL Y EMPRESARIAL (A DISTANCIA).,Otros,Sin Partner (Propio),Distancia,0,0,0,0,0,0,0,0,0,0,0,0,0,1,0,0,0,0
2020-12,2020,N/A,O05012603,MAESTRÍA EN CIENCIAS CONTABLES Y FINANCIERAS CON MENCION EN TRIBUTACIÓN FISCAL Y EMPRESARIAL (A DISTANCIA).,Otros,Sin Partner (Propio),Distancia,0,0,0,0,0,0,0,0,0,0,0,0,0,1,0,0,0,0
2021-01,2021,N/A,O05012603,MAESTRÍA EN CIENCIAS CONTABLES Y FINANCIERAS CON MENCION EN TRIBUTACIÓN FISCAL Y EMPRESARIAL (A DISTANCIA).,Otros,Sin Partner (Propio),Distancia,0,0,0,0,0,0,0,0,0,0,0,0,0,1,0,0,0,0
2021-02,2021,N/A,O05012603,MAESTRÍA EN CIENCIAS CONTABLES Y FINANCIERAS CON MENCION EN TRIBUTACIÓN FISCAL Y EMPRESARIAL (A DISTANCIA).,Otros,Sin Partner (Propio),Distancia,0,0,0,0,0,0,0,0,0,0,0,0,0,1,0,0,0,0
2021-03,2021,N/A,O05012603,MAESTRÍA EN CIENCIAS CONTABLES Y FINANCIERAS CON MENCION EN TRIBUTACIÓN FISCAL Y EMPRESARIAL (A DISTANCIA).,Otros,Sin Partner (Propio),Distancia,0,0,0,0,0,0,0,0,0,0,0,0,0,0,1,0,0,0
2021-04,2021,N/A,O05012603,MAESTRÍA EN CIENCIAS CONTABLES Y FINANCIERAS CON MENCION EN TRIBUTACIÓN FISCAL Y EMPRESARIAL (A DISTANCIA).,Otros,Sin Partner (Propio),Distancia,0,0,0,0,0,0,0,0,0,0,0,0,0,0,1,0,0,0
2021-05,2021,N/A,O05012603,MAESTRÍA EN CIENCIAS CONTABLES Y FINANCIERAS CON MENCION EN TRIBUTACIÓN FISCAL Y EMPRESARIAL (A DISTANCIA).,Otros,Sin Partner (Propio),Distancia,0,0,0,0,0,0,0,0,0,0,0,0,0,0,1,0,0,0
2021-06,2021,N/A,O05012603,MAESTRÍA EN CIENCIAS CONTABLES Y FINANCIERAS CON MENCION EN TRIBUTACIÓN FISCAL Y EMPRESARIAL (A DISTANCIA).,Otros,Sin Partner (Propio),Distancia,0,0,0,0,0,0,0,0,0,0,0,0,0,0,1,0,0,0
2021-07,2021,N/A,O05012603,MAESTRÍA EN CIENCIAS CONTABLES Y FINANCIERAS CON MENCION EN TRIBUTACIÓN FISCAL Y EMPRESARIAL (A DISTANCIA).,Otros,Sin Partner (Propio),Distancia,0,0,0,0,0,0,0,0,0,0,0,0,0,0,1,0,0,0
2021-08,2021,N/A,O05012603,MAESTRÍA EN CIENCIAS CONTABLES Y FINANCIERAS CON MENCION EN TRIBUTACIÓN FISCAL Y EMPRESARIAL (A DISTANCIA).,Otros,Sin Partner (Propio),Distancia,0,0,0,0,0,0,0,0,0,0,0,0,0,0,1,0,0,0
2021-09,2021,N/A,O05012603,MAESTRÍA EN CIENCIAS CONTABLES Y FINANCIERAS CON MENCION EN TRIBUTACIÓN FISCAL Y EMPRESARIAL (A DISTANCIA).,Otros,Sin Partner (Propio),Distancia,0,0,0,0,0,0,0,0,0,0,0,0,0,0,1,0,0,0
2021-10,2021,N/A,O05012603,MAESTRÍA EN CIENCIAS CONTABLES Y FINANCIERAS CON MENCION EN TRIBUTACIÓN FISCAL Y EMPRESARIAL (A DISTANCIA).,Otros,Sin Partner (Propio),Distancia,0,0,0,0,0,0,0,0,0,0,0,0,0,0,1,0,0,0
2021-11,2021,N/A,O05012603,MAESTRÍA EN CIENCIAS CONTABLES Y FINANCIERAS CON MENCION EN TRIBUTACIÓN FISCAL Y EMPRESARIAL (A DISTANCIA).,Otros,Sin Partner (Propio),Distancia,0,0,0,0,0,0,0,0,0,0,0,0,0,0,1,0,0,0
2021-12,2021,N/A,O05012603,MAESTRÍA EN CIENCIAS CONTABLES Y FINANCIERAS CON MENCION EN TRIBUTACIÓN FISCAL Y EMPRESARIAL (A DISTANCIA).,Otros,Sin Partner (Propio),Distancia,0,0,0,0,0,0,0,0,0,0,0,0,0,0,1,0,0,0
2022-01,2022,N/A,O05012603,MAESTRÍA EN CIENCIAS CONTABLES Y FINANCIERAS CON MENCION EN TRIBUTACIÓN FISCAL Y EMPRESARIAL (A DISTANCIA).,Otros,Sin Partner (Propio),Distancia,0,0,0,0,0,0,0,0,0,0,0,0,0,0,1,0,0,0
2022-02,2022,N/A,O05012603,MAESTRÍA EN CIENCIAS CONTABLES Y FINANCIERAS CON MENCION EN TRIBUTACIÓN FISCAL Y EMPRESARIAL (A DISTANCIA).,Otros,Sin Partner (Propio),Distancia,0,0,0,0,0,0,0,0,0,0,0,0,0,0,1,0,0,0
2022-03,2022,N/A,O05012603,MAESTRÍA EN CIENCIAS CONTABLES Y FINANCIERAS CON MENCION EN TRIBUTACIÓN FISCAL Y EMPRESARIAL (A DISTANCIA).,Otros,Sin Partner (Propio),Distancia,0,0,0,0,0,0,0,0,0,0,0,0,0,0,1,0,0,0
2022-04,2022,N/A,O05012603,MAESTRÍA EN CIENCIAS CONTABLES Y FINANCIERAS CON MENCION EN TRIBUTACIÓN FISCAL Y EMPRESARIAL (A DISTANCIA).,Otros,Sin Partner (Propio),Distancia,0,0,0,0,0,0,0,0,0,0,0,0,0,0,1,0,0,0
2022-05,2022,N/A,O05012603,MAESTRÍA EN CIENCIAS CONTABLES Y FINANCIERAS CON MENCION EN TRIBUTACIÓN FISCAL Y EMPRESARIAL (A DISTANCIA).,Otros,Sin Partner (Propio),Distancia,0,0,0,0,0,0,0,0,0,0,0,0,0,0,1,0,0,0
2022-06,2022,N/A,O05012603,MAESTRÍA EN CIENCIAS CONTABLES Y FINANCIERAS CON MENCION EN TRIBUTACIÓN FISCAL Y EMPRESARIAL (A DISTANCIA).,Otros,Sin Partner (Propio),Distancia,0,0,0,0,0,0,0,0,0,0,0,0,0,0,1,0,0,0
2022-07,2022,N/A,O05012603,MAESTRÍA EN CIENCIAS CONTABLES Y FINANCIERAS CON MENCION EN TRIBUTACIÓN FISCAL Y EMPRESARIAL (A DISTANCIA).,Otros,Sin Partner (Propio),Distancia,0,0,0,0,0,0,0,0,0,0,0,0,0,0,1,0,0,0
2022-08,2022,N/A,O05012603,MAESTRÍA EN CIENCIAS CONTABLES Y FINANCIERAS CON MENCION EN TRIBUTACIÓN FISCAL Y EMPRESARIAL (A DISTANCIA).,Otros,Sin Partner (Propio),Distancia,0,0,0,0,0,0,0,0,0,0,0,0,0,0,1,0,0,0
2022-09,2022,N/A,O05012603,MAESTRÍA EN CIENCIAS CONTABLES Y FINANCIERAS CON MENCION EN TRIBUTACIÓN FISCAL Y EMPRESARIAL (A DISTANCIA).,Otros,Sin Partner (Propio),Distancia,0,0,0,0,0,0,0,0,0,0,0,0,0,0,1,0,0,0
2022-10,2022,N/A,O05012603,MAESTRÍA EN CIENCIAS CONTABLES Y FINANCIERAS CON MENCION EN TRIBUTACIÓN FISCAL Y EMPRESARIAL (A DISTANCIA).,Otros,Sin Partner (Propio),Distancia,0,0,0,0,0,0,0,0,0,0,0,0,0,0,1,0,0,0
2022-11,2022,N/A,O05012603,MAESTRÍA EN CIENCIAS CONTABLES Y FINANCIERAS CON MENCION EN TRIBUTACIÓN FISCAL Y EMPRESARIAL (A DISTANCIA).,Otros,Sin Partner (Propio),Distancia,0,0,0,0,0,0,0,0,0,0,0,0,0,0,1,0,0,0
2022-12,2022,N/A,O05012603,MAESTRÍA EN CIENCIAS CONTABLES Y FINANCIERAS CON MENCION EN TRIBUTACIÓN FISCAL Y EMPRESARIAL (A DISTANCIA).,Otros,Sin Partner (Propio),Distancia,0,0,0,0,0,0,0,0,0,0,0,0,0,0,1,0,0,0
2023-01,2023,N/A,O05012603,MAESTRÍA EN CIENCIAS CONTABLES Y FINANCIERAS CON MENCION EN TRIBUTACIÓN FISCAL Y EMPRESARIAL (A DISTANCIA).,Otros,Sin Partner (Propio),Distancia,0,0,0,0,0,0,0,0,0,0,0,0,0,0,1,0,0,0
2023-02,2023,N/A,O05012603,MAESTRÍA EN CIENCIAS CONTABLES Y FINANCIERAS CON MENCION EN TRIBUTACIÓN FISCAL Y EMPRESARIAL (A DISTANCIA).,Otros,Sin Partner (Propio),Distancia,0,0,0,0,0,0,0,0,0,0,0,0,0,0,1,0,0,0
2023-03,2023,N/A,O05012603,MAESTRÍA EN CIENCIAS CONTABLES Y FINANCIERAS CON MENCION EN TRIBUTACIÓN FISCAL Y EMPRESARIAL (A DISTANCIA).,Otros,Sin Partner (Propio),Distancia,0,0,0,0,0,0,0,0,0,0,0,0,0,0,1,0,0,0
2023-04,2023,N/A,O05012603,MAESTRÍA EN CIENCIAS CONTABLES Y FINANCIERAS CON MENCION EN TRIBUTACIÓN FISCAL Y EMPRESARIAL (A DISTANCIA).,Otros,Sin Partner (Propio),Distancia,0,0,0,0,0,0,0,0,0,0,0,0,0,0,1,0,0,0
2023-05,2023,N/A,O05012603,MAESTRÍA EN CIENCIAS CONTABLES Y FINANCIERAS CON MENCION EN TRIBUTACIÓN FISCAL Y EMPRESARIAL (A DISTANCIA).,Otros,Sin Partner (Propio),Distancia,0,0,0,0,0,0,0,0,0,0,0,0,0,0,1,0,0,0
2023-06,2023,N/A,O05012603,MAESTRÍA EN CIENCIAS CONTABLES Y FINANCIERAS CON MENCION EN TRIBUTACIÓN FISCAL Y EMPRESARIAL (A DISTANCIA).,Otros,Sin Partner (Propio),Distancia,0,0,0,0,0,0,0,0,0,0,0,0,0,0,1,0,0,0
2023-07,2023,Julio,O05012603,MAESTRÍA EN CIENCIAS CONTABLES Y FINANCIERAS CON MENCION EN TRIBUTACIÓN FISCAL Y EMPRESARIAL (A DISTANCIA).,Otros,Sin Partner (Propio),Distancia,0,7,0,0,0,0,0,0,0,0,0,0,0,0,1,0,7,7
2023-08,2023,Agosto,O05012603,MAESTRÍA EN CIENCIAS CONTABLES Y FINANCIERAS CON MENCION EN TRIBUTACIÓN FISCAL Y EMPRESARIAL (A DISTANCIA).,Otros,Sin Partner (Propio),Distancia,0,6,0,0,6,6,0,0,0,0,1,0,0,0,1,6,12,12
2023-09,2023,Setiembre,O05012603,MAESTRÍA EN CIENCIAS CONTABLES Y FINANCIERAS CON MENCION EN TRIBUTACIÓN FISCAL Y EMPRESARIAL (A DISTANCIA).,Otros,Sin Partner (Propio),Distancia,0,4,0,0,11,11,0,0,0,0,1,1,0,0,1,11,15,15
2023-10,2023,Octubre,O05012603,MAESTRÍA EN CIENCIAS CONTABLES Y FINANCIERAS CON MENCION EN TRIBUTACIÓN FISCAL Y EMPRESARIAL (A DISTANCIA).,Otros,Sin Partner (Propio),Distancia,0,10,0,0,13,13,0,0,0,0,2,1,1,0,1,13,23,23
2023-11,2023,Noviembre,O05012603,MAESTRÍA EN CIENCIAS CONTABLES Y FINANCIERAS CON MENCION EN TRIBUTACIÓN FISCAL Y EMPRESARIAL (A DISTANCIA).,Otros,Sin Partner (Propio),Distancia,0,8,0,0,19,19,0,1,0,0,4,2,1,0,1,19,28,28
2023-12,2023,Diciembre,O05012603,MAESTRÍA EN CIENCIAS CONTABLES Y FINANCIERAS CON MENCION EN TRIBUTACIÓN FISCAL Y EMPRESARIAL (A DISTANCIA).,Otros,Sin Partner (Propio),Distancia,0,7,0,0,26,25,1,0,0,0,3,3,3,0,1,26,33,33
2024-01,2024,Enero,O05012603,MAESTRÍA EN CIENCIAS CONTABLES Y FINANCIERAS CON MENCION EN TRIBUTACIÓN FISCAL Y EMPRESARIAL (A DISTANCIA).,Otros,Sin Partner (Propio),Distancia,0,13,0,0,33,31,2,1,0,0,2,1,5,0,1,33,47,47
2024-02,2024,Febrero,O05012603,MAESTRÍA EN CIENCIAS CONTABLES Y FINANCIERAS CON MENCION EN TRIBUTACIÓN FISCAL Y EMPRESARIAL (A DISTANCIA).,Otros,Sin Partner (Propio),Distancia,0,14,0,0,43,43,0,1,0,0,4,2,5,0,1,43,58,58
2024-03,2024,Marzo,O05012603,MAESTRÍA EN CIENCIAS CONTABLES Y FINANCIERAS CON MENCION EN TRIBUTACIÓN FISCAL Y EMPRESARIAL (A DISTANCIA).,Otros,Sin Partner (Propio),Distancia,0,19,0,0,51,51,0,1,0,0,7,4,6,0,1,51,71,71
2024-04,2024,Abril,O05012603,MAESTRÍA EN CIENCIAS CONTABLES Y FINANCIERAS CON MENCION EN TRIBUTACIÓN FISCAL Y EMPRESARIAL (A DISTANCIA).,Otros,Sin Partner (Propio),Distancia,0,8,0,0,71,69,2,1,0,0,2,5,7,2,1,71,80,80
2024-05,2024,Mayo,O05012603,MAESTRÍA EN CIENCIAS CONTABLES Y FINANCIERAS CON MENCION EN TRIBUTACIÓN FISCAL Y EMPRESARIAL (A DISTANCIA).,Otros,Sin Partner (Propio),Distancia,0,7,0,0,74,74,0,4,0,0,6,2,7,3,1,74,85,85
2024-06,2024,Junio,O05012603,MAESTRÍA EN CIENCIAS CONTABLES Y FINANCIERAS CON MENCION EN TRIBUTACIÓN FISCAL Y EMPRESARIAL (A DISTANCIA).,Otros,Sin Partner (Propio),Distancia,3,8,0,0,77,77,0,0,0,0,5,6,8,4,1,77,88,88
2024-07,2024,Julio,O05012603,MAESTRÍA EN CIENCIAS CONTABLES Y FINANCIERAS CON MENCION EN TRIBUTACIÓN FISCAL Y EMPRESARIAL (A DISTANCIA).,Otros,Sin Partner (Propio),Distancia,3,5,0,0,69,67,2,0,0,0,15,3,13,5,1,69,77,77
2024-08,2024,Agosto,O05012603,MAESTRÍA EN CIENCIAS CONTABLES Y FINANCIERAS CON MENCION EN TRIBUTACIÓN FISCAL Y EMPRESARIAL (A DISTANCIA).,Otros,Sin Partner (Propio),Distancia,2,10,0,0,82,72,10,2,0,0,1,4,12,7,1,82,96,96
2024-09,2024,Setiembre,O05012603,MAESTRÍA EN CIENCIAS CONTABLES Y FINANCIERAS CON MENCION EN TRIBUTACIÓN FISCAL Y EMPRESARIAL (A DISTANCIA).,Otros,Sin Partner (Propio),Distancia,3,13,0,0,86,85,1,1,0,0,6,0,13,9,1,86,103,103
2024-10,2024,Octubre,O05012603,MAESTRÍA EN CIENCIAS CONTABLES Y FINANCIERAS CON MENCION EN TRIBUTACIÓN FISCAL Y EMPRESARIAL (A DISTANCIA).,Otros,Sin Partner (Propio),Distancia,3,13,0,0,87,86,1,2,0,0,11,5,9,9,3,87,105,105
2024-11,2024,Noviembre,O05012603,MAESTRÍA EN CIENCIAS CONTABLES Y FINANCIERAS CON MENCION EN TRIBUTACIÓN FISCAL Y EMPRESARIAL (A DISTANCIA).,Otros,Sin Partner (Propio),Distancia,4,4,0,0,90,88,2,0,0,0,10,9,10,12,4,90,98,98
2024-12,2024,Diciembre,O05012603,MAESTRÍA EN CIENCIAS CONTABLES Y FINANCIERAS CON MENCION EN TRIBUTACIÓN FISCAL Y EMPRESARIAL (A DISTANCIA).,Otros,Sin Partner (Propio),Distancia,20,4,0,0,72,70,2,3,0,0,6,7,13,13,5,72,99,99
2025-01,2025,Enero,O05012603,MAESTRÍA EN CIENCIAS CONTABLES Y FINANCIERAS CON MENCION EN TRIBUTACIÓN FISCAL Y EMPRESARIAL (A DISTANCIA).,Otros,Sin Partner (Propio),Distancia,0,4,0,0,58,54,4,0,0,0,25,2,18,14,6,58,62,62
2025-02,2025,Febrero,O05012603,MAESTRÍA EN CIENCIAS CONTABLES Y FINANCIERAS CON MENCION EN TRIBUTACIÓN FISCAL Y EMPRESARIAL (A DISTANCIA).,Otros,Sin Partner (Propio),Distancia,19,19,0,0,59,48,11,4,0,0,5,7,13,12,8,59,101,101
2025-03,2025,Marzo,O05012603,MAESTRÍA EN CIENCIAS CONTABLES Y FINANCIERAS CON MENCION EN TRIBUTACIÓN FISCAL Y EMPRESARIAL (A DISTANCIA).,Otros,Sin Partner (Propio),Distancia,5,8,0,0,71,70,1,1,0,0,8,4,14,14,10,71,85,85
2025-04,2025,Abril,O05012603,MAESTRÍA EN CIENCIAS CONTABLES Y FINANCIERAS CON MENCION EN TRIBUTACIÓN FISCAL Y EMPRESARIAL (A DISTANCIA).,Otros,Sin Partner (Propio),Distancia,5,7,0,0,74,69,5,3,0,0,6,3,9,18,12,74,89,89
2025-05,2025,Mayo,O05012603,MAESTRÍA EN CIENCIAS CONTABLES Y FINANCIERAS CON MENCION EN TRIBUTACIÓN FISCAL Y EMPRESARIAL (A DISTANCIA).,Otros,Sin Partner (Propio),Distancia,6,16,0,0,71,71,0,2,1,0,8,5,8,15,16,71,96,96
2025-06,2025,Junio,O05012603,MAESTRÍA EN CIENCIAS CONTABLES Y FINANCIERAS CON MENCION EN TRIBUTACIÓN FISCAL Y EMPRESARIAL (A DISTANCIA).,Otros,Sin Partner (Propio),Distancia,6,8,0,0,74,73,1,0,0,0,13,6,12,13,18,74,88,88
2025-07,2025,Julio,O05012603,MAESTRÍA EN CIENCIAS CONTABLES Y FINANCIERAS CON MENCION EN TRIBUTACIÓN FISCAL Y EMPRESARIAL (A DISTANCIA).,Otros,Sin Partner (Propio),Distancia,6,10,0,0,72,65,7,2,1,0,12,6,12,14,19,72,91,91
2025-08,2025,Agosto,O05012603,MAESTRÍA EN CIENCIAS CONTABLES Y FINANCIERAS CON MENCION EN TRIBUTACIÓN FISCAL Y EMPRESARIAL (A DISTANCIA).,Otros,Sin Partner (Propio),Distancia,5,10,0,0,75,71,4,5,0,1,10,7,10,17,18,75,96,96
2025-09,2025,Setiembre,O05012603,MAESTRÍA EN CIENCIAS CONTABLES Y FINANCIERAS CON MENCION EN TRIBUTACIÓN FISCAL Y EMPRESARIAL (A DISTANCIA).,Otros,Sin Partner (Propio),Distancia,5,9,0,0,64,61,3,0,0,0,29,3,17,13,22,64,78,78
2025-10,2025,Octubre,O05012603,MAESTRÍA EN CIENCIAS CONTABLES Y FINANCIERAS CON MENCION EN TRIBUTACIÓN FISCAL Y EMPRESARIAL (A DISTANCIA).,Otros,Sin Partner (Propio),Distancia,6,10,0,0,83,68,15,2,1,0,4,9,15,9,28,83,102,102
2025-11,2025,Noviembre,O05012603,MAESTRÍA EN CIENCIAS CONTABLES Y FINANCIERAS CON MENCION EN TRIBUTACIÓN FISCAL Y EMPRESARIAL (A DISTANCIA).,Otros,Sin Partner (Propio),Distancia,14,4,0,0,75,73,2,0,0,0,11,2,19,10,30,75,93,93
2025-12,2025,Diciembre,O05012603,MAESTRÍA EN CIENCIAS CONTABLES Y FINANCIERAS CON MENCION EN TRIBUTACIÓN FISCAL Y EMPRESARIAL (A DISTANCIA).,Otros,Sin Partner (Propio),Distancia,1,15,0,0,45,45,0,3,0,0,33,11,16,12,30,45,64,64
2026-01,2026,Enero,O05012603,MAESTRÍA EN CIENCIAS CONTABLES Y FINANCIERAS CON MENCION EN TRIBUTACIÓN FISCAL Y EMPRESARIAL (A DISTANCIA).,Otros,Sin Partner (Propio),Distancia,8,10,0,0,79,56,23,4,0,0,4,6,16,16,32,79,101,101
2026-02,2026,Febrero,O05012603,MAESTRÍA EN CIENCIAS CONTABLES Y FINANCIERAS CON MENCION EN TRIBUTACIÓN FISCAL Y EMPRESARIAL (A DISTANCIA).,Otros,Sin Partner (Propio),Distancia,20,24,0,0,69,68,1,1,0,0,8,3,15,16,35,69,114,114
2026-03,2026,Marzo,O05012603,MAESTRÍA EN CIENCIAS CONTABLES Y FINANCIERAS CON MENCION EN TRIBUTACIÓN FISCAL Y EMPRESARIAL (A DISTANCIA).,Otros,Sin Partner (Propio),Distancia,3,21,0,0,62,61,1,0,0,1,31,7,14,19,34,62,87,87
2026-04,2026,Abril,O05012603,MAESTRÍA EN CIENCIAS CONTABLES Y FINANCIERAS CON MENCION EN TRIBUTACIÓN FISCAL Y EMPRESARIAL (A DISTANCIA).,Otros,Sin Partner (Propio),Distancia,5,12,0,0,94,77,17,3,1,0,7,10,15,18,36,94,115,115
2026-05,2026,Mayo,O05012603,MAESTRÍA EN CIENCIAS CONTABLES Y FINANCIERAS CON MENCION EN TRIBUTACIÓN FISCAL Y EMPRESARIAL (A DISTANCIA).,Otros,Sin Partner (Propio),Distancia,0,5,0,0,106,100,6,3,0,0,10,1,19,18,39,106,114,114
2026-06,2026,Junio,O05012603,MAESTRÍA EN CIENCIAS CONTABLES Y FINANCIERAS CON MENCION EN TRIBUTACIÓN FISCAL Y EMPRESARIAL (A DISTANCIA).,Otros,Sin Partner (Propio),Distancia,0,14,0,0,87,86,1,4,1,0,28,9,12,19,41,87,106,106
2026-07,2026,Julio,O05012603,MAESTRÍA EN CIENCIAS CONTABLES Y FINANCIERAS CON MENCION EN TRIBUTACIÓN FISCAL Y EMPRESARIAL (A DISTANCIA).,Otros,Sin Partner (Propio),Distancia,0,3,0,0,108,94,14,4,0,0,12,14,16,16,45,108,115,115
2020-05,2020,Mayo,O05012401,MAESTRIA EN CIENCIAS CONTABLES Y FINANCIERAS CON MENCION EN FINANZAS E INVERSIONES INTERNACIONALES,Otros,Sin Partner (Propio),Presencial Regular,0,28,0,0,0,0,0,0,0,0,0,0,0,0,0,0,0,28
2020-06,2020,N/A,O05012401,MAESTRIA EN CIENCIAS CONTABLES Y FINANCIERAS CON MENCION EN FINANZAS E INVERSIONES INTERNACIONALES,Otros,Sin Partner (Propio),Presencial Regular,0,0,0,0,0,0,0,0,0,0,28,0,0,0,0,0,0,0
2020-07,2020,N/A,O05012401,MAESTRIA EN CIENCIAS CONTABLES Y FINANCIERAS CON MENCION EN FINANZAS E INVERSIONES INTERNACIONALES,Otros,Sin Partner (Propio),Presencial Regular,0,0,0,0,0,0,0,0,0,0,0,28,0,0,0,0,0,0
2020-08,2020,N/A,O05012401,MAESTRIA EN CIENCIAS CONTABLES Y FINANCIERAS CON MENCION EN FINANZAS E INVERSIONES INTERNACIONALES,Otros,Sin Partner (Propio),Presencial Regular,0,0,0,0,0,0,0,0,0,0,0,0,28,0,0,0,0,0
2020-09,2020,N/A,O05012401,MAESTRIA EN CIENCIAS CONTABLES Y FINANCIERAS CON MENCION EN FINANZAS E INVERSIONES INTERNACIONALES,Otros,Sin Partner (Propio),Presencial Regular,0,0,0,0,0,0,0,0,0,0,0,0,28,0,0,0,0,0
2020-10,2020,N/A,O05012401,MAESTRIA EN CIENCIAS CONTABLES Y FINANCIERAS CON MENCION EN FINANZAS E INVERSIONES INTERNACIONALES,Otros,Sin Partner (Propio),Presencial Regular,0,0,0,0,0,0,0,0,0,0,0,0,28,0,0,0,0,0
2020-11,2020,N/A,O05012401,MAESTRIA EN CIENCIAS CONTABLES Y FINANCIERAS CON MENCION EN FINANZAS E INVERSIONES INTERNACIONALES,Otros,Sin Partner (Propio),Presencial Regular,0,0,0,0,0,0,0,0,0,0,0,0,28,0,0,0,0,0
2020-12,2020,N/A,O05012401,MAESTRIA EN CIENCIAS CONTABLES Y FINANCIERAS CON MENCION EN FINANZAS E INVERSIONES INTERNACIONALES,Otros,Sin Partner (Propio),Presencial Regular,0,0,0,0,0,0,0,0,0,0,0,0,0,28,0,0,0,0
2021-01,2021,N/A,O05012401,MAESTRIA EN CIENCIAS CONTABLES Y FINANCIERAS CON MENCION EN FINANZAS E INVERSIONES INTERNACIONALES,Otros,Sin Partner (Propio),Presencial Regular,0,0,0,0,0,0,0,0,0,0,0,0,0,28,0,0,0,0
2021-02,2021,N/A,O05012401,MAESTRIA EN CIENCIAS CONTABLES Y FINANCIERAS CON MENCION EN FINANZAS E INVERSIONES INTERNACIONALES,Otros,Sin Partner (Propio),Presencial Regular,0,0,0,0,0,0,0,0,0,0,0,0,0,28,0,0,0,0
2021-03,2021,N/A,O05012401,MAESTRIA EN CIENCIAS CONTABLES Y FINANCIERAS CON MENCION EN FINANZAS E INVERSIONES INTERNACIONALES,Otros,Sin Partner (Propio),Presencial Regular,0,0,0,0,0,0,0,0,0,0,0,0,0,28,0,0,0,0
2021-04,2021,N/A,O05012401,MAESTRIA EN CIENCIAS CONTABLES Y FINANCIERAS CON MENCION EN FINANZAS E INVERSIONES INTERNACIONALES,Otros,Sin Partner (Propio),Presencial Regular,0,0,0,0,0,0,0,0,0,0,0,0,0,28,0,0,0,0
2021-05,2021,N/A,O05012401,MAESTRIA EN CIENCIAS CONTABLES Y FINANCIERAS CON MENCION EN FINANZAS E INVERSIONES INTERNACIONALES,Otros,Sin Partner (Propio),Presencial Regular,0,0,0,0,0,0,0,0,0,0,0,0,0,28,0,0,0,0
2021-06,2021,N/A,O05012401,MAESTRIA EN CIENCIAS CONTABLES Y FINANCIERAS CON MENCION EN FINANZAS E INVERSIONES INTERNACIONALES,Otros,Sin Partner (Propio),Presencial Regular,0,0,0,0,0,0,0,0,0,0,0,0,0,0,28,0,0,0
2021-07,2021,N/A,O05012401,MAESTRIA EN CIENCIAS CONTABLES Y FINANCIERAS CON MENCION EN FINANZAS E INVERSIONES INTERNACIONALES,Otros,Sin Partner (Propio),Presencial Regular,0,0,0,0,0,0,0,0,0,0,0,0,0,0,28,0,0,0
2021-08,2021,N/A,O05012401,MAESTRIA EN CIENCIAS CONTABLES Y FINANCIERAS CON MENCION EN FINANZAS E INVERSIONES INTERNACIONALES,Otros,Sin Partner (Propio),Presencial Regular,0,0,0,0,0,0,0,0,0,0,0,0,0,0,28,0,0,0
2021-09,2021,N/A,O05012401,MAESTRIA EN CIENCIAS CONTABLES Y FINANCIERAS CON MENCION EN FINANZAS E INVERSIONES INTERNACIONALES,Otros,Sin Partner (Propio),Presencial Regular,0,0,0,0,0,0,0,0,0,0,0,0,0,0,28,0,0,0
2021-10,2021,N/A,O05012401,MAESTRIA EN CIENCIAS CONTABLES Y FINANCIERAS CON MENCION EN FINANZAS E INVERSIONES INTERNACIONALES,Otros,Sin Partner (Propio),Presencial Regular,0,0,0,0,0,0,0,0,0,0,0,0,0,0,28,0,0,0
2021-11,2021,N/A,O05012401,MAESTRIA EN CIENCIAS CONTABLES Y FINANCIERAS CON MENCION EN FINANZAS E INVERSIONES INTERNACIONALES,Otros,Sin Partner (Propio),Presencial Regular,0,0,0,0,0,0,0,0,0,0,0,0,0,0,28,0,0,0
2021-12,2021,N/A,O05012401,MAESTRIA EN CIENCIAS CONTABLES Y FINANCIERAS CON MENCION EN FINANZAS E INVERSIONES INTERNACIONALES,Otros,Sin Partner (Propio),Presencial Regular,0,0,0,0,0,0,0,0,0,0,0,0,0,0,28,0,0,0
2022-01,2022,N/A,O05012401,MAESTRIA EN CIENCIAS CONTABLES Y FINANCIERAS CON MENCION EN FINANZAS E INVERSIONES INTERNACIONALES,Otros,Sin Partner (Propio),Presencial Regular,0,0,0,0,0,0,0,0,0,0,0,0,0,0,28,0,0,0
2022-02,2022,N/A,O05012401,MAESTRIA EN CIENCIAS CONTABLES Y FINANCIERAS CON MENCION EN FINANZAS E INVERSIONES INTERNACIONALES,Otros,Sin Partner (Propio),Presencial Regular,0,0,0,0,0,0,0,0,0,0,0,0,0,0,28,0,0,0
2022-03,2022,N/A,O05012401,MAESTRIA EN CIENCIAS CONTABLES Y FINANCIERAS CON MENCION EN FINANZAS E INVERSIONES INTERNACIONALES,Otros,Sin Partner (Propio),Presencial Regular,0,0,0,0,0,0,0,0,0,0,0,0,0,0,28,0,0,0
2022-04,2022,N/A,O05012401,MAESTRIA EN CIENCIAS CONTABLES Y FINANCIERAS CON MENCION EN FINANZAS E INVERSIONES INTERNACIONALES,Otros,Sin Partner (Propio),Presencial Regular,0,0,0,0,0,0,0,0,0,0,0,0,0,0,28,0,0,0
2022-05,2022,N/A,O05012401,MAESTRIA EN CIENCIAS CONTABLES Y FINANCIERAS CON MENCION EN FINANZAS E INVERSIONES INTERNACIONALES,Otros,Sin Partner (Propio),Presencial Regular,0,0,0,0,0,0,0,0,0,0,0,0,0,0,28,0,0,0
2022-06,2022,N/A,O05012401,MAESTRIA EN CIENCIAS CONTABLES Y FINANCIERAS CON MENCION EN FINANZAS E INVERSIONES INTERNACIONALES,Otros,Sin Partner (Propio),Presencial Regular,0,0,0,0,0,0,0,0,0,0,0,0,0,0,28,0,0,0
2022-07,2022,N/A,O05012401,MAESTRIA EN CIENCIAS CONTABLES Y FINANCIERAS CON MENCION EN FINANZAS E INVERSIONES INTERNACIONALES,Otros,Sin Partner (Propio),Presencial Regular,0,0,0,0,0,0,0,0,0,0,0,0,0,0,28,0,0,0
2022-08,2022,N/A,O05012401,MAESTRIA EN CIENCIAS CONTABLES Y FINANCIERAS CON MENCION EN FINANZAS E INVERSIONES INTERNACIONALES,Otros,Sin Partner (Propio),Presencial Regular,0,0,0,0,0,0,0,0,0,0,0,0,0,0,28,0,0,0
2022-09,2022,N/A,O05012401,MAESTRIA EN CIENCIAS CONTABLES Y FINANCIERAS CON MENCION EN FINANZAS E INVERSIONES INTERNACIONALES,Otros,Sin Partner (Propio),Presencial Regular,0,0,0,0,0,0,0,0,0,0,0,0,0,0,28,0,0,0
2022-10,2022,N/A,O05012401,MAESTRIA EN CIENCIAS CONTABLES Y FINANCIERAS CON MENCION EN FINANZAS E INVERSIONES INTERNACIONALES,Otros,Sin Partner (Propio),Presencial Regular,0,0,0,0,0,0,0,0,0,0,0,0,0,0,28,0,0,0
2022-11,2022,N/A,O05012401,MAESTRIA EN CIENCIAS CONTABLES Y FINANCIERAS CON MENCION EN FINANZAS E INVERSIONES INTERNACIONALES,Otros,Sin Partner (Propio),Presencial Regular,0,0,0,0,0,0,0,0,0,0,0,0,0,0,28,0,0,0
2022-12,2022,N/A,O05012401,MAESTRIA EN CIENCIAS CONTABLES Y FINANCIERAS CON MENCION EN FINANZAS E INVERSIONES INTERNACIONALES,Otros,Sin Partner (Propio),Presencial Regular,0,0,0,0,0,0,0,0,0,0,0,0,0,0,28,0,0,0
2023-01,2023,N/A,O05012401,MAESTRIA EN CIENCIAS CONTABLES Y FINANCIERAS CON MENCION EN FINANZAS E INVERSIONES INTERNACIONALES,Otros,Sin Partner (Propio),Presencial Regular,0,0,0,0,0,0,0,0,0,0,0,0,0,0,28,0,0,0
2023-02,2023,N/A,O05012401,MAESTRIA EN CIENCIAS CONTABLES Y FINANCIERAS CON MENCION EN FINANZAS E INVERSIONES INTERNACIONALES,Otros,Sin Partner (Propio),Presencial Regular,0,0,0,0,0,0,0,0,0,0,0,0,0,0,28,0,0,0
2023-03,2023,N/A,O05012401,MAESTRIA EN CIENCIAS CONTABLES Y FINANCIERAS CON MENCION EN FINANZAS E INVERSIONES INTERNACIONALES,Otros,Sin Partner (Propio),Presencial Regular,0,0,0,0,0,0,0,0,0,0,0,0,0,0,28,0,0,0
2023-04,2023,N/A,O05012401,MAESTRIA EN CIENCIAS CONTABLES Y FINANCIERAS CON MENCION EN FINANZAS E INVERSIONES INTERNACIONALES,Otros,Sin Partner (Propio),Presencial Regular,0,0,0,0,0,0,0,0,0,0,0,0,0,0,28,0,0,0
2023-05,2023,N/A,O05012401,MAESTRIA EN CIENCIAS CONTABLES Y FINANCIERAS CON MENCION EN FINANZAS E INVERSIONES INTERNACIONALES,Otros,Sin Partner (Propio),Presencial Regular,0,0,0,0,0,0,0,0,0,0,0,0,0,0,28,0,0,0
2023-06,2023,N/A,O05012401,MAESTRIA EN CIENCIAS CONTABLES Y FINANCIERAS CON MENCION EN FINANZAS E INVERSIONES INTERNACIONALES,Otros,Sin Partner (Propio),Presencial Regular,0,0,0,0,0,0,0,0,0,0,0,0,0,0,28,0,0,0
2023-07,2023,N/A,O05012401,MAESTRIA EN CIENCIAS CONTABLES Y FINANCIERAS CON MENCION EN FINANZAS E INVERSIONES INTERNACIONALES,Otros,Sin Partner (Propio),Presencial Regular,0,0,0,0,0,0,0,0,0,0,0,0,0,0,28,0,0,0
2023-08,2023,N/A,O05012401,MAESTRIA EN CIENCIAS CONTABLES Y FINANCIERAS CON MENCION EN FINANZAS E INVERSIONES INTERNACIONALES,Otros,Sin Partner (Propio),Presencial Regular,0,0,0,0,0,0,0,0,0,0,0,0,0,0,28,0,0,0
2023-09,2023,N/A,O05012401,MAESTRIA EN CIENCIAS CONTABLES Y FINANCIERAS CON MENCION EN FINANZAS E INVERSIONES INTERNACIONALES,Otros,Sin Partner (Propio),Presencial Regular,0,0,0,0,0,0,0,0,0,0,0,0,0,0,28,0,0,0
2023-10,2023,N/A,O05012401,MAESTRIA EN CIENCIAS CONTABLES Y FINANCIERAS CON MENCION EN FINANZAS E INVERSIONES INTERNACIONALES,Otros,Sin Partner (Propio),Presencial Regular,0,0,0,0,0,0,0,0,0,0,0,0,0,0,28,0,0,0
2023-11,2023,N/A,O05012401,MAESTRIA EN CIENCIAS CONTABLES Y FINANCIERAS CON MENCION EN FINANZAS E INVERSIONES INTERNACIONALES,Otros,Sin Partner (Propio),Presencial Regular,0,0,0,0,0,0,0,0,0,0,0,0,0,0,28,0,0,0
2023-12,2023,N/A,O05012401,MAESTRIA EN CIENCIAS CONTABLES Y FINANCIERAS CON MENCION EN FINANZAS E INVERSIONES INTERNACIONALES,Otros,Sin Partner (Propio),Presencial Regular,0,0,0,0,0,0,0,0,0,0,0,0,0,0,28,0,0,0
2024-01,2024,N/A,O05012401,MAESTRIA EN CIENCIAS CONTABLES Y FINANCIERAS CON MENCION EN FINANZAS E INVERSIONES INTERNACIONALES,Otros,Sin Partner (Propio),Presencial Regular,0,0,0,0,0,0,0,0,0,0,0,0,0,0,28,0,0,0
2024-02,2024,N/A,O05012401,MAESTRIA EN CIENCIAS CONTABLES Y FINANCIERAS CON MENCION EN FINANZAS E INVERSIONES INTERNACIONALES,Otros,Sin Partner (Propio),Presencial Regular,0,0,0,0,0,0,0,0,0,0,0,0,0,0,28,0,0,0
2024-03,2024,N/A,O05012401,MAESTRIA EN CIENCIAS CONTABLES Y FINANCIERAS CON MENCION EN FINANZAS E INVERSIONES INTERNACIONALES,Otros,Sin Partner (Propio),Presencial Regular,0,0,0,0,0,0,0,0,0,0,0,0,0,0,28,0,0,0
2024-04,2024,N/A,O05012401,MAESTRIA EN CIENCIAS CONTABLES Y FINANCIERAS CON MENCION EN FINANZAS E INVERSIONES INTERNACIONALES,Otros,Sin Partner (Propio),Presencial Regular,0,0,0,0,0,0,0,0,0,0,0,0,0,0,28,0,0,0
2024-05,2024,N/A,O05012401,MAESTRIA EN CIENCIAS CONTABLES Y FINANCIERAS CON MENCION EN FINANZAS E INVERSIONES INTERNACIONALES,Otros,Sin Partner (Propio),Presencial Regular,0,0,0,0,0,0,0,0,0,0,0,0,0,0,28,0,0,0
2024-06,2024,N/A,O05012401,MAESTRIA EN CIENCIAS CONTABLES Y FINANCIERAS CON MENCION EN FINANZAS E INVERSIONES INTERNACIONALES,Otros,Sin Partner (Propio),Presencial Regular,0,0,0,0,0,0,0,0,0,0,0,0,0,0,28,0,0,0
2024-07,2024,N/A,O05012401,MAESTRIA EN CIENCIAS CONTABLES Y FINANCIERAS CON MENCION EN FINANZAS E INVERSIONES INTERNACIONALES,Otros,Sin Partner (Propio),Presencial Regular,0,0,0,0,0,0,0,0,0,0,0,0,0,0,28,0,0,0
2024-08,2024,N/A,O05012401,MAESTRIA EN CIENCIAS CONTABLES Y FINANCIERAS CON MENCION EN FINANZAS E INVERSIONES INTERNACIONALES,Otros,Sin Partner (Propio),Presencial Regular,0,0,0,0,0,0,0,0,0,0,0,0,0,0,28,0,0,0
2024-09,2024,N/A,O05012401,MAESTRIA EN CIENCIAS CONTABLES Y FINANCIERAS CON MENCION EN FINANZAS E INVERSIONES INTERNACIONALES,Otros,Sin Partner (Propio),Presencial Regular,0,0,0,0,0,0,0,0,0,0,0,0,0,0,28,0,0,0
2024-10,2024,N/A,O05012401,MAESTRIA EN CIENCIAS CONTABLES Y FINANCIERAS CON MENCION EN FINANZAS E INVERSIONES INTERNACIONALES,Otros,Sin Partner (Propio),Presencial Regular,0,0,0,0,0,0,0,0,0,0,0,0,0,0,28,0,0,0
2024-11,2024,N/A,O05012401,MAESTRIA EN CIENCIAS CONTABLES Y FINANCIERAS CON MENCION EN FINANZAS E INVERSIONES INTERNACIONALES,Otros,Sin Partner (Propio),Presencial Regular,0,0,0,0,0,0,0,0,0,0,0,0,0,0,28,0,0,0
2024-12,2024,N/A,O05012401,MAESTRIA EN CIENCIAS CONTABLES Y FINANCIERAS CON MENCION EN FINANZAS E INVERSIONES INTERNACIONALES,Otros,Sin Partner (Propio),Presencial Regular,0,0,0,0,0,0,0,0,0,0,0,0,0,0,28,0,0,0
2025-01,2025,N/A,O05012401,MAESTRIA EN CIENCIAS CONTABLES Y FINANCIERAS CON MENCION EN FINANZAS E INVERSIONES INTERNACIONALES,Otros,Sin Partner (Propio),Presencial Regular,0,0,0,0,0,0,0,0,0,0,0,0,0,0,28,0,0,0
2025-02,2025,N/A,O05012401,MAESTRIA EN CIENCIAS CONTABLES Y FINANCIERAS CON MENCION EN FINANZAS E INVERSIONES INTERNACIONALES,Otros,Sin Partner (Propio),Presencial Regular,0,0,0,0,0,0,0,0,0,0,0,0,0,0,28,0,0,0
2025-03,2025,N/A,O05012401,MAESTRIA EN CIENCIAS CONTABLES Y FINANCIERAS CON MENCION EN FINANZAS E INVERSIONES INTERNACIONALES,Otros,Sin Partner (Propio),Presencial Regular,0,0,0,0,0,0,0,0,0,0,0,0,0,0,28,0,0,0
2025-04,2025,N/A,O05012401,MAESTRIA EN CIENCIAS CONTABLES Y FINANCIERAS CON MENCION EN FINANZAS E INVERSIONES INTERNACIONALES,Otros,Sin Partner (Propio),Presencial Regular,0,0,0,0,0,0,0,0,0,0,0,0,0,0,28,0,0,0
2025-05,2025,N/A,O05012401,MAESTRIA EN CIENCIAS CONTABLES Y FINANCIERAS CON MENCION EN FINANZAS E INVERSIONES INTERNACIONALES,Otros,Sin Partner (Propio),Presencial Regular,0,0,0,0,0,0,0,0,0,0,0,0,0,0,28,0,0,0
2025-06,2025,N/A,O05012401,MAESTRIA EN CIENCIAS CONTABLES Y FINANCIERAS CON MENCION EN FINANZAS E INVERSIONES INTERNACIONALES,Otros,Sin Partner (Propio),Presencial Regular,0,0,0,0,0,0,0,0,0,0,0,0,0,0,28,0,0,0
2025-07,2025,N/A,O05012401,MAESTRIA EN CIENCIAS CONTABLES Y FINANCIERAS CON MENCION EN FINANZAS E INVERSIONES INTERNACIONALES,Otros,Sin Partner (Propio),Presencial Regular,0,0,0,0,0,0,0,0,0,0,0,0,0,0,28,0,0,0
2025-08,2025,N/A,O05012401,MAESTRIA EN CIENCIAS CONTABLES Y FINANCIERAS CON MENCION EN FINANZAS E INVERSIONES INTERNACIONALES,Otros,Sin Partner (Propio),Presencial Regular,0,0,0,0,0,0,0,0,0,0,0,0,0,0,28,0,0,0
2025-09,2025,N/A,O05012401,MAESTRIA EN CIENCIAS CONTABLES Y FINANCIERAS CON MENCION EN FINANZAS E INVERSIONES INTERNACIONALES,Otros,Sin Partner (Propio),Presencial Regular,0,0,0,0,0,0,0,0,0,0,0,0,0,0,28,0,0,0
2025-10,2025,N/A,O05012401,MAESTRIA EN CIENCIAS CONTABLES Y FINANCIERAS CON MENCION EN FINANZAS E INVERSIONES INTERNACIONALES,Otros,Sin Partner (Propio),Presencial Regular,0,0,0,0,0,0,0,0,0,0,0,0,0,0,28,0,0,0
2025-11,2025,N/A,O05012401,MAESTRIA EN CIENCIAS CONTABLES Y FINANCIERAS CON MENCION EN FINANZAS E INVERSIONES INTERNACIONALES,Otros,Sin Partner (Propio),Presencial Regular,0,0,0,0,0,0,0,0,0,0,0,0,0,0,28,0,0,0
2025-12,2025,N/A,O05012401,MAESTRIA EN CIENCIAS CONTABLES Y FINANCIERAS CON MENCION EN FINANZAS E INVERSIONES INTERNACIONALES,Otros,Sin Partner (Propio),Presencial Regular,0,0,0,0,0,0,0,0,0,0,0,0,0,0,28,0,0,0
2026-01,2026,N/A,O05012401,MAESTRIA EN CIENCIAS CONTABLES Y FINANCIERAS CON MENCION EN FINANZAS E INVERSIONES INTERNACIONALES,Otros,Sin Partner (Propio),Presencial Regular,0,0,0,0,0,0,0,0,0,0,0,0,0,0,28,0,0,0
2026-02,2026,N/A,O05012401,MAESTRIA EN CIENCIAS CONTABLES Y FINANCIERAS CON MENCION EN FINANZAS E INVERSIONES INTERNACIONALES,Otros,Sin Partner (Propio),Presencial Regular,0,0,0,0,0,0,0,0,0,0,0,0,0,0,28,0,0,0
2026-03,2026,N/A,O05012401,MAESTRIA EN CIENCIAS CONTABLES Y FINANCIERAS CON MENCION EN FINANZAS E INVERSIONES INTERNACIONALES,Otros,Sin Partner (Propio),Presencial Regular,0,0,0,0,0,0,0,0,0,0,0,0,0,0,28,0,0,0
2026-04,2026,N/A,O05012401,MAESTRIA EN CIENCIAS CONTABLES Y FINANCIERAS CON MENCION EN FINANZAS E INVERSIONES INTERNACIONALES,Otros,Sin Partner (Propio),Presencial Regular,0,0,0,0,0,0,0,0,0,0,0,0,0,0,28,0,0,0
2026-05,2026,N/A,O05012401,MAESTRIA EN CIENCIAS CONTABLES Y FINANCIERAS CON MENCION EN FINANZAS E INVERSIONES INTERNACIONALES,Otros,Sin Partner (Propio),Presencial Regular,0,0,0,0,0,0,0,0,0,0,0,0,0,0,28,0,0,0
2026-06,2026,N/A,O05012401,MAESTRIA EN CIENCIAS CONTABLES Y FINANCIERAS CON MENCION EN FINANZAS E INVERSIONES INTERNACIONALES,Otros,Sin Partner (Propio),Presencial Regular,0,0,0,0,0,0,0,0,0,0,0,0,0,0,28,0,0,0
2026-07,2026,N/A,O05012401,MAESTRIA EN CIENCIAS CONTABLES Y FINANCIERAS CON MENCION EN FINANZAS E INVERSIONES INTERNACIONALES,Otros,Sin Partner (Propio),Presencial Regular,0,0,0,0,0,0,0,0,0,0,0,0,0,0,28,0,0,0
2020-05,2020,Mayo,O05012501,MAESTRÍA EN CIENCIAS CONTABLES Y FINANCIERAS CON MENCION EN GESTIÓN DE RIESGOS Y AUDITORIA INTEGRAL,Otros,Sin Partner (Propio),Presencial Regular,0,42,1,0,0,0,0,0,0,0,0,0,0,0,0,0,0,42
2020-06,2020,N/A,O05012501,MAESTRÍA EN CIENCIAS CONTABLES Y FINANCIERAS CON MENCION EN GESTIÓN DE RIESGOS Y AUDITORIA INTEGRAL,Otros,Sin Partner (Propio),Presencial Regular,0,0,0,0,0,0,0,0,0,0,42,0,0,0,0,0,0,0
2020-07,2020,N/A,O05012501,MAESTRÍA EN CIENCIAS CONTABLES Y FINANCIERAS CON MENCION EN GESTIÓN DE RIESGOS Y AUDITORIA INTEGRAL,Otros,Sin Partner (Propio),Presencial Regular,0,0,0,0,0,0,0,0,0,0,0,42,0,0,0,0,0,0
2020-08,2020,N/A,O05012501,MAESTRÍA EN CIENCIAS CONTABLES Y FINANCIERAS CON MENCION EN GESTIÓN DE RIESGOS Y AUDITORIA INTEGRAL,Otros,Sin Partner (Propio),Presencial Regular,0,0,0,0,0,0,0,0,0,0,0,0,42,0,0,0,0,0
2020-09,2020,N/A,O05012501,MAESTRÍA EN CIENCIAS CONTABLES Y FINANCIERAS CON MENCION EN GESTIÓN DE RIESGOS Y AUDITORIA INTEGRAL,Otros,Sin Partner (Propio),Presencial Regular,0,0,0,0,0,0,0,0,0,0,0,0,42,0,0,0,0,0
2020-10,2020,N/A,O05012501,MAESTRÍA EN CIENCIAS CONTABLES Y FINANCIERAS CON MENCION EN GESTIÓN DE RIESGOS Y AUDITORIA INTEGRAL,Otros,Sin Partner (Propio),Presencial Regular,0,0,0,0,0,0,0,0,0,0,0,0,42,0,0,0,0,0
2020-11,2020,N/A,O05012501,MAESTRÍA EN CIENCIAS CONTABLES Y FINANCIERAS CON MENCION EN GESTIÓN DE RIESGOS Y AUDITORIA INTEGRAL,Otros,Sin Partner (Propio),Presencial Regular,0,0,0,0,0,0,0,0,0,0,0,0,42,0,0,0,0,0
2020-12,2020,N/A,O05012501,MAESTRÍA EN CIENCIAS CONTABLES Y FINANCIERAS CON MENCION EN GESTIÓN DE RIESGOS Y AUDITORIA INTEGRAL,Otros,Sin Partner (Propio),Presencial Regular,0,0,0,0,0,0,0,0,0,0,0,0,0,42,0,0,0,0
2021-01,2021,N/A,O05012501,MAESTRÍA EN CIENCIAS CONTABLES Y FINANCIERAS CON MENCION EN GESTIÓN DE RIESGOS Y AUDITORIA INTEGRAL,Otros,Sin Partner (Propio),Presencial Regular,0,0,0,0,0,0,0,0,0,0,0,0,0,42,0,0,0,0
2021-02,2021,N/A,O05012501,MAESTRÍA EN CIENCIAS CONTABLES Y FINANCIERAS CON MENCION EN GESTIÓN DE RIESGOS Y AUDITORIA INTEGRAL,Otros,Sin Partner (Propio),Presencial Regular,0,0,0,0,0,0,0,0,0,0,0,0,0,42,0,0,0,0
2021-03,2021,N/A,O05012501,MAESTRÍA EN CIENCIAS CONTABLES Y FINANCIERAS CON MENCION EN GESTIÓN DE RIESGOS Y AUDITORIA INTEGRAL,Otros,Sin Partner (Propio),Presencial Regular,0,0,0,0,0,0,0,0,0,0,0,0,0,42,0,0,0,0
2021-04,2021,N/A,O05012501,MAESTRÍA EN CIENCIAS CONTABLES Y FINANCIERAS CON MENCION EN GESTIÓN DE RIESGOS Y AUDITORIA INTEGRAL,Otros,Sin Partner (Propio),Presencial Regular,0,0,0,0,0,0,0,0,0,0,0,0,0,42,0,0,0,0
2021-05,2021,N/A,O05012501,MAESTRÍA EN CIENCIAS CONTABLES Y FINANCIERAS CON MENCION EN GESTIÓN DE RIESGOS Y AUDITORIA INTEGRAL,Otros,Sin Partner (Propio),Presencial Regular,0,0,0,0,0,0,0,0,0,0,0,0,0,42,0,0,0,0
2021-06,2021,N/A,O05012501,MAESTRÍA EN CIENCIAS CONTABLES Y FINANCIERAS CON MENCION EN GESTIÓN DE RIESGOS Y AUDITORIA INTEGRAL,Otros,Sin Partner (Propio),Presencial Regular,0,0,0,0,0,0,0,0,0,0,0,0,0,0,42,0,0,0
2021-07,2021,N/A,O05012501,MAESTRÍA EN CIENCIAS CONTABLES Y FINANCIERAS CON MENCION EN GESTIÓN DE RIESGOS Y AUDITORIA INTEGRAL,Otros,Sin Partner (Propio),Presencial Regular,0,0,0,0,0,0,0,0,0,0,0,0,0,0,42,0,0,0
2021-08,2021,N/A,O05012501,MAESTRÍA EN CIENCIAS CONTABLES Y FINANCIERAS CON MENCION EN GESTIÓN DE RIESGOS Y AUDITORIA INTEGRAL,Otros,Sin Partner (Propio),Presencial Regular,0,0,0,0,0,0,0,0,0,0,0,0,0,0,42,0,0,0
2021-09,2021,N/A,O05012501,MAESTRÍA EN CIENCIAS CONTABLES Y FINANCIERAS CON MENCION EN GESTIÓN DE RIESGOS Y AUDITORIA INTEGRAL,Otros,Sin Partner (Propio),Presencial Regular,0,0,0,0,0,0,0,0,0,0,0,0,0,0,42,0,0,0
2021-10,2021,N/A,O05012501,MAESTRÍA EN CIENCIAS CONTABLES Y FINANCIERAS CON MENCION EN GESTIÓN DE RIESGOS Y AUDITORIA INTEGRAL,Otros,Sin Partner (Propio),Presencial Regular,0,0,0,0,0,0,0,0,0,0,0,0,0,0,42,0,0,0
2021-11,2021,N/A,O05012501,MAESTRÍA EN CIENCIAS CONTABLES Y FINANCIERAS CON MENCION EN GESTIÓN DE RIESGOS Y AUDITORIA INTEGRAL,Otros,Sin Partner (Propio),Presencial Regular,0,0,0,0,0,0,0,0,0,0,0,0,0,0,42,0,0,0
2021-12,2021,N/A,O05012501,MAESTRÍA EN CIENCIAS CONTABLES Y FINANCIERAS CON MENCION EN GESTIÓN DE RIESGOS Y AUDITORIA INTEGRAL,Otros,Sin Partner (Propio),Presencial Regular,0,0,0,0,0,0,0,0,0,0,0,0,0,0,42,0,0,0
2022-01,2022,N/A,O05012501,MAESTRÍA EN CIENCIAS CONTABLES Y FINANCIERAS CON MENCION EN GESTIÓN DE RIESGOS Y AUDITORIA INTEGRAL,Otros,Sin Partner (Propio),Presencial Regular,0,0,0,0,0,0,0,0,0,0,0,0,0,0,42,0,0,0
2022-02,2022,N/A,O05012501,MAESTRÍA EN CIENCIAS CONTABLES Y FINANCIERAS CON MENCION EN GESTIÓN DE RIESGOS Y AUDITORIA INTEGRAL,Otros,Sin Partner (Propio),Presencial Regular,0,0,0,0,0,0,0,0,0,0,0,0,0,0,42,0,0,0
2022-03,2022,N/A,O05012501,MAESTRÍA EN CIENCIAS CONTABLES Y FINANCIERAS CON MENCION EN GESTIÓN DE RIESGOS Y AUDITORIA INTEGRAL,Otros,Sin Partner (Propio),Presencial Regular,0,0,0,0,0,0,0,0,0,0,0,0,0,0,42,0,0,0
2022-04,2022,N/A,O05012501,MAESTRÍA EN CIENCIAS CONTABLES Y FINANCIERAS CON MENCION EN GESTIÓN DE RIESGOS Y AUDITORIA INTEGRAL,Otros,Sin Partner (Propio),Presencial Regular,0,0,0,0,0,0,0,0,0,0,0,0,0,0,42,0,0,0
2022-05,2022,N/A,O05012501,MAESTRÍA EN CIENCIAS CONTABLES Y FINANCIERAS CON MENCION EN GESTIÓN DE RIESGOS Y AUDITORIA INTEGRAL,Otros,Sin Partner (Propio),Presencial Regular,0,0,0,0,0,0,0,0,0,0,0,0,0,0,42,0,0,0
2022-06,2022,N/A,O05012501,MAESTRÍA EN CIENCIAS CONTABLES Y FINANCIERAS CON MENCION EN GESTIÓN DE RIESGOS Y AUDITORIA INTEGRAL,Otros,Sin Partner (Propio),Presencial Regular,0,0,0,0,0,0,0,0,0,0,0,0,0,0,42,0,0,0
2022-07,2022,N/A,O05012501,MAESTRÍA EN CIENCIAS CONTABLES Y FINANCIERAS CON MENCION EN GESTIÓN DE RIESGOS Y AUDITORIA INTEGRAL,Otros,Sin Partner (Propio),Presencial Regular,0,0,0,0,0,0,0,0,0,0,0,0,0,0,42,0,0,0
2022-08,2022,N/A,O05012501,MAESTRÍA EN CIENCIAS CONTABLES Y FINANCIERAS CON MENCION EN GESTIÓN DE RIESGOS Y AUDITORIA INTEGRAL,Otros,Sin Partner (Propio),Presencial Regular,0,0,0,0,0,0,0,0,0,0,0,0,0,0,42,0,0,0
2022-09,2022,N/A,O05012501,MAESTRÍA EN CIENCIAS CONTABLES Y FINANCIERAS CON MENCION EN GESTIÓN DE RIESGOS Y AUDITORIA INTEGRAL,Otros,Sin Partner (Propio),Presencial Regular,0,0,0,0,0,0,0,0,0,0,0,0,0,0,42,0,0,0
2022-10,2022,N/A,O05012501,MAESTRÍA EN CIENCIAS CONTABLES Y FINANCIERAS CON MENCION EN GESTIÓN DE RIESGOS Y AUDITORIA INTEGRAL,Otros,Sin Partner (Propio),Presencial Regular,0,0,0,0,0,0,0,0,0,0,0,0,0,0,42,0,0,0
2022-11,2022,N/A,O05012501,MAESTRÍA EN CIENCIAS CONTABLES Y FINANCIERAS CON MENCION EN GESTIÓN DE RIESGOS Y AUDITORIA INTEGRAL,Otros,Sin Partner (Propio),Presencial Regular,0,0,0,0,0,0,0,0,0,0,0,0,0,0,42,0,0,0
2022-12,2022,N/A,O05012501,MAESTRÍA EN CIENCIAS CONTABLES Y FINANCIERAS CON MENCION EN GESTIÓN DE RIESGOS Y AUDITORIA INTEGRAL,Otros,Sin Partner (Propio),Presencial Regular,0,0,0,0,0,0,0,0,0,0,0,0,0,0,42,0,0,0
2023-01,2023,N/A,O05012501,MAESTRÍA EN CIENCIAS CONTABLES Y FINANCIERAS CON MENCION EN GESTIÓN DE RIESGOS Y AUDITORIA INTEGRAL,Otros,Sin Partner (Propio),Presencial Regular,0,0,0,0,0,0,0,0,0,0,0,0,0,0,42,0,0,0
2023-02,2023,N/A,O05012501,MAESTRÍA EN CIENCIAS CONTABLES Y FINANCIERAS CON MENCION EN GESTIÓN DE RIESGOS Y AUDITORIA INTEGRAL,Otros,Sin Partner (Propio),Presencial Regular,0,0,0,0,0,0,0,0,0,0,0,0,0,0,42,0,0,0
2023-03,2023,N/A,O05012501,MAESTRÍA EN CIENCIAS CONTABLES Y FINANCIERAS CON MENCION EN GESTIÓN DE RIESGOS Y AUDITORIA INTEGRAL,Otros,Sin Partner (Propio),Presencial Regular,0,0,0,0,0,0,0,0,0,0,0,0,0,0,42,0,0,0
2023-04,2023,N/A,O05012501,MAESTRÍA EN CIENCIAS CONTABLES Y FINANCIERAS CON MENCION EN GESTIÓN DE RIESGOS Y AUDITORIA INTEGRAL,Otros,Sin Partner (Propio),Presencial Regular,0,0,0,0,0,0,0,0,0,0,0,0,0,0,42,0,0,0
2023-05,2023,N/A,O05012501,MAESTRÍA EN CIENCIAS CONTABLES Y FINANCIERAS CON MENCION EN GESTIÓN DE RIESGOS Y AUDITORIA INTEGRAL,Otros,Sin Partner (Propio),Presencial Regular,0,0,0,0,0,0,0,0,0,0,0,0,0,0,42,0,0,0
2023-06,2023,N/A,O05012501,MAESTRÍA EN CIENCIAS CONTABLES Y FINANCIERAS CON MENCION EN GESTIÓN DE RIESGOS Y AUDITORIA INTEGRAL,Otros,Sin Partner (Propio),Presencial Regular,0,0,0,0,0,0,0,0,0,0,0,0,0,0,42,0,0,0
2023-07,2023,N/A,O05012501,MAESTRÍA EN CIENCIAS CONTABLES Y FINANCIERAS CON MENCION EN GESTIÓN DE RIESGOS Y AUDITORIA INTEGRAL,Otros,Sin Partner (Propio),Presencial Regular,0,0,0,0,0,0,0,0,0,0,0,0,0,0,42,0,0,0
2023-08,2023,N/A,O05012501,MAESTRÍA EN CIENCIAS CONTABLES Y FINANCIERAS CON MENCION EN GESTIÓN DE RIESGOS Y AUDITORIA INTEGRAL,Otros,Sin Partner (Propio),Presencial Regular,0,0,0,0,0,0,0,0,0,0,0,0,0,0,42,0,0,0
2023-09,2023,N/A,O05012501,MAESTRÍA EN CIENCIAS CONTABLES Y FINANCIERAS CON MENCION EN GESTIÓN DE RIESGOS Y AUDITORIA INTEGRAL,Otros,Sin Partner (Propio),Presencial Regular,0,0,0,0,0,0,0,0,0,0,0,0,0,0,42,0,0,0
2023-10,2023,N/A,O05012501,MAESTRÍA EN CIENCIAS CONTABLES Y FINANCIERAS CON MENCION EN GESTIÓN DE RIESGOS Y AUDITORIA INTEGRAL,Otros,Sin Partner (Propio),Presencial Regular,0,0,0,0,0,0,0,0,0,0,0,0,0,0,42,0,0,0
2023-11,2023,N/A,O05012501,MAESTRÍA EN CIENCIAS CONTABLES Y FINANCIERAS CON MENCION EN GESTIÓN DE RIESGOS Y AUDITORIA INTEGRAL,Otros,Sin Partner (Propio),Presencial Regular,0,0,0,0,0,0,0,0,0,0,0,0,0,0,42,0,0,0
2023-12,2023,N/A,O05012501,MAESTRÍA EN CIENCIAS CONTABLES Y FINANCIERAS CON MENCION EN GESTIÓN DE RIESGOS Y AUDITORIA INTEGRAL,Otros,Sin Partner (Propio),Presencial Regular,0,0,0,0,0,0,0,0,0,0,0,0,0,0,42,0,0,0
2024-01,2024,N/A,O05012501,MAESTRÍA EN CIENCIAS CONTABLES Y FINANCIERAS CON MENCION EN GESTIÓN DE RIESGOS Y AUDITORIA INTEGRAL,Otros,Sin Partner (Propio),Presencial Regular,0,0,0,0,0,0,0,0,0,0,0,0,0,0,42,0,0,0
2024-02,2024,N/A,O05012501,MAESTRÍA EN CIENCIAS CONTABLES Y FINANCIERAS CON MENCION EN GESTIÓN DE RIESGOS Y AUDITORIA INTEGRAL,Otros,Sin Partner (Propio),Presencial Regular,0,0,0,0,0,0,0,0,0,0,0,0,0,0,42,0,0,0
2024-03,2024,N/A,O05012501,MAESTRÍA EN CIENCIAS CONTABLES Y FINANCIERAS CON MENCION EN GESTIÓN DE RIESGOS Y AUDITORIA INTEGRAL,Otros,Sin Partner (Propio),Presencial Regular,0,0,0,0,0,0,0,0,0,0,0,0,0,0,42,0,0,0
2024-04,2024,N/A,O05012501,MAESTRÍA EN CIENCIAS CONTABLES Y FINANCIERAS CON MENCION EN GESTIÓN DE RIESGOS Y AUDITORIA INTEGRAL,Otros,Sin Partner (Propio),Presencial Regular,0,0,0,0,0,0,0,0,0,0,0,0,0,0,42,0,0,0
2024-05,2024,N/A,O05012501,MAESTRÍA EN CIENCIAS CONTABLES Y FINANCIERAS CON MENCION EN GESTIÓN DE RIESGOS Y AUDITORIA INTEGRAL,Otros,Sin Partner (Propio),Presencial Regular,0,0,0,0,0,0,0,0,0,0,0,0,0,0,42,0,0,0
2024-06,2024,N/A,O05012501,MAESTRÍA EN CIENCIAS CONTABLES Y FINANCIERAS CON MENCION EN GESTIÓN DE RIESGOS Y AUDITORIA INTEGRAL,Otros,Sin Partner (Propio),Presencial Regular,0,0,0,0,0,0,0,0,0,0,0,0,0,0,42,0,0,0
2024-07,2024,N/A,O05012501,MAESTRÍA EN CIENCIAS CONTABLES Y FINANCIERAS CON MENCION EN GESTIÓN DE RIESGOS Y AUDITORIA INTEGRAL,Otros,Sin Partner (Propio),Presencial Regular,0,0,0,0,0,0,0,0,0,0,0,0,0,0,42,0,0,0
2024-08,2024,N/A,O05012501,MAESTRÍA EN CIENCIAS CONTABLES Y FINANCIERAS CON MENCION EN GESTIÓN DE RIESGOS Y AUDITORIA INTEGRAL,Otros,Sin Partner (Propio),Presencial Regular,0,0,0,0,0,0,0,0,0,0,0,0,0,0,42,0,0,0
2024-09,2024,N/A,O05012501,MAESTRÍA EN CIENCIAS CONTABLES Y FINANCIERAS CON MENCION EN GESTIÓN DE RIESGOS Y AUDITORIA INTEGRAL,Otros,Sin Partner (Propio),Presencial Regular,0,0,0,0,0,0,0,0,0,0,0,0,0,0,42,0,0,0
2024-10,2024,N/A,O05012501,MAESTRÍA EN CIENCIAS CONTABLES Y FINANCIERAS CON MENCION EN GESTIÓN DE RIESGOS Y AUDITORIA INTEGRAL,Otros,Sin Partner (Propio),Presencial Regular,0,0,0,0,0,0,0,0,0,0,0,0,0,0,42,0,0,0
2024-11,2024,N/A,O05012501,MAESTRÍA EN CIENCIAS CONTABLES Y FINANCIERAS CON MENCION EN GESTIÓN DE RIESGOS Y AUDITORIA INTEGRAL,Otros,Sin Partner (Propio),Presencial Regular,0,0,0,0,0,0,0,0,0,0,0,0,0,0,42,0,0,0
2024-12,2024,N/A,O05012501,MAESTRÍA EN CIENCIAS CONTABLES Y FINANCIERAS CON MENCION EN GESTIÓN DE RIESGOS Y AUDITORIA INTEGRAL,Otros,Sin Partner (Propio),Presencial Regular,0,0,0,0,0,0,0,0,0,0,0,0,0,0,42,0,0,0
2025-01,2025,N/A,O05012501,MAESTRÍA EN CIENCIAS CONTABLES Y FINANCIERAS CON MENCION EN GESTIÓN DE RIESGOS Y AUDITORIA INTEGRAL,Otros,Sin Partner (Propio),Presencial Regular,0,0,0,0,0,0,0,0,0,0,0,0,0,0,42,0,0,0
2025-02,2025,N/A,O05012501,MAESTRÍA EN CIENCIAS CONTABLES Y FINANCIERAS CON MENCION EN GESTIÓN DE RIESGOS Y AUDITORIA INTEGRAL,Otros,Sin Partner (Propio),Presencial Regular,0,0,0,0,0,0,0,0,0,0,0,0,0,0,42,0,0,0
2025-03,2025,N/A,O05012501,MAESTRÍA EN CIENCIAS CONTABLES Y FINANCIERAS CON MENCION EN GESTIÓN DE RIESGOS Y AUDITORIA INTEGRAL,Otros,Sin Partner (Propio),Presencial Regular,0,0,0,0,0,0,0,0,0,0,0,0,0,0,42,0,0,0
2025-04,2025,N/A,O05012501,MAESTRÍA EN CIENCIAS CONTABLES Y FINANCIERAS CON MENCION EN GESTIÓN DE RIESGOS Y AUDITORIA INTEGRAL,Otros,Sin Partner (Propio),Presencial Regular,0,0,0,0,0,0,0,0,0,0,0,0,0,0,42,0,0,0
2025-05,2025,N/A,O05012501,MAESTRÍA EN CIENCIAS CONTABLES Y FINANCIERAS CON MENCION EN GESTIÓN DE RIESGOS Y AUDITORIA INTEGRAL,Otros,Sin Partner (Propio),Presencial Regular,0,0,0,0,0,0,0,0,0,0,0,0,0,0,42,0,0,0
2025-06,2025,N/A,O05012501,MAESTRÍA EN CIENCIAS CONTABLES Y FINANCIERAS CON MENCION EN GESTIÓN DE RIESGOS Y AUDITORIA INTEGRAL,Otros,Sin Partner (Propio),Presencial Regular,0,0,0,0,0,0,0,0,0,0,0,0,0,0,42,0,0,0
2025-07,2025,N/A,O05012501,MAESTRÍA EN CIENCIAS CONTABLES Y FINANCIERAS CON MENCION EN GESTIÓN DE RIESGOS Y AUDITORIA INTEGRAL,Otros,Sin Partner (Propio),Presencial Regular,0,0,0,0,0,0,0,0,0,0,0,0,0,0,42,0,0,0
2025-08,2025,N/A,O05012501,MAESTRÍA EN CIENCIAS CONTABLES Y FINANCIERAS CON MENCION EN GESTIÓN DE RIESGOS Y AUDITORIA INTEGRAL,Otros,Sin Partner (Propio),Presencial Regular,0,0,0,0,0,0,0,0,0,0,0,0,0,0,42,0,0,0
2025-09,2025,N/A,O05012501,MAESTRÍA EN CIENCIAS CONTABLES Y FINANCIERAS CON MENCION EN GESTIÓN DE RIESGOS Y AUDITORIA INTEGRAL,Otros,Sin Partner (Propio),Presencial Regular,0,0,0,0,0,0,0,0,0,0,0,0,0,0,42,0,0,0
2025-10,2025,N/A,O05012501,MAESTRÍA EN CIENCIAS CONTABLES Y FINANCIERAS CON MENCION EN GESTIÓN DE RIESGOS Y AUDITORIA INTEGRAL,Otros,Sin Partner (Propio),Presencial Regular,0,0,0,0,0,0,0,0,0,0,0,0,0,0,42,0,0,0
2025-11,2025,N/A,O05012501,MAESTRÍA EN CIENCIAS CONTABLES Y FINANCIERAS CON MENCION EN GESTIÓN DE RIESGOS Y AUDITORIA INTEGRAL,Otros,Sin Partner (Propio),Presencial Regular,0,0,0,0,0,0,0,0,0,0,0,0,0,0,42,0,0,0
2025-12,2025,N/A,O05012501,MAESTRÍA EN CIENCIAS CONTABLES Y FINANCIERAS CON MENCION EN GESTIÓN DE RIESGOS Y AUDITORIA INTEGRAL,Otros,Sin Partner (Propio),Presencial Regular,0,0,0,0,0,0,0,0,0,0,0,0,0,0,42,0,0,0
2026-01,2026,N/A,O05012501,MAESTRÍA EN CIENCIAS CONTABLES Y FINANCIERAS CON MENCION EN GESTIÓN DE RIESGOS Y AUDITORIA INTEGRAL,Otros,Sin Partner (Propio),Presencial Regular,0,0,0,0,0,0,0,0,0,0,0,0,0,0,42,0,0,0
2026-02,2026,N/A,O05012501,MAESTRÍA EN CIENCIAS CONTABLES Y FINANCIERAS CON MENCION EN GESTIÓN DE RIESGOS Y AUDITORIA INTEGRAL,Otros,Sin Partner (Propio),Presencial Regular,0,0,0,0,0,0,0,0,0,0,0,0,0,0,42,0,0,0
2026-03,2026,N/A,O05012501,MAESTRÍA EN CIENCIAS CONTABLES Y FINANCIERAS CON MENCION EN GESTIÓN DE RIESGOS Y AUDITORIA INTEGRAL,Otros,Sin Partner (Propio),Presencial Regular,0,0,0,0,0,0,0,0,0,0,0,0,0,0,42,0,0,0
2026-04,2026,N/A,O05012501,MAESTRÍA EN CIENCIAS CONTABLES Y FINANCIERAS CON MENCION EN GESTIÓN DE RIESGOS Y AUDITORIA INTEGRAL,Otros,Sin Partner (Propio),Presencial Regular,0,0,0,0,0,0,0,0,0,0,0,0,0,0,42,0,0,0
2026-05,2026,N/A,O05012501,MAESTRÍA EN CIENCIAS CONTABLES Y FINANCIERAS CON MENCION EN GESTIÓN DE RIESGOS Y AUDITORIA INTEGRAL,Otros,Sin Partner (Propio),Presencial Regular,0,0,0,0,0,0,0,0,0,0,0,0,0,0,42,0,0,0
2026-06,2026,N/A,O05012501,MAESTRÍA EN CIENCIAS CONTABLES Y FINANCIERAS CON MENCION EN GESTIÓN DE RIESGOS Y AUDITORIA INTEGRAL,Otros,Sin Partner (Propio),Presencial Regular,0,0,0,0,0,0,0,0,0,0,0,0,0,0,42,0,0,0
2026-07,2026,N/A,O05012501,MAESTRÍA EN CIENCIAS CONTABLES Y FINANCIERAS CON MENCION EN GESTIÓN DE RIESGOS Y AUDITORIA INTEGRAL,Otros,Sin Partner (Propio),Presencial Regular,0,0,0,0,0,0,0,0,0,0,0,0,0,0,42,0,0,0
2020-05,2020,Mayo,O05012601,MAESTRÍA EN CIENCIAS CONTABLES Y FINANCIERAS CON MENCION EN TRIBUTACIÓN FISCAL Y EMPRESARIAL,Otros,Sin Partner (Propio),Presencial Regular,0,51,0,0,0,0,0,0,0,0,0,0,0,0,0,0,0,51
2020-06,2020,N/A,O05012601,MAESTRÍA EN CIENCIAS CONTABLES Y FINANCIERAS CON MENCION EN TRIBUTACIÓN FISCAL Y EMPRESARIAL,Otros,Sin Partner (Propio),Presencial Regular,0,0,0,0,0,0,0,0,0,0,51,0,0,0,0,0,0,0
2020-07,2020,N/A,O05012601,MAESTRÍA EN CIENCIAS CONTABLES Y FINANCIERAS CON MENCION EN TRIBUTACIÓN FISCAL Y EMPRESARIAL,Otros,Sin Partner (Propio),Presencial Regular,0,0,0,0,0,0,0,0,0,0,0,51,0,0,0,0,0,0
2020-08,2020,N/A,O05012601,MAESTRÍA EN CIENCIAS CONTABLES Y FINANCIERAS CON MENCION EN TRIBUTACIÓN FISCAL Y EMPRESARIAL,Otros,Sin Partner (Propio),Presencial Regular,0,0,0,0,0,0,0,0,0,0,0,0,51,0,0,0,0,0
2020-09,2020,N/A,O05012601,MAESTRÍA EN CIENCIAS CONTABLES Y FINANCIERAS CON MENCION EN TRIBUTACIÓN FISCAL Y EMPRESARIAL,Otros,Sin Partner (Propio),Presencial Regular,0,0,0,0,0,0,0,0,0,0,0,0,51,0,0,0,0,0
2020-10,2020,N/A,O05012601,MAESTRÍA EN CIENCIAS CONTABLES Y FINANCIERAS CON MENCION EN TRIBUTACIÓN FISCAL Y EMPRESARIAL,Otros,Sin Partner (Propio),Presencial Regular,0,0,0,0,0,0,0,0,0,0,0,0,51,0,0,0,0,0
2020-11,2020,N/A,O05012601,MAESTRÍA EN CIENCIAS CONTABLES Y FINANCIERAS CON MENCION EN TRIBUTACIÓN FISCAL Y EMPRESARIAL,Otros,Sin Partner (Propio),Presencial Regular,0,0,0,0,0,0,0,0,0,0,0,0,51,0,0,0,0,0
2020-12,2020,N/A,O05012601,MAESTRÍA EN CIENCIAS CONTABLES Y FINANCIERAS CON MENCION EN TRIBUTACIÓN FISCAL Y EMPRESARIAL,Otros,Sin Partner (Propio),Presencial Regular,0,0,0,0,0,0,0,0,0,0,0,0,0,51,0,0,0,0
2021-01,2021,N/A,O05012601,MAESTRÍA EN CIENCIAS CONTABLES Y FINANCIERAS CON MENCION EN TRIBUTACIÓN FISCAL Y EMPRESARIAL,Otros,Sin Partner (Propio),Presencial Regular,0,0,0,0,0,0,0,0,0,0,0,0,0,51,0,0,0,0
2021-02,2021,N/A,O05012601,MAESTRÍA EN CIENCIAS CONTABLES Y FINANCIERAS CON MENCION EN TRIBUTACIÓN FISCAL Y EMPRESARIAL,Otros,Sin Partner (Propio),Presencial Regular,0,0,0,0,0,0,0,0,0,0,0,0,0,51,0,0,0,0
2021-03,2021,N/A,O05012601,MAESTRÍA EN CIENCIAS CONTABLES Y FINANCIERAS CON MENCION EN TRIBUTACIÓN FISCAL Y EMPRESARIAL,Otros,Sin Partner (Propio),Presencial Regular,0,0,0,0,0,0,0,0,0,0,0,0,0,51,0,0,0,0
2021-04,2021,N/A,O05012601,MAESTRÍA EN CIENCIAS CONTABLES Y FINANCIERAS CON MENCION EN TRIBUTACIÓN FISCAL Y EMPRESARIAL,Otros,Sin Partner (Propio),Presencial Regular,0,0,0,0,0,0,0,0,0,0,0,0,0,51,0,0,0,0
2021-05,2021,N/A,O05012601,MAESTRÍA EN CIENCIAS CONTABLES Y FINANCIERAS CON MENCION EN TRIBUTACIÓN FISCAL Y EMPRESARIAL,Otros,Sin Partner (Propio),Presencial Regular,0,0,0,0,0,0,0,0,0,0,0,0,0,51,0,0,0,0
2021-06,2021,N/A,O05012601,MAESTRÍA EN CIENCIAS CONTABLES Y FINANCIERAS CON MENCION EN TRIBUTACIÓN FISCAL Y EMPRESARIAL,Otros,Sin Partner (Propio),Presencial Regular,0,0,0,0,0,0,0,0,0,0,0,0,0,0,51,0,0,0
2021-07,2021,N/A,O05012601,MAESTRÍA EN CIENCIAS CONTABLES Y FINANCIERAS CON MENCION EN TRIBUTACIÓN FISCAL Y EMPRESARIAL,Otros,Sin Partner (Propio),Presencial Regular,0,0,0,0,0,0,0,0,0,0,0,0,0,0,51,0,0,0
2021-08,2021,N/A,O05012601,MAESTRÍA EN CIENCIAS CONTABLES Y FINANCIERAS CON MENCION EN TRIBUTACIÓN FISCAL Y EMPRESARIAL,Otros,Sin Partner (Propio),Presencial Regular,0,0,0,0,0,0,0,0,0,0,0,0,0,0,51,0,0,0
2021-09,2021,N/A,O05012601,MAESTRÍA EN CIENCIAS CONTABLES Y FINANCIERAS CON MENCION EN TRIBUTACIÓN FISCAL Y EMPRESARIAL,Otros,Sin Partner (Propio),Presencial Regular,0,0,0,0,0,0,0,0,0,0,0,0,0,0,51,0,0,0
2021-10,2021,N/A,O05012601,MAESTRÍA EN CIENCIAS CONTABLES Y FINANCIERAS CON MENCION EN TRIBUTACIÓN FISCAL Y EMPRESARIAL,Otros,Sin Partner (Propio),Presencial Regular,0,0,0,0,0,0,0,0,0,0,0,0,0,0,51,0,0,0
2021-11,2021,N/A,O05012601,MAESTRÍA EN CIENCIAS CONTABLES Y FINANCIERAS CON MENCION EN TRIBUTACIÓN FISCAL Y EMPRESARIAL,Otros,Sin Partner (Propio),Presencial Regular,0,0,0,0,0,0,0,0,0,0,0,0,0,0,51,0,0,0
2021-12,2021,N/A,O05012601,MAESTRÍA EN CIENCIAS CONTABLES Y FINANCIERAS CON MENCION EN TRIBUTACIÓN FISCAL Y EMPRESARIAL,Otros,Sin Partner (Propio),Presencial Regular,0,0,0,0,0,0,0,0,0,0,0,0,0,0,51,0,0,0
2022-01,2022,N/A,O05012601,MAESTRÍA EN CIENCIAS CONTABLES Y FINANCIERAS CON MENCION EN TRIBUTACIÓN FISCAL Y EMPRESARIAL,Otros,Sin Partner (Propio),Presencial Regular,0,0,0,0,0,0,0,0,0,0,0,0,0,0,51,0,0,0
2022-02,2022,N/A,O05012601,MAESTRÍA EN CIENCIAS CONTABLES Y FINANCIERAS CON MENCION EN TRIBUTACIÓN FISCAL Y EMPRESARIAL,Otros,Sin Partner (Propio),Presencial Regular,0,0,0,0,0,0,0,0,0,0,0,0,0,0,51,0,0,0
2022-03,2022,N/A,O05012601,MAESTRÍA EN CIENCIAS CONTABLES Y FINANCIERAS CON MENCION EN TRIBUTACIÓN FISCAL Y EMPRESARIAL,Otros,Sin Partner (Propio),Presencial Regular,0,0,0,0,0,0,0,0,0,0,0,0,0,0,51,0,0,0
2022-04,2022,N/A,O05012601,MAESTRÍA EN CIENCIAS CONTABLES Y FINANCIERAS CON MENCION EN TRIBUTACIÓN FISCAL Y EMPRESARIAL,Otros,Sin Partner (Propio),Presencial Regular,0,0,0,0,0,0,0,0,0,0,0,0,0,0,51,0,0,0
2022-05,2022,N/A,O05012601,MAESTRÍA EN CIENCIAS CONTABLES Y FINANCIERAS CON MENCION EN TRIBUTACIÓN FISCAL Y EMPRESARIAL,Otros,Sin Partner (Propio),Presencial Regular,0,0,0,0,0,0,0,0,0,0,0,0,0,0,51,0,0,0
2022-06,2022,N/A,O05012601,MAESTRÍA EN CIENCIAS CONTABLES Y FINANCIERAS CON MENCION EN TRIBUTACIÓN FISCAL Y EMPRESARIAL,Otros,Sin Partner (Propio),Presencial Regular,0,0,0,0,0,0,0,0,0,0,0,0,0,0,51,0,0,0
2022-07,2022,N/A,O05012601,MAESTRÍA EN CIENCIAS CONTABLES Y FINANCIERAS CON MENCION EN TRIBUTACIÓN FISCAL Y EMPRESARIAL,Otros,Sin Partner (Propio),Presencial Regular,0,0,0,0,0,0,0,0,0,0,0,0,0,0,51,0,0,0
2022-08,2022,N/A,O05012601,MAESTRÍA EN CIENCIAS CONTABLES Y FINANCIERAS CON MENCION EN TRIBUTACIÓN FISCAL Y EMPRESARIAL,Otros,Sin Partner (Propio),Presencial Regular,0,0,0,0,0,0,0,0,0,0,0,0,0,0,51,0,0,0
2022-09,2022,N/A,O05012601,MAESTRÍA EN CIENCIAS CONTABLES Y FINANCIERAS CON MENCION EN TRIBUTACIÓN FISCAL Y EMPRESARIAL,Otros,Sin Partner (Propio),Presencial Regular,0,0,0,0,0,0,0,0,0,0,0,0,0,0,51,0,0,0
2022-10,2022,N/A,O05012601,MAESTRÍA EN CIENCIAS CONTABLES Y FINANCIERAS CON MENCION EN TRIBUTACIÓN FISCAL Y EMPRESARIAL,Otros,Sin Partner (Propio),Presencial Regular,0,0,0,0,0,0,0,0,0,0,0,0,0,0,51,0,0,0
2022-11,2022,N/A,O05012601,MAESTRÍA EN CIENCIAS CONTABLES Y FINANCIERAS CON MENCION EN TRIBUTACIÓN FISCAL Y EMPRESARIAL,Otros,Sin Partner (Propio),Presencial Regular,0,0,0,0,0,0,0,0,0,0,0,0,0,0,51,0,0,0
2022-12,2022,N/A,O05012601,MAESTRÍA EN CIENCIAS CONTABLES Y FINANCIERAS CON MENCION EN TRIBUTACIÓN FISCAL Y EMPRESARIAL,Otros,Sin Partner (Propio),Presencial Regular,0,0,0,0,0,0,0,0,0,0,0,0,0,0,51,0,0,0
2023-01,2023,N/A,O05012601,MAESTRÍA EN CIENCIAS CONTABLES Y FINANCIERAS CON MENCION EN TRIBUTACIÓN FISCAL Y EMPRESARIAL,Otros,Sin Partner (Propio),Presencial Regular,0,0,0,0,0,0,0,0,0,0,0,0,0,0,51,0,0,0
2023-02,2023,N/A,O05012601,MAESTRÍA EN CIENCIAS CONTABLES Y FINANCIERAS CON MENCION EN TRIBUTACIÓN FISCAL Y EMPRESARIAL,Otros,Sin Partner (Propio),Presencial Regular,0,0,0,0,0,0,0,0,0,0,0,0,0,0,51,0,0,0
2023-03,2023,N/A,O05012601,MAESTRÍA EN CIENCIAS CONTABLES Y FINANCIERAS CON MENCION EN TRIBUTACIÓN FISCAL Y EMPRESARIAL,Otros,Sin Partner (Propio),Presencial Regular,0,0,0,0,0,0,0,0,0,0,0,0,0,0,51,0,0,0
2023-04,2023,N/A,O05012601,MAESTRÍA EN CIENCIAS CONTABLES Y FINANCIERAS CON MENCION EN TRIBUTACIÓN FISCAL Y EMPRESARIAL,Otros,Sin Partner (Propio),Presencial Regular,0,0,0,0,0,0,0,0,0,0,0,0,0,0,51,0,0,0
2023-05,2023,N/A,O05012601,MAESTRÍA EN CIENCIAS CONTABLES Y FINANCIERAS CON MENCION EN TRIBUTACIÓN FISCAL Y EMPRESARIAL,Otros,Sin Partner (Propio),Presencial Regular,0,0,0,0,0,0,0,0,0,0,0,0,0,0,51,0,0,0
2023-06,2023,N/A,O05012601,MAESTRÍA EN CIENCIAS CONTABLES Y FINANCIERAS CON MENCION EN TRIBUTACIÓN FISCAL Y EMPRESARIAL,Otros,Sin Partner (Propio),Presencial Regular,0,0,0,0,0,0,0,0,0,0,0,0,0,0,51,0,0,0
2023-07,2023,N/A,O05012601,MAESTRÍA EN CIENCIAS CONTABLES Y FINANCIERAS CON MENCION EN TRIBUTACIÓN FISCAL Y EMPRESARIAL,Otros,Sin Partner (Propio),Presencial Regular,0,0,0,0,0,0,0,0,0,0,0,0,0,0,51,0,0,0
2023-08,2023,N/A,O05012601,MAESTRÍA EN CIENCIAS CONTABLES Y FINANCIERAS CON MENCION EN TRIBUTACIÓN FISCAL Y EMPRESARIAL,Otros,Sin Partner (Propio),Presencial Regular,0,0,0,0,0,0,0,0,0,0,0,0,0,0,51,0,0,0
2023-09,2023,N/A,O05012601,MAESTRÍA EN CIENCIAS CONTABLES Y FINANCIERAS CON MENCION EN TRIBUTACIÓN FISCAL Y EMPRESARIAL,Otros,Sin Partner (Propio),Presencial Regular,0,0,0,0,0,0,0,0,0,0,0,0,0,0,51,0,0,0
2023-10,2023,N/A,O05012601,MAESTRÍA EN CIENCIAS CONTABLES Y FINANCIERAS CON MENCION EN TRIBUTACIÓN FISCAL Y EMPRESARIAL,Otros,Sin Partner (Propio),Presencial Regular,0,0,0,0,0,0,0,0,0,0,0,0,0,0,51,0,0,0
2023-11,2023,N/A,O05012601,MAESTRÍA EN CIENCIAS CONTABLES Y FINANCIERAS CON MENCION EN TRIBUTACIÓN FISCAL Y EMPRESARIAL,Otros,Sin Partner (Propio),Presencial Regular,0,0,0,0,0,0,0,0,0,0,0,0,0,0,51,0,0,0
2023-12,2023,N/A,O05012601,MAESTRÍA EN CIENCIAS CONTABLES Y FINANCIERAS CON MENCION EN TRIBUTACIÓN FISCAL Y EMPRESARIAL,Otros,Sin Partner (Propio),Presencial Regular,0,0,0,0,0,0,0,0,0,0,0,0,0,0,51,0,0,0
2024-01,2024,N/A,O05012601,MAESTRÍA EN CIENCIAS CONTABLES Y FINANCIERAS CON MENCION EN TRIBUTACIÓN FISCAL Y EMPRESARIAL,Otros,Sin Partner (Propio),Presencial Regular,0,0,0,0,0,0,0,0,0,0,0,0,0,0,51,0,0,0
2024-02,2024,N/A,O05012601,MAESTRÍA EN CIENCIAS CONTABLES Y FINANCIERAS CON MENCION EN TRIBUTACIÓN FISCAL Y EMPRESARIAL,Otros,Sin Partner (Propio),Presencial Regular,0,0,0,0,0,0,0,0,0,0,0,0,0,0,51,0,0,0
2024-03,2024,N/A,O05012601,MAESTRÍA EN CIENCIAS CONTABLES Y FINANCIERAS CON MENCION EN TRIBUTACIÓN FISCAL Y EMPRESARIAL,Otros,Sin Partner (Propio),Presencial Regular,0,0,0,0,0,0,0,0,0,0,0,0,0,0,51,0,0,0
2024-04,2024,N/A,O05012601,MAESTRÍA EN CIENCIAS CONTABLES Y FINANCIERAS CON MENCION EN TRIBUTACIÓN FISCAL Y EMPRESARIAL,Otros,Sin Partner (Propio),Presencial Regular,0,0,0,0,0,0,0,0,0,0,0,0,0,0,51,0,0,0
2024-05,2024,N/A,O05012601,MAESTRÍA EN CIENCIAS CONTABLES Y FINANCIERAS CON MENCION EN TRIBUTACIÓN FISCAL Y EMPRESARIAL,Otros,Sin Partner (Propio),Presencial Regular,0,0,0,0,0,0,0,0,0,0,0,0,0,0,51,0,0,0
2024-06,2024,N/A,O05012601,MAESTRÍA EN CIENCIAS CONTABLES Y FINANCIERAS CON MENCION EN TRIBUTACIÓN FISCAL Y EMPRESARIAL,Otros,Sin Partner (Propio),Presencial Regular,0,0,0,0,0,0,0,0,0,0,0,0,0,0,51,0,0,0
2024-07,2024,N/A,O05012601,MAESTRÍA EN CIENCIAS CONTABLES Y FINANCIERAS CON MENCION EN TRIBUTACIÓN FISCAL Y EMPRESARIAL,Otros,Sin Partner (Propio),Presencial Regular,0,0,0,0,0,0,0,0,0,0,0,0,0,0,51,0,0,0
2024-08,2024,N/A,O05012601,MAESTRÍA EN CIENCIAS CONTABLES Y FINANCIERAS CON MENCION EN TRIBUTACIÓN FISCAL Y EMPRESARIAL,Otros,Sin Partner (Propio),Presencial Regular,0,0,0,0,0,0,0,0,0,0,0,0,0,0,51,0,0,0
2024-09,2024,N/A,O05012601,MAESTRÍA EN CIENCIAS CONTABLES Y FINANCIERAS CON MENCION EN TRIBUTACIÓN FISCAL Y EMPRESARIAL,Otros,Sin Partner (Propio),Presencial Regular,0,0,0,0,0,0,0,0,0,0,0,0,0,0,51,0,0,0
2024-10,2024,N/A,O05012601,MAESTRÍA EN CIENCIAS CONTABLES Y FINANCIERAS CON MENCION EN TRIBUTACIÓN FISCAL Y EMPRESARIAL,Otros,Sin Partner (Propio),Presencial Regular,0,0,0,0,0,0,0,0,0,0,0,0,0,0,51,0,0,0
2024-11,2024,N/A,O05012601,MAESTRÍA EN CIENCIAS CONTABLES Y FINANCIERAS CON MENCION EN TRIBUTACIÓN FISCAL Y EMPRESARIAL,Otros,Sin Partner (Propio),Presencial Regular,0,0,0,0,0,0,0,0,0,0,0,0,0,0,51,0,0,0
2024-12,2024,N/A,O05012601,MAESTRÍA EN CIENCIAS CONTABLES Y FINANCIERAS CON MENCION EN TRIBUTACIÓN FISCAL Y EMPRESARIAL,Otros,Sin Partner (Propio),Presencial Regular,0,0,0,0,0,0,0,0,0,0,0,0,0,0,51,0,0,0
2025-01,2025,N/A,O05012601,MAESTRÍA EN CIENCIAS CONTABLES Y FINANCIERAS CON MENCION EN TRIBUTACIÓN FISCAL Y EMPRESARIAL,Otros,Sin Partner (Propio),Presencial Regular,0,0,0,0,0,0,0,0,0,0,0,0,0,0,51,0,0,0
2025-02,2025,N/A,O05012601,MAESTRÍA EN CIENCIAS CONTABLES Y FINANCIERAS CON MENCION EN TRIBUTACIÓN FISCAL Y EMPRESARIAL,Otros,Sin Partner (Propio),Presencial Regular,0,0,0,0,0,0,0,0,0,0,0,0,0,0,51,0,0,0
2025-03,2025,N/A,O05012601,MAESTRÍA EN CIENCIAS CONTABLES Y FINANCIERAS CON MENCION EN TRIBUTACIÓN FISCAL Y EMPRESARIAL,Otros,Sin Partner (Propio),Presencial Regular,0,0,0,0,0,0,0,0,0,0,0,0,0,0,51,0,0,0
2025-04,2025,N/A,O05012601,MAESTRÍA EN CIENCIAS CONTABLES Y FINANCIERAS CON MENCION EN TRIBUTACIÓN FISCAL Y EMPRESARIAL,Otros,Sin Partner (Propio),Presencial Regular,0,0,0,0,0,0,0,0,0,0,0,0,0,0,51,0,0,0
2025-05,2025,N/A,O05012601,MAESTRÍA EN CIENCIAS CONTABLES Y FINANCIERAS CON MENCION EN TRIBUTACIÓN FISCAL Y EMPRESARIAL,Otros,Sin Partner (Propio),Presencial Regular,0,0,0,0,0,0,0,0,0,0,0,0,0,0,51,0,0,0
2025-06,2025,N/A,O05012601,MAESTRÍA EN CIENCIAS CONTABLES Y FINANCIERAS CON MENCION EN TRIBUTACIÓN FISCAL Y EMPRESARIAL,Otros,Sin Partner (Propio),Presencial Regular,0,0,0,0,0,0,0,0,0,0,0,0,0,0,51,0,0,0
2025-07,2025,N/A,O05012601,MAESTRÍA EN CIENCIAS CONTABLES Y FINANCIERAS CON MENCION EN TRIBUTACIÓN FISCAL Y EMPRESARIAL,Otros,Sin Partner (Propio),Presencial Regular,0,0,0,0,0,0,0,0,0,0,0,0,0,0,51,0,0,0
2025-08,2025,N/A,O05012601,MAESTRÍA EN CIENCIAS CONTABLES Y FINANCIERAS CON MENCION EN TRIBUTACIÓN FISCAL Y EMPRESARIAL,Otros,Sin Partner (Propio),Presencial Regular,0,0,0,0,0,0,0,0,0,0,0,0,0,0,51,0,0,0
2025-09,2025,N/A,O05012601,MAESTRÍA EN CIENCIAS CONTABLES Y FINANCIERAS CON MENCION EN TRIBUTACIÓN FISCAL Y EMPRESARIAL,Otros,Sin Partner (Propio),Presencial Regular,0,0,0,0,0,0,0,0,0,0,0,0,0,0,51,0,0,0
2025-10,2025,N/A,O05012601,MAESTRÍA EN CIENCIAS CONTABLES Y FINANCIERAS CON MENCION EN TRIBUTACIÓN FISCAL Y EMPRESARIAL,Otros,Sin Partner (Propio),Presencial Regular,0,0,0,0,0,0,0,0,0,0,0,0,0,0,51,0,0,0
2025-11,2025,N/A,O05012601,MAESTRÍA EN CIENCIAS CONTABLES Y FINANCIERAS CON MENCION EN TRIBUTACIÓN FISCAL Y EMPRESARIAL,Otros,Sin Partner (Propio),Presencial Regular,0,0,0,0,0,0,0,0,0,0,0,0,0,0,51,0,0,0
2025-12,2025,N/A,O05012601,MAESTRÍA EN CIENCIAS CONTABLES Y FINANCIERAS CON MENCION EN TRIBUTACIÓN FISCAL Y EMPRESARIAL,Otros,Sin Partner (Propio),Presencial Regular,0,0,0,0,0,0,0,0,0,0,0,0,0,0,51,0,0,0
2026-01,2026,N/A,O05012601,MAESTRÍA EN CIENCIAS CONTABLES Y FINANCIERAS CON MENCION EN TRIBUTACIÓN FISCAL Y EMPRESARIAL,Otros,Sin Partner (Propio),Presencial Regular,0,0,0,0,0,0,0,0,0,0,0,0,0,0,51,0,0,0
2026-02,2026,N/A,O05012601,MAESTRÍA EN CIENCIAS CONTABLES Y FINANCIERAS CON MENCION EN TRIBUTACIÓN FISCAL Y EMPRESARIAL,Otros,Sin Partner (Propio),Presencial Regular,0,0,0,0,0,0,0,0,0,0,0,0,0,0,51,0,0,0
2026-03,2026,N/A,O05012601,MAESTRÍA EN CIENCIAS CONTABLES Y FINANCIERAS CON MENCION EN TRIBUTACIÓN FISCAL Y EMPRESARIAL,Otros,Sin Partner (Propio),Presencial Regular,0,0,0,0,0,0,0,0,0,0,0,0,0,0,51,0,0,0
2026-04,2026,N/A,O05012601,MAESTRÍA EN CIENCIAS CONTABLES Y FINANCIERAS CON MENCION EN TRIBUTACIÓN FISCAL Y EMPRESARIAL,Otros,Sin Partner (Propio),Presencial Regular,0,0,0,0,0,0,0,0,0,0,0,0,0,0,51,0,0,0
2026-05,2026,N/A,O05012601,MAESTRÍA EN CIENCIAS CONTABLES Y FINANCIERAS CON MENCION EN TRIBUTACIÓN FISCAL Y EMPRESARIAL,Otros,Sin Partner (Propio),Presencial Regular,0,0,0,0,0,0,0,0,0,0,0,0,0,0,51,0,0,0
2026-06,2026,N/A,O05012601,MAESTRÍA EN CIENCIAS CONTABLES Y FINANCIERAS CON MENCION EN TRIBUTACIÓN FISCAL Y EMPRESARIAL,Otros,Sin Partner (Propio),Presencial Regular,0,0,0,0,0,0,0,0,0,0,0,0,0,0,51,0,0,0
2026-07,2026,N/A,O05012601,MAESTRÍA EN CIENCIAS CONTABLES Y FINANCIERAS CON MENCION EN TRIBUTACIÓN FISCAL Y EMPRESARIAL,Otros,Sin Partner (Propio),Presencial Regular,0,0,0,0,0,0,0,0,0,0,0,0,0,0,51,0,0,0
2020-05,2020,Mayo,O09011302,MAESTRÍA EN E-BUSINESS,Otros,Sin Partner (Propio),Presencial Regular,0,10,0,0,0,0,0,0,0,0,0,0,0,0,0,0,0,10
2020-06,2020,Junio,O09011302,MAESTRÍA EN E-BUSINESS,Otros,Sin Partner (Propio),Presencial Regular,0,21,0,3,10,10,0,0,0,0,0,0,0,0,0,10,0,31
2020-07,2020,Julio,O09011302,MAESTRÍA EN E-BUSINESS,Otros,Sin Partner (Propio),Presencial Regular,0,18,0,0,29,29,0,0,0,0,2,0,0,0,0,29,0,47
2020-08,2020,Agosto,O09011302,MAESTRÍA EN E-BUSINESS,Otros,Sin Partner (Propio),Presencial Regular,0,10,0,0,42,42,0,0,0,0,5,2,0,0,0,42,0,52
2020-09,2020,Setiembre,O09011302,MAESTRÍA EN E-BUSINESS,Otros,Sin Partner (Propio),Presencial Regular,0,12,0,0,51,50,1,0,0,0,2,4,2,0,0,51,0,63
2020-10,2020,Octubre,O09011302,MAESTRÍA EN E-BUSINESS,Otros,Sin Partner (Propio),Presencial Regular,0,32,0,0,61,59,2,0,0,0,4,0,6,0,0,61,0,93
2020-11,2020,Noviembre,O09011302,MAESTRÍA EN E-BUSINESS,Otros,Sin Partner (Propio),Presencial Regular,0,18,0,1,84,83,1,0,0,0,10,3,6,0,0,84,0,102
2020-12,2020,Diciembre,O09011302,MAESTRÍA EN E-BUSINESS,Otros,Sin Partner (Propio),Presencial Regular,0,17,0,0,94,92,2,0,0,0,10,8,9,0,0,94,0,111
2021-01,2021,Enero,O09011302,MAESTRÍA EN E-BUSINESS,Otros,Sin Partner (Propio),Presencial Regular,0,11,0,1,108,102,6,2,0,0,9,4,13,2,0,108,0,121
2021-02,2021,Febrero,O09011302,MAESTRÍA EN E-BUSINESS,Otros,Sin Partner (Propio),Presencial Regular,0,18,0,0,111,108,3,1,0,0,13,6,13,5,0,111,0,130
2021-03,2021,Marzo,O09011302,MAESTRÍA EN E-BUSINESS,Otros,Sin Partner (Propio),Presencial Regular,3,18,0,0,117,114,3,1,0,0,13,10,18,5,0,117,0,139
2021-04,2021,Abril,O09011302,MAESTRÍA EN E-BUSINESS,Otros,Sin Partner (Propio),Presencial Regular,4,16,0,0,114,112,2,3,0,0,22,9,23,7,0,114,0,137
2021-05,2021,Mayo,O09011302,MAESTRÍA EN E-BUSINESS,Otros,Sin Partner (Propio),Presencial Regular,8,19,0,2,127,114,13,7,0,0,16,4,18,14,0,127,0,161
2021-06,2021,Junio,O09011302,MAESTRÍA EN E-BUSINESS,Otros,Sin Partner (Propio),Presencial Regular,2,13,0,2,120,115,5,4,1,0,37,10,16,15,0,120,0,140
2021-07,2021,Julio,O09011302,MAESTRÍA EN E-BUSINESS,Otros,Sin Partner (Propio),Presencial Regular,12,8,0,2,134,121,13,10,0,0,14,15,15,14,2,134,0,164
2021-08,2021,Agosto,O09011302,MAESTRÍA EN E-BUSINESS,Otros,Sin Partner (Propio),Presencial Regular,12,27,0,1,124,118,6,8,2,0,22,8,15,16,5,124,0,173
2021-09,2021,Setiembre,O09011302,MAESTRÍA EN E-BUSINESS,Otros,Sin Partner (Propio),Presencial Regular,2,24,0,1,115,108,7,3,0,0,51,15,18,18,5,115,0,144
2021-10,2021,Octubre,O09011302,MAESTRÍA EN E-BUSINESS,Otros,Sin Partner (Propio),Presencial Regular,20,15,0,3,126,111,15,11,0,0,27,23,18,17,7,126,0,172
2021-11,2021,Noviembre,O09011302,MAESTRÍA EN E-BUSINESS,Otros,Sin Partner (Propio),Presencial Regular,1,13,0,1,119,112,7,5,0,0,40,20,32,14,13,119,0,138
2021-12,2021,Diciembre,O09011302,MAESTRÍA EN E-BUSINESS,Otros,Sin Partner (Propio),Presencial Regular,22,12,0,2,122,111,11,12,0,0,20,16,34,16,14,122,0,168
2022-01,2022,Enero,O09011302,MAESTRÍA EN E-BUSINESS,Otros,Sin Partner (Propio),Presencial Regular,8,12,0,0,125,117,8,9,2,0,22,12,37,16,15,125,0,156
2022-02,2022,Febrero,O09011302,MAESTRÍA EN E-BUSINESS,Otros,Sin Partner (Propio),Presencial Regular,1,14,0,0,102,92,10,4,0,0,55,12,40,15,21,102,0,121
2022-03,2022,Marzo,O09011302,MAESTRÍA EN E-BUSINESS,Otros,Sin Partner (Propio),Presencial Regular,20,8,0,2,102,86,16,11,1,0,28,26,34,18,23,102,0,142
2022-04,2022,Abril,O09011302,MAESTRÍA EN E-BUSINESS,Otros,Sin Partner (Propio),Presencial Regular,5,9,0,0,76,70,6,3,0,1,50,19,47,27,23,76,0,94
2022-05,2022,Mayo,O09011302,MAESTRÍA EN E-BUSINESS,Otros,Sin Partner (Propio),Presencial Regular,13,12,0,0,90,69,21,9,1,0,16,22,49,29,26,90,0,125
2022-06,2022,Junio,O09011302,MAESTRÍA EN E-BUSINESS,Otros,Sin Partner (Propio),Presencial Regular,17,12,0,3,90,84,6,10,0,0,12,10,52,34,29,90,0,129
2022-07,2022,Julio,O09011302,MAESTRÍA EN E-BUSINESS,Otros,Sin Partner (Propio),Presencial Regular,3,11,0,0,67,65,2,5,0,0,44,10,53,37,30,67,0,86
2022-08,2022,Agosto,O09011302,MAESTRÍA EN E-BUSINESS,Otros,Sin Partner (Propio),Presencial Regular,11,12,0,2,85,68,17,10,4,0,13,21,33,45,35,85,0,122
2022-09,2022,Setiembre,O09011302,MAESTRÍA EN E-BUSINESS,Otros,Sin Partner (Propio),Presencial Regular,3,6,0,0,74,71,3,3,1,0,39,9,40,49,40,74,0,87
2022-10,2022,Octubre,O09011302,MAESTRÍA EN E-BUSINESS,Otros,Sin Partner (Propio),Presencial Regular,9,6,0,0,83,72,11,7,1,0,10,22,33,47,49,83,0,106
2022-11,2022,Noviembre,O09011302,MAESTRÍA EN E-BUSINESS,Otros,Sin Partner (Propio),Presencial Regular,8,4,0,1,67,67,0,9,0,0,24,9,41,46,54,67,0,88
2022-12,2022,Diciembre,O09011302,MAESTRÍA EN E-BUSINESS,Otros,Sin Partner (Propio),Presencial Regular,0,7,0,0,58,52,6,6,0,0,28,18,40,44,60,58,0,71
2023-01,2023,Enero,O09011302,MAESTRÍA EN E-BUSINESS,Otros,Sin Partner (Propio),Presencial Regular,10,10,0,1,71,56,15,11,3,0,15,7,33,49,62,71,0,105
2023-02,2023,Febrero,O09011302,MAESTRÍA EN E-BUSINESS,Otros,Sin Partner (Propio),Presencial Regular,4,7,0,0,67,62,5,1,1,0,31,9,34,36,78,67,0,80
2023-03,2023,Marzo,O09011302,MAESTRÍA EN E-BUSINESS,Otros,Sin Partner (Propio),Presencial Regular,8,11,0,2,66,56,10,5,0,1,17,18,26,38,85,66,0,91
2023-04,2023,Abril,O09011302,MAESTRÍA EN E-BUSINESS,Otros,Sin Partner (Propio),Presencial Regular,9,13,0,0,59,55,4,7,0,1,19,13,32,36,91,59,0,89
2023-05,2023,Mayo,O09011302,MAESTRÍA EN E-BUSINESS,Otros,Sin Partner (Propio),Presencial Regular,4,7,0,1,51,47,4,4,0,1,32,13,32,40,94,51,0,67
2023-06,2023,Junio,O09011302,MAESTRÍA EN E-BUSINESS,Otros,Sin Partner (Propio),Presencial Regular,7,16,0,1,63,52,11,6,1,0,10,16,34,40,97,63,0,93
2023-07,2023,Julio,O09011302,MAESTRÍA EN E-BUSINESS,Otros,Sin Partner (Propio),Presencial Regular,1,1,0,0,52,50,2,0,0,0,36,7,46,34,107,52,0,54
2023-08,2023,Agosto,O09011302,MAESTRÍA EN E-BUSINESS,Otros,Sin Partner (Propio),Presencial Regular,5,0,0,0,60,45,15,9,1,2,8,17,34,38,109,60,0,77
2023-09,2023,Setiembre,O09011302,MAESTRÍA EN E-BUSINESS,Otros,Sin Partner (Propio),Presencial Regular,13,1,0,0,52,51,1,9,2,0,11,6,33,36,116,52,0,77
2023-10,2023,Octubre,O09011302,MAESTRÍA EN E-BUSINESS,Otros,Sin Partner (Propio),Presencial Regular,3,0,0,0,36,34,2,2,0,0,28,9,31,36,121,36,0,41
2023-11,2023,Noviembre,O09011302,MAESTRÍA EN E-BUSINESS,Otros,Sin Partner (Propio),Presencial Regular,8,0,0,0,34,27,7,3,2,1,8,19,26,34,128,34,0,48
2023-12,2023,Diciembre,O09011302,MAESTRÍA EN E-BUSINESS,Otros,Sin Partner (Propio),Presencial Regular,7,0,0,0,17,15,2,2,0,0,22,4,37,34,132,17,0,26
2024-01,2024,Enero,O09011302,MAESTRÍA EN E-BUSINESS,Otros,Sin Partner (Propio),Presencial Regular,9,0,0,0,24,14,10,6,2,0,3,7,23,39,135,24,0,41
2024-02,2024,Febrero,O09011302,MAESTRÍA EN E-BUSINESS,Otros,Sin Partner (Propio),Presencial Regular,6,0,0,0,19,18,1,5,0,0,11,2,20,35,141,19,0,30
2024-03,2024,Marzo,O09011302,MAESTRÍA EN E-BUSINESS,Otros,Sin Partner (Propio),Presencial Regular,5,0,0,0,16,14,2,2,0,0,9,6,15,32,148,16,0,23
2024-04,2024,Abril,O09011302,MAESTRÍA EN E-BUSINESS,Otros,Sin Partner (Propio),Presencial Regular,4,0,0,0,14,12,2,1,0,2,5,5,12,34,151,14,0,21
2024-05,2024,Mayo,O09011302,MAESTRÍA EN E-BUSINESS,Otros,Sin Partner (Propio),Presencial Regular,2,0,0,0,6,4,2,4,1,0,11,3,12,27,158,6,0,13
2024-06,2024,Junio,O09011302,MAESTRÍA EN E-BUSINESS,Otros,Sin Partner (Propio),Presencial Regular,8,0,0,0,10,6,4,4,1,2,4,2,8,23,160,10,0,25
2024-07,2024,Julio,O09011302,MAESTRÍA EN E-BUSINESS,Otros,Sin Partner (Propio),Presencial Regular,5,0,0,0,3,3,0,0,0,0,11,4,7,15,169,3,0,8
2024-08,2024,Agosto,O09011302,MAESTRÍA EN E-BUSINESS,Otros,Sin Partner (Propio),Presencial Regular,3,0,0,0,5,1,4,2,0,0,0,6,6,15,172,5,0,10
2024-09,2024,Setiembre,O09011302,MAESTRÍA EN E-BUSINESS,Otros,Sin Partner (Propio),Presencial Regular,1,0,0,0,1,1,0,2,0,1,5,0,10,12,174,1,0,5
2024-10,2024,Octubre,O09011302,MAESTRÍA EN E-BUSINESS,Otros,Sin Partner (Propio),Presencial Regular,1,0,0,0,3,1,2,1,0,0,3,3,8,6,180,3,0,5
2024-11,2024,Noviembre,O09011302,MAESTRÍA EN E-BUSINESS,Otros,Sin Partner (Propio),Presencial Regular,4,0,0,0,1,1,0,2,0,0,1,3,5,7,181,1,0,7
2024-12,2024,Diciembre,O09011302,MAESTRÍA EN E-BUSINESS,Otros,Sin Partner (Propio),Presencial Regular,1,0,0,0,2,2,0,0,0,0,1,1,6,7,182,2,0,3
2025-01,2025,N/A,O09011302,MAESTRÍA EN E-BUSINESS,Otros,Sin Partner (Propio),Presencial Regular,0,0,0,0,0,0,0,0,0,0,2,1,5,8,183,0,0,0
2025-02,2025,N/A,O09011302,MAESTRÍA EN E-BUSINESS,Otros,Sin Partner (Propio),Presencial Regular,0,0,0,0,0,0,0,0,0,0,0,2,6,5,186,0,0,0
2025-03,2025,N/A,O09011302,MAESTRÍA EN E-BUSINESS,Otros,Sin Partner (Propio),Presencial Regular,0,0,0,0,0,0,0,0,0,0,0,0,7,6,186,0,0,0
2025-04,2025,N/A,O09011302,MAESTRÍA EN E-BUSINESS,Otros,Sin Partner (Propio),Presencial Regular,0,0,0,0,0,0,0,0,0,0,0,0,4,9,186,0,0,0
2025-05,2025,N/A,O09011302,MAESTRÍA EN E-BUSINESS,Otros,Sin Partner (Propio),Presencial Regular,0,0,0,0,0,0,0,0,0,0,0,0,3,8,188,0,0,0
2025-06,2025,N/A,O09011302,MAESTRÍA EN E-BUSINESS,Otros,Sin Partner (Propio),Presencial Regular,0,0,0,0,0,0,0,0,0,0,0,0,2,8,189,0,0,0
2025-07,2025,N/A,O09011302,MAESTRÍA EN E-BUSINESS,Otros,Sin Partner (Propio),Presencial Regular,0,0,0,0,0,0,0,0,0,0,0,0,0,8,191,0,0,0
2025-08,2025,N/A,O09011302,MAESTRÍA EN E-BUSINESS,Otros,Sin Partner (Propio),Presencial Regular,0,0,0,0,0,0,0,0,0,0,0,0,0,8,191,0,0,0
2025-09,2025,N/A,O09011302,MAESTRÍA EN E-BUSINESS,Otros,Sin Partner (Propio),Presencial Regular,0,0,0,0,0,0,0,0,0,0,0,0,0,7,192,0,0,0
2025-10,2025,N/A,O09011302,MAESTRÍA EN E-BUSINESS,Otros,Sin Partner (Propio),Presencial Regular,0,0,0,0,0,0,0,0,0,0,0,0,0,4,195,0,0,0
2025-11,2025,N/A,O09011302,MAESTRÍA EN E-BUSINESS,Otros,Sin Partner (Propio),Presencial Regular,0,0,0,0,0,0,0,0,0,0,0,0,0,3,196,0,0,0
2025-12,2025,N/A,O09011302,MAESTRÍA EN E-BUSINESS,Otros,Sin Partner (Propio),Presencial Regular,0,0,0,0,0,0,0,0,0,0,0,0,0,2,197,0,0,0
2026-01,2026,N/A,O09011302,MAESTRÍA EN E-BUSINESS,Otros,Sin Partner (Propio),Presencial Regular,0,0,0,0,0,0,0,0,0,0,0,0,0,0,199,0,0,0
2026-02,2026,N/A,O09011302,MAESTRÍA EN E-BUSINESS,Otros,Sin Partner (Propio),Presencial Regular,0,0,0,0,0,0,0,0,0,0,0,0,0,0,199,0,0,0
2026-03,2026,N/A,O09011302,MAESTRÍA EN E-BUSINESS,Otros,Sin Partner (Propio),Presencial Regular,0,0,0,0,0,0,0,0,0,0,0,0,0,0,199,0,0,0
2026-04,2026,N/A,O09011302,MAESTRÍA EN E-BUSINESS,Otros,Sin Partner (Propio),Presencial Regular,0,0,0,0,0,0,0,0,0,0,0,0,0,0,199,0,0,0
2026-05,2026,N/A,O09011302,MAESTRÍA EN E-BUSINESS,Otros,Sin Partner (Propio),Presencial Regular,0,0,0,0,0,0,0,0,0,0,0,0,0,0,199,0,0,0
2026-06,2026,N/A,O09011302,MAESTRÍA EN E-BUSINESS,Otros,Sin Partner (Propio),Presencial Regular,0,0,0,0,0,0,0,0,0,0,0,0,0,0,199,0,0,0
2026-07,2026,N/A,O09011302,MAESTRÍA EN E-BUSINESS,Otros,Sin Partner (Propio),Presencial Regular,0,0,0,0,0,0,0,0,0,0,0,0,0,0,199,0,0,0
2023-07,2023,Julio,O05012503,MAESTRÍA EN CIENCIAS CONTABLES Y FINANCIERAS CON MENCION EN GESTIÓN DE RIESGOS Y AUDITORIA INTEGRAL (A DISTANCIA).,Otros,Sin Partner (Propio),Distancia,0,5,0,0,0,0,0,0,0,0,0,0,0,0,0,0,5,5
2023-08,2023,Agosto,O05012503,MAESTRÍA EN CIENCIAS CONTABLES Y FINANCIERAS CON MENCION EN GESTIÓN DE RIESGOS Y AUDITORIA INTEGRAL (A DISTANCIA).,Otros,Sin Partner (Propio),Distancia,0,12,0,0,4,4,0,0,0,0,1,0,0,0,0,4,16,16
2023-09,2023,Setiembre,O05012503,MAESTRÍA EN CIENCIAS CONTABLES Y FINANCIERAS CON MENCION EN GESTIÓN DE RIESGOS Y AUDITORIA INTEGRAL (A DISTANCIA).,Otros,Sin Partner (Propio),Distancia,0,9,0,0,13,13,0,0,0,0,3,1,0,0,0,13,22,22
2023-10,2023,Octubre,O05012503,MAESTRÍA EN CIENCIAS CONTABLES Y FINANCIERAS CON MENCION EN GESTIÓN DE RIESGOS Y AUDITORIA INTEGRAL (A DISTANCIA).,Otros,Sin Partner (Propio),Distancia,0,6,0,0,21,20,1,0,0,0,2,2,1,0,0,21,27,27
2023-11,2023,Noviembre,O05012503,MAESTRÍA EN CIENCIAS CONTABLES Y FINANCIERAS CON MENCION EN GESTIÓN DE RIESGOS Y AUDITORIA INTEGRAL (A DISTANCIA).,Otros,Sin Partner (Propio),Distancia,0,3,0,0,25,24,1,0,0,0,3,1,3,0,0,25,28,28
2023-12,2023,Diciembre,O05012503,MAESTRÍA EN CIENCIAS CONTABLES Y FINANCIERAS CON MENCION EN GESTIÓN DE RIESGOS Y AUDITORIA INTEGRAL (A DISTANCIA).,Otros,Sin Partner (Propio),Distancia,0,5,0,0,25,23,2,0,0,0,5,1,4,0,0,25,30,30
2024-01,2024,Enero,O05012503,MAESTRÍA EN CIENCIAS CONTABLES Y FINANCIERAS CON MENCION EN GESTIÓN DE RIESGOS Y AUDITORIA INTEGRAL (A DISTANCIA).,Otros,Sin Partner (Propio),Distancia,0,8,0,0,30,28,2,0,0,0,2,3,5,0,0,30,38,38
2024-02,2024,Febrero,O05012503,MAESTRÍA EN CIENCIAS CONTABLES Y FINANCIERAS CON MENCION EN GESTIÓN DE RIESGOS Y AUDITORIA INTEGRAL (A DISTANCIA).,Otros,Sin Partner (Propio),Distancia,0,7,0,0,37,36,1,1,0,0,2,1,6,1,0,37,45,45
2024-03,2024,Marzo,O05012503,MAESTRÍA EN CIENCIAS CONTABLES Y FINANCIERAS CON MENCION EN GESTIÓN DE RIESGOS Y AUDITORIA INTEGRAL (A DISTANCIA).,Otros,Sin Partner (Propio),Distancia,0,2,0,0,42,41,1,0,0,0,4,1,6,2,0,42,44,44
2024-04,2024,Abril,O05012503,MAESTRÍA EN CIENCIAS CONTABLES Y FINANCIERAS CON MENCION EN GESTIÓN DE RIESGOS Y AUDITORIA INTEGRAL (A DISTANCIA).,Otros,Sin Partner (Propio),Distancia,0,5,0,0,41,38,3,0,0,0,6,1,6,3,0,41,46,46
2024-05,2024,Mayo,O05012503,MAESTRÍA EN CIENCIAS CONTABLES Y FINANCIERAS CON MENCION EN GESTIÓN DE RIESGOS Y AUDITORIA INTEGRAL (A DISTANCIA).,Otros,Sin Partner (Propio),Distancia,0,7,0,0,46,44,2,1,0,0,2,4,5,4,0,46,54,54
2024-06,2024,Junio,O05012503,MAESTRÍA EN CIENCIAS CONTABLES Y FINANCIERAS CON MENCION EN GESTIÓN DE RIESGOS Y AUDITORIA INTEGRAL (A DISTANCIA).,Otros,Sin Partner (Propio),Distancia,1,6,0,0,50,50,0,0,0,0,3,2,7,6,0,50,57,57
2024-07,2024,Julio,O05012503,MAESTRÍA EN CIENCIAS CONTABLES Y FINANCIERAS CON MENCION EN GESTIÓN DE RIESGOS Y AUDITORIA INTEGRAL (A DISTANCIA).,Otros,Sin Partner (Propio),Distancia,5,6,0,0,45,43,2,2,0,0,8,1,6,7,0,45,58,58
2024-08,2024,Agosto,O05012503,MAESTRÍA EN CIENCIAS CONTABLES Y FINANCIERAS CON MENCION EN GESTIÓN DE RIESGOS Y AUDITORIA INTEGRAL (A DISTANCIA).,Otros,Sin Partner (Propio),Distancia,6,4,0,0,49,45,4,1,1,0,3,3,5,6,1,49,61,61
2024-09,2024,Setiembre,O05012503,MAESTRÍA EN CIENCIAS CONTABLES Y FINANCIERAS CON MENCION EN GESTIÓN DE RIESGOS Y AUDITORIA INTEGRAL (A DISTANCIA).,Otros,Sin Partner (Propio),Distancia,4,5,0,0,49,48,1,1,0,0,3,2,7,5,2,49,59,59
2024-10,2024,Octubre,O05012503,MAESTRÍA EN CIENCIAS CONTABLES Y FINANCIERAS CON MENCION EN GESTIÓN DE RIESGOS Y AUDITORIA INTEGRAL (A DISTANCIA).,Otros,Sin Partner (Propio),Distancia,1,5,0,0,46,46,0,1,0,0,8,3,6,6,3,46,53,53
2024-11,2024,Noviembre,O05012503,MAESTRÍA EN CIENCIAS CONTABLES Y FINANCIERAS CON MENCION EN GESTIÓN DE RIESGOS Y AUDITORIA INTEGRAL (A DISTANCIA).,Otros,Sin Partner (Propio),Distancia,3,5,0,0,50,46,4,1,0,0,4,3,7,7,3,50,59,59
2024-12,2024,Diciembre,O05012503,MAESTRÍA EN CIENCIAS CONTABLES Y FINANCIERAS CON MENCION EN GESTIÓN DE RIESGOS Y AUDITORIA INTEGRAL (A DISTANCIA).,Otros,Sin Partner (Propio),Distancia,8,5,0,0,44,43,1,1,1,0,6,3,7,6,4,44,59,59
2025-01,2025,Enero,O05012503,MAESTRÍA EN CIENCIAS CONTABLES Y FINANCIERAS CON MENCION EN GESTIÓN DE RIESGOS Y AUDITORIA INTEGRAL (A DISTANCIA).,Otros,Sin Partner (Propio),Distancia,2,13,0,0,36,34,2,0,0,0,16,4,7,7,5,36,51,51
2025-02,2025,Febrero,O05012503,MAESTRÍA EN CIENCIAS CONTABLES Y FINANCIERAS CON MENCION EN GESTIÓN DE RIESGOS Y AUDITORIA INTEGRAL (A DISTANCIA).,Otros,Sin Partner (Propio),Distancia,5,8,0,0,51,43,8,2,0,0,4,5,8,7,6,51,66,66
2025-03,2025,Marzo,O05012503,MAESTRÍA EN CIENCIAS CONTABLES Y FINANCIERAS CON MENCION EN GESTIÓN DE RIESGOS Y AUDITORIA INTEGRAL (A DISTANCIA).,Otros,Sin Partner (Propio),Distancia,5,8,0,0,53,52,1,1,0,0,5,3,9,9,6,53,67,67
2025-04,2025,Abril,O05012503,MAESTRÍA EN CIENCIAS CONTABLES Y FINANCIERAS CON MENCION EN GESTIÓN DE RIESGOS Y AUDITORIA INTEGRAL (A DISTANCIA).,Otros,Sin Partner (Propio),Distancia,6,12,0,0,54,52,2,1,0,0,6,2,8,9,8,54,73,73
2025-05,2025,Mayo,O05012503,MAESTRÍA EN CIENCIAS CONTABLES Y FINANCIERAS CON MENCION EN GESTIÓN DE RIESGOS Y AUDITORIA INTEGRAL (A DISTANCIA).,Otros,Sin Partner (Propio),Distancia,3,5,0,0,58,55,3,2,0,0,9,3,7,9,9,58,68,68
2025-06,2025,Junio,O05012503,MAESTRÍA EN CIENCIAS CONTABLES Y FINANCIERAS CON MENCION EN GESTIÓN DE RIESGOS Y AUDITORIA INTEGRAL (A DISTANCIA).,Otros,Sin Partner (Propio),Distancia,4,9,0,0,54,53,1,1,1,0,9,7,7,9,10,54,69,69
2025-07,2025,Julio,O05012503,MAESTRÍA EN CIENCIAS CONTABLES Y FINANCIERAS CON MENCION EN GESTIÓN DE RIESGOS Y AUDITORIA INTEGRAL (A DISTANCIA).,Otros,Sin Partner (Propio),Distancia,4,3,0,0,57,55,2,2,0,0,7,6,11,9,11,57,66,66
2025-08,2025,Agosto,O05012503,MAESTRÍA EN CIENCIAS CONTABLES Y FINANCIERAS CON MENCION EN GESTIÓN DE RIESGOS Y AUDITORIA INTEGRAL (A DISTANCIA).,Otros,Sin Partner (Propio),Distancia,3,3,0,0,54,52,2,1,0,0,8,4,14,10,12,54,61,61
2025-09,2025,Setiembre,O05012503,MAESTRÍA EN CIENCIAS CONTABLES Y FINANCIERAS CON MENCION EN GESTIÓN DE RIESGOS Y AUDITORIA INTEGRAL (A DISTANCIA).,Otros,Sin Partner (Propio),Distancia,1,7,0,0,41,39,2,1,0,0,19,5,15,10,14,41,50,50
2025-10,2025,Octubre,O05012503,MAESTRÍA EN CIENCIAS CONTABLES Y FINANCIERAS CON MENCION EN GESTIÓN DE RIESGOS Y AUDITORIA INTEGRAL (A DISTANCIA).,Otros,Sin Partner (Propio),Distancia,7,8,0,0,63,48,15,3,1,0,0,0,14,9,16,63,81,81
2025-11,2025,Noviembre,O05012503,MAESTRÍA EN CIENCIAS CONTABLES Y FINANCIERAS CON MENCION EN GESTIÓN DE RIESGOS Y AUDITORIA INTEGRAL (A DISTANCIA).,Otros,Sin Partner (Propio),Distancia,13,3,0,0,53,53,0,0,0,0,9,0,8,14,16,53,69,69
2025-12,2025,Diciembre,O05012503,MAESTRÍA EN CIENCIAS CONTABLES Y FINANCIERAS CON MENCION EN GESTIÓN DE RIESGOS Y AUDITORIA INTEGRAL (A DISTANCIA).,Otros,Sin Partner (Propio),Distancia,0,3,0,0,36,36,0,1,0,0,20,9,3,16,18,36,40,40
2026-01,2026,Enero,O05012503,MAESTRÍA EN CIENCIAS CONTABLES Y FINANCIERAS CON MENCION EN GESTIÓN DE RIESGOS Y AUDITORIA INTEGRAL (A DISTANCIA).,Otros,Sin Partner (Propio),Distancia,10,8,0,0,47,36,11,2,0,0,4,2,6,16,19,47,67,67
2026-02,2026,Febrero,O05012503,MAESTRÍA EN CIENCIAS CONTABLES Y FINANCIERAS CON MENCION EN GESTIÓN DE RIESGOS Y AUDITORIA INTEGRAL (A DISTANCIA).,Otros,Sin Partner (Propio),Distancia,13,13,0,0,44,43,1,2,0,0,2,3,3,16,21,44,72,72
2026-03,2026,Marzo,O05012503,MAESTRÍA EN CIENCIAS CONTABLES Y FINANCIERAS CON MENCION EN GESTIÓN DE RIESGOS Y AUDITORIA INTEGRAL (A DISTANCIA).,Otros,Sin Partner (Propio),Distancia,0,7,0,0,38,38,0,0,0,1,21,2,6,14,22,38,46,46
2026-04,2026,Abril,O05012503,MAESTRÍA EN CIENCIAS CONTABLES Y FINANCIERAS CON MENCION EN GESTIÓN DE RIESGOS Y AUDITORIA INTEGRAL (A DISTANCIA).,Otros,Sin Partner (Propio),Distancia,10,8,0,0,49,42,7,3,0,0,3,5,5,12,24,49,70,70
2026-05,2026,Mayo,O05012503,MAESTRÍA EN CIENCIAS CONTABLES Y FINANCIERAS CON MENCION EN GESTIÓN DE RIESGOS Y AUDITORIA INTEGRAL (A DISTANCIA).,Otros,Sin Partner (Propio),Distancia,0,9,0,0,52,51,1,4,1,0,9,2,3,10,28,52,66,66
2026-06,2026,Junio,O05012503,MAESTRÍA EN CIENCIAS CONTABLES Y FINANCIERAS CON MENCION EN GESTIÓN DE RIESGOS Y AUDITORIA INTEGRAL (A DISTANCIA).,Otros,Sin Partner (Propio),Distancia,0,6,0,0,56,52,4,0,0,0,14,5,5,6,32,56,62,62
2026-07,2026,Julio,O05012503,MAESTRÍA EN CIENCIAS CONTABLES Y FINANCIERAS CON MENCION EN GESTIÓN DE RIESGOS Y AUDITORIA INTEGRAL (A DISTANCIA).,Otros,Sin Partner (Propio),Distancia,0,5,0,0,63,55,8,4,0,1,7,6,5,6,32,63,73,73
2023-07,2023,Julio,O06016105,MAESTRÍA EN DERECHO EN CIENCIAS PENALES (A DISTANCIA).,Otros,Sin Partner (Propio),Distancia,0,16,0,0,0,0,0,0,0,0,0,0,0,0,0,0,16,16
2023-08,2023,Agosto,O06016105,MAESTRÍA EN DERECHO EN CIENCIAS PENALES (A DISTANCIA).,Otros,Sin Partner (Propio),Distancia,0,23,0,0,14,14,0,0,0,0,2,0,0,0,0,14,37,37
2023-09,2023,Setiembre,O06016105,MAESTRÍA EN DERECHO EN CIENCIAS PENALES (A DISTANCIA).,Otros,Sin Partner (Propio),Distancia,0,27,0,0,31,31,0,0,0,0,6,2,0,0,0,31,58,58
2023-10,2023,Octubre,O06016105,MAESTRÍA EN DERECHO EN CIENCIAS PENALES (A DISTANCIA).,Otros,Sin Partner (Propio),Distancia,0,13,0,0,47,46,1,0,0,0,12,5,2,0,0,47,60,60
2023-11,2023,Noviembre,O06016105,MAESTRÍA EN DERECHO EN CIENCIAS PENALES (A DISTANCIA).,Otros,Sin Partner (Propio),Distancia,0,13,0,0,52,50,2,0,0,0,10,10,7,0,0,52,65,65
2023-12,2023,Diciembre,O06016105,MAESTRÍA EN DERECHO EN CIENCIAS PENALES (A DISTANCIA).,Otros,Sin Partner (Propio),Distancia,0,28,0,0,65,59,6,1,0,0,6,4,16,0,0,65,94,94
2024-01,2024,Enero,O06016105,MAESTRÍA EN DERECHO EN CIENCIAS PENALES (A DISTANCIA).,Otros,Sin Partner (Propio),Distancia,0,25,0,0,85,82,3,3,0,0,12,3,17,0,0,85,113,113
2024-02,2024,Febrero,O06016105,MAESTRÍA EN DERECHO EN CIENCIAS PENALES (A DISTANCIA).,Otros,Sin Partner (Propio),Distancia,0,35,0,0,96,94,2,0,0,0,19,10,19,1,0,96,131,131
2024-03,2024,Marzo,O06016105,MAESTRÍA EN DERECHO EN CIENCIAS PENALES (A DISTANCIA).,Otros,Sin Partner (Propio),Distancia,0,21,0,0,123,116,7,1,0,0,15,12,23,6,0,123,145,145
2024-04,2024,Abril,O06016105,MAESTRÍA EN DERECHO EN CIENCIAS PENALES (A DISTANCIA).,Otros,Sin Partner (Propio),Distancia,0,27,0,0,134,132,2,4,0,0,13,13,23,14,0,134,165,165
2024-05,2024,Mayo,O06016105,MAESTRÍA EN DERECHO EN CIENCIAS PENALES (A DISTANCIA).,Otros,Sin Partner (Propio),Distancia,2,22,0,0,152,147,5,2,0,0,16,8,32,16,0,152,178,178
2024-06,2024,Junio,O06016105,MAESTRÍA EN DERECHO EN CIENCIAS PENALES (A DISTANCIA).,Otros,Sin Partner (Propio),Distancia,5,20,0,0,151,146,5,6,0,0,25,11,31,19,0,151,182,182
2024-07,2024,Julio,O06016105,MAESTRÍA EN DERECHO EN CIENCIAS PENALES (A DISTANCIA).,Otros,Sin Partner (Propio),Distancia,0,29,0,0,165,157,8,3,0,0,20,17,31,27,0,165,197,197
2024-08,2024,Agosto,O06016105,MAESTRÍA EN DERECHO EN CIENCIAS PENALES (A DISTANCIA).,Otros,Sin Partner (Propio),Distancia,0,18,0,0,179,171,8,6,0,0,26,12,33,35,1,179,203,203
2024-09,2024,Setiembre,O06016105,MAESTRÍA EN DERECHO EN CIENCIAS PENALES (A DISTANCIA).,Otros,Sin Partner (Propio),Distancia,3,22,0,0,184,180,4,6,0,0,20,22,31,38,6,184,215,215
2024-10,2024,Octubre,O06016105,MAESTRÍA EN DERECHO EN CIENCIAS PENALES (A DISTANCIA).,Otros,Sin Partner (Propio),Distancia,3,26,0,0,195,186,9,5,0,0,23,11,44,34,14,195,229,229
2024-11,2024,Noviembre,O06016105,MAESTRÍA EN DERECHO EN CIENCIAS PENALES (A DISTANCIA).,Otros,Sin Partner (Propio),Distancia,1,14,0,0,219,202,17,8,0,0,23,6,39,40,16,219,242,242
2024-12,2024,Diciembre,O06016105,MAESTRÍA EN DERECHO EN CIENCIAS PENALES (A DISTANCIA).,Otros,Sin Partner (Propio),Distancia,8,15,0,0,213,197,16,5,0,1,37,6,31,46,18,213,242,242
2025-01,2025,Enero,O06016105,MAESTRÍA EN DERECHO EN CIENCIAS PENALES (A DISTANCIA).,Otros,Sin Partner (Propio),Distancia,1,22,0,0,209,197,12,7,0,0,36,25,25,43,26,209,239,239
2025-02,2025,Febrero,O06016105,MAESTRÍA EN DERECHO EN CIENCIAS PENALES (A DISTANCIA).,Otros,Sin Partner (Propio),Distancia,0,34,0,0,206,196,10,6,0,0,42,26,31,47,35,206,246,246
2025-03,2025,Marzo,O06016105,MAESTRÍA EN DERECHO EN CIENCIAS PENALES (A DISTANCIA).,Otros,Sin Partner (Propio),Distancia,11,31,0,0,227,208,19,8,1,0,30,22,40,46,42,227,278,278
2025-04,2025,Abril,O06016105,MAESTRÍA EN DERECHO EN CIENCIAS PENALES (A DISTANCIA).,Otros,Sin Partner (Propio),Distancia,9,40,0,0,241,225,16,12,0,1,35,14,45,45,45,241,303,303
2025-05,2025,Mayo,O06016105,MAESTRÍA EN DERECHO EN CIENCIAS PENALES (A DISTANCIA).,Otros,Sin Partner (Propio),Distancia,6,22,0,0,252,242,10,5,0,0,51,20,52,39,53,252,285,285
2025-06,2025,Junio,O06016105,MAESTRÍA EN DERECHO EN CIENCIAS PENALES (A DISTANCIA).,Otros,Sin Partner (Propio),Distancia,17,32,0,0,268,239,29,11,0,0,30,22,46,38,62,268,328,328
2025-07,2025,Julio,O06016105,MAESTRÍA EN DERECHO EN CIENCIAS PENALES (A DISTANCIA).,Otros,Sin Partner (Propio),Distancia,5,31,0,0,274,266,8,12,0,0,43,22,45,44,67,274,319,319
2025-08,2025,Agosto,O06016105,MAESTRÍA EN DERECHO EN CIENCIAS PENALES (A DISTANCIA).,Otros,Sin Partner (Propio),Distancia,2,48,0,0,283,273,10,8,1,0,41,31,47,42,80,283,342,342
2025-09,2025,Setiembre,O06016105,MAESTRÍA EN DERECHO EN CIENCIAS PENALES (A DISTANCIA).,Otros,Sin Partner (Propio),Distancia,21,45,0,0,326,303,23,17,2,0,26,15,47,42,87,326,409,409
2025-10,2025,Octubre,O06016105,MAESTRÍA EN DERECHO EN CIENCIAS PENALES (A DISTANCIA).,Otros,Sin Partner (Propio),Distancia,35,30,0,0,309,303,6,7,2,0,55,20,49,42,90,309,379,379
2025-11,2025,Noviembre,O06016105,MAESTRÍA EN DERECHO EN CIENCIAS PENALES (A DISTANCIA).,Otros,Sin Partner (Propio),Distancia,11,32,0,0,301,285,16,4,2,0,51,37,53,49,92,301,350,350
2025-12,2025,Diciembre,O06016105,MAESTRÍA EN DERECHO EN CIENCIAS PENALES (A DISTANCIA).,Otros,Sin Partner (Propio),Distancia,24,27,0,0,301,285,16,11,1,0,45,26,63,51,99,301,364,364
2026-01,2026,Enero,O06016105,MAESTRÍA EN DERECHO EN CIENCIAS PENALES (A DISTANCIA).,Otros,Sin Partner (Propio),Distancia,12,42,0,0,307,282,25,20,2,2,48,20,54,53,106,307,385,385
2026-02,2026,Febrero,O06016105,MAESTRÍA EN DERECHO EN CIENCIAS PENALES (A DISTANCIA).,Otros,Sin Partner (Propio),Distancia,16,83,0,0,343,327,16,16,1,1,36,30,47,49,115,343,460,460
2026-03,2026,Marzo,O06016105,MAESTRÍA EN DERECHO EN CIENCIAS PENALES (A DISTANCIA).,Otros,Sin Partner (Propio),Distancia,20,56,0,0,386,374,12,13,0,3,56,22,48,53,120,386,478,478
2026-04,2026,Abril,O06016105,MAESTRÍA EN DERECHO EN CIENCIAS PENALES (A DISTANCIA).,Otros,Sin Partner (Propio),Distancia,14,42,0,0,398,382,16,9,2,0,70,35,48,58,124,398,464,464
2026-05,2026,Mayo,O06016105,MAESTRÍA EN DERECHO EN CIENCIAS PENALES (A DISTANCIA).,Otros,Sin Partner (Propio),Distancia,6,43,0,0,429,396,33,12,1,1,50,36,65,53,133,429,491,491
2026-06,2026,Junio,O06016105,MAESTRÍA EN DERECHO EN CIENCIAS PENALES (A DISTANCIA).,Otros,Sin Partner (Propio),Distancia,0,48,0,0,470,440,30,35,2,1,45,20,57,53,139,470,556,556
2026-07,2026,Julio,O06016105,MAESTRÍA EN DERECHO EN CIENCIAS PENALES (A DISTANCIA).,Otros,Sin Partner (Propio),Distancia,0,35,0,0,459,444,15,14,1,2,112,30,55,48,149,459,511,511
2023-07,2023,Julio,O07010903,MAESTRIA EN EDUCACIÓN CON MENCIÓN EN INFORMÁTICA Y TECNOLOGÍA EDUCATIVA (A DISTANCIA).,Otros,Sin Partner (Propio),Distancia,0,9,0,0,0,0,0,0,0,0,0,0,0,0,0,0,9,9
2023-08,2023,Agosto,O07010903,MAESTRIA EN EDUCACIÓN CON MENCIÓN EN INFORMÁTICA Y TECNOLOGÍA EDUCATIVA (A DISTANCIA).,Otros,Sin Partner (Propio),Distancia,0,5,0,0,8,8,0,0,0,0,1,0,0,0,0,8,13,13
2023-09,2023,Setiembre,O07010903,MAESTRIA EN EDUCACIÓN CON MENCIÓN EN INFORMÁTICA Y TECNOLOGÍA EDUCATIVA (A DISTANCIA).,Otros,Sin Partner (Propio),Distancia,0,4,0,0,11,11,0,0,0,0,2,1,0,0,0,11,15,15
2023-10,2023,Octubre,O07010903,MAESTRIA EN EDUCACIÓN CON MENCIÓN EN INFORMÁTICA Y TECNOLOGÍA EDUCATIVA (A DISTANCIA).,Otros,Sin Partner (Propio),Distancia,0,0,0,0,13,13,0,1,0,0,2,2,0,0,0,13,14,14
2023-11,2023,Noviembre,O07010903,MAESTRIA EN EDUCACIÓN CON MENCIÓN EN INFORMÁTICA Y TECNOLOGÍA EDUCATIVA (A DISTANCIA).,Otros,Sin Partner (Propio),Distancia,0,2,0,0,15,14,1,0,0,0,0,1,2,0,0,15,17,17
2023-12,2023,Diciembre,O07010903,MAESTRIA EN EDUCACIÓN CON MENCIÓN EN INFORMÁTICA Y TECNOLOGÍA EDUCATIVA (A DISTANCIA).,Otros,Sin Partner (Propio),Distancia,0,6,0,0,13,13,0,0,0,0,4,0,3,0,0,13,19,19
2024-01,2024,Enero,O07010903,MAESTRIA EN EDUCACIÓN CON MENCIÓN EN INFORMÁTICA Y TECNOLOGÍA EDUCATIVA (A DISTANCIA).,Otros,Sin Partner (Propio),Distancia,0,8,0,0,23,19,4,0,0,0,0,0,3,0,0,23,31,31
2024-02,2024,Febrero,O07010903,MAESTRIA EN EDUCACIÓN CON MENCIÓN EN INFORMÁTICA Y TECNOLOGÍA EDUCATIVA (A DISTANCIA).,Otros,Sin Partner (Propio),Distancia,0,9,0,0,28,28,0,0,0,0,3,0,3,0,0,28,37,37
2024-03,2024,Marzo,O07010903,MAESTRIA EN EDUCACIÓN CON MENCIÓN EN INFORMÁTICA Y TECNOLOGÍA EDUCATIVA (A DISTANCIA).,Otros,Sin Partner (Propio),Distancia,0,6,0,0,31,31,0,0,0,0,6,3,1,2,0,31,37,37
2024-04,2024,Abril,O07010903,MAESTRIA EN EDUCACIÓN CON MENCIÓN EN INFORMÁTICA Y TECNOLOGÍA EDUCATIVA (A DISTANCIA).,Otros,Sin Partner (Propio),Distancia,0,7,0,0,37,35,2,0,0,0,2,4,3,3,0,37,44,44
2024-05,2024,Mayo,O07010903,MAESTRIA EN EDUCACIÓN CON MENCIÓN EN INFORMÁTICA Y TECNOLOGÍA EDUCATIVA (A DISTANCIA).,Otros,Sin Partner (Propio),Distancia,0,6,0,0,35,34,1,1,0,0,10,1,6,3,0,35,42,42
2024-06,2024,Junio,O07010903,MAESTRIA EN EDUCACIÓN CON MENCIÓN EN INFORMÁTICA Y TECNOLOGÍA EDUCATIVA (A DISTANCIA).,Otros,Sin Partner (Propio),Distancia,0,3,0,0,44,39,5,0,0,0,3,5,7,3,0,44,47,47
2024-07,2024,Julio,O07010903,MAESTRIA EN EDUCACIÓN CON MENCIÓN EN INFORMÁTICA Y TECNOLOGÍA EDUCATIVA (A DISTANCIA).,Otros,Sin Partner (Propio),Distancia,5,10,0,0,38,37,1,2,0,0,8,2,7,3,0,38,55,55
2024-08,2024,Agosto,O07010903,MAESTRIA EN EDUCACIÓN CON MENCIÓN EN INFORMÁTICA Y TECNOLOGÍA EDUCATIVA (A DISTANCIA).,Otros,Sin Partner (Propio),Distancia,0,8,0,0,49,46,3,0,0,0,4,5,8,4,0,49,57,57
2024-09,2024,Setiembre,O07010903,MAESTRIA EN EDUCACIÓN CON MENCIÓN EN INFORMÁTICA Y TECNOLOGÍA EDUCATIVA (A DISTANCIA).,Otros,Sin Partner (Propio),Distancia,2,3,0,0,52,51,1,4,0,0,4,3,6,5,2,52,61,61
2024-10,2024,Octubre,O07010903,MAESTRIA EN EDUCACIÓN CON MENCIÓN EN INFORMÁTICA Y TECNOLOGÍA EDUCATIVA (A DISTANCIA).,Otros,Sin Partner (Propio),Distancia,2,4,0,0,47,47,0,1,0,0,10,4,7,5,3,47,54,54
2024-11,2024,Noviembre,O07010903,MAESTRIA EN EDUCACIÓN CON MENCIÓN EN INFORMÁTICA Y TECNOLOGÍA EDUCATIVA (A DISTANCIA).,Otros,Sin Partner (Propio),Distancia,3,1,0,0,47,42,5,1,0,0,8,5,8,6,3,47,52,52
2024-12,2024,Diciembre,O07010903,MAESTRIA EN EDUCACIÓN CON MENCIÓN EN INFORMÁTICA Y TECNOLOGÍA EDUCATIVA (A DISTANCIA).,Otros,Sin Partner (Propio),Distancia,4,5,0,0,39,38,1,0,0,0,8,7,10,8,3,39,48,48
2025-01,2025,Enero,O07010903,MAESTRIA EN EDUCACIÓN CON MENCIÓN EN INFORMÁTICA Y TECNOLOGÍA EDUCATIVA (A DISTANCIA).,Otros,Sin Partner (Propio),Distancia,6,9,0,0,38,34,4,4,0,0,7,2,11,9,3,38,57,57
2025-02,2025,Febrero,O07010903,MAESTRIA EN EDUCACIÓN CON MENCIÓN EN INFORMÁTICA Y TECNOLOGÍA EDUCATIVA (A DISTANCIA).,Otros,Sin Partner (Propio),Distancia,0,4,0,0,36,35,1,0,0,0,16,6,11,10,4,36,40,40
2025-03,2025,Marzo,O07010903,MAESTRIA EN EDUCACIÓN CON MENCIÓN EN INFORMÁTICA Y TECNOLOGÍA EDUCATIVA (A DISTANCIA).,Otros,Sin Partner (Propio),Distancia,5,5,0,0,43,31,12,2,0,0,5,3,12,10,7,43,55,55
2025-04,2025,Abril,O07010903,MAESTRIA EN EDUCACIÓN CON MENCIÓN EN INFORMÁTICA Y TECNOLOGÍA EDUCATIVA (A DISTANCIA).,Otros,Sin Partner (Propio),Distancia,5,9,0,0,38,36,2,1,1,0,12,3,10,9,8,38,54,54
2025-05,2025,Mayo,O07010903,MAESTRIA EN EDUCACIÓN CON MENCIÓN EN INFORMÁTICA Y TECNOLOGÍA EDUCATIVA (A DISTANCIA).,Otros,Sin Partner (Propio),Distancia,5,5,0,0,42,39,3,1,0,0,9,5,7,13,9,42,53,53
2025-06,2025,Junio,O07010903,MAESTRIA EN EDUCACIÓN CON MENCIÓN EN INFORMÁTICA Y TECNOLOGÍA EDUCATIVA (A DISTANCIA).,Otros,Sin Partner (Propio),Distancia,1,3,0,0,46,39,7,0,0,0,8,2,11,12,11,46,50,50
2025-07,2025,Julio,O07010903,MAESTRIA EN EDUCACIÓN CON MENCIÓN EN INFORMÁTICA Y TECNOLOGÍA EDUCATIVA (A DISTANCIA).,Otros,Sin Partner (Propio),Distancia,4,10,0,0,44,40,4,0,1,0,5,4,9,14,12,44,59,59
2025-08,2025,Agosto,O07010903,MAESTRIA EN EDUCACIÓN CON MENCIÓN EN INFORMÁTICA Y TECNOLOGÍA EDUCATIVA (A DISTANCIA).,Otros,Sin Partner (Propio),Distancia,1,4,0,0,40,37,3,0,0,0,18,2,12,12,14,40,45,45
2025-09,2025,Setiembre,O07010903,MAESTRIA EN EDUCACIÓN CON MENCIÓN EN INFORMÁTICA Y TECNOLOGÍA EDUCATIVA (A DISTANCIA).,Otros,Sin Partner (Propio),Distancia,2,8,0,0,37,34,3,0,0,0,10,13,12,11,17,37,47,47
2025-10,2025,Octubre,O07010903,MAESTRIA EN EDUCACIÓN CON MENCIÓN EN INFORMÁTICA Y TECNOLOGÍA EDUCATIVA (A DISTANCIA).,Otros,Sin Partner (Propio),Distancia,7,4,0,0,44,39,5,9,1,0,4,4,8,14,17,44,65,65
2025-11,2025,Noviembre,O07010903,MAESTRIA EN EDUCACIÓN CON MENCIÓN EN INFORMÁTICA Y TECNOLOGÍA EDUCATIVA (A DISTANCIA).,Otros,Sin Partner (Propio),Distancia,0,0,0,0,39,39,0,0,0,0,19,4,11,10,22,39,39,39
2025-12,2025,Diciembre,O07010903,MAESTRIA EN EDUCACIÓN CON MENCIÓN EN INFORMÁTICA Y TECNOLOGÍA EDUCATIVA (A DISTANCIA).,Otros,Sin Partner (Propio),Distancia,11,5,0,0,32,30,2,0,2,0,9,8,10,10,23,32,50,50
2026-01,2026,Enero,O07010903,MAESTRIA EN EDUCACIÓN CON MENCIÓN EN INFORMÁTICA Y TECNOLOGÍA EDUCATIVA (A DISTANCIA).,Otros,Sin Partner (Propio),Distancia,1,7,0,0,40,32,8,7,0,0,7,1,9,8,26,40,55,55
2026-02,2026,Febrero,O07010903,MAESTRIA EN EDUCACIÓN CON MENCIÓN EN INFORMÁTICA Y TECNOLOGÍA EDUCATIVA (A DISTANCIA).,Otros,Sin Partner (Propio),Distancia,0,7,0,0,33,32,1,0,0,0,22,6,8,10,26,33,40,40
2026-03,2026,Marzo,O07010903,MAESTRIA EN EDUCACIÓN CON MENCIÓN EN INFORMÁTICA Y TECNOLOGÍA EDUCATIVA (A DISTANCIA).,Otros,Sin Partner (Propio),Distancia,0,7,0,0,33,32,1,0,1,0,8,21,11,10,28,33,41,41
2026-04,2026,Abril,O07010903,MAESTRIA EN EDUCACIÓN CON MENCIÓN EN INFORMÁTICA Y TECNOLOGÍA EDUCATIVA (A DISTANCIA).,Otros,Sin Partner (Propio),Distancia,17,6,0,0,42,38,4,5,0,1,2,1,11,10,30,42,71,71
2026-05,2026,Mayo,O07010903,MAESTRIA EN EDUCACIÓN CON MENCIÓN EN INFORMÁTICA Y TECNOLOGÍA EDUCATIVA (A DISTANCIA).,Otros,Sin Partner (Propio),Distancia,0,5,0,0,36,36,0,1,0,0,18,2,11,9,31,36,42,42
2026-06,2026,Junio,O07010903,MAESTRIA EN EDUCACIÓN CON MENCIÓN EN INFORMÁTICA Y TECNOLOGÍA EDUCATIVA (A DISTANCIA).,Otros,Sin Partner (Propio),Distancia,0,4,0,0,43,38,5,4,0,0,4,13,8,9,32,43,51,51
2026-07,2026,Julio,O07010903,MAESTRIA EN EDUCACIÓN CON MENCIÓN EN INFORMÁTICA Y TECNOLOGÍA EDUCATIVA (A DISTANCIA).,Otros,Sin Partner (Propio),Distancia,0,3,0,0,44,42,2,11,0,0,9,2,8,10,33,44,58,58
2023-07,2023,Julio,O07011502,MAESTRIA EN EDUCACIÓN CON MENCIÓN EN DOCENCIA VIRTUAL (A DISTANCIA).,Otros,Sin Partner (Propio),Distancia,0,2,0,0,0,0,0,0,0,0,0,0,0,0,0,0,2,2
2023-08,2023,Agosto,O07011502,MAESTRIA EN EDUCACIÓN CON MENCIÓN EN DOCENCIA VIRTUAL (A DISTANCIA).,Otros,Sin Partner (Propio),Distancia,0,2,0,0,2,2,0,0,0,0,0,0,0,0,0,2,4,4
2023-09,2023,Setiembre,O07011502,MAESTRIA EN EDUCACIÓN CON MENCIÓN EN DOCENCIA VIRTUAL (A DISTANCIA).,Otros,Sin Partner (Propio),Distancia,0,3,0,0,4,4,0,0,0,0,0,0,0,0,0,4,7,7
2023-10,2023,Octubre,O07011502,MAESTRIA EN EDUCACIÓN CON MENCIÓN EN DOCENCIA VIRTUAL (A DISTANCIA).,Otros,Sin Partner (Propio),Distancia,0,0,0,0,7,7,0,0,0,0,0,0,0,0,0,7,7,7
2023-11,2023,Noviembre,O07011502,MAESTRIA EN EDUCACIÓN CON MENCIÓN EN DOCENCIA VIRTUAL (A DISTANCIA).,Otros,Sin Partner (Propio),Distancia,0,1,0,0,7,7,0,0,0,0,0,0,0,0,0,7,8,8
2023-12,2023,Diciembre,O07011502,MAESTRIA EN EDUCACIÓN CON MENCIÓN EN DOCENCIA VIRTUAL (A DISTANCIA).,Otros,Sin Partner (Propio),Distancia,0,3,0,0,7,7,0,0,0,0,1,0,0,0,0,7,10,10
2024-01,2024,Enero,O07011502,MAESTRIA EN EDUCACIÓN CON MENCIÓN EN DOCENCIA VIRTUAL (A DISTANCIA).,Otros,Sin Partner (Propio),Distancia,0,7,0,0,11,10,1,0,0,0,0,0,0,0,0,11,18,18
2024-02,2024,Febrero,O07011502,MAESTRIA EN EDUCACIÓN CON MENCIÓN EN DOCENCIA VIRTUAL (A DISTANCIA).,Otros,Sin Partner (Propio),Distancia,0,9,0,0,14,14,0,0,0,0,4,0,0,0,0,14,23,23
2024-03,2024,Marzo,O07011502,MAESTRIA EN EDUCACIÓN CON MENCIÓN EN DOCENCIA VIRTUAL (A DISTANCIA).,Otros,Sin Partner (Propio),Distancia,0,7,0,0,24,22,2,0,0,0,1,2,0,0,0,24,31,31
2024-04,2024,Abril,O07011502,MAESTRIA EN EDUCACIÓN CON MENCIÓN EN DOCENCIA VIRTUAL (A DISTANCIA).,Otros,Sin Partner (Propio),Distancia,0,7,0,0,28,28,0,0,0,0,3,1,2,0,0,28,35,35
2024-05,2024,Mayo,O07011502,MAESTRIA EN EDUCACIÓN CON MENCIÓN EN DOCENCIA VIRTUAL (A DISTANCIA).,Otros,Sin Partner (Propio),Distancia,0,7,0,0,35,33,2,0,0,0,2,1,3,0,0,35,42,42
2024-06,2024,Junio,O07011502,MAESTRIA EN EDUCACIÓN CON MENCIÓN EN DOCENCIA VIRTUAL (A DISTANCIA).,Otros,Sin Partner (Propio),Distancia,0,3,0,0,38,38,0,1,0,0,4,2,3,0,0,38,42,42
2024-07,2024,Julio,O07011502,MAESTRIA EN EDUCACIÓN CON MENCIÓN EN DOCENCIA VIRTUAL (A DISTANCIA).,Otros,Sin Partner (Propio),Distancia,0,4,0,0,42,40,2,1,0,0,2,2,4,0,0,42,47,47
2024-08,2024,Agosto,O07011502,MAESTRIA EN EDUCACIÓN CON MENCIÓN EN DOCENCIA VIRTUAL (A DISTANCIA).,Otros,Sin Partner (Propio),Distancia,0,3,0,0,38,37,1,1,0,0,10,1,4,1,0,38,42,42
2024-09,2024,Setiembre,O07011502,MAESTRIA EN EDUCACIÓN CON MENCIÓN EN DOCENCIA VIRTUAL (A DISTANCIA).,Otros,Sin Partner (Propio),Distancia,2,4,0,0,47,40,7,0,0,0,2,1,4,2,0,47,53,53
2024-10,2024,Octubre,O07011502,MAESTRIA EN EDUCACIÓN CON MENCIÓN EN DOCENCIA VIRTUAL (A DISTANCIA).,Otros,Sin Partner (Propio),Distancia,3,4,0,0,46,46,0,1,0,0,3,1,3,3,0,46,54,54
2024-11,2024,Noviembre,O07011502,MAESTRIA EN EDUCACIÓN CON MENCIÓN EN DOCENCIA VIRTUAL (A DISTANCIA).,Otros,Sin Partner (Propio),Distancia,0,1,0,0,49,48,1,0,0,0,3,2,3,4,0,49,50,50
2024-12,2024,Diciembre,O07011502,MAESTRIA EN EDUCACIÓN CON MENCIÓN EN DOCENCIA VIRTUAL (A DISTANCIA).,Otros,Sin Partner (Propio),Distancia,3,3,0,0,43,42,1,0,0,0,5,2,4,5,0,43,49,49
2025-01,2025,Enero,O07011502,MAESTRIA EN EDUCACIÓN CON MENCIÓN EN DOCENCIA VIRTUAL (A DISTANCIA).,Otros,Sin Partner (Propio),Distancia,0,4,0,0,44,41,3,1,0,0,5,2,5,5,0,44,49,49
2025-02,2025,Febrero,O07011502,MAESTRIA EN EDUCACIÓN CON MENCIÓN EN DOCENCIA VIRTUAL (A DISTANCIA).,Otros,Sin Partner (Propio),Distancia,2,3,0,0,36,36,0,0,0,0,12,5,5,5,1,36,41,41
2025-03,2025,Marzo,O07011502,MAESTRIA EN EDUCACIÓN CON MENCIÓN EN DOCENCIA VIRTUAL (A DISTANCIA).,Otros,Sin Partner (Propio),Distancia,6,6,0,0,39,34,5,2,0,0,3,4,6,5,2,39,53,53
2025-04,2025,Abril,O07011502,MAESTRIA EN EDUCACIÓN CON MENCIÓN EN DOCENCIA VIRTUAL (A DISTANCIA).,Otros,Sin Partner (Propio),Distancia,3,9,0,0,36,35,1,1,0,0,10,2,7,5,3,36,49,49
2025-05,2025,Mayo,O07011502,MAESTRIA EN EDUCACIÓN CON MENCIÓN EN DOCENCIA VIRTUAL (A DISTANCIA).,Otros,Sin Partner (Propio),Distancia,6,3,0,0,37,35,2,0,0,0,9,4,8,5,4,37,46,46
2025-06,2025,Junio,O07011502,MAESTRIA EN EDUCACIÓN CON MENCIÓN EN DOCENCIA VIRTUAL (A DISTANCIA).,Otros,Sin Partner (Propio),Distancia,2,3,0,0,33,31,2,1,0,0,9,5,10,5,5,33,39,39
2025-07,2025,Julio,O07011502,MAESTRIA EN EDUCACIÓN CON MENCIÓN EN DOCENCIA VIRTUAL (A DISTANCIA).,Otros,Sin Partner (Propio),Distancia,11,4,0,0,33,29,4,1,0,0,5,0,9,7,5,33,49,49
2025-08,2025,Agosto,O07011502,MAESTRIA EN EDUCACIÓN CON MENCIÓN EN DOCENCIA VIRTUAL (A DISTANCIA).,Otros,Sin Partner (Propio),Distancia,2,6,0,0,29,29,0,0,1,0,8,5,6,7,6,29,38,38
2025-09,2025,Setiembre,O07011502,MAESTRIA EN EDUCACIÓN CON MENCIÓN EN DOCENCIA VIRTUAL (A DISTANCIA).,Otros,Sin Partner (Propio),Distancia,3,4,0,0,32,30,2,0,0,0,4,6,8,8,7,32,39,39
2025-10,2025,Octubre,O07011502,MAESTRIA EN EDUCACIÓN CON MENCIÓN EN DOCENCIA VIRTUAL (A DISTANCIA).,Otros,Sin Partner (Propio),Distancia,8,8,0,0,35,32,3,1,1,0,2,0,6,8,8,35,53,53
2025-11,2025,Noviembre,O07011502,MAESTRIA EN EDUCACIÓN CON MENCIÓN EN DOCENCIA VIRTUAL (A DISTANCIA).,Otros,Sin Partner (Propio),Distancia,1,5,0,0,36,35,1,0,0,0,9,1,4,9,9,36,42,42
2025-12,2025,Diciembre,O07011502,MAESTRIA EN EDUCACIÓN CON MENCIÓN EN DOCENCIA VIRTUAL (A DISTANCIA).,Otros,Sin Partner (Propio),Distancia,7,3,0,0,37,37,0,0,0,1,4,3,4,8,9,37,48,48
2026-01,2026,Enero,O07011502,MAESTRIA EN EDUCACIÓN CON MENCIÓN EN DOCENCIA VIRTUAL (A DISTANCIA).,Otros,Sin Partner (Propio),Distancia,1,2,0,0,43,40,3,1,0,0,1,1,4,7,11,43,47,47
2026-02,2026,Febrero,O07011502,MAESTRIA EN EDUCACIÓN CON MENCIÓN EN DOCENCIA VIRTUAL (A DISTANCIA).,Otros,Sin Partner (Propio),Distancia,0,6,0,0,42,41,1,0,0,1,5,0,4,7,11,42,49,49
2026-03,2026,Marzo,O07011502,MAESTRIA EN EDUCACIÓN CON MENCIÓN EN DOCENCIA VIRTUAL (A DISTANCIA).,Otros,Sin Partner (Propio),Distancia,0,9,0,0,40,40,0,0,0,0,9,5,4,5,13,40,49,49
2026-04,2026,Abril,O07011502,MAESTRIA EN EDUCACIÓN CON MENCIÓN EN DOCENCIA VIRTUAL (A DISTANCIA).,Otros,Sin Partner (Propio),Distancia,2,4,0,0,49,42,7,4,0,0,7,1,3,5,14,49,59,59
2026-05,2026,Mayo,O07011502,MAESTRIA EN EDUCACIÓN CON MENCIÓN EN DOCENCIA VIRTUAL (A DISTANCIA).,Otros,Sin Partner (Propio),Distancia,0,8,0,0,38,37,1,0,0,0,20,6,2,5,16,38,46,46
2026-06,2026,Junio,O07011502,MAESTRIA EN EDUCACIÓN CON MENCIÓN EN DOCENCIA VIRTUAL (A DISTANCIA).,Otros,Sin Partner (Propio),Distancia,0,10,0,0,44,40,4,0,0,0,6,16,8,5,16,44,54,54
2026-07,2026,Julio,O07011502,MAESTRIA EN EDUCACIÓN CON MENCIÓN EN DOCENCIA VIRTUAL (A DISTANCIA).,Otros,Sin Partner (Propio),Distancia,0,4,0,0,54,52,2,10,1,0,2,4,14,3,17,54,69,69
2023-07,2023,Julio,O07011602,MAESTRIA EN EDUCACIÓN CON MENCIÓN EN E-LEARNING (A DISTANCIA).,Otros,Sin Partner (Propio),Distancia,0,4,0,0,0,0,0,0,0,0,0,0,0,0,0,0,4,4
2023-08,2023,Agosto,O07011602,MAESTRIA EN EDUCACIÓN CON MENCIÓN EN E-LEARNING (A DISTANCIA).,Otros,Sin Partner (Propio),Distancia,0,3,0,0,3,3,0,0,0,0,1,0,0,0,0,3,6,6
2023-09,2023,Setiembre,O07011602,MAESTRIA EN EDUCACIÓN CON MENCIÓN EN E-LEARNING (A DISTANCIA).,Otros,Sin Partner (Propio),Distancia,0,4,0,0,6,6,0,0,0,0,0,1,0,0,0,6,10,10
2023-10,2023,Octubre,O07011602,MAESTRIA EN EDUCACIÓN CON MENCIÓN EN E-LEARNING (A DISTANCIA).,Otros,Sin Partner (Propio),Distancia,0,0,0,0,7,7,0,0,0,0,3,0,1,0,0,7,7,7
2023-11,2023,Noviembre,O07011602,MAESTRIA EN EDUCACIÓN CON MENCIÓN EN E-LEARNING (A DISTANCIA).,Otros,Sin Partner (Propio),Distancia,0,2,0,0,6,6,0,0,0,0,1,3,1,0,0,6,8,8
2023-12,2023,Diciembre,O07011602,MAESTRIA EN EDUCACIÓN CON MENCIÓN EN E-LEARNING (A DISTANCIA).,Otros,Sin Partner (Propio),Distancia,0,3,0,0,8,7,1,0,0,0,1,0,4,0,0,8,11,11
2024-01,2024,Enero,O07011602,MAESTRIA EN EDUCACIÓN CON MENCIÓN EN E-LEARNING (A DISTANCIA).,Otros,Sin Partner (Propio),Distancia,0,3,0,0,12,11,1,0,0,0,0,0,4,0,0,12,15,15
2024-02,2024,Febrero,O07011602,MAESTRIA EN EDUCACIÓN CON MENCIÓN EN E-LEARNING (A DISTANCIA).,Otros,Sin Partner (Propio),Distancia,0,3,0,0,13,13,0,0,0,0,2,0,3,1,0,13,16,16
2024-03,2024,Marzo,O07011602,MAESTRIA EN EDUCACIÓN CON MENCIÓN EN E-LEARNING (A DISTANCIA).,Otros,Sin Partner (Propio),Distancia,0,3,0,0,15,15,0,0,0,0,1,2,3,1,0,15,18,18
2024-04,2024,Abril,O07011602,MAESTRIA EN EDUCACIÓN CON MENCIÓN EN E-LEARNING (A DISTANCIA).,Otros,Sin Partner (Propio),Distancia,0,4,0,0,15,15,0,0,0,0,3,1,2,4,0,15,19,19
2024-05,2024,Mayo,O07011602,MAESTRIA EN EDUCACIÓN CON MENCIÓN EN E-LEARNING (A DISTANCIA).,Otros,Sin Partner (Propio),Distancia,0,4,0,0,17,17,0,1,0,0,2,3,2,4,0,17,22,22
2024-06,2024,Junio,O07011602,MAESTRIA EN EDUCACIÓN CON MENCIÓN EN E-LEARNING (A DISTANCIA).,Otros,Sin Partner (Propio),Distancia,0,5,0,0,21,20,1,0,0,0,2,1,5,4,0,21,26,26
2024-07,2024,Julio,O07011602,MAESTRIA EN EDUCACIÓN CON MENCIÓN EN E-LEARNING (A DISTANCIA).,Otros,Sin Partner (Propio),Distancia,1,2,0,0,22,21,1,0,0,0,4,1,6,4,0,22,25,25
2024-08,2024,Agosto,O07011602,MAESTRIA EN EDUCACIÓN CON MENCIÓN EN E-LEARNING (A DISTANCIA).,Otros,Sin Partner (Propio),Distancia,0,1,0,0,20,19,1,2,0,0,5,3,4,4,1,20,23,23
2024-09,2024,Setiembre,O07011602,MAESTRIA EN EDUCACIÓN CON MENCIÓN EN E-LEARNING (A DISTANCIA).,Otros,Sin Partner (Propio),Distancia,2,3,0,0,23,19,4,2,0,0,3,1,3,5,1,23,30,30
2024-10,2024,Octubre,O07011602,MAESTRIA EN EDUCACIÓN CON MENCIÓN EN E-LEARNING (A DISTANCIA).,Otros,Sin Partner (Propio),Distancia,2,2,0,0,23,23,0,0,0,0,4,3,3,3,4,23,26,26
2024-11,2024,Noviembre,O07011602,MAESTRIA EN EDUCACIÓN CON MENCIÓN EN E-LEARNING (A DISTANCIA).,Otros,Sin Partner (Propio),Distancia,2,3,0,0,21,19,2,0,0,0,3,2,5,4,4,21,26,26
2024-12,2024,Diciembre,O07011602,MAESTRIA EN EDUCACIÓN CON MENCIÓN EN E-LEARNING (A DISTANCIA).,Otros,Sin Partner (Propio),Distancia,1,1,0,0,20,19,1,3,0,0,4,2,3,5,4,20,25,25
2025-01,2025,Enero,O07011602,MAESTRIA EN EDUCACIÓN CON MENCIÓN EN E-LEARNING (A DISTANCIA).,Otros,Sin Partner (Propio),Distancia,3,0,0,0,17,17,0,2,0,0,6,3,2,5,4,17,22,22
2025-02,2025,Febrero,O07011602,MAESTRIA EN EDUCACIÓN CON MENCIÓN EN E-LEARNING (A DISTANCIA).,Otros,Sin Partner (Propio),Distancia,2,1,0,0,12,10,2,0,0,0,7,4,5,4,5,12,15,15
2025-03,2025,Marzo,O07011602,MAESTRIA EN EDUCACIÓN CON MENCIÓN EN E-LEARNING (A DISTANCIA).,Otros,Sin Partner (Propio),Distancia,2,1,0,0,13,10,3,3,0,0,2,4,4,4,6,13,19,19
2025-04,2025,Abril,O07011602,MAESTRIA EN EDUCACIÓN CON MENCIÓN EN E-LEARNING (A DISTANCIA).,Otros,Sin Partner (Propio),Distancia,7,2,0,0,11,10,1,2,0,0,3,1,2,4,7,11,22,22
2025-05,2025,Mayo,O07011602,MAESTRIA EN EDUCACIÓN CON MENCIÓN EN E-LEARNING (A DISTANCIA).,Otros,Sin Partner (Propio),Distancia,0,1,0,0,11,11,0,1,0,0,4,3,2,3,8,11,13,13
2025-06,2025,Junio,O07011602,MAESTRIA EN EDUCACIÓN CON MENCIÓN EN E-LEARNING (A DISTANCIA).,Otros,Sin Partner (Propio),Distancia,0,0,0,0,7,7,0,2,0,0,6,4,3,2,9,7,9,9
2025-07,2025,Julio,O07011602,MAESTRIA EN EDUCACIÓN CON MENCIÓN EN E-LEARNING (A DISTANCIA).,Otros,Sin Partner (Propio),Distancia,1,1,0,0,10,7,3,1,0,0,2,2,5,3,9,10,13,13
2025-08,2025,Agosto,O07011602,MAESTRIA EN EDUCACIÓN CON MENCIÓN EN E-LEARNING (A DISTANCIA).,Otros,Sin Partner (Propio),Distancia,0,0,0,0,3,3,0,1,0,0,9,2,6,3,9,3,4,4
2025-09,2025,Setiembre,O07011602,MAESTRIA EN EDUCACIÓN CON MENCIÓN EN E-LEARNING (A DISTANCIA).,Otros,Sin Partner (Propio),Distancia,0,0,0,0,4,1,3,2,0,0,3,6,5,3,10,4,6,6
2025-10,2025,Octubre,O07011602,MAESTRIA EN EDUCACIÓN CON MENCIÓN EN E-LEARNING (A DISTANCIA).,Otros,Sin Partner (Propio),Distancia,6,0,0,0,3,2,1,2,0,0,4,1,4,2,11,3,11,11
2025-11,2025,N/A,O07011602,MAESTRIA EN EDUCACIÓN CON MENCIÓN EN E-LEARNING (A DISTANCIA).,Otros,Sin Partner (Propio),Distancia,0,0,0,0,0,0,0,0,0,0,5,4,3,4,11,0,0,0
2025-12,2025,Diciembre,O07011602,MAESTRIA EN EDUCACIÓN CON MENCIÓN EN E-LEARNING (A DISTANCIA).,Otros,Sin Partner (Propio),Distancia,4,0,0,0,0,0,0,2,0,0,0,1,4,5,11,0,6,6
2026-01,2026,Enero,O07011602,MAESTRIA EN EDUCACIÓN CON MENCIÓN EN E-LEARNING (A DISTANCIA).,Otros,Sin Partner (Propio),Distancia,0,0,0,0,0,0,0,1,0,0,2,0,3,5,12,0,1,1
2026-02,2026,N/A,O07011602,MAESTRIA EN EDUCACIÓN CON MENCIÓN EN E-LEARNING (A DISTANCIA).,Otros,Sin Partner (Propio),Distancia,0,0,0,0,0,0,0,0,0,0,1,2,3,5,12,0,0,0
2026-03,2026,Marzo,O07011602,MAESTRIA EN EDUCACIÓN CON MENCIÓN EN E-LEARNING (A DISTANCIA).,Otros,Sin Partner (Propio),Distancia,1,0,0,0,0,0,0,0,0,0,0,1,4,4,13,0,1,1
2026-04,2026,Abril,O07011602,MAESTRIA EN EDUCACIÓN CON MENCIÓN EN E-LEARNING (A DISTANCIA).,Otros,Sin Partner (Propio),Distancia,2,1,0,0,0,0,0,0,0,0,0,0,3,4,13,0,3,3
2026-05,2026,N/A,O07011602,MAESTRIA EN EDUCACIÓN CON MENCIÓN EN E-LEARNING (A DISTANCIA).,Otros,Sin Partner (Propio),Distancia,0,0,0,0,0,0,0,0,0,0,1,0,3,2,15,0,0,0
2026-06,2026,Junio,O07011602,MAESTRIA EN EDUCACIÓN CON MENCIÓN EN E-LEARNING (A DISTANCIA).,Otros,Sin Partner (Propio),Distancia,0,0,0,0,1,0,1,0,0,0,0,0,3,1,16,1,1,1
2026-07,2026,Julio,O07011602,MAESTRIA EN EDUCACIÓN CON MENCIÓN EN E-LEARNING (A DISTANCIA).,Otros,Sin Partner (Propio),Distancia,0,1,0,0,0,0,0,1,1,0,1,0,0,2,16,0,3,3
2023-07,2023,Julio,O09011303,MAESTRÍA EN E-BUSINESS (A DISTANCIA).,Otros,Sin Partner (Propio),Distancia,0,5,0,0,0,0,0,0,0,0,0,0,0,0,0,0,5,5
2023-08,2023,Agosto,O09011303,MAESTRÍA EN E-BUSINESS (A DISTANCIA).,Otros,Sin Partner (Propio),Distancia,0,11,0,0,4,4,0,0,0,0,1,0,0,0,0,4,15,15
2023-09,2023,Setiembre,O09011303,MAESTRÍA EN E-BUSINESS (A DISTANCIA).,Otros,Sin Partner (Propio),Distancia,0,7,0,0,13,13,0,0,0,0,2,1,0,0,0,13,20,20
2023-10,2023,Octubre,O09011303,MAESTRÍA EN E-BUSINESS (A DISTANCIA).,Otros,Sin Partner (Propio),Distancia,0,1,0,0,17,17,0,0,0,0,3,2,1,0,0,17,18,18
2023-11,2023,Noviembre,O09011303,MAESTRÍA EN E-BUSINESS (A DISTANCIA).,Otros,Sin Partner (Propio),Distancia,0,6,0,0,19,17,2,0,0,0,1,1,3,0,0,19,25,25
2023-12,2023,Diciembre,O09011303,MAESTRÍA EN E-BUSINESS (A DISTANCIA).,Otros,Sin Partner (Propio),Distancia,0,4,0,0,21,21,0,0,0,0,4,1,4,0,0,21,25,25
2024-01,2024,Enero,O09011303,MAESTRÍA EN E-BUSINESS (A DISTANCIA).,Otros,Sin Partner (Propio),Distancia,0,4,0,0,24,23,1,2,0,0,2,3,3,0,0,24,30,30
2024-02,2024,Febrero,O09011303,MAESTRÍA EN E-BUSINESS (A DISTANCIA).,Otros,Sin Partner (Propio),Distancia,0,5,0,0,23,22,1,0,0,0,8,1,5,1,0,23,28,28
2024-03,2024,Marzo,O09011303,MAESTRÍA EN E-BUSINESS (A DISTANCIA).,Otros,Sin Partner (Propio),Distancia,0,3,0,0,29,25,4,2,0,0,3,4,3,2,0,29,34,34
2024-04,2024,Abril,O09011303,MAESTRÍA EN E-BUSINESS (A DISTANCIA).,Otros,Sin Partner (Propio),Distancia,0,4,0,0,24,21,3,0,0,0,13,0,7,2,0,24,28,28
2024-05,2024,Mayo,O09011303,MAESTRÍA EN E-BUSINESS (A DISTANCIA).,Otros,Sin Partner (Propio),Distancia,0,8,0,0,32,27,5,2,0,0,1,8,4,3,0,32,42,42
2024-06,2024,Junio,O09011303,MAESTRÍA EN E-BUSINESS (A DISTANCIA).,Otros,Sin Partner (Propio),Distancia,0,4,0,0,39,39,0,7,0,0,3,1,5,3,0,39,50,50
2024-07,2024,Julio,O09011303,MAESTRÍA EN E-BUSINESS (A DISTANCIA).,Otros,Sin Partner (Propio),Distancia,0,4,0,0,46,44,2,1,0,0,6,1,5,3,0,46,51,51
2024-08,2024,Agosto,O09011303,MAESTRÍA EN E-BUSINESS (A DISTANCIA).,Otros,Sin Partner (Propio),Distancia,9,6,0,0,41,39,2,0,0,0,3,4,2,6,1,41,56,56
2024-09,2024,Setiembre,O09011303,MAESTRÍA EN E-BUSINESS (A DISTANCIA).,Otros,Sin Partner (Propio),Distancia,5,7,0,0,36,33,3,1,0,0,9,0,5,5,2,36,49,49
2024-10,2024,Octubre,O09011303,MAESTRÍA EN E-BUSINESS (A DISTANCIA).,Otros,Sin Partner (Propio),Distancia,1,5,0,0,30,29,1,1,0,0,15,7,3,6,2,30,37,37
2024-11,2024,Noviembre,O09011303,MAESTRÍA EN E-BUSINESS (A DISTANCIA).,Otros,Sin Partner (Propio),Distancia,7,3,0,0,37,30,7,1,0,0,6,4,6,5,3,37,48,48
2024-12,2024,Diciembre,O09011303,MAESTRÍA EN E-BUSINESS (A DISTANCIA).,Otros,Sin Partner (Propio),Distancia,2,4,0,0,33,31,2,3,0,0,8,4,6,6,3,33,42,42
2025-01,2025,Enero,O09011303,MAESTRÍA EN E-BUSINESS (A DISTANCIA).,Otros,Sin Partner (Propio),Distancia,3,5,0,0,32,31,1,0,1,0,7,6,8,7,3,32,41,41
2025-02,2025,Febrero,O09011303,MAESTRÍA EN E-BUSINESS (A DISTANCIA).,Otros,Sin Partner (Propio),Distancia,1,6,0,0,34,31,3,2,0,0,6,4,12,4,6,34,43,43
2025-03,2025,Marzo,O09011303,MAESTRÍA EN E-BUSINESS (A DISTANCIA).,Otros,Sin Partner (Propio),Distancia,11,6,0,0,30,27,3,2,0,0,7,1,12,5,6,30,49,49
2025-04,2025,Abril,O09011303,MAESTRÍA EN E-BUSINESS (A DISTANCIA).,Otros,Sin Partner (Propio),Distancia,1,10,0,0,28,26,2,1,0,0,11,5,12,4,7,28,40,40
2025-05,2025,Mayo,O09011303,MAESTRÍA EN E-BUSINESS (A DISTANCIA).,Otros,Sin Partner (Propio),Distancia,4,7,0,0,38,34,4,1,0,0,5,3,12,8,7,38,50,50
2025-06,2025,Junio,O09011303,MAESTRÍA EN E-BUSINESS (A DISTANCIA).,Otros,Sin Partner (Propio),Distancia,3,4,0,0,35,34,1,0,0,0,10,4,9,12,8,35,42,42
2025-07,2025,Julio,O09011303,MAESTRÍA EN E-BUSINESS (A DISTANCIA).,Otros,Sin Partner (Propio),Distancia,8,5,0,0,34,31,3,0,0,0,6,4,10,12,10,34,45,45
2025-08,2025,Agosto,O09011303,MAESTRÍA EN E-BUSINESS (A DISTANCIA).,Otros,Sin Partner (Propio),Distancia,5,6,0,0,33,29,4,1,0,0,5,2,11,13,10,33,44,44
2025-09,2025,Setiembre,O09011303,MAESTRÍA EN E-BUSINESS (A DISTANCIA).,Otros,Sin Partner (Propio),Distancia,4,4,0,0,30,28,2,3,1,0,8,2,7,14,11,30,42,42
2025-10,2025,Octubre,O09011303,MAESTRÍA EN E-BUSINESS (A DISTANCIA).,Otros,Sin Partner (Propio),Distancia,0,0,0,0,32,30,2,0,0,1,8,6,8,15,10,32,33,33
2025-11,2025,Noviembre,O09011303,MAESTRÍA EN E-BUSINESS (A DISTANCIA).,Otros,Sin Partner (Propio),Distancia,2,4,0,0,30,28,2,1,0,0,4,6,10,13,14,30,37,37
2025-12,2025,Diciembre,O09011303,MAESTRÍA EN E-BUSINESS (A DISTANCIA).,Otros,Sin Partner (Propio),Distancia,7,4,0,0,29,29,0,3,0,0,2,3,9,10,19,29,43,43
2026-01,2026,Enero,O09011303,MAESTRÍA EN E-BUSINESS (A DISTANCIA).,Otros,Sin Partner (Propio),Distancia,5,1,0,0,27,27,0,1,0,0,6,2,8,10,20,27,34,34
2026-02,2026,Febrero,O09011303,MAESTRÍA EN E-BUSINESS (A DISTANCIA).,Otros,Sin Partner (Propio),Distancia,7,9,0,0,24,21,3,1,0,0,4,2,6,10,21,24,41,41
2026-03,2026,Marzo,O09011303,MAESTRÍA EN E-BUSINESS (A DISTANCIA).,Otros,Sin Partner (Propio),Distancia,3,5,0,0,26,25,1,0,0,0,6,3,5,11,23,26,34,34
2026-04,2026,Abril,O09011303,MAESTRÍA EN E-BUSINESS (A DISTANCIA).,Otros,Sin Partner (Propio),Distancia,2,3,0,0,26,26,0,0,1,0,4,5,7,10,24,26,32,32
2026-05,2026,Mayo,O09011303,MAESTRÍA EN E-BUSINESS (A DISTANCIA).,Otros,Sin Partner (Propio),Distancia,0,1,0,0,27,26,1,1,1,0,4,3,9,8,27,27,30,30
2026-06,2026,Junio,O09011303,MAESTRÍA EN E-BUSINESS (A DISTANCIA).,Otros,Sin Partner (Propio),Distancia,0,6,0,0,29,29,0,0,2,0,1,4,12,5,28,29,37,37
2026-07,2026,Julio,O09011303,MAESTRÍA EN E-BUSINESS (A DISTANCIA).,Otros,Sin Partner (Propio),Distancia,0,3,0,0,26,26,0,2,1,0,11,1,12,6,28,26,32,32
2023-07,2023,Julio,O10010504,MAESTRIA EN GERENCIA DE SERVICIO DE SALUD (A DISTANCIA).,Otros,Sin Partner (Propio),Distancia,0,31,0,0,0,0,0,0,0,0,0,0,0,0,0,0,31,31
2023-08,2023,Agosto,O10010504,MAESTRIA EN GERENCIA DE SERVICIO DE SALUD (A DISTANCIA).,Otros,Sin Partner (Propio),Distancia,0,73,0,0,27,27,0,0,0,0,4,0,0,0,0,27,100,100
2023-09,2023,Setiembre,O10010504,MAESTRIA EN GERENCIA DE SERVICIO DE SALUD (A DISTANCIA).,Otros,Sin Partner (Propio),Distancia,0,54,0,0,85,84,1,0,0,0,16,3,0,0,0,85,139,139
2023-10,2023,Octubre,O10010504,MAESTRIA EN GERENCIA DE SERVICIO DE SALUD (A DISTANCIA).,Otros,Sin Partner (Propio),Distancia,0,48,0,0,117,115,2,0,0,0,24,14,3,0,0,117,165,165
2023-11,2023,Noviembre,O10010504,MAESTRIA EN GERENCIA DE SERVICIO DE SALUD (A DISTANCIA).,Otros,Sin Partner (Propio),Distancia,0,43,0,0,165,156,9,1,0,0,9,15,16,0,0,165,209,209
2023-12,2023,Diciembre,O10010504,MAESTRIA EN GERENCIA DE SERVICIO DE SALUD (A DISTANCIA).,Otros,Sin Partner (Propio),Distancia,0,36,0,0,184,181,3,2,0,0,28,6,29,0,0,184,222,222
2024-01,2024,Enero,O10010504,MAESTRIA EN GERENCIA DE SERVICIO DE SALUD (A DISTANCIA).,Otros,Sin Partner (Propio),Distancia,0,70,0,0,216,205,11,2,0,0,17,17,33,0,0,216,288,288
2024-02,2024,Febrero,O10010504,MAESTRIA EN GERENCIA DE SERVICIO DE SALUD (A DISTANCIA).,Otros,Sin Partner (Propio),Distancia,0,75,0,0,266,261,5,2,0,0,27,12,45,3,0,266,343,343
2024-03,2024,Marzo,O10010504,MAESTRIA EN GERENCIA DE SERVICIO DE SALUD (A DISTANCIA).,Otros,Sin Partner (Propio),Distancia,0,48,0,0,303,297,6,3,0,0,46,21,44,13,0,303,354,354
2024-04,2024,Abril,O10010504,MAESTRIA EN GERENCIA DE SERVICIO DE SALUD (A DISTANCIA).,Otros,Sin Partner (Propio),Distancia,16,59,0,0,324,303,21,2,0,0,40,20,50,26,0,324,401,401
2024-05,2024,Mayo,O10010504,MAESTRIA EN GERENCIA DE SERVICIO DE SALUD (A DISTANCIA).,Otros,Sin Partner (Propio),Distancia,16,57,0,0,367,347,20,7,0,0,22,20,57,32,0,367,447,447
2024-06,2024,Junio,O10010504,MAESTRIA EN GERENCIA DE SERVICIO DE SALUD (A DISTANCIA).,Otros,Sin Partner (Propio),Distancia,9,42,0,0,387,379,8,4,0,0,43,14,59,46,0,387,442,442
2024-07,2024,Julio,O10010504,MAESTRIA EN GERENCIA DE SERVICIO DE SALUD (A DISTANCIA).,Otros,Sin Partner (Propio),Distancia,0,65,0,0,380,360,20,11,0,0,73,23,53,55,0,380,456,456
2024-08,2024,Agosto,O10010504,MAESTRIA EN GERENCIA DE SERVICIO DE SALUD (A DISTANCIA).,Otros,Sin Partner (Propio),Distancia,11,72,0,0,464,420,44,14,0,0,32,22,48,66,3,464,561,561
2024-09,2024,Setiembre,O10010504,MAESTRIA EN GERENCIA DE SERVICIO DE SALUD (A DISTANCIA).,Otros,Sin Partner (Propio),Distancia,36,50,0,0,473,458,15,5,0,0,58,17,48,71,13,473,564,564
2024-10,2024,Octubre,O10010504,MAESTRIA EN GERENCIA DE SERVICIO DE SALUD (A DISTANCIA).,Otros,Sin Partner (Propio),Distancia,19,58,0,0,464,444,20,7,0,0,66,37,49,67,26,464,548,548
2024-11,2024,Noviembre,O10010504,MAESTRIA EN GERENCIA DE SERVICIO DE SALUD (A DISTANCIA).,Otros,Sin Partner (Propio),Distancia,20,41,0,0,468,434,34,18,0,0,81,26,61,68,32,468,547,547
2024-12,2024,Diciembre,O10010504,MAESTRIA EN GERENCIA DE SERVICIO DE SALUD (A DISTANCIA).,Otros,Sin Partner (Propio),Distancia,33,45,0,0,486,448,38,8,0,0,60,31,67,64,46,486,572,572
2025-01,2025,Enero,O10010504,MAESTRIA EN GERENCIA DE SERVICIO DE SALUD (A DISTANCIA).,Otros,Sin Partner (Propio),Distancia,12,59,0,0,478,449,29,11,1,0,81,31,70,68,55,478,561,561
2025-02,2025,Febrero,O10010504,MAESTRIA EN GERENCIA DE SERVICIO DE SALUD (A DISTANCIA).,Otros,Sin Partner (Propio),Distancia,40,76,0,0,458,428,30,16,0,0,99,35,74,63,69,458,590,590
2025-03,2025,Marzo,O10010504,MAESTRIA EN GERENCIA DE SERVICIO DE SALUD (A DISTANCIA).,Otros,Sin Partner (Propio),Distancia,29,57,0,0,491,448,43,18,1,0,78,54,69,66,84,491,596,596
2025-04,2025,Abril,O10010504,MAESTRIA EN GERENCIA DE SERVICIO DE SALUD (A DISTANCIA).,Otros,Sin Partner (Propio),Distancia,26,86,0,0,509,480,29,23,1,0,71,43,88,64,93,509,645,645
2025-05,2025,Mayo,O10010504,MAESTRIA EN GERENCIA DE SERVICIO DE SALUD (A DISTANCIA).,Otros,Sin Partner (Propio),Distancia,38,55,0,0,508,483,25,22,1,0,111,39,87,72,100,508,624,624
2025-06,2025,Junio,O10010504,MAESTRIA EN GERENCIA DE SERVICIO DE SALUD (A DISTANCIA).,Otros,Sin Partner (Propio),Distancia,27,66,0,0,525,484,41,8,0,0,87,65,95,79,109,525,626,626
2025-07,2025,Julio,O10010504,MAESTRIA EN GERENCIA DE SERVICIO DE SALUD (A DISTANCIA).,Otros,Sin Partner (Propio),Distancia,22,69,0,0,547,513,34,30,2,1,77,48,106,82,119,547,671,671
2025-08,2025,Agosto,O10010504,MAESTRIA EN GERENCIA DE SERVICIO DE SALUD (A DISTANCIA).,Otros,Sin Partner (Propio),Distancia,66,97,0,0,545,521,24,28,0,0,95,33,92,94,128,545,736,736
2025-09,2025,Setiembre,O10010504,MAESTRIA EN GERENCIA DE SERVICIO DE SALUD (A DISTANCIA).,Otros,Sin Partner (Propio),Distancia,27,63,0,0,631,581,50,25,3,0,68,40,84,87,147,631,749,749
2025-10,2025,Octubre,O10010504,MAESTRIA EN GERENCIA DE SERVICIO DE SALUD (A DISTANCIA).,Otros,Sin Partner (Propio),Distancia,71,57,0,0,594,583,11,16,0,1,94,39,83,96,154,594,739,739
2025-11,2025,Noviembre,O10010504,MAESTRIA EN GERENCIA DE SERVICIO DE SALUD (A DISTANCIA).,Otros,Sin Partner (Propio),Distancia,21,44,0,0,605,567,38,12,0,0,86,53,83,105,169,605,682,682
2025-12,2025,Diciembre,O10010504,MAESTRIA EN GERENCIA DE SERVICIO DE SALUD (A DISTANCIA).,Otros,Sin Partner (Propio),Distancia,48,64,0,0,587,566,21,13,0,1,74,44,104,104,182,587,713,713
2026-01,2026,Enero,O10010504,MAESTRIA EN GERENCIA DE SERVICIO DE SALUD (A DISTANCIA).,Otros,Sin Partner (Propio),Distancia,44,55,0,0,595,565,30,14,0,1,68,38,109,107,197,595,709,709
2026-02,2026,Febrero,O10010504,MAESTRIA EN GERENCIA DE SERVICIO DE SALUD (A DISTANCIA).,Otros,Sin Partner (Propio),Distancia,67,81,0,0,591,574,17,32,2,2,55,25,95,100,215,591,775,775
2026-03,2026,Marzo,O10010504,MAESTRIA EN GERENCIA DE SERVICIO DE SALUD (A DISTANCIA).,Otros,Sin Partner (Propio),Distancia,41,79,0,0,595,579,16,15,1,1,96,33,84,104,228,595,732,732
2026-04,2026,Abril,O10010504,MAESTRIA EN GERENCIA DE SERVICIO DE SALUD (A DISTANCIA).,Otros,Sin Partner (Propio),Distancia,70,88,0,0,579,551,28,15,1,0,98,44,69,115,245,579,753,753
2026-05,2026,Mayo,O10010504,MAESTRIA EN GERENCIA DE SERVICIO DE SALUD (A DISTANCIA).,Otros,Sin Partner (Propio),Distancia,2,74,0,0,645,595,50,18,0,0,88,48,79,108,266,645,739,739
2026-06,2026,Junio,O10010504,MAESTRIA EN GERENCIA DE SERVICIO DE SALUD (A DISTANCIA).,Otros,Sin Partner (Propio),Distancia,0,51,0,0,664,616,48,24,2,1,121,40,89,107,278,664,742,742
2026-07,2026,Julio,O10010504,MAESTRIA EN GERENCIA DE SERVICIO DE SALUD (A DISTANCIA).,Otros,Sin Partner (Propio),Distancia,0,57,0,0,654,616,38,22,2,0,126,83,92,102,296,654,735,735
2023-07,2023,Julio,O1001A022,MAESTRÍA EN MEDICINA (A DISTANCIA).,Otros,Sin Partner (Propio),Distancia,0,10,0,0,0,0,0,0,0,0,0,0,0,0,0,0,10,10
2023-08,2023,Agosto,O1001A022,MAESTRÍA EN MEDICINA (A DISTANCIA).,Otros,Sin Partner (Propio),Distancia,0,14,0,0,8,8,0,0,0,0,2,0,0,0,0,8,22,22
2023-09,2023,Setiembre,O1001A022,MAESTRÍA EN MEDICINA (A DISTANCIA).,Otros,Sin Partner (Propio),Distancia,0,12,0,0,22,21,1,0,0,0,1,1,0,0,0,22,34,34
2023-10,2023,Octubre,O1001A022,MAESTRÍA EN MEDICINA (A DISTANCIA).,Otros,Sin Partner (Propio),Distancia,0,11,0,0,27,27,0,0,0,0,7,1,1,0,0,27,38,38
2023-11,2023,Noviembre,O1001A022,MAESTRÍA EN MEDICINA (A DISTANCIA).,Otros,Sin Partner (Propio),Distancia,0,10,0,0,36,36,0,0,0,0,2,7,2,0,0,36,46,46
2023-12,2023,Diciembre,O1001A022,MAESTRÍA EN MEDICINA (A DISTANCIA).,Otros,Sin Partner (Propio),Distancia,0,7,0,0,44,44,0,1,0,0,2,2,8,0,0,44,52,52
2024-01,2024,Enero,O1001A022,MAESTRÍA EN MEDICINA (A DISTANCIA).,Otros,Sin Partner (Propio),Distancia,0,20,0,0,49,48,1,0,0,0,4,1,10,0,0,49,69,69
2024-02,2024,Febrero,O1001A022,MAESTRÍA EN MEDICINA (A DISTANCIA).,Otros,Sin Partner (Propio),Distancia,0,13,0,0,69,68,1,2,0,0,1,3,8,1,0,69,84,84
2024-03,2024,Marzo,O1001A022,MAESTRÍA EN MEDICINA (A DISTANCIA).,Otros,Sin Partner (Propio),Distancia,0,17,0,0,79,79,0,1,0,0,5,1,9,2,0,79,97,97
2024-04,2024,Abril,O1001A022,MAESTRÍA EN MEDICINA (A DISTANCIA).,Otros,Sin Partner (Propio),Distancia,6,18,0,0,85,83,2,0,0,0,8,3,4,8,0,85,109,109
2024-05,2024,Mayo,O1001A022,MAESTRÍA EN MEDICINA (A DISTANCIA).,Otros,Sin Partner (Propio),Distancia,11,14,0,0,85,82,3,1,0,0,10,5,5,9,0,85,111,111
2024-06,2024,Junio,O1001A022,MAESTRÍA EN MEDICINA (A DISTANCIA).,Otros,Sin Partner (Propio),Distancia,4,15,0,0,93,87,6,1,0,0,9,4,9,9,0,93,113,113
2024-07,2024,Julio,O1001A022,MAESTRÍA EN MEDICINA (A DISTANCIA).,Otros,Sin Partner (Propio),Distancia,5,19,0,0,100,96,4,1,0,0,8,5,10,11,0,100,125,125
2024-08,2024,Agosto,O1001A022,MAESTRÍA EN MEDICINA (A DISTANCIA).,Otros,Sin Partner (Propio),Distancia,0,16,0,0,110,105,5,2,0,0,15,3,13,10,1,110,128,128
2024-09,2024,Setiembre,O1001A022,MAESTRÍA EN MEDICINA (A DISTANCIA).,Otros,Sin Partner (Propio),Distancia,18,13,0,0,108,105,3,2,0,0,7,10,12,11,2,108,141,141
2024-10,2024,Octubre,O1001A022,MAESTRÍA EN MEDICINA (A DISTANCIA).,Otros,Sin Partner (Propio),Distancia,3,10,0,0,96,94,2,0,0,0,27,5,19,7,8,96,109,109
2024-11,2024,Noviembre,O1001A022,MAESTRÍA EN MEDICINA (A DISTANCIA).,Otros,Sin Partner (Propio),Distancia,5,10,0,0,95,87,8,2,0,0,15,18,19,9,9,95,112,112
2024-12,2024,Diciembre,O1001A022,MAESTRÍA EN MEDICINA (A DISTANCIA).,Otros,Sin Partner (Propio),Distancia,20,9,0,0,91,80,11,4,0,0,16,4,21,12,9,91,124,124
2025-01,2025,Enero,O1001A022,MAESTRÍA EN MEDICINA (A DISTANCIA).,Otros,Sin Partner (Propio),Distancia,1,15,0,0,82,78,4,1,0,0,26,12,20,13,11,82,99,99
2025-02,2025,Febrero,O1001A022,MAESTRÍA EN MEDICINA (A DISTANCIA).,Otros,Sin Partner (Propio),Distancia,13,11,0,0,91,81,10,3,0,0,13,7,21,21,11,91,118,118
2025-03,2025,Marzo,O1001A022,MAESTRÍA EN MEDICINA (A DISTANCIA).,Otros,Sin Partner (Propio),Distancia,15,16,0,0,91,86,5,4,1,0,7,8,19,20,13,91,127,127
2025-04,2025,Abril,O1001A022,MAESTRÍA EN MEDICINA (A DISTANCIA).,Otros,Sin Partner (Propio),Distancia,19,13,0,0,80,77,3,6,0,0,21,2,14,22,15,80,118,118
2025-05,2025,Mayo,O1001A022,MAESTRÍA EN MEDICINA (A DISTANCIA).,Otros,Sin Partner (Propio),Distancia,2,7,0,0,76,71,5,2,1,0,27,15,11,21,18,76,88,88
2025-06,2025,Junio,O1001A022,MAESTRÍA EN MEDICINA (A DISTANCIA).,Otros,Sin Partner (Propio),Distancia,5,11,0,0,70,68,2,3,0,0,17,24,18,20,21,70,89,89
2025-07,2025,Julio,O1001A022,MAESTRÍA EN MEDICINA (A DISTANCIA).,Otros,Sin Partner (Propio),Distancia,21,14,0,0,79,75,4,3,0,0,7,3,27,20,24,79,117,117
2025-08,2025,Agosto,O1001A022,MAESTRÍA EN MEDICINA (A DISTANCIA).,Otros,Sin Partner (Propio),Distancia,4,20,0,0,78,75,3,3,0,0,18,4,24,15,31,78,105,105
2025-09,2025,Setiembre,O1001A022,MAESTRÍA EN MEDICINA (A DISTANCIA).,Otros,Sin Partner (Propio),Distancia,3,21,0,0,89,84,5,6,0,0,17,13,19,15,32,89,118,118
2025-10,2025,Octubre,O1001A022,MAESTRÍA EN MEDICINA (A DISTANCIA).,Otros,Sin Partner (Propio),Distancia,30,12,0,0,90,87,3,5,0,0,11,8,12,19,36,90,137,137
2025-11,2025,Noviembre,O1001A022,MAESTRÍA EN MEDICINA (A DISTANCIA).,Otros,Sin Partner (Propio),Distancia,2,13,0,0,85,84,1,0,0,0,22,10,13,22,39,85,100,100
2025-12,2025,Diciembre,O1001A022,MAESTRÍA EN MEDICINA (A DISTANCIA).,Otros,Sin Partner (Propio),Distancia,2,10,0,0,77,76,1,1,0,0,20,21,22,20,41,77,90,90
2026-01,2026,Enero,O1001A022,MAESTRÍA EN MEDICINA (A DISTANCIA).,Otros,Sin Partner (Propio),Distancia,24,19,0,0,83,77,6,7,0,0,6,5,25,18,44,83,133,133
2026-02,2026,Febrero,O1001A022,MAESTRÍA EN MEDICINA (A DISTANCIA).,Otros,Sin Partner (Propio),Distancia,8,16,0,0,93,92,1,1,0,0,12,5,23,19,46,93,118,118
2026-03,2026,Marzo,O1001A022,MAESTRÍA EN MEDICINA (A DISTANCIA).,Otros,Sin Partner (Propio),Distancia,0,17,0,0,92,91,1,1,1,0,19,11,20,24,47,92,111,111
2026-04,2026,Abril,O1001A022,MAESTRÍA EN MEDICINA (A DISTANCIA).,Otros,Sin Partner (Propio),Distancia,18,15,0,0,99,94,5,4,1,0,9,8,18,22,53,99,137,137
2026-05,2026,Mayo,O1001A022,MAESTRÍA EN MEDICINA (A DISTANCIA).,Otros,Sin Partner (Propio),Distancia,4,9,0,0,90,89,1,1,1,0,26,8,19,21,59,90,105,105
2026-06,2026,Junio,O1001A022,MAESTRÍA EN MEDICINA (A DISTANCIA).,Otros,Sin Partner (Propio),Distancia,0,17,0,0,94,89,5,0,1,0,12,21,25,22,59,94,112,112
2026-07,2026,Julio,O1001A022,MAESTRÍA EN MEDICINA (A DISTANCIA).,Otros,Sin Partner (Propio),Distancia,0,11,0,0,111,101,10,21,1,0,11,2,23,21,61,111,144,144
2023-07,2023,Julio,O29012102,MAESTRÍA EN SOLUCIÓN DE CONFLICTOS (A DISTANCIA).,Otros,Sin Partner (Propio),Distancia,0,13,0,0,0,0,0,0,0,0,0,0,0,0,0,0,13,13
2023-08,2023,Agosto,O29012102,MAESTRÍA EN SOLUCIÓN DE CONFLICTOS (A DISTANCIA).,Otros,Sin Partner (Propio),Distancia,0,10,0,0,9,9,0,0,0,0,4,0,0,0,0,9,19,19
2023-09,2023,Setiembre,O29012102,MAESTRÍA EN SOLUCIÓN DE CONFLICTOS (A DISTANCIA).,Otros,Sin Partner (Propio),Distancia,0,12,0,0,16,16,0,0,0,0,3,4,0,0,0,16,28,28
2023-10,2023,Octubre,O29012102,MAESTRÍA EN SOLUCIÓN DE CONFLICTOS (A DISTANCIA).,Otros,Sin Partner (Propio),Distancia,0,9,0,0,25,25,0,0,0,0,3,3,4,0,0,25,34,34
2023-11,2023,Noviembre,O29012102,MAESTRÍA EN SOLUCIÓN DE CONFLICTOS (A DISTANCIA).,Otros,Sin Partner (Propio),Distancia,0,8,0,0,29,29,0,0,0,0,5,3,7,0,0,29,37,37
2023-12,2023,Diciembre,O29012102,MAESTRÍA EN SOLUCIÓN DE CONFLICTOS (A DISTANCIA).,Otros,Sin Partner (Propio),Distancia,0,6,0,0,31,30,1,0,0,0,7,4,10,0,0,31,37,37
2024-01,2024,Enero,O29012102,MAESTRÍA EN SOLUCIÓN DE CONFLICTOS (A DISTANCIA).,Otros,Sin Partner (Propio),Distancia,0,22,0,0,35,33,2,1,0,0,4,5,13,0,0,35,58,58
2024-02,2024,Febrero,O29012102,MAESTRÍA EN SOLUCIÓN DE CONFLICTOS (A DISTANCIA).,Otros,Sin Partner (Propio),Distancia,0,11,0,0,50,49,1,1,0,0,9,3,14,3,0,50,62,62
2024-03,2024,Marzo,O29012102,MAESTRÍA EN SOLUCIÓN DE CONFLICTOS (A DISTANCIA).,Otros,Sin Partner (Propio),Distancia,0,7,0,0,57,56,1,1,0,0,6,8,13,6,0,57,65,65
2024-04,2024,Abril,O29012102,MAESTRÍA EN SOLUCIÓN DE CONFLICTOS (A DISTANCIA).,Otros,Sin Partner (Propio),Distancia,0,14,0,0,49,47,2,1,0,0,18,4,17,9,0,49,64,64
2024-05,2024,Mayo,O29012102,MAESTRÍA EN SOLUCIÓN DE CONFLICTOS (A DISTANCIA).,Otros,Sin Partner (Propio),Distancia,2,16,0,0,67,59,8,1,0,0,5,8,16,13,0,67,86,86
2024-06,2024,Junio,O29012102,MAESTRÍA EN SOLUCIÓN DE CONFLICTOS (A DISTANCIA).,Otros,Sin Partner (Propio),Distancia,1,12,0,0,73,73,0,1,0,0,10,5,20,16,0,73,87,87
2024-07,2024,Julio,O29012102,MAESTRÍA EN SOLUCIÓN DE CONFLICTOS (A DISTANCIA).,Otros,Sin Partner (Propio),Distancia,0,10,0,0,82,79,3,1,0,0,7,7,22,18,0,82,93,93
2024-08,2024,Agosto,O29012102,MAESTRÍA EN SOLUCIÓN DE CONFLICTOS (A DISTANCIA).,Otros,Sin Partner (Propio),Distancia,2,11,0,0,80,77,3,1,0,0,15,3,22,21,3,80,94,94
2024-09,2024,Setiembre,O29012102,MAESTRÍA EN SOLUCIÓN DE CONFLICTOS (A DISTANCIA).,Otros,Sin Partner (Propio),Distancia,0,19,0,0,86,79,7,2,0,0,13,8,19,22,6,86,107,107
2024-10,2024,Octubre,O29012102,MAESTRÍA EN SOLUCIÓN DE CONFLICTOS (A DISTANCIA).,Otros,Sin Partner (Propio),Distancia,1,11,0,0,88,84,4,1,0,0,22,9,20,25,9,88,101,101
2024-11,2024,Noviembre,O29012102,MAESTRÍA EN SOLUCIÓN DE CONFLICTOS (A DISTANCIA).,Otros,Sin Partner (Propio),Distancia,0,9,0,0,80,74,6,2,0,0,26,16,22,26,13,80,91,91
2024-12,2024,Diciembre,O29012102,MAESTRÍA EN SOLUCIÓN DE CONFLICTOS (A DISTANCIA).,Otros,Sin Partner (Propio),Distancia,19,11,0,0,93,84,9,2,1,0,5,12,19,27,16,93,126,126
2025-01,2025,Enero,O29012102,MAESTRÍA EN SOLUCIÓN DE CONFLICTOS (A DISTANCIA).,Otros,Sin Partner (Propio),Distancia,5,15,0,0,78,77,1,2,0,0,25,4,26,28,18,78,100,100
2025-02,2025,Febrero,O29012102,MAESTRÍA EN SOLUCIÓN DE CONFLICTOS (A DISTANCIA).,Otros,Sin Partner (Propio),Distancia,5,8,0,0,79,72,7,4,0,0,20,16,22,27,23,79,96,96
2025-03,2025,Marzo,O29012102,MAESTRÍA EN SOLUCIÓN DE CONFLICTOS (A DISTANCIA).,Otros,Sin Partner (Propio),Distancia,2,13,0,0,76,70,6,1,1,0,20,14,31,27,27,76,93,93
2025-04,2025,Abril,O29012102,MAESTRÍA EN SOLUCIÓN DE CONFLICTOS (A DISTANCIA).,Otros,Sin Partner (Propio),Distancia,9,16,0,0,80,75,5,7,0,0,13,14,29,26,32,80,112,112
2025-05,2025,Mayo,O29012102,MAESTRÍA EN SOLUCIÓN DE CONFLICTOS (A DISTANCIA).,Otros,Sin Partner (Propio),Distancia,2,15,0,0,81,76,5,4,0,0,27,7,31,28,37,81,102,102
2025-06,2025,Junio,O29012102,MAESTRÍA EN SOLUCIÓN DE CONFLICTOS (A DISTANCIA).,Otros,Sin Partner (Propio),Distancia,12,19,0,0,91,84,7,7,0,0,13,16,24,25,42,91,129,129
2025-07,2025,Julio,O29012102,MAESTRÍA EN SOLUCIÓN DE CONFLICTOS (A DISTANCIA).,Otros,Sin Partner (Propio),Distancia,8,11,0,0,96,91,5,8,0,0,20,8,24,28,45,96,123,123
2025-08,2025,Agosto,O29012102,MAESTRÍA EN SOLUCIÓN DE CONFLICTOS (A DISTANCIA).,Otros,Sin Partner (Propio),Distancia,7,12,0,0,86,82,4,0,0,0,31,14,25,28,49,86,105,105
2025-09,2025,Setiembre,O29012102,MAESTRÍA EN SOLUCIÓN DE CONFLICTOS (A DISTANCIA).,Otros,Sin Partner (Propio),Distancia,12,15,0,0,102,88,14,2,1,0,6,12,28,29,53,102,132,132
2025-10,2025,Octubre,O29012102,MAESTRÍA EN SOLUCIÓN DE CONFLICTOS (A DISTANCIA).,Otros,Sin Partner (Propio),Distancia,12,6,0,0,97,95,2,4,0,0,15,4,32,26,58,97,119,119
2025-11,2025,Noviembre,O29012102,MAESTRÍA EN SOLUCIÓN DE CONFLICTOS (A DISTANCIA).,Otros,Sin Partner (Propio),Distancia,6,6,0,0,81,76,5,5,0,1,26,9,22,29,63,81,99,99
2025-12,2025,Diciembre,O29012102,MAESTRÍA EN SOLUCIÓN DE CONFLICTOS (A DISTANCIA).,Otros,Sin Partner (Propio),Distancia,11,10,0,0,88,77,11,1,0,0,13,12,20,32,65,88,110,110
2026-01,2026,Enero,O29012102,MAESTRÍA EN SOLUCIÓN DE CONFLICTOS (A DISTANCIA).,Otros,Sin Partner (Propio),Distancia,13,11,0,0,83,79,4,2,0,0,11,6,24,31,71,83,109,109
2026-02,2026,Febrero,O29012102,MAESTRÍA EN SOLUCIÓN DE CONFLICTOS (A DISTANCIA).,Otros,Sin Partner (Propio),Distancia,4,19,0,0,70,69,1,1,0,0,26,9,22,32,75,70,94,94
2026-03,2026,Marzo,O29012102,MAESTRÍA EN SOLUCIÓN DE CONFLICTOS (A DISTANCIA).,Otros,Sin Partner (Propio),Distancia,11,12,0,0,88,79,9,5,1,0,9,11,22,27,80,88,117,117
2026-04,2026,Abril,O29012102,MAESTRÍA EN SOLUCIÓN DE CONFLICTOS (A DISTANCIA).,Otros,Sin Partner (Propio),Distancia,12,15,0,0,82,81,1,7,0,0,17,7,17,31,82,82,116,116
2026-05,2026,Mayo,O29012102,MAESTRÍA EN SOLUCIÓN DE CONFLICTOS (A DISTANCIA).,Otros,Sin Partner (Propio),Distancia,2,10,0,0,77,73,4,3,0,0,29,13,17,27,90,77,92,92
2026-06,2026,Junio,O29012102,MAESTRÍA EN SOLUCIÓN DE CONFLICTOS (A DISTANCIA).,Otros,Sin Partner (Propio),Distancia,0,12,0,0,99,84,15,7,0,0,6,14,21,23,96,99,118,118
2026-07,2026,Julio,O29012102,MAESTRÍA EN SOLUCIÓN DE CONFLICTOS (A DISTANCIA).,Otros,Sin Partner (Propio),Distancia,0,4,0,0,101,101,0,5,3,0,17,6,27,19,100,101,113,113
2024-08,2024,Agosto,O10011804,MAESTRÍA EN SALUD OCUPACIONAL (A DISTANCIA),Otros,Sin Partner (Propio),Distancia,0,77,0,0,0,0,0,0,0,0,0,0,0,0,0,0,77,77
2024-09,2024,Setiembre,O10011804,MAESTRÍA EN SALUD OCUPACIONAL (A DISTANCIA),Otros,Sin Partner (Propio),Distancia,0,58,0,0,74,74,0,0,0,0,3,0,0,0,0,74,132,132
2024-10,2024,Octubre,O10011804,MAESTRÍA EN SALUD OCUPACIONAL (A DISTANCIA),Otros,Sin Partner (Propio),Distancia,0,64,0,0,121,121,0,0,0,0,11,3,0,0,0,121,185,185
2024-11,2024,Noviembre,O10011804,MAESTRÍA EN SALUD OCUPACIONAL (A DISTANCIA),Otros,Sin Partner (Propio),Distancia,0,60,0,0,178,172,6,0,0,0,13,5,3,0,0,178,238,238
2024-12,2024,Diciembre,O10011804,MAESTRÍA EN SALUD OCUPACIONAL (A DISTANCIA),Otros,Sin Partner (Propio),Distancia,0,40,0,0,219,215,4,0,0,0,23,9,8,0,0,219,259,259
2025-01,2025,Enero,O10011804,MAESTRÍA EN SALUD OCUPACIONAL (A DISTANCIA),Otros,Sin Partner (Propio),Distancia,0,58,0,0,245,236,9,2,0,0,23,14,15,0,0,245,305,305
2025-02,2025,Febrero,O10011804,MAESTRÍA EN SALUD OCUPACIONAL (A DISTANCIA),Otros,Sin Partner (Propio),Distancia,0,41,0,0,283,277,6,3,0,0,28,17,26,0,0,283,327,327
2025-03,2025,Marzo,O10011804,MAESTRÍA EN SALUD OCUPACIONAL (A DISTANCIA),Otros,Sin Partner (Propio),Distancia,0,52,0,0,314,302,12,1,0,0,25,16,39,3,0,314,367,367
2025-04,2025,Abril,O10011804,MAESTRÍA EN SALUD OCUPACIONAL (A DISTANCIA),Otros,Sin Partner (Propio),Distancia,0,77,0,0,361,349,12,5,0,0,18,13,45,8,0,361,443,443
2025-05,2025,Mayo,O10011804,MAESTRÍA EN SALUD OCUPACIONAL (A DISTANCIA),Otros,Sin Partner (Propio),Distancia,0,69,0,0,338,335,3,2,0,0,108,15,49,15,0,338,409,409
2025-06,2025,Junio,O10011804,MAESTRÍA EN SALUD OCUPACIONAL (A DISTANCIA),Otros,Sin Partner (Propio),Distancia,0,60,0,0,448,373,75,3,0,0,36,33,51,25,0,448,511,511
2025-07,2025,Julio,O10011804,MAESTRÍA EN SALUD OCUPACIONAL (A DISTANCIA),Otros,Sin Partner (Propio),Distancia,35,69,0,0,461,444,17,10,0,0,32,19,60,39,0,461,575,575
2025-08,2025,Agosto,O10011804,MAESTRÍA EN SALUD OCUPACIONAL (A DISTANCIA),Otros,Sin Partner (Propio),Distancia,0,67,0,0,447,435,12,6,0,0,105,20,61,51,0,447,520,520
2025-09,2025,Setiembre,O10011804,MAESTRÍA EN SALUD OCUPACIONAL (A DISTANCIA),Otros,Sin Partner (Propio),Distancia,41,53,0,0,521,474,47,8,0,0,32,31,64,57,3,521,623,623
2025-10,2025,Octubre,O10011804,MAESTRÍA EN SALUD OCUPACIONAL (A DISTANCIA),Otros,Sin Partner (Propio),Distancia,28,36,0,0,464,457,7,11,0,0,99,24,70,65,8,464,539,539
2025-11,2025,Noviembre,O10011804,MAESTRÍA EN SALUD OCUPACIONAL (A DISTANCIA),Otros,Sin Partner (Propio),Distancia,44,60,0,0,463,424,39,6,0,0,64,40,70,75,15,463,573,573
2025-12,2025,Diciembre,O10011804,MAESTRÍA EN SALUD OCUPACIONAL (A DISTANCIA),Otros,Sin Partner (Propio),Distancia,17,43,0,0,428,407,21,11,0,0,110,40,82,80,25,428,499,499
2026-01,2026,Enero,O10011804,MAESTRÍA EN SALUD OCUPACIONAL (A DISTANCIA),Otros,Sin Partner (Propio),Distancia,52,35,0,0,471,428,43,20,0,0,36,36,87,78,39,471,578,578
2026-02,2026,Febrero,O10011804,MAESTRÍA EN SALUD OCUPACIONAL (A DISTANCIA),Otros,Sin Partner (Propio),Distancia,23,61,0,0,459,445,14,17,1,0,65,15,87,85,50,459,561,561
2026-03,2026,Marzo,O10011804,MAESTRÍA EN SALUD OCUPACIONAL (A DISTANCIA),Otros,Sin Partner (Propio),Distancia,40,50,0,0,468,451,17,7,2,0,70,28,78,88,59,468,567,567
2026-04,2026,Abril,O10011804,MAESTRÍA EN SALUD OCUPACIONAL (A DISTANCIA),Otros,Sin Partner (Propio),Distancia,35,53,0,0,452,433,19,8,1,2,76,35,73,99,69,452,551,551
2026-05,2026,Mayo,O10011804,MAESTRÍA EN SALUD OCUPACIONAL (A DISTANCIA),Otros,Sin Partner (Propio),Distancia,0,56,0,0,476,440,36,18,1,0,76,40,77,94,86,476,551,551
2026-06,2026,Junio,O10011804,MAESTRÍA EN SALUD OCUPACIONAL (A DISTANCIA),Otros,Sin Partner (Propio),Distancia,0,95,0,0,495,448,47,22,1,0,103,29,75,98,101,495,613,613
2026-07,2026,Julio,O10011804,MAESTRÍA EN SALUD OCUPACIONAL (A DISTANCIA),Otros,Sin Partner (Propio),Distancia,0,72,0,0,503,483,20,18,0,0,130,83,74,99,112,503,593,593
2025-03,2025,Marzo,O07015002,MAESTRIA EN EDUCACIÓN CON MENCIÓN EN POLÍTICAS Y GESTIÓN DE LA EDUCACIÓN (A DISTANCIA),Otros,Sin Partner (Propio),Distancia,0,4,0,0,0,0,0,0,0,0,0,0,0,0,0,0,4,4
2025-04,2025,Abril,O07015002,MAESTRIA EN EDUCACIÓN CON MENCIÓN EN POLÍTICAS Y GESTIÓN DE LA EDUCACIÓN (A DISTANCIA),Otros,Sin Partner (Propio),Distancia,0,6,0,0,4,4,0,0,0,0,0,0,0,0,0,4,10,10
2025-05,2025,Mayo,O07015002,MAESTRIA EN EDUCACIÓN CON MENCIÓN EN POLÍTICAS Y GESTIÓN DE LA EDUCACIÓN (A DISTANCIA),Otros,Sin Partner (Propio),Distancia,0,5,0,0,9,9,0,0,0,0,1,0,0,0,0,9,14,14
2025-06,2025,Junio,O07015002,MAESTRIA EN EDUCACIÓN CON MENCIÓN EN POLÍTICAS Y GESTIÓN DE LA EDUCACIÓN (A DISTANCIA),Otros,Sin Partner (Propio),Distancia,0,6,0,0,13,13,0,0,0,0,1,1,0,0,0,13,19,19
2025-07,2025,Julio,O07015002,MAESTRIA EN EDUCACIÓN CON MENCIÓN EN POLÍTICAS Y GESTIÓN DE LA EDUCACIÓN (A DISTANCIA),Otros,Sin Partner (Propio),Distancia,0,3,0,0,19,19,0,0,0,0,0,1,1,0,0,19,22,22
2025-08,2025,Agosto,O07015002,MAESTRIA EN EDUCACIÓN CON MENCIÓN EN POLÍTICAS Y GESTIÓN DE LA EDUCACIÓN (A DISTANCIA),Otros,Sin Partner (Propio),Distancia,0,5,0,0,21,21,0,0,0,0,1,0,2,0,0,21,26,26
2025-09,2025,Setiembre,O07015002,MAESTRIA EN EDUCACIÓN CON MENCIÓN EN POLÍTICAS Y GESTIÓN DE LA EDUCACIÓN (A DISTANCIA),Otros,Sin Partner (Propio),Distancia,0,1,0,0,23,23,0,0,0,0,3,1,2,0,0,23,24,24
2025-10,2025,Octubre,O07015002,MAESTRIA EN EDUCACIÓN CON MENCIÓN EN POLÍTICAS Y GESTIÓN DE LA EDUCACIÓN (A DISTANCIA),Otros,Sin Partner (Propio),Distancia,0,4,0,0,24,23,1,0,0,0,1,2,3,0,0,24,28,28
2025-11,2025,Noviembre,O07015002,MAESTRIA EN EDUCACIÓN CON MENCIÓN EN POLÍTICAS Y GESTIÓN DE LA EDUCACIÓN (A DISTANCIA),Otros,Sin Partner (Propio),Distancia,0,5,0,0,18,18,0,0,0,0,10,1,4,1,0,18,23,23
2025-12,2025,Diciembre,O07015002,MAESTRIA EN EDUCACIÓN CON MENCIÓN EN POLÍTICAS Y GESTIÓN DE LA EDUCACIÓN (A DISTANCIA),Otros,Sin Partner (Propio),Distancia,5,7,0,0,24,22,2,0,0,0,1,3,4,2,0,24,36,36
2026-01,2026,Enero,O07015002,MAESTRIA EN EDUCACIÓN CON MENCIÓN EN POLÍTICAS Y GESTIÓN DE LA EDUCACIÓN (A DISTANCIA),Otros,Sin Partner (Propio),Distancia,2,10,0,0,28,27,1,2,0,0,2,0,5,2,0,28,42,42
2026-02,2026,Febrero,O07015002,MAESTRIA EN EDUCACIÓN CON MENCIÓN EN POLÍTICAS Y GESTIÓN DE LA EDUCACIÓN (A DISTANCIA),Otros,Sin Partner (Propio),Distancia,0,13,0,0,37,35,2,0,0,0,5,0,4,3,0,37,50,50
2026-03,2026,Marzo,O07015002,MAESTRIA EN EDUCACIÓN CON MENCIÓN EN POLÍTICAS Y GESTIÓN DE LA EDUCACIÓN (A DISTANCIA),Otros,Sin Partner (Propio),Distancia,2,6,0,0,48,46,2,0,0,0,4,1,2,5,0,48,56,56
2026-04,2026,Abril,O07015002,MAESTRIA EN EDUCACIÓN CON MENCIÓN EN POLÍTICAS Y GESTIÓN DE LA EDUCACIÓN (A DISTANCIA),Otros,Sin Partner (Propio),Distancia,2,12,0,0,49,48,1,0,0,0,4,3,3,5,0,49,63,63
2026-05,2026,Mayo,O07015002,MAESTRIA EN EDUCACIÓN CON MENCIÓN EN POLÍTICAS Y GESTIÓN DE LA EDUCACIÓN (A DISTANCIA),Otros,Sin Partner (Propio),Distancia,1,12,0,0,53,53,0,0,0,0,7,4,4,6,1,53,66,66
2026-06,2026,Junio,O07015002,MAESTRIA EN EDUCACIÓN CON MENCIÓN EN POLÍTICAS Y GESTIÓN DE LA EDUCACIÓN (A DISTANCIA),Otros,Sin Partner (Propio),Distancia,0,8,0,0,71,64,7,1,0,0,1,0,7,5,2,71,80,80
2026-07,2026,Julio,O07015002,MAESTRIA EN EDUCACIÓN CON MENCIÓN EN POLÍTICAS Y GESTIÓN DE LA EDUCACIÓN (A DISTANCIA),Otros,Sin Partner (Propio),Distancia,0,2,0,0,70,69,1,1,0,0,11,0,6,5,2,70,73,73
2025-08,2025,Agosto,O50012301,MAESTRIA EN SEGURIDAD CIUDADANA Y CRIMINOLOGIA (A DISTANCIA).,Otros,Sin Partner (Propio),Distancia,0,38,0,0,0,0,0,0,0,0,0,0,0,0,0,0,38,38
2025-09,2025,Setiembre,O50012301,MAESTRIA EN SEGURIDAD CIUDADANA Y CRIMINOLOGIA (A DISTANCIA).,Otros,Sin Partner (Propio),Distancia,0,25,0,0,36,36,0,0,0,0,2,0,0,0,0,36,61,61
2025-10,2025,Octubre,O50012301,MAESTRIA EN SEGURIDAD CIUDADANA Y CRIMINOLOGIA (A DISTANCIA).,Otros,Sin Partner (Propio),Distancia,0,6,0,0,56,56,0,0,0,0,5,2,0,0,0,56,62,62
2025-11,2025,Noviembre,O50012301,MAESTRIA EN SEGURIDAD CIUDADANA Y CRIMINOLOGIA (A DISTANCIA).,Otros,Sin Partner (Propio),Distancia,0,14,0,0,62,61,1,0,0,0,1,4,2,0,0,62,76,76
2025-12,2025,Diciembre,O50012301,MAESTRIA EN SEGURIDAD CIUDADANA Y CRIMINOLOGIA (A DISTANCIA).,Otros,Sin Partner (Propio),Distancia,0,10,0,0,70,70,0,0,0,0,6,1,6,0,0,70,80,80
2026-01,2026,Enero,O50012301,MAESTRIA EN SEGURIDAD CIUDADANA Y CRIMINOLOGIA (A DISTANCIA).,Otros,Sin Partner (Propio),Distancia,0,8,0,0,76,76,0,0,0,0,4,6,7,0,0,76,84,84
2026-02,2026,Febrero,O50012301,MAESTRIA EN SEGURIDAD CIUDADANA Y CRIMINOLOGIA (A DISTANCIA).,Otros,Sin Partner (Propio),Distancia,0,10,0,0,76,76,0,2,0,0,8,4,11,0,0,76,88,88
2026-03,2026,Marzo,O50012301,MAESTRIA EN SEGURIDAD CIUDADANA Y CRIMINOLOGIA (A DISTANCIA).,Otros,Sin Partner (Propio),Distancia,0,3,0,0,88,85,3,1,0,0,3,5,12,2,0,88,92,92
2026-04,2026,Abril,O50012301,MAESTRIA EN SEGURIDAD CIUDADANA Y CRIMINOLOGIA (A DISTANCIA).,Otros,Sin Partner (Propio),Distancia,31,10,0,0,59,58,1,1,0,0,3,2,12,6,0,59,101,101
2026-05,2026,Mayo,O50012301,MAESTRIA EN SEGURIDAD CIUDADANA Y CRIMINOLOGIA (A DISTANCIA).,Otros,Sin Partner (Propio),Distancia,10,7,0,0,53,53,0,0,0,0,7,3,13,7,0,53,70,70
2026-06,2026,Junio,O50012301,MAESTRIA EN SEGURIDAD CIUDADANA Y CRIMINOLOGIA (A DISTANCIA).,Otros,Sin Partner (Propio),Distancia,0,1,0,0,61,57,4,0,0,0,3,3,13,10,0,61,62,62
2026-07,2026,Julio,O50012301,MAESTRIA EN SEGURIDAD CIUDADANA Y CRIMINOLOGIA (A DISTANCIA).,Otros,Sin Partner (Propio),Distancia,0,3,0,0,49,47,2,1,0,0,15,1,11,14,0,49,53,53
