Periodo_Real,Año,Mes,Codigo_Plan_SAP,Programa,Facultad,Gestion,Modalidad_Agrupada,Concluyeron el Plan,Admitidos Matriculados,Nuevos Traslados,Nuevos Convalidados,Permanentes Continuos,Perm. Siempre (0m),Perm. 1mes,Permanentes Incontinuos,Reincorporados (6-12m),Reincorporados (>12m),Riesgo Deserción (1m),Riesgo Deserción (2m),Deserción Temprana (3-6m),Deserción Tardía (7-12m),Deserción Muy Tardía (>12m),Retenidos (1m),Matríc. regular a Distancia,Matríc. regular Presencial,Estudiantes matrí. TOTAL
2014-01,2014,Enero,E05010104,CARRERA DE CONTABILIDAD Y FINANZAS -  (A DISTANCIA AP),Contabilidad y Finanzas,Con Partner (AP),Distancia,0,1,0,0,0,0,0,0,0,0,0,0,0,0,0,0,1,0,1
2014-02,2014,Febrero,E05010104,CARRERA DE CONTABILIDAD Y FINANZAS -  (A DISTANCIA AP),Contabilidad y Finanzas,Con Partner (AP),Distancia,0,0,0,0,1,1,0,0,0,0,0,0,0,0,0,1,1,0,1
2014-03,2014,N/A,E05010104,CARRERA DE CONTABILIDAD Y FINANZAS -  (A DISTANCIA AP),Contabilidad y Finanzas,Con Partner (AP),Distancia,0,0,0,0,0,0,0,0,0,0,1,0,0,0,0,0,0,0,0
2014-04,2014,N/A,E05010104,CARRERA DE CONTABILIDAD Y FINANZAS -  (A DISTANCIA AP),Contabilidad y Finanzas,Con Partner (AP),Distancia,0,0,0,0,0,0,0,0,0,0,0,1,0,0,0,0,0,0,0
2014-05,2014,N/A,E05010104,CARRERA DE CONTABILIDAD Y FINANZAS -  (A DISTANCIA AP),Contabilidad y Finanzas,Con Partner (AP),Distancia,0,0,0,0,0,0,0,0,0,0,0,0,1,0,0,0,0,0,0
2014-06,2014,N/A,E05010104,CARRERA DE CONTABILIDAD Y FINANZAS -  (A DISTANCIA AP),Contabilidad y Finanzas,Con Partner (AP),Distancia,0,0,0,0,0,0,0,0,0,0,0,0,1,0,0,0,0,0,0
2014-07,2014,Julio,E05010104,CARRERA DE CONTABILIDAD Y FINANZAS -  (A DISTANCIA AP),Contabilidad y Finanzas,Con Partner (AP),Distancia,0,0,0,0,0,0,0,1,0,0,0,0,0,0,0,0,1,0,1
2014-08,2014,Agosto,E05010104,CARRERA DE CONTABILIDAD Y FINANZAS -  (A DISTANCIA AP),Contabilidad y Finanzas,Con Partner (AP),Distancia,0,0,0,0,1,1,0,0,0,0,0,0,0,0,0,1,1,0,1
2014-09,2014,Setiembre,E05010104,CARRERA DE CONTABILIDAD Y FINANZAS -  (A DISTANCIA AP),Contabilidad y Finanzas,Con Partner (AP),Distancia,0,0,0,0,1,1,0,0,0,0,0,0,0,0,0,1,1,0,1
2014-10,2014,Octubre,E05010104,CARRERA DE CONTABILIDAD Y FINANZAS -  (A DISTANCIA AP),Contabilidad y Finanzas,Con Partner (AP),Distancia,0,0,0,0,1,1,0,0,0,0,0,0,0,0,0,1,1,0,1
2014-11,2014,Noviembre,E05010104,CARRERA DE CONTABILIDAD Y FINANZAS -  (A DISTANCIA AP),Contabilidad y Finanzas,Con Partner (AP),Distancia,0,0,0,0,1,1,0,0,0,0,0,0,0,0,0,1,1,0,1
2014-12,2014,N/A,E05010104,CARRERA DE CONTABILIDAD Y FINANZAS -  (A DISTANCIA AP),Contabilidad y Finanzas,Con Partner (AP),Distancia,0,0,0,0,0,0,0,0,0,0,1,0,0,0,0,0,0,0,0
2015-01,2015,Enero,E05010104,CARRERA DE CONTABILIDAD Y FINANZAS -  (A DISTANCIA AP),Contabilidad y Finanzas,Con Partner (AP),Distancia,0,0,0,0,1,0,1,0,0,0,0,0,0,0,0,1,1,0,1
2015-02,2015,Febrero,E05010104,CARRERA DE CONTABILIDAD Y FINANZAS -  (A DISTANCIA AP),Contabilidad y Finanzas,Con Partner (AP),Distancia,0,0,0,0,1,1,0,0,0,0,0,0,0,0,0,1,1,0,1
2015-03,2015,Marzo,E05010104,CARRERA DE CONTABILIDAD Y FINANZAS -  (A DISTANCIA AP),Contabilidad y Finanzas,Con Partner (AP),Distancia,0,0,0,0,1,1,0,0,0,0,0,0,0,0,0,1,1,0,1
2015-04,2015,Abril,E05010104,CARRERA DE CONTABILIDAD Y FINANZAS -  (A DISTANCIA AP),Contabilidad y Finanzas,Con Partner (AP),Distancia,0,0,0,0,1,1,0,0,0,0,0,0,0,0,0,1,1,0,1
2015-05,2015,N/A,E05010104,CARRERA DE CONTABILIDAD Y FINANZAS -  (A DISTANCIA AP),Contabilidad y Finanzas,Con Partner (AP),Distancia,0,0,0,0,0,0,0,0,0,0,1,0,0,0,0,0,0,0,0
2015-06,2015,N/A,E05010104,CARRERA DE CONTABILIDAD Y FINANZAS -  (A DISTANCIA AP),Contabilidad y Finanzas,Con Partner (AP),Distancia,0,0,0,0,0,0,0,0,0,0,0,1,0,0,0,0,0,0,0
2015-07,2015,Julio,E05010104,CARRERA DE CONTABILIDAD Y FINANZAS -  (A DISTANCIA AP),Contabilidad y Finanzas,Con Partner (AP),Distancia,0,0,0,0,0,0,0,1,0,0,0,0,0,0,0,0,1,0,1
2015-08,2015,N/A,E05010104,CARRERA DE CONTABILIDAD Y FINANZAS -  (A DISTANCIA AP),Contabilidad y Finanzas,Con Partner (AP),Distancia,0,0,0,0,0,0,0,0,0,0,1,0,0,0,0,0,0,0,0
2015-09,2015,N/A,E05010104,CARRERA DE CONTABILIDAD Y FINANZAS -  (A DISTANCIA AP),Contabilidad y Finanzas,Con Partner (AP),Distancia,0,0,0,0,0,0,0,0,0,0,0,1,0,0,0,0,0,0,0
2015-10,2015,N/A,E05010104,CARRERA DE CONTABILIDAD Y FINANZAS -  (A DISTANCIA AP),Contabilidad y Finanzas,Con Partner (AP),Distancia,0,0,0,0,0,0,0,0,0,0,0,0,1,0,0,0,0,0,0
2015-11,2015,N/A,E05010104,CARRERA DE CONTABILIDAD Y FINANZAS -  (A DISTANCIA AP),Contabilidad y Finanzas,Con Partner (AP),Distancia,0,0,0,0,0,0,0,0,0,0,0,0,1,0,0,0,0,0,0
2015-12,2015,N/A,E05010104,CARRERA DE CONTABILIDAD Y FINANZAS -  (A DISTANCIA AP),Contabilidad y Finanzas,Con Partner (AP),Distancia,0,0,0,0,0,0,0,0,0,0,0,0,1,0,0,0,0,0,0
2016-01,2016,Enero,E05010104,CARRERA DE CONTABILIDAD Y FINANZAS -  (A DISTANCIA AP),Contabilidad y Finanzas,Con Partner (AP),Distancia,0,0,0,0,0,0,0,1,0,0,0,0,0,0,0,0,1,0,1
2016-02,2016,Febrero,E05010104,CARRERA DE CONTABILIDAD Y FINANZAS -  (A DISTANCIA AP),Contabilidad y Finanzas,Con Partner (AP),Distancia,0,0,0,0,1,1,0,0,0,0,0,0,0,0,0,1,1,0,1
2016-03,2016,Marzo,E05010104,CARRERA DE CONTABILIDAD Y FINANZAS -  (A DISTANCIA AP),Contabilidad y Finanzas,Con Partner (AP),Distancia,0,0,0,0,1,1,0,0,0,0,0,0,0,0,0,1,1,0,1
2016-04,2016,N/A,E05010104,CARRERA DE CONTABILIDAD Y FINANZAS -  (A DISTANCIA AP),Contabilidad y Finanzas,Con Partner (AP),Distancia,0,0,0,0,0,0,0,0,0,0,1,0,0,0,0,0,0,0,0
2016-05,2016,N/A,E05010104,CARRERA DE CONTABILIDAD Y FINANZAS -  (A DISTANCIA AP),Contabilidad y Finanzas,Con Partner (AP),Distancia,0,0,0,0,0,0,0,0,0,0,0,1,0,0,0,0,0,0,0
2016-06,2016,N/A,E05010104,CARRERA DE CONTABILIDAD Y FINANZAS -  (A DISTANCIA AP),Contabilidad y Finanzas,Con Partner (AP),Distancia,0,0,0,0,0,0,0,0,0,0,0,0,1,0,0,0,0,0,0
2016-07,2016,N/A,E05010104,CARRERA DE CONTABILIDAD Y FINANZAS -  (A DISTANCIA AP),Contabilidad y Finanzas,Con Partner (AP),Distancia,0,0,0,0,0,0,0,0,0,0,0,0,1,0,0,0,0,0,0
2016-08,2016,N/A,E05010104,CARRERA DE CONTABILIDAD Y FINANZAS -  (A DISTANCIA AP),Contabilidad y Finanzas,Con Partner (AP),Distancia,0,0,0,0,0,0,0,0,0,0,0,0,1,0,0,0,0,0,0
2016-09,2016,N/A,E05010104,CARRERA DE CONTABILIDAD Y FINANZAS -  (A DISTANCIA AP),Contabilidad y Finanzas,Con Partner (AP),Distancia,0,0,0,0,0,0,0,0,0,0,0,0,1,0,0,0,0,0,0
2016-10,2016,N/A,E05010104,CARRERA DE CONTABILIDAD Y FINANZAS -  (A DISTANCIA AP),Contabilidad y Finanzas,Con Partner (AP),Distancia,0,0,0,0,0,0,0,0,0,0,0,0,0,1,0,0,0,0,0
2016-11,2016,N/A,E05010104,CARRERA DE CONTABILIDAD Y FINANZAS -  (A DISTANCIA AP),Contabilidad y Finanzas,Con Partner (AP),Distancia,0,0,0,0,0,0,0,0,0,0,0,0,0,1,0,0,0,0,0
2016-12,2016,N/A,E05010104,CARRERA DE CONTABILIDAD Y FINANZAS -  (A DISTANCIA AP),Contabilidad y Finanzas,Con Partner (AP),Distancia,0,0,0,0,0,0,0,0,0,0,0,0,0,1,0,0,0,0,0
2017-01,2017,N/A,E05010104,CARRERA DE CONTABILIDAD Y FINANZAS -  (A DISTANCIA AP),Contabilidad y Finanzas,Con Partner (AP),Distancia,0,0,0,0,0,0,0,0,0,0,0,0,0,1,0,0,0,0,0
2017-02,2017,N/A,E05010104,CARRERA DE CONTABILIDAD Y FINANZAS -  (A DISTANCIA AP),Contabilidad y Finanzas,Con Partner (AP),Distancia,0,0,0,0,0,0,0,0,0,0,0,0,0,1,0,0,0,0,0
2017-03,2017,N/A,E05010104,CARRERA DE CONTABILIDAD Y FINANZAS -  (A DISTANCIA AP),Contabilidad y Finanzas,Con Partner (AP),Distancia,0,0,0,0,0,0,0,0,0,0,0,0,0,1,0,0,0,0,0
2017-04,2017,N/A,E05010104,CARRERA DE CONTABILIDAD Y FINANZAS -  (A DISTANCIA AP),Contabilidad y Finanzas,Con Partner (AP),Distancia,0,0,0,0,0,0,0,0,0,0,0,0,0,0,1,0,0,0,0
2017-05,2017,N/A,E05010104,CARRERA DE CONTABILIDAD Y FINANZAS -  (A DISTANCIA AP),Contabilidad y Finanzas,Con Partner (AP),Distancia,0,0,0,0,0,0,0,0,0,0,0,0,0,0,1,0,0,0,0
2017-06,2017,N/A,E05010104,CARRERA DE CONTABILIDAD Y FINANZAS -  (A DISTANCIA AP),Contabilidad y Finanzas,Con Partner (AP),Distancia,0,0,0,0,0,0,0,0,0,0,0,0,0,0,1,0,0,0,0
2017-07,2017,N/A,E05010104,CARRERA DE CONTABILIDAD Y FINANZAS -  (A DISTANCIA AP),Contabilidad y Finanzas,Con Partner (AP),Distancia,0,0,0,0,0,0,0,0,0,0,0,0,0,0,1,0,0,0,0
2017-08,2017,N/A,E05010104,CARRERA DE CONTABILIDAD Y FINANZAS -  (A DISTANCIA AP),Contabilidad y Finanzas,Con Partner (AP),Distancia,0,0,0,0,0,0,0,0,0,0,0,0,0,0,1,0,0,0,0
2017-09,2017,N/A,E05010104,CARRERA DE CONTABILIDAD Y FINANZAS -  (A DISTANCIA AP),Contabilidad y Finanzas,Con Partner (AP),Distancia,0,0,0,0,0,0,0,0,0,0,0,0,0,0,1,0,0,0,0
2017-10,2017,N/A,E05010104,CARRERA DE CONTABILIDAD Y FINANZAS -  (A DISTANCIA AP),Contabilidad y Finanzas,Con Partner (AP),Distancia,0,0,0,0,0,0,0,0,0,0,0,0,0,0,1,0,0,0,0
2017-11,2017,N/A,E05010104,CARRERA DE CONTABILIDAD Y FINANZAS -  (A DISTANCIA AP),Contabilidad y Finanzas,Con Partner (AP),Distancia,0,0,0,0,0,0,0,0,0,0,0,0,0,0,1,0,0,0,0
2017-12,2017,N/A,E05010104,CARRERA DE CONTABILIDAD Y FINANZAS -  (A DISTANCIA AP),Contabilidad y Finanzas,Con Partner (AP),Distancia,0,0,0,0,0,0,0,0,0,0,0,0,0,0,1,0,0,0,0
2018-01,2018,Enero,E05010104,CARRERA DE CONTABILIDAD Y FINANZAS -  (A DISTANCIA AP),Contabilidad y Finanzas,Con Partner (AP),Distancia,0,0,0,0,0,0,0,0,0,1,0,0,0,0,0,0,1,0,1
2018-02,2018,N/A,E05010104,CARRERA DE CONTABILIDAD Y FINANZAS -  (A DISTANCIA AP),Contabilidad y Finanzas,Con Partner (AP),Distancia,0,0,0,0,0,0,0,0,0,0,1,0,0,0,0,0,0,0,0
2018-03,2018,Marzo,E05010104,CARRERA DE CONTABILIDAD Y FINANZAS -  (A DISTANCIA AP),Contabilidad y Finanzas,Con Partner (AP),Distancia,0,1,0,0,0,0,0,0,0,0,0,1,0,0,0,0,1,0,1
2018-04,2018,N/A,E05010104,CARRERA DE CONTABILIDAD Y FINANZAS -  (A DISTANCIA AP),Contabilidad y Finanzas,Con Partner (AP),Distancia,0,0,0,0,0,0,0,0,0,0,1,0,1,0,0,0,0,0,0
2018-05,2018,N/A,E05010104,CARRERA DE CONTABILIDAD Y FINANZAS -  (A DISTANCIA AP),Contabilidad y Finanzas,Con Partner (AP),Distancia,0,0,0,0,0,0,0,0,0,0,0,1,1,0,0,0,0,0,0
2018-06,2018,N/A,E05010104,CARRERA DE CONTABILIDAD Y FINANZAS -  (A DISTANCIA AP),Contabilidad y Finanzas,Con Partner (AP),Distancia,0,0,0,0,0,0,0,0,0,0,0,0,2,0,0,0,0,0,0
2018-07,2018,N/A,E05010104,CARRERA DE CONTABILIDAD Y FINANZAS -  (A DISTANCIA AP),Contabilidad y Finanzas,Con Partner (AP),Distancia,0,0,0,0,0,0,0,0,0,0,0,0,2,0,0,0,0,0,0
2018-08,2018,Agosto,E05010104,CARRERA DE CONTABILIDAD Y FINANZAS -  (A DISTANCIA AP),Contabilidad y Finanzas,Con Partner (AP),Distancia,0,0,0,0,0,0,0,1,0,0,0,0,0,1,0,0,1,0,1
2018-09,2018,N/A,E05010104,CARRERA DE CONTABILIDAD Y FINANZAS -  (A DISTANCIA AP),Contabilidad y Finanzas,Con Partner (AP),Distancia,0,0,0,0,0,0,0,0,0,0,1,0,0,1,0,0,0,0,0
2018-10,2018,N/A,E05010104,CARRERA DE CONTABILIDAD Y FINANZAS -  (A DISTANCIA AP),Contabilidad y Finanzas,Con Partner (AP),Distancia,0,0,0,0,0,0,0,0,0,0,0,1,0,1,0,0,0,0,0
2018-11,2018,N/A,E05010104,CARRERA DE CONTABILIDAD Y FINANZAS -  (A DISTANCIA AP),Contabilidad y Finanzas,Con Partner (AP),Distancia,0,0,0,0,0,0,0,0,0,0,0,0,1,1,0,0,0,0,0
2018-12,2018,N/A,E05010104,CARRERA DE CONTABILIDAD Y FINANZAS -  (A DISTANCIA AP),Contabilidad y Finanzas,Con Partner (AP),Distancia,0,0,0,0,0,0,0,0,0,0,0,0,1,1,0,0,0,0,0
2019-01,2019,N/A,E05010104,CARRERA DE CONTABILIDAD Y FINANZAS -  (A DISTANCIA AP),Contabilidad y Finanzas,Con Partner (AP),Distancia,0,0,0,0,0,0,0,0,0,0,0,0,1,1,0,0,0,0,0
2019-02,2019,N/A,E05010104,CARRERA DE CONTABILIDAD Y FINANZAS -  (A DISTANCIA AP),Contabilidad y Finanzas,Con Partner (AP),Distancia,0,0,0,0,0,0,0,0,0,0,0,0,1,0,1,0,0,0,0
2019-03,2019,Marzo,E05010104,CARRERA DE CONTABILIDAD Y FINANZAS -  (A DISTANCIA AP),Contabilidad y Finanzas,Con Partner (AP),Distancia,0,0,0,0,0,0,0,0,1,0,0,0,0,0,1,0,1,0,1
2019-04,2019,N/A,E05010104,CARRERA DE CONTABILIDAD Y FINANZAS -  (A DISTANCIA AP),Contabilidad y Finanzas,Con Partner (AP),Distancia,0,0,0,0,0,0,0,0,0,0,1,0,0,0,1,0,0,0,0
2019-05,2019,N/A,E05010104,CARRERA DE CONTABILIDAD Y FINANZAS -  (A DISTANCIA AP),Contabilidad y Finanzas,Con Partner (AP),Distancia,0,0,0,0,0,0,0,0,0,0,0,1,0,0,1,0,0,0,0
2019-06,2019,N/A,E05010104,CARRERA DE CONTABILIDAD Y FINANZAS -  (A DISTANCIA AP),Contabilidad y Finanzas,Con Partner (AP),Distancia,0,0,0,0,0,0,0,0,0,0,0,0,1,0,1,0,0,0,0
2019-07,2019,N/A,E05010104,CARRERA DE CONTABILIDAD Y FINANZAS -  (A DISTANCIA AP),Contabilidad y Finanzas,Con Partner (AP),Distancia,0,0,0,0,0,0,0,0,0,0,0,0,1,0,1,0,0,0,0
2019-08,2019,N/A,E05010104,CARRERA DE CONTABILIDAD Y FINANZAS -  (A DISTANCIA AP),Contabilidad y Finanzas,Con Partner (AP),Distancia,0,0,0,0,0,0,0,0,0,0,0,0,1,0,1,0,0,0,0
2019-09,2019,N/A,E05010104,CARRERA DE CONTABILIDAD Y FINANZAS -  (A DISTANCIA AP),Contabilidad y Finanzas,Con Partner (AP),Distancia,0,0,0,0,0,0,0,0,0,0,0,0,1,0,1,0,0,0,0
2019-10,2019,N/A,E05010104,CARRERA DE CONTABILIDAD Y FINANZAS -  (A DISTANCIA AP),Contabilidad y Finanzas,Con Partner (AP),Distancia,0,0,0,0,0,0,0,0,0,0,0,0,0,1,1,0,0,0,0
2019-11,2019,N/A,E05010104,CARRERA DE CONTABILIDAD Y FINANZAS -  (A DISTANCIA AP),Contabilidad y Finanzas,Con Partner (AP),Distancia,0,0,0,0,0,0,0,0,0,0,0,0,0,1,1,0,0,0,0
2019-12,2019,N/A,E05010104,CARRERA DE CONTABILIDAD Y FINANZAS -  (A DISTANCIA AP),Contabilidad y Finanzas,Con Partner (AP),Distancia,0,0,0,0,0,0,0,0,0,0,0,0,0,1,1,0,0,0,0
2020-01,2020,Enero,E05010104,CARRERA DE CONTABILIDAD Y FINANZAS -  (A DISTANCIA AP),Contabilidad y Finanzas,Con Partner (AP),Distancia,0,0,0,0,0,0,0,0,0,1,0,0,0,1,0,0,1,0,1
2020-02,2020,Febrero,E05010104,CARRERA DE CONTABILIDAD Y FINANZAS -  (A DISTANCIA AP),Contabilidad y Finanzas,Con Partner (AP),Distancia,0,0,0,0,1,1,0,0,0,0,0,0,0,1,0,1,1,0,1
2020-03,2020,N/A,E05010104,CARRERA DE CONTABILIDAD Y FINANZAS -  (A DISTANCIA AP),Contabilidad y Finanzas,Con Partner (AP),Distancia,0,0,0,0,0,0,0,0,0,0,1,0,0,1,0,0,0,0,0
2020-04,2020,N/A,E05010104,CARRERA DE CONTABILIDAD Y FINANZAS -  (A DISTANCIA AP),Contabilidad y Finanzas,Con Partner (AP),Distancia,0,0,0,0,0,0,0,0,0,0,0,1,0,0,1,0,0,0,0
2020-05,2020,N/A,E05010104,CARRERA DE CONTABILIDAD Y FINANZAS -  (A DISTANCIA AP),Contabilidad y Finanzas,Con Partner (AP),Distancia,0,0,0,0,0,0,0,0,0,0,0,0,1,0,1,0,0,0,0
2020-06,2020,N/A,E05010104,CARRERA DE CONTABILIDAD Y FINANZAS -  (A DISTANCIA AP),Contabilidad y Finanzas,Con Partner (AP),Distancia,0,0,0,0,0,0,0,0,0,0,0,0,1,0,1,0,0,0,0
2020-07,2020,Julio,E05010104,CARRERA DE CONTABILIDAD Y FINANZAS -  (A DISTANCIA AP),Contabilidad y Finanzas,Con Partner (AP),Distancia,0,0,0,0,0,0,0,1,0,0,0,0,0,0,1,0,1,0,1
2020-08,2020,Agosto,E05010104,CARRERA DE CONTABILIDAD Y FINANZAS -  (A DISTANCIA AP),Contabilidad y Finanzas,Con Partner (AP),Distancia,0,0,0,0,1,1,0,0,0,0,0,0,0,0,1,1,1,0,1
2020-09,2020,Setiembre,E05010104,CARRERA DE CONTABILIDAD Y FINANZAS -  (A DISTANCIA AP),Contabilidad y Finanzas,Con Partner (AP),Distancia,0,0,0,0,1,1,0,0,0,0,0,0,0,0,1,1,1,0,1
2020-10,2020,Octubre,E05010104,CARRERA DE CONTABILIDAD Y FINANZAS -  (A DISTANCIA AP),Contabilidad y Finanzas,Con Partner (AP),Distancia,0,0,0,0,1,1,0,0,0,0,0,0,0,0,1,1,1,0,1
2020-11,2020,Noviembre,E05010104,CARRERA DE CONTABILIDAD Y FINANZAS -  (A DISTANCIA AP),Contabilidad y Finanzas,Con Partner (AP),Distancia,0,0,0,0,1,1,0,0,0,0,0,0,0,0,1,1,1,0,1
2020-12,2020,N/A,E05010104,CARRERA DE CONTABILIDAD Y FINANZAS -  (A DISTANCIA AP),Contabilidad y Finanzas,Con Partner (AP),Distancia,0,0,0,0,0,0,0,0,0,0,1,0,0,0,1,0,0,0,0
2021-01,2021,Enero,E05010104,CARRERA DE CONTABILIDAD Y FINANZAS -  (A DISTANCIA AP),Contabilidad y Finanzas,Con Partner (AP),Distancia,0,0,0,0,1,0,1,0,0,0,0,0,0,0,1,1,1,0,1
2021-02,2021,Febrero,E05010104,CARRERA DE CONTABILIDAD Y FINANZAS -  (A DISTANCIA AP),Contabilidad y Finanzas,Con Partner (AP),Distancia,0,0,0,0,1,1,0,0,0,0,0,0,0,0,1,1,1,0,1
2021-03,2021,Marzo,E05010104,CARRERA DE CONTABILIDAD Y FINANZAS -  (A DISTANCIA AP),Contabilidad y Finanzas,Con Partner (AP),Distancia,0,0,0,0,1,1,0,0,0,0,0,0,0,0,1,1,1,0,1
2021-04,2021,Abril,E05010104,CARRERA DE CONTABILIDAD Y FINANZAS -  (A DISTANCIA AP),Contabilidad y Finanzas,Con Partner (AP),Distancia,0,0,0,0,1,1,0,0,0,0,0,0,0,0,1,1,1,0,1
2021-05,2021,Mayo,E05010104,CARRERA DE CONTABILIDAD Y FINANZAS -  (A DISTANCIA AP),Contabilidad y Finanzas,Con Partner (AP),Distancia,0,0,0,0,1,1,0,0,0,0,0,0,0,0,1,1,1,0,1
2021-06,2021,Junio,E05010104,CARRERA DE CONTABILIDAD Y FINANZAS -  (A DISTANCIA AP),Contabilidad y Finanzas,Con Partner (AP),Distancia,0,0,0,0,1,1,0,0,0,0,0,0,0,0,1,1,1,0,1
2021-07,2021,N/A,E05010104,CARRERA DE CONTABILIDAD Y FINANZAS -  (A DISTANCIA AP),Contabilidad y Finanzas,Con Partner (AP),Distancia,0,0,0,0,0,0,0,0,0,0,1,0,0,0,1,0,0,0,0
2021-08,2021,N/A,E05010104,CARRERA DE CONTABILIDAD Y FINANZAS -  (A DISTANCIA AP),Contabilidad y Finanzas,Con Partner (AP),Distancia,0,0,0,0,0,0,0,0,0,0,0,1,0,0,1,0,0,0,0
2021-09,2021,N/A,E05010104,CARRERA DE CONTABILIDAD Y FINANZAS -  (A DISTANCIA AP),Contabilidad y Finanzas,Con Partner (AP),Distancia,0,0,0,0,0,0,0,0,0,0,0,0,1,0,1,0,0,0,0
2021-10,2021,N/A,E05010104,CARRERA DE CONTABILIDAD Y FINANZAS -  (A DISTANCIA AP),Contabilidad y Finanzas,Con Partner (AP),Distancia,0,0,0,0,0,0,0,0,0,0,0,0,1,0,1,0,0,0,0
2021-11,2021,N/A,E05010104,CARRERA DE CONTABILIDAD Y FINANZAS -  (A DISTANCIA AP),Contabilidad y Finanzas,Con Partner (AP),Distancia,0,0,0,0,0,0,0,0,0,0,0,0,1,0,1,0,0,0,0
2021-12,2021,N/A,E05010104,CARRERA DE CONTABILIDAD Y FINANZAS -  (A DISTANCIA AP),Contabilidad y Finanzas,Con Partner (AP),Distancia,0,0,0,0,0,0,0,0,0,0,0,0,1,0,1,0,0,0,0
2022-01,2022,Enero,E05010104,CARRERA DE CONTABILIDAD Y FINANZAS -  (A DISTANCIA AP),Contabilidad y Finanzas,Con Partner (AP),Distancia,0,2,0,0,0,0,0,0,0,0,0,0,0,1,1,0,2,0,2
2022-02,2022,Febrero,E05010104,CARRERA DE CONTABILIDAD Y FINANZAS -  (A DISTANCIA AP),Contabilidad y Finanzas,Con Partner (AP),Distancia,0,0,0,0,1,1,0,0,0,0,1,0,0,1,1,1,1,0,1
2022-03,2022,Marzo,E05010104,CARRERA DE CONTABILIDAD Y FINANZAS -  (A DISTANCIA AP),Contabilidad y Finanzas,Con Partner (AP),Distancia,0,1,0,0,1,1,0,0,0,0,0,1,0,1,1,1,2,0,2
2022-04,2022,Abril,E05010104,CARRERA DE CONTABILIDAD Y FINANZAS -  (A DISTANCIA AP),Contabilidad y Finanzas,Con Partner (AP),Distancia,0,0,0,0,1,1,0,0,0,0,1,0,1,1,1,1,1,0,1
2022-05,2022,Mayo,E05010104,CARRERA DE CONTABILIDAD Y FINANZAS -  (A DISTANCIA AP),Contabilidad y Finanzas,Con Partner (AP),Distancia,0,0,0,0,1,1,0,0,0,0,0,1,1,1,1,1,1,0,1
2022-06,2022,Junio,E05010104,CARRERA DE CONTABILIDAD Y FINANZAS -  (A DISTANCIA AP),Contabilidad y Finanzas,Con Partner (AP),Distancia,0,0,0,0,1,1,0,0,0,0,0,0,2,1,1,1,1,0,1
2022-07,2022,Julio,E05010104,CARRERA DE CONTABILIDAD Y FINANZAS -  (A DISTANCIA AP),Contabilidad y Finanzas,Con Partner (AP),Distancia,0,0,0,0,1,1,0,1,1,0,0,0,1,0,1,1,3,0,3
2022-08,2022,Agosto,E05010104,CARRERA DE CONTABILIDAD Y FINANZAS -  (A DISTANCIA AP),Contabilidad y Finanzas,Con Partner (AP),Distancia,0,0,0,0,1,1,0,1,0,0,2,0,0,0,1,1,2,0,2
2022-09,2022,Setiembre,E05010104,CARRERA DE CONTABILIDAD Y FINANZAS -  (A DISTANCIA AP),Contabilidad y Finanzas,Con Partner (AP),Distancia,0,0,0,0,1,1,0,0,0,0,1,2,0,0,1,1,1,0,1
2022-10,2022,Octubre,E05010104,CARRERA DE CONTABILIDAD Y FINANZAS -  (A DISTANCIA AP),Contabilidad y Finanzas,Con Partner (AP),Distancia,0,0,0,0,1,1,0,0,0,0,0,1,2,0,1,1,1,0,1
2022-11,2022,Noviembre,E05010104,CARRERA DE CONTABILIDAD Y FINANZAS -  (A DISTANCIA AP),Contabilidad y Finanzas,Con Partner (AP),Distancia,0,0,0,0,1,1,0,0,0,0,0,0,3,0,1,1,1,0,1
2022-12,2022,Diciembre,E05010104,CARRERA DE CONTABILIDAD Y FINANZAS -  (A DISTANCIA AP),Contabilidad y Finanzas,Con Partner (AP),Distancia,0,0,0,0,1,1,0,0,0,0,0,0,3,0,1,1,1,0,1
2023-01,2023,Enero,E05010104,CARRERA DE CONTABILIDAD Y FINANZAS -  (A DISTANCIA AP),Contabilidad y Finanzas,Con Partner (AP),Distancia,0,0,0,0,0,0,0,1,0,0,1,0,2,0,1,0,1,0,1
2023-02,2023,N/A,E05010104,CARRERA DE CONTABILIDAD Y FINANZAS -  (A DISTANCIA AP),Contabilidad y Finanzas,Con Partner (AP),Distancia,0,0,0,0,0,0,0,0,0,0,1,1,1,1,1,0,0,0,0
2023-03,2023,Marzo,E05010104,CARRERA DE CONTABILIDAD Y FINANZAS -  (A DISTANCIA AP),Contabilidad y Finanzas,Con Partner (AP),Distancia,0,0,0,0,0,0,0,0,1,0,0,1,1,1,1,0,1,0,1
2023-04,2023,N/A,E05010104,CARRERA DE CONTABILIDAD Y FINANZAS -  (A DISTANCIA AP),Contabilidad y Finanzas,Con Partner (AP),Distancia,0,0,0,0,0,0,0,0,0,0,1,0,2,1,1,0,0,0,0
2023-05,2023,N/A,E05010104,CARRERA DE CONTABILIDAD Y FINANZAS -  (A DISTANCIA AP),Contabilidad y Finanzas,Con Partner (AP),Distancia,0,0,0,0,0,0,0,0,0,0,0,1,2,1,1,0,0,0,0
2023-06,2023,N/A,E05010104,CARRERA DE CONTABILIDAD Y FINANZAS -  (A DISTANCIA AP),Contabilidad y Finanzas,Con Partner (AP),Distancia,0,0,0,0,0,0,0,0,0,0,0,0,3,1,1,0,0,0,0
2023-07,2023,N/A,E05010104,CARRERA DE CONTABILIDAD Y FINANZAS -  (A DISTANCIA AP),Contabilidad y Finanzas,Con Partner (AP),Distancia,0,0,0,0,0,0,0,0,0,0,0,0,2,2,1,0,0,0,0
2023-08,2023,N/A,E05010104,CARRERA DE CONTABILIDAD Y FINANZAS -  (A DISTANCIA AP),Contabilidad y Finanzas,Con Partner (AP),Distancia,0,0,0,0,0,0,0,0,0,0,0,0,1,2,2,0,0,0,0
2023-09,2023,N/A,E05010104,CARRERA DE CONTABILIDAD Y FINANZAS -  (A DISTANCIA AP),Contabilidad y Finanzas,Con Partner (AP),Distancia,0,0,0,0,0,0,0,0,0,0,0,0,1,2,2,0,0,0,0
2023-10,2023,N/A,E05010104,CARRERA DE CONTABILIDAD Y FINANZAS -  (A DISTANCIA AP),Contabilidad y Finanzas,Con Partner (AP),Distancia,0,0,0,0,0,0,0,0,0,0,0,0,0,3,2,0,0,0,0
2023-11,2023,N/A,E05010104,CARRERA DE CONTABILIDAD Y FINANZAS -  (A DISTANCIA AP),Contabilidad y Finanzas,Con Partner (AP),Distancia,0,0,0,0,0,0,0,0,0,0,0,0,0,3,2,0,0,0,0
2023-12,2023,N/A,E05010104,CARRERA DE CONTABILIDAD Y FINANZAS -  (A DISTANCIA AP),Contabilidad y Finanzas,Con Partner (AP),Distancia,0,0,0,0,0,0,0,0,0,0,0,0,0,3,2,0,0,0,0
2024-01,2024,N/A,E05010104,CARRERA DE CONTABILIDAD Y FINANZAS -  (A DISTANCIA AP),Contabilidad y Finanzas,Con Partner (AP),Distancia,0,0,0,0,0,0,0,0,0,0,0,0,0,2,3,0,0,0,0
2024-02,2024,N/A,E05010104,CARRERA DE CONTABILIDAD Y FINANZAS -  (A DISTANCIA AP),Contabilidad y Finanzas,Con Partner (AP),Distancia,0,0,0,0,0,0,0,0,0,0,0,0,0,1,4,0,0,0,0
2024-03,2024,Marzo,E05010104,CARRERA DE CONTABILIDAD Y FINANZAS -  (A DISTANCIA AP),Contabilidad y Finanzas,Con Partner (AP),Distancia,0,5,0,0,0,0,0,0,0,0,0,0,0,1,4,0,5,0,5
2024-04,2024,Abril,E05010104,CARRERA DE CONTABILIDAD Y FINANZAS -  (A DISTANCIA AP),Contabilidad y Finanzas,Con Partner (AP),Distancia,0,1,0,0,4,4,0,0,0,0,1,0,0,0,5,4,5,0,5
2024-05,2024,Mayo,E05010104,CARRERA DE CONTABILIDAD Y FINANZAS -  (A DISTANCIA AP),Contabilidad y Finanzas,Con Partner (AP),Distancia,0,5,0,0,5,5,0,0,0,0,0,1,0,0,5,5,10,0,10
2024-06,2024,Junio,E05010104,CARRERA DE CONTABILIDAD Y FINANZAS -  (A DISTANCIA AP),Contabilidad y Finanzas,Con Partner (AP),Distancia,0,3,0,0,10,10,0,0,0,0,0,0,1,0,5,10,13,0,13
2024-07,2024,Julio,E05010104,CARRERA DE CONTABILIDAD Y FINANZAS -  (A DISTANCIA AP),Contabilidad y Finanzas,Con Partner (AP),Distancia,0,2,0,0,8,8,0,0,0,0,5,0,1,0,5,8,10,0,10
2024-08,2024,Agosto,E05010104,CARRERA DE CONTABILIDAD Y FINANZAS -  (A DISTANCIA AP),Contabilidad y Finanzas,Con Partner (AP),Distancia,0,4,0,0,11,9,2,0,0,0,1,3,1,0,5,11,15,0,15
2024-09,2024,Setiembre,E05010104,CARRERA DE CONTABILIDAD Y FINANZAS -  (A DISTANCIA AP),Contabilidad y Finanzas,Con Partner (AP),Distancia,0,1,0,0,13,13,0,2,0,0,2,1,2,0,5,13,16,0,16
2024-10,2024,Octubre,E05010104,CARRERA DE CONTABILIDAD Y FINANZAS -  (A DISTANCIA AP),Contabilidad y Finanzas,Con Partner (AP),Distancia,0,5,0,0,15,14,1,0,0,0,2,1,2,1,5,15,20,0,20
2024-11,2024,Noviembre,E05010104,CARRERA DE CONTABILIDAD Y FINANZAS -  (A DISTANCIA AP),Contabilidad y Finanzas,Con Partner (AP),Distancia,0,7,0,0,17,17,0,0,0,0,3,2,3,1,5,17,24,0,24
2024-12,2024,Diciembre,E05010104,CARRERA DE CONTABILIDAD Y FINANZAS -  (A DISTANCIA AP),Contabilidad y Finanzas,Con Partner (AP),Distancia,0,10,0,0,19,19,0,0,0,0,5,3,5,1,5,19,29,0,29
2025-01,2025,Enero,E05010104,CARRERA DE CONTABILIDAD Y FINANZAS -  (A DISTANCIA AP),Contabilidad y Finanzas,Con Partner (AP),Distancia,0,13,0,0,23,21,2,1,0,1,8,3,6,2,4,23,38,0,38
2025-02,2025,Febrero,E05010104,CARRERA DE CONTABILIDAD Y FINANZAS -  (A DISTANCIA AP),Contabilidad y Finanzas,Con Partner (AP),Distancia,0,15,0,0,31,31,0,1,0,0,7,8,7,3,4,31,47,0,47
2025-03,2025,Marzo,E05010104,CARRERA DE CONTABILIDAD Y FINANZAS -  (A DISTANCIA AP),Contabilidad y Finanzas,Con Partner (AP),Distancia,0,15,0,0,42,38,4,4,0,0,9,3,10,4,4,42,61,0,61
2025-04,2025,Abril,E05010104,CARRERA DE CONTABILIDAD Y FINANZAS -  (A DISTANCIA AP),Contabilidad y Finanzas,Con Partner (AP),Distancia,0,15,0,0,59,54,5,2,0,0,7,4,10,4,5,59,76,0,76
2025-05,2025,Mayo,E05010104,CARRERA DE CONTABILIDAD Y FINANZAS -  (A DISTANCIA AP),Contabilidad y Finanzas,Con Partner (AP),Distancia,0,10,0,0,64,63,1,0,0,0,13,6,12,6,5,64,74,0,74
2025-06,2025,Junio,E05010104,CARRERA DE CONTABILIDAD Y FINANZAS -  (A DISTANCIA AP),Contabilidad y Finanzas,Con Partner (AP),Distancia,0,18,0,0,74,66,8,5,0,1,8,5,12,7,4,74,98,0,98
2025-07,2025,Julio,E05010104,CARRERA DE CONTABILIDAD Y FINANZAS -  (A DISTANCIA AP),Contabilidad y Finanzas,Con Partner (AP),Distancia,0,12,0,0,84,80,4,1,0,0,18,4,12,10,5,84,97,0,97
2025-08,2025,Agosto,E05010104,CARRERA DE CONTABILIDAD Y FINANZAS -  (A DISTANCIA AP),Contabilidad y Finanzas,Con Partner (AP),Distancia,0,9,0,0,84,78,6,1,1,0,19,12,14,9,6,84,95,0,95
2025-09,2025,Setiembre,E05010104,CARRERA DE CONTABILIDAD Y FINANZAS -  (A DISTANCIA AP),Contabilidad y Finanzas,Con Partner (AP),Distancia,0,10,0,0,102,88,14,4,0,0,7,5,21,9,7,102,116,0,116
2025-10,2025,Octubre,E05010104,CARRERA DE CONTABILIDAD Y FINANZAS -  (A DISTANCIA AP),Contabilidad y Finanzas,Con Partner (AP),Distancia,0,7,0,0,86,84,2,4,0,1,32,5,18,12,7,86,98,0,98
2025-11,2025,Noviembre,E05010104,CARRERA DE CONTABILIDAD Y FINANZAS -  (A DISTANCIA AP),Contabilidad y Finanzas,Con Partner (AP),Distancia,0,3,0,0,87,76,11,2,0,0,22,21,17,14,9,87,92,0,92
2025-12,2025,Diciembre,E05010104,CARRERA DE CONTABILIDAD Y FINANZAS -  (A DISTANCIA AP),Contabilidad y Finanzas,Con Partner (AP),Distancia,0,5,0,0,76,71,5,7,0,0,21,17,29,15,10,76,88,0,88
2026-01,2026,Enero,E05010104,CARRERA DE CONTABILIDAD Y FINANZAS -  (A DISTANCIA AP),Contabilidad y Finanzas,Con Partner (AP),Distancia,0,4,0,0,76,68,8,16,0,1,20,13,25,17,12,76,97,0,97
2026-02,2026,Febrero,E05010104,CARRERA DE CONTABILIDAD Y FINANZAS -  (A DISTANCIA AP),Contabilidad y Finanzas,Con Partner (AP),Distancia,1,3,0,0,87,79,8,5,0,0,17,12,29,20,13,87,96,0,96
2026-03,2026,Marzo,E05010104,CARRERA DE CONTABILIDAD Y FINANZAS -  (A DISTANCIA AP),Contabilidad y Finanzas,Con Partner (AP),Distancia,0,12,0,0,80,74,6,8,0,0,21,11,32,20,14,80,100,0,100
2026-04,2026,Abril,E05010104,CARRERA DE CONTABILIDAD Y FINANZAS -  (A DISTANCIA AP),Contabilidad y Finanzas,Con Partner (AP),Distancia,1,9,0,0,90,81,9,7,0,0,19,11,27,25,18,90,107,0,107
2026-05,2026,Mayo,E05010104,CARRERA DE CONTABILIDAD Y FINANZAS -  (A DISTANCIA AP),Contabilidad y Finanzas,Con Partner (AP),Distancia,0,8,0,0,94,90,4,9,0,0,16,15,22,28,22,94,111,0,111
2026-06,2026,Junio,E05010104,CARRERA DE CONTABILIDAD Y FINANZAS -  (A DISTANCIA AP),Contabilidad y Finanzas,Con Partner (AP),Distancia,0,6,0,0,97,90,7,7,1,0,21,9,25,30,24,97,111,0,111
2014-01,2014,Enero,E07010102,CARRERA PROFESIONAL DE EDUCACION CON MENCION EN INICIAL,Educación,Con Partner (AP),Presencial Regular,0,1,0,0,0,0,0,0,0,0,0,0,0,0,0,0,1,0,1
2014-02,2014,Febrero,E07010102,CARRERA PROFESIONAL DE EDUCACION CON MENCION EN INICIAL,Educación,Con Partner (AP),Presencial Regular,0,5,0,0,0,0,0,0,0,0,1,0,0,0,0,0,5,0,5
2014-03,2014,Marzo,E07010102,CARRERA PROFESIONAL DE EDUCACION CON MENCION EN INICIAL,Educación,Con Partner (AP),Presencial Regular,0,2,0,0,4,4,0,0,0,0,1,1,0,0,0,4,6,0,6
2014-04,2014,Abril,E07010102,CARRERA PROFESIONAL DE EDUCACION CON MENCION EN INICIAL,Educación,Con Partner (AP),Presencial Regular,0,2,0,0,4,4,0,0,0,0,2,1,1,0,0,4,6,0,6
2014-05,2014,Mayo,E07010102,CARRERA PROFESIONAL DE EDUCACION CON MENCION EN INICIAL,Educación,Con Partner (AP),Presencial Regular,0,1,0,0,5,5,0,0,0,0,1,2,2,0,0,5,6,0,6
2014-06,2014,Junio,E07010102,CARRERA PROFESIONAL DE EDUCACION CON MENCION EN INICIAL,Educación,Con Partner (AP),Presencial Regular,0,3,0,0,3,3,0,0,0,0,3,1,4,0,0,3,6,0,6
2014-07,2014,Julio,E07010102,CARRERA PROFESIONAL DE EDUCACION CON MENCION EN INICIAL,Educación,Con Partner (AP),Presencial Regular,0,0,0,0,5,4,1,0,0,0,2,2,5,0,0,5,5,0,5
2014-08,2014,Agosto,E07010102,CARRERA PROFESIONAL DE EDUCACION CON MENCION EN INICIAL,Educación,Con Partner (AP),Presencial Regular,0,11,0,0,4,4,0,0,0,0,1,2,6,1,0,4,15,0,15
2014-09,2014,Setiembre,E07010102,CARRERA PROFESIONAL DE EDUCACION CON MENCION EN INICIAL,Educación,Con Partner (AP),Presencial Regular,0,5,0,0,11,10,1,0,0,0,5,0,7,2,0,11,16,0,16
2014-10,2014,Octubre,E07010102,CARRERA PROFESIONAL DE EDUCACION CON MENCION EN INICIAL,Educación,Con Partner (AP),Presencial Regular,0,4,0,0,11,10,1,0,0,0,6,4,5,4,0,11,15,0,15
2014-11,2014,Noviembre,E07010102,CARRERA PROFESIONAL DE EDUCACION CON MENCION EN INICIAL,Educación,Con Partner (AP),Presencial Regular,0,3,0,0,15,11,4,0,0,0,4,2,8,5,0,15,18,0,18
2014-12,2014,Diciembre,E07010102,CARRERA PROFESIONAL DE EDUCACION CON MENCION EN INICIAL,Educación,Con Partner (AP),Presencial Regular,0,2,0,0,14,12,2,1,1,0,6,2,7,6,0,14,18,0,18
2015-01,2015,Enero,E07010102,CARRERA PROFESIONAL DE EDUCACION CON MENCION EN INICIAL,Educación,Con Partner (AP),Presencial Regular,0,2,0,0,18,15,3,3,0,0,3,3,4,8,0,18,23,0,23
2015-02,2015,Febrero,E07010102,CARRERA PROFESIONAL DE EDUCACION CON MENCION EN INICIAL,Educación,Con Partner (AP),Presencial Regular,0,7,0,0,18,18,0,3,0,0,5,3,4,8,0,18,28,0,28
2015-03,2015,Marzo,E07010102,CARRERA PROFESIONAL DE EDUCACION CON MENCION EN INICIAL,Educación,Con Partner (AP),Presencial Regular,0,8,0,0,16,15,1,1,0,0,13,4,3,10,1,16,25,0,25
2015-04,2015,Abril,E07010102,CARRERA PROFESIONAL DE EDUCACION CON MENCION EN INICIAL,Educación,Con Partner (AP),Presencial Regular,0,10,0,0,25,20,5,1,0,0,5,8,6,8,3,25,36,0,36
2015-05,2015,Mayo,E07010102,CARRERA PROFESIONAL DE EDUCACION CON MENCION EN INICIAL,Educación,Con Partner (AP),Presencial Regular,0,4,0,0,23,22,1,0,0,0,14,4,14,7,4,23,27,0,27
2015-06,2015,Junio,E07010102,CARRERA PROFESIONAL DE EDUCACION CON MENCION EN INICIAL,Educación,Con Partner (AP),Presencial Regular,0,9,0,0,24,18,6,0,0,0,9,8,18,5,6,24,33,0,33
2015-07,2015,Julio,E07010102,CARRERA PROFESIONAL DE EDUCACION CON MENCION EN INICIAL,Educación,Con Partner (AP),Presencial Regular,0,8,0,0,31,28,3,1,0,0,5,6,23,5,8,31,40,0,40
2015-08,2015,Agosto,E07010102,CARRERA PROFESIONAL DE EDUCACION CON MENCION EN INICIAL,Educación,Con Partner (AP),Presencial Regular,0,4,0,0,23,23,0,1,0,0,17,5,24,9,8,23,28,0,28
2015-09,2015,Setiembre,E07010102,CARRERA PROFESIONAL DE EDUCACION CON MENCION EN INICIAL,Educación,Con Partner (AP),Presencial Regular,0,4,0,0,28,22,6,0,0,0,6,11,21,14,11,28,32,0,32
2015-10,2015,Octubre,E07010102,CARRERA PROFESIONAL DE EDUCACION CON MENCION EN INICIAL,Educación,Con Partner (AP),Presencial Regular,0,3,0,0,22,21,1,2,0,0,11,5,26,18,11,22,27,0,27
2015-11,2015,Noviembre,E07010102,CARRERA PROFESIONAL DE EDUCACION CON MENCION EN INICIAL,Educación,Con Partner (AP),Presencial Regular,0,2,0,0,30,23,7,1,0,0,4,4,24,24,11,30,33,0,33
2015-12,2015,Diciembre,E07010102,CARRERA PROFESIONAL DE EDUCACION CON MENCION EN INICIAL,Educación,Con Partner (AP),Presencial Regular,0,2,0,0,24,23,1,0,0,0,10,3,23,29,11,24,26,0,26
2016-01,2016,Enero,E07010102,CARRERA PROFESIONAL DE EDUCACION CON MENCION EN INICIAL,Educación,Con Partner (AP),Presencial Regular,0,8,0,0,20,16,4,2,1,0,10,6,19,31,13,20,31,0,31
2016-02,2016,Febrero,E07010102,CARRERA PROFESIONAL DE EDUCACION CON MENCION EN INICIAL,Educación,Con Partner (AP),Presencial Regular,0,7,0,0,19,15,4,4,0,0,16,6,11,37,17,19,30,0,30
2016-03,2016,Marzo,E07010102,CARRERA PROFESIONAL DE EDUCACION CON MENCION EN INICIAL,Educación,Con Partner (AP),Presencial Regular,0,3,0,0,26,18,8,5,0,0,12,8,8,34,24,26,34,0,34
2016-04,2016,Abril,E07010102,CARRERA PROFESIONAL DE EDUCACION CON MENCION EN INICIAL,Educación,Con Partner (AP),Presencial Regular,0,9,0,2,26,23,3,2,0,0,11,9,11,33,28,26,37,0,37
2016-05,2016,Mayo,E07010102,CARRERA PROFESIONAL DE EDUCACION CON MENCION EN INICIAL,Educación,Con Partner (AP),Presencial Regular,0,6,0,0,27,22,5,2,1,0,15,6,17,27,34,27,36,0,36
2016-06,2016,Junio,E07010102,CARRERA PROFESIONAL DE EDUCACION CON MENCION EN INICIAL,Educación,Con Partner (AP),Presencial Regular,0,0,0,0,13,12,1,0,0,0,24,14,22,23,39,13,13,0,13
2016-07,2016,Julio,E07010102,CARRERA PROFESIONAL DE EDUCACION CON MENCION EN INICIAL,Educación,Con Partner (AP),Presencial Regular,0,5,0,0,22,12,10,3,0,0,1,14,31,20,44,22,30,0,30
2016-08,2016,Agosto,E07010102,CARRERA PROFESIONAL DE EDUCACION CON MENCION EN INICIAL,Educación,Con Partner (AP),Presencial Regular,0,5,0,0,24,23,1,12,1,0,7,0,27,16,53,24,41,1,42
2016-09,2016,Setiembre,E07010102,CARRERA PROFESIONAL DE EDUCACION CON MENCION EN INICIAL,Educación,Con Partner (AP),Presencial Regular,0,3,0,0,27,24,3,5,0,0,18,4,15,19,57,27,35,0,35
2016-10,2016,Octubre,E07010102,CARRERA PROFESIONAL DE EDUCACION CON MENCION EN INICIAL,Educación,Con Partner (AP),Presencial Regular,0,7,0,0,32,24,8,0,0,0,11,10,18,17,60,32,36,3,39
2016-11,2016,Noviembre,E07010102,CARRERA PROFESIONAL DE EDUCACION CON MENCION EN INICIAL,Educación,Con Partner (AP),Presencial Regular,0,1,0,0,33,30,3,3,0,0,9,8,19,22,61,33,33,4,37
2016-12,2016,Diciembre,E07010102,CARRERA PROFESIONAL DE EDUCACION CON MENCION EN INICIAL,Educación,Con Partner (AP),Presencial Regular,0,1,0,0,29,26,3,3,1,0,11,6,16,28,62,29,31,3,34
2017-01,2017,Enero,E07010102,CARRERA PROFESIONAL DE EDUCACION CON MENCION EN INICIAL,Educación,Con Partner (AP),Presencial Regular,0,6,0,0,30,24,6,2,0,0,10,5,20,26,64,30,38,0,38
2017-02,2017,Febrero,E07010102,CARRERA PROFESIONAL DE EDUCACION CON MENCION EN INICIAL,Educación,Con Partner (AP),Presencial Regular,0,5,0,0,25,21,4,4,1,0,17,6,17,24,69,25,35,0,35
2017-03,2017,Marzo,E07010102,CARRERA PROFESIONAL DE EDUCACION CON MENCION EN INICIAL,Educación,Con Partner (AP),Presencial Regular,0,4,0,0,35,25,10,2,1,0,10,7,15,23,75,35,37,5,42
2017-04,2017,Abril,E07010102,CARRERA PROFESIONAL DE EDUCACION CON MENCION EN INICIAL,Educación,Con Partner (AP),Presencial Regular,0,5,0,0,29,28,1,3,1,0,14,9,16,24,76,29,34,4,38
2017-05,2017,Mayo,E07010102,CARRERA PROFESIONAL DE EDUCACION CON MENCION EN INICIAL,Educación,Con Partner (AP),Presencial Regular,0,1,0,0,24,21,3,0,0,0,17,11,22,22,81,24,22,3,25
2017-06,2017,Junio,E07010102,CARRERA PROFESIONAL DE EDUCACION CON MENCION EN INICIAL,Educación,Con Partner (AP),Presencial Regular,0,2,0,0,22,13,9,0,0,0,12,8,29,18,89,22,24,0,24
2017-07,2017,Julio,E07010102,CARRERA PROFESIONAL DE EDUCACION CON MENCION EN INICIAL,Educación,Con Partner (AP),Presencial Regular,0,2,0,0,20,14,6,7,0,0,10,6,25,23,89,20,26,3,29
2017-08,2017,Agosto,E07010102,CARRERA PROFESIONAL DE EDUCACION CON MENCION EN INICIAL,Educación,Con Partner (AP),Presencial Regular,0,3,0,0,32,25,7,6,0,0,4,3,22,22,93,32,39,2,41
2017-09,2017,Setiembre,E07010102,CARRERA PROFESIONAL DE EDUCACION CON MENCION EN INICIAL,Educación,Con Partner (AP),Presencial Regular,0,9,0,0,25,25,0,1,2,0,16,4,17,23,97,25,36,1,37
2017-10,2017,Octubre,E07010102,CARRERA PROFESIONAL DE EDUCACION CON MENCION EN INICIAL,Educación,Con Partner (AP),Presencial Regular,0,3,0,0,30,24,6,0,1,0,13,10,13,27,100,30,30,4,34
2017-11,2017,Noviembre,E07010102,CARRERA PROFESIONAL DE EDUCACION CON MENCION EN INICIAL,Educación,Con Partner (AP),Presencial Regular,0,1,0,0,33,26,7,4,0,0,8,6,15,28,103,33,34,4,38
2017-12,2017,Diciembre,E07010102,CARRERA PROFESIONAL DE EDUCACION CON MENCION EN INICIAL,Educación,Con Partner (AP),Presencial Regular,0,1,0,0,27,24,3,2,0,0,14,5,18,25,107,27,26,4,30
2018-01,2018,Enero,E07010102,CARRERA PROFESIONAL DE EDUCACION CON MENCION EN INICIAL,Educación,Con Partner (AP),Presencial Regular,0,3,0,0,29,25,4,3,1,1,5,10,17,22,111,29,35,2,37
2018-02,2018,Febrero,E07010102,CARRERA PROFESIONAL DE EDUCACION CON MENCION EN INICIAL,Educación,Con Partner (AP),Presencial Regular,0,7,0,0,31,26,5,6,0,0,11,0,19,21,114,31,39,5,44
2018-03,2018,Marzo,E07010102,CARRERA PROFESIONAL DE EDUCACION CON MENCION EN INICIAL,Educación,Con Partner (AP),Presencial Regular,0,6,0,0,34,31,3,2,0,0,13,8,12,21,119,34,38,4,42
2018-04,2018,Abril,E07010102,CARRERA PROFESIONAL DE EDUCACION CON MENCION EN INICIAL,Educación,Con Partner (AP),Presencial Regular,0,6,0,1,42,36,6,3,1,0,6,7,12,18,126,42,48,4,52
2018-05,2018,Mayo,E07010102,CARRERA PROFESIONAL DE EDUCACION CON MENCION EN INICIAL,Educación,Con Partner (AP),Presencial Regular,0,3,0,0,39,36,3,3,0,0,16,3,14,16,130,39,45,0,45
2018-06,2018,Junio,E07010102,CARRERA PROFESIONAL DE EDUCACION CON MENCION EN INICIAL,Educación,Con Partner (AP),Presencial Regular,0,3,0,0,36,30,6,1,0,0,15,10,13,18,131,36,36,4,40
2018-07,2018,Julio,E07010102,CARRERA PROFESIONAL DE EDUCACION CON MENCION EN INICIAL,Educación,Con Partner (AP),Presencial Regular,0,5,0,0,36,30,6,8,1,0,10,9,15,15,133,36,42,8,50
2018-08,2018,Agosto,E07010102,CARRERA PROFESIONAL DE EDUCACION CON MENCION EN INICIAL,Educación,Con Partner (AP),Presencial Regular,0,6,0,0,41,37,4,6,1,0,13,6,14,16,135,41,52,2,54
2018-09,2018,Setiembre,E07010102,CARRERA PROFESIONAL DE EDUCACION CON MENCION EN INICIAL,Educación,Con Partner (AP),Presencial Regular,0,8,0,0,48,42,6,2,0,0,12,7,14,17,138,48,50,8,58
2018-10,2018,Octubre,E07010102,CARRERA PROFESIONAL DE EDUCACION CON MENCION EN INICIAL,Educación,Con Partner (AP),Presencial Regular,0,8,0,3,53,45,8,0,0,0,13,4,20,14,142,53,57,4,61
2018-11,2018,Noviembre,E07010102,CARRERA PROFESIONAL DE EDUCACION CON MENCION EN INICIAL,Educación,Con Partner (AP),Presencial Regular,0,5,0,1,48,44,4,5,1,0,17,9,16,14,144,48,49,10,59
2018-12,2018,Diciembre,E07010102,CARRERA PROFESIONAL DE EDUCACION CON MENCION EN INICIAL,Educación,Con Partner (AP),Presencial Regular,0,6,0,0,53,45,8,1,0,0,14,9,19,16,147,53,57,3,60
2019-01,2019,Enero,E07010102,CARRERA PROFESIONAL DE EDUCACION CON MENCION EN INICIAL,Educación,Con Partner (AP),Presencial Regular,0,5,0,0,48,42,6,7,0,0,18,8,19,18,147,48,57,3,60
2019-02,2019,Febrero,E07010102,CARRERA PROFESIONAL DE EDUCACION CON MENCION EN INICIAL,Educación,Con Partner (AP),Presencial Regular,0,7,0,2,46,42,4,2,1,0,18,14,20,19,150,46,49,7,56
2019-03,2019,Marzo,E07010102,CARRERA PROFESIONAL DE EDUCACION CON MENCION EN INICIAL,Educación,Con Partner (AP),Presencial Regular,0,5,0,0,46,41,5,4,0,0,15,13,28,17,154,46,46,9,55
2019-04,2019,Abril,E07010102,CARRERA PROFESIONAL DE EDUCACION CON MENCION EN INICIAL,Educación,Con Partner (AP),Presencial Regular,0,6,0,2,47,43,4,8,1,0,12,11,25,23,155,47,52,10,62
2019-05,2019,Mayo,E07010102,CARRERA PROFESIONAL DE EDUCACION CON MENCION EN INICIAL,Educación,Con Partner (AP),Presencial Regular,0,6,0,0,59,51,8,8,0,1,11,4,24,24,157,59,62,12,74
2019-06,2019,Junio,E07010102,CARRERA PROFESIONAL DE EDUCACION CON MENCION EN INICIAL,Educación,Con Partner (AP),Presencial Regular,0,5,0,1,67,65,2,2,1,0,9,9,23,21,162,67,63,12,75
2019-07,2019,Julio,E07010102,CARRERA PROFESIONAL DE EDUCACION CON MENCION EN INICIAL,Educación,Con Partner (AP),Presencial Regular,0,5,0,0,62,57,5,3,0,0,18,4,25,24,163,62,59,11,70
2019-08,2019,Agosto,E07010102,CARRERA PROFESIONAL DE EDUCACION CON MENCION EN INICIAL,Educación,Con Partner (AP),Presencial Regular,0,9,0,0,67,57,10,3,1,0,13,8,17,27,168,67,68,12,80
2019-09,2019,Setiembre,E07010102,CARRERA PROFESIONAL DE EDUCACION CON MENCION EN INICIAL,Educación,Con Partner (AP),Presencial Regular,0,8,0,1,57,54,3,4,0,1,26,10,17,30,168,57,60,10,70
2019-10,2019,Octubre,E07010102,CARRERA PROFESIONAL DE EDUCACION CON MENCION EN INICIAL,Educación,Con Partner (AP),Presencial Regular,0,2,0,0,67,62,5,2,1,0,8,21,23,25,174,67,60,12,72
2019-11,2019,Noviembre,E07010102,CARRERA PROFESIONAL DE EDUCACION CON MENCION EN INICIAL,Educación,Con Partner (AP),Presencial Regular,2,4,0,1,65,60,5,4,0,0,11,3,33,27,178,65,62,13,75
2019-12,2019,Diciembre,E07010102,CARRERA PROFESIONAL DE EDUCACION CON MENCION EN INICIAL,Educación,Con Partner (AP),Presencial Regular,0,8,0,0,58,52,6,3,0,2,21,5,29,28,179,58,65,6,71
2020-01,2020,Enero,E07010102,CARRERA PROFESIONAL DE EDUCACION CON MENCION EN INICIAL,Educación,Con Partner (AP),Presencial Regular,0,6,0,2,58,49,9,4,0,0,22,12,26,28,183,58,63,5,68
2020-02,2020,Febrero,E07010102,CARRERA PROFESIONAL DE EDUCACION CON MENCION EN INICIAL,Educación,Con Partner (AP),Presencial Regular,0,17,0,6,62,53,9,5,0,0,15,13,29,23,192,62,77,7,84
2020-03,2020,Marzo,E07010102,CARRERA PROFESIONAL DE EDUCACION CON MENCION EN INICIAL,Educación,Con Partner (AP),Presencial Regular,0,24,0,3,67,58,9,5,0,0,26,6,23,33,196,67,89,7,96
2020-04,2020,Abril,E07010102,CARRERA PROFESIONAL DE EDUCACION CON MENCION EN INICIAL,Educación,Con Partner (AP),Presencial Regular,0,13,0,1,75,62,13,4,1,0,34,13,23,33,197,75,84,9,93
2020-05,2020,Mayo,E07010102,CARRERA PROFESIONAL DE EDUCACION CON MENCION EN INICIAL,Educación,Con Partner (AP),Presencial Regular,1,9,0,1,78,70,8,8,3,0,23,25,26,26,203,78,92,7,99
2020-06,2020,Junio,E07010102,CARRERA PROFESIONAL DE EDUCACION CON MENCION EN INICIAL,Educación,Con Partner (AP),Presencial Regular,0,14,0,3,74,68,6,5,2,0,30,17,42,24,207,74,90,5,95
2020-07,2020,Julio,E07010102,CARRERA PROFESIONAL DE EDUCACION CON MENCION EN INICIAL,Educación,Con Partner (AP),Presencial Regular,0,8,0,2,84,71,13,6,0,0,24,17,43,31,210,84,90,8,98
2020-08,2020,Agosto,E07010102,CARRERA PROFESIONAL DE EDUCACION CON MENCION EN INICIAL,Educación,Con Partner (AP),Presencial Regular,1,11,0,1,81,76,5,7,1,0,22,19,49,29,214,81,91,10,101
2020-09,2020,Setiembre,E07010102,CARRERA PROFESIONAL DE EDUCACION CON MENCION EN INICIAL,Educación,Con Partner (AP),Presencial Regular,0,5,0,1,79,68,11,6,1,1,32,11,55,24,224,79,84,8,92
2020-10,2020,Octubre,E07010102,CARRERA PROFESIONAL DE EDUCACION CON MENCION EN INICIAL,Educación,Con Partner (AP),Presencial Regular,0,15,0,1,89,76,13,7,0,0,16,19,43,39,225,89,99,12,111
2020-11,2020,Noviembre,E07010102,CARRERA PROFESIONAL DE EDUCACION CON MENCION EN INICIAL,Educación,Con Partner (AP),Presencial Regular,0,8,0,3,88,84,4,5,1,0,27,12,45,49,226,88,94,8,102
2020-12,2020,Diciembre,E07010102,CARRERA PROFESIONAL DE EDUCACION CON MENCION EN INICIAL,Educación,Con Partner (AP),Presencial Regular,1,4,0,0,104,88,16,8,3,1,14,11,40,50,229,104,113,8,121
2021-01,2021,Enero,E07010102,CARRERA PROFESIONAL DE EDUCACION CON MENCION EN INICIAL,Educación,Con Partner (AP),Presencial Regular,0,9,0,0,98,92,6,7,4,0,28,8,34,49,236,98,107,11,118
2021-02,2021,Febrero,E07010102,CARRERA PROFESIONAL DE EDUCACION CON MENCION EN INICIAL,Educación,Con Partner (AP),Presencial Regular,0,26,0,6,96,86,10,3,0,0,32,18,32,53,239,96,112,13,125
2021-03,2021,Marzo,E07010102,CARRERA PROFESIONAL DE EDUCACION CON MENCION EN INICIAL,Educación,Con Partner (AP),Presencial Regular,0,13,0,2,118,102,16,8,2,3,23,16,32,56,241,118,129,15,144
2021-04,2021,Abril,E07010102,CARRERA PROFESIONAL DE EDUCACION CON MENCION EN INICIAL,Educación,Con Partner (AP),Presencial Regular,1,19,0,4,110,102,8,7,1,0,41,15,34,48,255,110,118,20,138
2021-05,2021,Mayo,E07010102,CARRERA PROFESIONAL DE EDUCACION CON MENCION EN INICIAL,Educación,Con Partner (AP),Presencial Regular,0,14,0,1,125,105,20,9,2,0,32,21,33,44,264,125,141,9,150
2021-06,2021,Junio,E07010102,CARRERA PROFESIONAL DE EDUCACION CON MENCION EN INICIAL,Educación,Con Partner (AP),Presencial Regular,0,4,0,1,101,94,7,3,0,0,56,25,45,43,271,101,108,0,108
2021-07,2021,Julio,E07010102,CARRERA PROFESIONAL DE EDUCACION CON MENCION EN INICIAL,Educación,Con Partner (AP),Presencial Regular,0,13,0,3,120,79,41,11,1,1,29,15,53,39,279,120,134,12,146
2021-08,2021,Agosto,E07010102,CARRERA PROFESIONAL DE EDUCACION CON MENCION EN INICIAL,Educación,Con Partner (AP),Presencial Regular,0,7,0,1,132,120,12,7,0,2,26,17,54,40,283,132,123,25,148
2021-09,2021,Setiembre,E07010102,CARRERA PROFESIONAL DE EDUCACION CON MENCION EN INICIAL,Educación,Con Partner (AP),Presencial Regular,1,7,0,2,142,128,14,10,2,0,20,12,49,40,292,142,149,13,162
2021-10,2021,Octubre,E07010102,CARRERA PROFESIONAL DE EDUCACION CON MENCION EN INICIAL,Educación,Con Partner (AP),Presencial Regular,0,9,0,2,123,117,6,3,2,1,44,14,43,49,295,123,116,22,138
2021-11,2021,Noviembre,E07010102,CARRERA PROFESIONAL DE EDUCACION CON MENCION EN INICIAL,Educación,Con Partner (AP),Presencial Regular,0,3,0,2,146,120,26,8,2,0,18,18,35,54,302,146,153,6,159
2021-12,2021,Diciembre,E07010102,CARRERA PROFESIONAL DE EDUCACION CON MENCION EN INICIAL,Educación,Con Partner (AP),Presencial Regular,2,3,0,0,77,72,5,6,0,0,85,13,42,55,306,77,79,9,88
2022-01,2022,Enero,E07010102,CARRERA PROFESIONAL DE EDUCACION CON MENCION EN INICIAL,Educación,Con Partner (AP),Presencial Regular,0,5,0,1,136,70,66,13,3,0,16,19,31,57,312,136,143,14,157
2022-02,2022,Febrero,E07010102,CARRERA PROFESIONAL DE EDUCACION CON MENCION EN INICIAL,Educación,Con Partner (AP),Presencial Regular,1,8,0,2,109,102,7,8,1,0,54,9,35,57,318,109,105,22,127
2022-03,2022,Marzo,E07010102,CARRERA PROFESIONAL DE EDUCACION CON MENCION EN INICIAL,Educación,Con Partner (AP),Presencial Regular,2,7,0,2,128,101,27,10,0,1,25,26,26,53,328,128,127,21,148
2022-04,2022,Abril,E07010102,CARRERA PROFESIONAL DE EDUCACION CON MENCION EN INICIAL,Educación,Con Partner (AP),Presencial Regular,1,11,0,3,98,89,9,8,2,0,56,16,36,47,340,98,87,33,120
2022-05,2022,Mayo,E07010102,CARRERA PROFESIONAL DE EDUCACION CON MENCION EN INICIAL,Educación,Con Partner (AP),Presencial Regular,0,15,0,3,127,90,37,13,0,0,29,19,34,39,353,127,143,12,155
2022-06,2022,Junio,E07010102,CARRERA PROFESIONAL DE EDUCACION CON MENCION EN INICIAL,Educación,Con Partner (AP),Presencial Regular,0,12,0,4,85,75,10,7,0,0,80,19,39,42,357,85,82,22,104
2022-07,2022,Julio,E07010102,CARRERA PROFESIONAL DE EDUCACION CON MENCION EN INICIAL,Educación,Con Partner (AP),Presencial Regular,0,6,0,1,138,80,58,9,1,0,24,22,45,37,365,138,137,17,154
2022-08,2022,Agosto,E07010102,CARRERA PROFESIONAL DE EDUCACION CON MENCION EN INICIAL,Educación,Con Partner (AP),Presencial Regular,0,14,0,6,138,127,11,16,0,0,27,13,42,39,372,138,119,49,168
2022-09,2022,Setiembre,E07010102,CARRERA PROFESIONAL DE EDUCACION CON MENCION EN INICIAL,Educación,Con Partner (AP),Presencial Regular,0,8,0,4,144,125,19,5,2,2,43,8,41,39,377,144,138,23,161
2022-10,2022,Octubre,E07010102,CARRERA PROFESIONAL DE EDUCACION CON MENCION EN INICIAL,Educación,Con Partner (AP),Presencial Regular,0,10,0,1,117,102,15,4,1,0,59,28,38,38,384,117,81,51,132
2022-11,2022,Noviembre,E07010102,CARRERA PROFESIONAL DE EDUCACION CON MENCION EN INICIAL,Educación,Con Partner (AP),Presencial Regular,0,10,0,3,135,103,32,9,2,0,29,27,48,40,389,135,136,20,156
2022-12,2022,Diciembre,E07010102,CARRERA PROFESIONAL DE EDUCACION CON MENCION EN INICIAL,Educación,Con Partner (AP),Presencial Regular,3,10,0,1,84,74,10,6,3,0,81,18,58,40,396,84,73,33,106
2023-01,2023,Enero,E07010102,CARRERA PROFESIONAL DE EDUCACION CON MENCION EN INICIAL,Educación,Con Partner (AP),Presencial Regular,0,1,0,0,133,81,52,20,1,3,22,29,46,45,397,133,135,23,158
2023-02,2023,Febrero,E07010102,CARRERA PROFESIONAL DE EDUCACION CON MENCION EN INICIAL,Educación,Con Partner (AP),Presencial Regular,2,0,0,0,81,76,5,8,0,4,82,16,60,44,400,81,77,18,95
2023-03,2023,Marzo,E07010102,CARRERA PROFESIONAL DE EDUCACION CON MENCION EN INICIAL,Educación,Con Partner (AP),Presencial Regular,1,0,0,0,106,58,48,12,1,1,34,34,52,48,406,106,109,11,121
2023-04,2023,Abril,E07010102,CARRERA PROFESIONAL DE EDUCACION CON MENCION EN INICIAL,Educación,Con Partner (AP),Presencial Regular,0,0,0,0,88,74,14,16,1,0,46,20,56,56,411,88,59,46,105
2023-05,2023,Mayo,E07010102,CARRERA PROFESIONAL DE EDUCACION CON MENCION EN INICIAL,Educación,Con Partner (AP),Presencial Regular,1,0,0,0,103,78,25,8,2,0,27,21,59,55,418,103,95,19,114
2023-06,2023,Junio,E07010102,CARRERA PROFESIONAL DE EDUCACION CON MENCION EN INICIAL,Educación,Con Partner (AP),Presencial Regular,0,0,0,0,77,67,10,9,0,2,46,17,57,60,425,77,70,18,88
2023-07,2023,Julio,E07010102,CARRERA PROFESIONAL DE EDUCACION CON MENCION EN INICIAL,Educación,Con Partner (AP),Presencial Regular,0,0,0,0,73,59,14,7,0,0,29,32,57,61,434,73,67,13,80
2023-08,2023,Agosto,E07010102,CARRERA PROFESIONAL DE EDUCACION CON MENCION EN INICIAL,Educación,Con Partner (AP),Presencial Regular,0,0,0,0,79,64,15,14,1,0,16,14,59,71,439,79,49,45,94
2023-09,2023,Setiembre,E07010102,CARRERA PROFESIONAL DE EDUCACION CON MENCION EN INICIAL,Educación,Con Partner (AP),Presencial Regular,0,0,0,0,84,75,9,14,2,0,19,7,46,72,449,84,73,27,100
2023-10,2023,Octubre,E07010102,CARRERA PROFESIONAL DE EDUCACION CON MENCION EN INICIAL,Educación,Con Partner (AP),Presencial Regular,2,0,0,0,66,63,3,2,0,0,36,16,41,67,463,66,24,46,70
2023-11,2023,Noviembre,E07010102,CARRERA PROFESIONAL DE EDUCACION CON MENCION EN INICIAL,Educación,Con Partner (AP),Presencial Regular,0,0,0,0,63,46,17,12,0,1,22,19,37,67,470,63,61,15,76
2023-12,2023,Diciembre,E07010102,CARRERA PROFESIONAL DE EDUCACION CON MENCION EN INICIAL,Educación,Con Partner (AP),Presencial Regular,7,0,0,0,10,10,0,0,0,0,63,19,37,71,484,10,4,13,17
2024-01,2024,Enero,E07010102,CARRERA PROFESIONAL DE EDUCACION CON MENCION EN INICIAL,Educación,Con Partner (AP),Presencial Regular,0,0,0,0,51,7,44,21,2,0,3,19,29,66,493,51,58,16,74
2024-02,2024,Febrero,E07010102,CARRERA PROFESIONAL DE EDUCACION CON MENCION EN INICIAL,Educación,Con Partner (AP),Presencial Regular,0,0,0,0,45,45,0,8,0,0,29,3,37,56,506,45,16,37,53
2024-03,2024,Marzo,E07010102,CARRERA PROFESIONAL DE EDUCACION CON MENCION EN INICIAL,Educación,Con Partner (AP),Presencial Regular,0,0,0,0,54,36,18,5,0,0,17,11,27,51,519,54,33,26,59
2024-04,2024,Abril,E07010102,CARRERA PROFESIONAL DE EDUCACION CON MENCION EN INICIAL,Educación,Con Partner (AP),Presencial Regular,0,0,0,0,48,39,9,5,0,0,20,8,25,50,528,48,13,40,53
2024-05,2024,Mayo,E07010102,CARRERA PROFESIONAL DE EDUCACION CON MENCION EN INICIAL,Educación,Con Partner (AP),Presencial Regular,0,0,0,0,52,42,10,9,0,0,11,10,21,45,536,52,39,22,61
2024-06,2024,Junio,E07010102,CARRERA PROFESIONAL DE EDUCACION CON MENCION EN INICIAL,Educación,Con Partner (AP),Presencial Regular,0,0,0,0,21,17,4,0,0,0,44,7,25,33,554,21,0,21,21
2024-07,2024,Julio,E07010102,CARRERA PROFESIONAL DE EDUCACION CON MENCION EN INICIAL,Educación,Con Partner (AP),Presencial Regular,1,0,0,0,48,16,32,10,0,0,5,11,21,29,559,48,30,29,59
2024-08,2024,Agosto,E07010102,CARRERA PROFESIONAL DE EDUCACION CON MENCION EN INICIAL,Educación,Con Partner (AP),Presencial Regular,0,0,0,0,46,41,5,6,0,1,17,0,21,31,561,46,2,51,53
2024-09,2024,Setiembre,E07010102,CARRERA PROFESIONAL DE EDUCACION CON MENCION EN INICIAL,Educación,Con Partner (AP),Presencial Regular,0,0,0,0,47,39,8,6,1,0,14,9,8,29,569,47,25,29,54
2024-10,2024,Octubre,E07010102,CARRERA PROFESIONAL DE EDUCACION CON MENCION EN INICIAL,Educación,Con Partner (AP),Presencial Regular,3,0,0,0,45,38,7,2,0,0,14,7,13,22,577,45,4,46,50
2024-11,2024,Noviembre,E07010102,CARRERA PROFESIONAL DE EDUCACION CON MENCION EN INICIAL,Educación,Con Partner (AP),Presencial Regular,0,0,0,0,44,38,6,5,0,0,9,8,12,22,580,44,23,26,49
2024-12,2024,Diciembre,E07010102,CARRERA PROFESIONAL DE EDUCACION CON MENCION EN INICIAL,Educación,Con Partner (AP),Presencial Regular,3,0,0,0,20,19,1,0,0,0,27,8,17,19,586,20,0,23,23
2025-01,2025,Enero,E07010102,CARRERA PROFESIONAL DE EDUCACION CON MENCION EN INICIAL,Educación,Con Partner (AP),Presencial Regular,1,0,0,0,31,14,17,6,0,0,5,10,19,18,587,31,6,32,38
2025-02,2025,Febrero,E07010102,CARRERA PROFESIONAL DE EDUCACION CON MENCION EN INICIAL,Educación,Con Partner (AP),Presencial Regular,0,0,0,0,34,31,3,6,1,1,6,2,17,18,591,34,0,42,42
2025-03,2025,Marzo,E07010102,CARRERA PROFESIONAL DE EDUCACION CON MENCION EN INICIAL,Educación,Con Partner (AP),Presencial Regular,0,0,0,0,36,34,2,4,0,0,8,4,13,14,597,36,10,30,40
2025-04,2025,Abril,E07010102,CARRERA PROFESIONAL DE EDUCACION CON MENCION EN INICIAL,Educación,Con Partner (AP),Presencial Regular,2,0,0,0,36,33,3,3,0,0,6,4,9,18,598,36,0,41,41
2025-05,2025,Mayo,E07010102,CARRERA PROFESIONAL DE EDUCACION CON MENCION EN INICIAL,Educación,Con Partner (AP),Presencial Regular,1,0,0,0,26,23,3,2,1,0,15,3,10,15,601,26,14,16,30
2025-06,2025,Junio,E07010102,CARRERA PROFESIONAL DE EDUCACION CON MENCION EN INICIAL,Educación,Con Partner (AP),Presencial Regular,1,0,0,0,35,24,11,0,0,0,5,3,8,17,604,35,4,32,36
2025-07,2025,Julio,E07010102,CARRERA PROFESIONAL DE EDUCACION CON MENCION EN INICIAL,Educación,Con Partner (AP),Presencial Regular,0,0,0,0,30,30,0,1,0,0,5,5,10,17,604,30,0,31,31
2025-08,2025,Agosto,E07010102,CARRERA PROFESIONAL DE EDUCACION CON MENCION EN INICIAL,Educación,Con Partner (AP),Presencial Regular,1,0,0,0,32,28,4,0,1,0,2,1,12,15,608,32,0,34,34
2025-09,2025,Setiembre,E07010102,CARRERA PROFESIONAL DE EDUCACION CON MENCION EN INICIAL,Educación,Con Partner (AP),Presencial Regular,3,0,0,0,25,25,0,1,0,0,6,2,9,15,610,25,3,26,29
2025-10,2025,Octubre,E07010102,CARRERA PROFESIONAL DE EDUCACION CON MENCION EN INICIAL,Educación,Con Partner (AP),Presencial Regular,1,0,0,0,24,20,4,1,0,0,6,1,7,13,615,24,0,26,26
2025-11,2025,Noviembre,E07010102,CARRERA PROFESIONAL DE EDUCACION CON MENCION EN INICIAL,Educación,Con Partner (AP),Presencial Regular,0,0,0,0,22,18,4,1,0,0,7,2,6,13,616,22,3,20,23
2025-12,2025,Diciembre,E07010102,CARRERA PROFESIONAL DE EDUCACION CON MENCION EN INICIAL,Educación,Con Partner (AP),Presencial Regular,2,0,0,0,8,8,0,0,0,0,15,7,1,14,620,8,7,3,10
2026-01,2026,Enero,E07010102,CARRERA PROFESIONAL DE EDUCACION CON MENCION EN INICIAL,Educación,Con Partner (AP),Presencial Regular,1,0,0,0,17,7,10,6,0,0,1,4,2,14,620,17,0,24,24
2026-02,2026,Febrero,E07010102,CARRERA PROFESIONAL DE EDUCACION CON MENCION EN INICIAL,Educación,Con Partner (AP),Presencial Regular,2,0,0,0,20,20,0,1,0,0,2,1,4,11,623,20,0,23,23
2026-03,2026,Marzo,E07010102,CARRERA PROFESIONAL DE EDUCACION CON MENCION EN INICIAL,Educación,Con Partner (AP),Presencial Regular,5,0,0,0,19,18,1,1,0,0,1,0,2,9,625,19,1,24,25
2026-04,2026,Abril,E07010102,CARRERA PROFESIONAL DE EDUCACION CON MENCION EN INICIAL,Educación,Con Partner (AP),Presencial Regular,2,0,0,0,14,13,1,0,0,0,5,0,2,6,628,14,0,16,16
2026-05,2026,Mayo,E07010102,CARRERA PROFESIONAL DE EDUCACION CON MENCION EN INICIAL,Educación,Con Partner (AP),Presencial Regular,0,0,0,0,15,13,2,0,0,0,1,3,2,5,629,15,1,14,15
2026-06,2026,Junio,E07010102,CARRERA PROFESIONAL DE EDUCACION CON MENCION EN INICIAL,Educación,Con Partner (AP),Presencial Regular,0,0,0,0,12,11,1,2,0,0,4,0,1,2,634,12,0,14,14
2014-02,2014,Febrero,E05010101,CARRERA DE CONTABILIDAD Y FINANZAS,Contabilidad y Finanzas,Con Partner (AP),Presencial Regular,0,12,0,0,0,0,0,0,0,0,0,0,0,0,0,0,12,0,12
2014-03,2014,Marzo,E05010101,CARRERA DE CONTABILIDAD Y FINANZAS,Contabilidad y Finanzas,Con Partner (AP),Presencial Regular,0,8,0,0,6,6,0,0,0,0,6,0,0,0,0,6,14,0,14
2014-04,2014,Abril,E05010101,CARRERA DE CONTABILIDAD Y FINANZAS,Contabilidad y Finanzas,Con Partner (AP),Presencial Regular,0,4,0,0,7,7,0,0,0,0,7,6,0,0,0,7,11,0,11
2014-05,2014,Mayo,E05010101,CARRERA DE CONTABILIDAD Y FINANZAS,Contabilidad y Finanzas,Con Partner (AP),Presencial Regular,0,8,0,0,10,8,2,0,0,0,3,5,6,0,0,10,18,0,18
2014-06,2014,Junio,E05010101,CARRERA DE CONTABILIDAD Y FINANZAS,Contabilidad y Finanzas,Con Partner (AP),Presencial Regular,0,12,0,0,14,14,0,0,0,0,4,3,11,0,0,14,26,0,26
2014-07,2014,Julio,E05010101,CARRERA DE CONTABILIDAD Y FINANZAS,Contabilidad y Finanzas,Con Partner (AP),Presencial Regular,0,8,0,0,18,16,2,0,0,0,10,2,14,0,0,18,26,0,26
2014-08,2014,Agosto,E05010101,CARRERA DE CONTABILIDAD Y FINANZAS,Contabilidad y Finanzas,Con Partner (AP),Presencial Regular,0,14,0,0,27,22,5,1,0,0,4,5,15,0,0,27,42,0,42
2014-09,2014,Setiembre,E05010101,CARRERA DE CONTABILIDAD Y FINANZAS,Contabilidad y Finanzas,Con Partner (AP),Presencial Regular,0,6,0,0,30,29,1,0,0,0,13,3,14,6,0,30,36,0,36
2014-10,2014,Octubre,E05010101,CARRERA DE CONTABILIDAD Y FINANZAS,Contabilidad y Finanzas,Con Partner (AP),Presencial Regular,0,17,0,0,32,26,6,2,0,0,10,7,10,11,0,32,51,0,51
2014-11,2014,Noviembre,E05010101,CARRERA DE CONTABILIDAD Y FINANZAS,Contabilidad y Finanzas,Con Partner (AP),Presencial Regular,0,9,0,0,41,37,4,1,0,0,14,6,13,14,0,41,51,0,51
2014-12,2014,Diciembre,E05010101,CARRERA DE CONTABILIDAD Y FINANZAS,Contabilidad y Finanzas,Con Partner (AP),Presencial Regular,0,20,0,0,51,44,7,2,1,0,7,7,17,13,0,51,74,0,74
2015-01,2015,Enero,E05010101,CARRERA DE CONTABILIDAD Y FINANZAS,Contabilidad y Finanzas,Con Partner (AP),Presencial Regular,0,18,0,0,54,52,2,3,0,0,22,5,17,17,0,54,75,0,75
2015-02,2015,Febrero,E05010101,CARRERA DE CONTABILIDAD Y FINANZAS,Contabilidad y Finanzas,Con Partner (AP),Presencial Regular,0,33,0,1,59,53,6,2,1,0,22,16,17,19,0,59,95,0,95
2015-03,2015,Marzo,E05010101,CARRERA DE CONTABILIDAD Y FINANZAS,Contabilidad y Finanzas,Con Partner (AP),Presencial Regular,0,48,0,1,75,71,4,1,2,0,24,18,28,16,5,75,126,0,126
2015-04,2015,Abril,E05010101,CARRERA DE CONTABILIDAD Y FINANZAS,Contabilidad y Finanzas,Con Partner (AP),Presencial Regular,0,59,0,1,95,92,3,3,0,0,34,21,38,16,10,95,157,0,157
2015-05,2015,Mayo,E05010101,CARRERA DE CONTABILIDAD Y FINANZAS,Contabilidad y Finanzas,Con Partner (AP),Presencial Regular,0,45,0,1,104,98,6,2,1,1,59,28,53,18,10,104,153,0,153
2015-06,2015,Junio,E05010101,CARRERA DE CONTABILIDAD Y FINANZAS,Contabilidad y Finanzas,Con Partner (AP),Presencial Regular,0,53,0,3,123,115,8,4,0,0,38,51,73,22,10,123,180,0,180
2015-07,2015,Julio,E05010101,CARRERA DE CONTABILIDAD Y FINANZAS,Contabilidad y Finanzas,Con Partner (AP),Presencial Regular,0,42,0,1,121,118,3,3,1,0,62,35,108,31,13,121,167,0,167
2015-08,2015,Agosto,E05010101,CARRERA DE CONTABILIDAD Y FINANZAS,Contabilidad y Finanzas,Con Partner (AP),Presencial Regular,0,27,0,1,112,102,10,0,0,0,65,52,128,43,16,112,139,0,139
2015-09,2015,Setiembre,E05010101,CARRERA DE CONTABILIDAD Y FINANZAS,Contabilidad y Finanzas,Con Partner (AP),Presencial Regular,0,43,0,0,120,109,11,6,0,0,30,54,157,57,19,120,169,0,169
2015-10,2015,Octubre,E05010101,CARRERA DE CONTABILIDAD Y FINANZAS,Contabilidad y Finanzas,Con Partner (AP),Presencial Regular,0,31,0,1,108,105,3,4,0,0,64,27,179,80,24,108,143,0,143
2015-11,2015,Noviembre,E05010101,CARRERA DE CONTABILIDAD Y FINANZAS,Contabilidad y Finanzas,Con Partner (AP),Presencial Regular,0,19,0,0,127,110,17,1,0,0,33,47,160,121,28,127,147,0,147
2015-12,2015,Diciembre,E05010101,CARRERA DE CONTABILIDAD Y FINANZAS,Contabilidad y Finanzas,Con Partner (AP),Presencial Regular,0,11,0,0,119,111,8,0,0,0,36,25,173,151,32,119,130,0,130
2016-01,2016,Enero,E05010101,CARRERA DE CONTABILIDAD Y FINANZAS,Contabilidad y Finanzas,Con Partner (AP),Presencial Regular,0,22,0,0,105,93,12,5,3,0,37,24,147,182,44,105,135,0,135
2016-02,2016,Febrero,E05010101,CARRERA DE CONTABILIDAD Y FINANZAS,Contabilidad y Finanzas,Con Partner (AP),Presencial Regular,0,21,0,1,99,89,10,4,2,0,46,27,116,216,59,99,126,0,126
2016-03,2016,Marzo,E05010101,CARRERA DE CONTABILIDAD Y FINANZAS,Contabilidad y Finanzas,Con Partner (AP),Presencial Regular,0,24,0,0,106,84,22,4,1,0,42,24,114,224,75,106,135,0,135
2016-04,2016,Abril,E05010101,CARRERA DE CONTABILIDAD Y FINANZAS,Contabilidad y Finanzas,Con Partner (AP),Presencial Regular,0,15,0,0,107,96,11,4,1,0,39,31,90,239,103,107,127,0,127
2016-05,2016,Mayo,E05010101,CARRERA DE CONTABILIDAD Y FINANZAS,Contabilidad y Finanzas,Con Partner (AP),Presencial Regular,0,29,0,1,110,95,15,8,0,0,32,24,89,218,148,110,147,0,147
2016-06,2016,Junio,E05010101,CARRERA DE CONTABILIDAD Y FINANZAS,Contabilidad y Finanzas,Con Partner (AP),Presencial Regular,0,8,0,0,44,40,4,2,0,0,107,28,90,207,180,44,54,0,54
2016-07,2016,Julio,E05010101,CARRERA DE CONTABILIDAD Y FINANZAS,Contabilidad y Finanzas,Con Partner (AP),Presencial Regular,0,3,0,1,85,42,43,10,2,0,12,64,85,185,223,85,99,1,100
2016-08,2016,Agosto,E05010101,CARRERA DE CONTABILIDAD Y FINANZAS,Contabilidad y Finanzas,Con Partner (AP),Presencial Regular,0,14,0,0,88,80,8,25,3,0,20,4,104,151,274,88,130,0,130
2016-09,2016,Setiembre,E05010101,CARRERA DE CONTABILIDAD Y FINANZAS,Contabilidad y Finanzas,Con Partner (AP),Presencial Regular,0,10,0,0,95,87,8,11,1,0,43,12,74,149,298,95,117,0,117
2016-10,2016,Octubre,E05010101,CARRERA DE CONTABILIDAD Y FINANZAS,Contabilidad y Finanzas,Con Partner (AP),Presencial Regular,0,8,0,0,107,91,16,1,0,0,26,27,66,126,340,107,116,0,116
2016-11,2016,Noviembre,E05010101,CARRERA DE CONTABILIDAD Y FINANZAS,Contabilidad y Finanzas,Con Partner (AP),Presencial Regular,0,8,0,0,73,63,10,12,0,0,53,16,69,114,364,73,93,0,93
2016-12,2016,Diciembre,E05010101,CARRERA DE CONTABILIDAD Y FINANZAS,Contabilidad y Finanzas,Con Partner (AP),Presencial Regular,0,8,0,1,99,71,28,9,0,0,22,25,39,131,384,99,116,0,116
2017-01,2017,Enero,E05010101,CARRERA DE CONTABILIDAD Y FINANZAS,Contabilidad y Finanzas,Con Partner (AP),Presencial Regular,0,6,0,0,96,89,7,15,4,1,27,15,45,109,405,96,122,0,122
2017-02,2017,Febrero,E05010101,CARRERA DE CONTABILIDAD Y FINANZAS,Contabilidad y Finanzas,Con Partner (AP),Presencial Regular,0,11,0,0,87,81,6,7,2,0,41,21,45,98,422,87,102,5,107
2017-03,2017,Marzo,E05010101,CARRERA DE CONTABILIDAD Y FINANZAS,Contabilidad y Finanzas,Con Partner (AP),Presencial Regular,0,15,0,1,100,77,23,5,0,2,30,18,50,88,441,100,122,0,122
2017-04,2017,Abril,E05010101,CARRERA DE CONTABILIDAD Y FINANZAS,Contabilidad y Finanzas,Con Partner (AP),Presencial Regular,0,6,0,1,94,87,7,7,1,0,35,23,50,79,460,94,108,0,108
2017-05,2017,Mayo,E05010101,CARRERA DE CONTABILIDAD Y FINANZAS,Contabilidad y Finanzas,Con Partner (AP),Presencial Regular,0,7,0,0,69,57,12,3,0,0,51,23,61,77,471,69,74,5,79
2017-06,2017,Junio,E05010101,CARRERA DE CONTABILIDAD Y FINANZAS,Contabilidad y Finanzas,Con Partner (AP),Presencial Regular,0,3,0,0,68,45,23,15,0,0,34,28,60,51,506,68,86,0,86
2017-07,2017,Julio,E05010101,CARRERA DE CONTABILIDAD Y FINANZAS,Contabilidad y Finanzas,Con Partner (AP),Presencial Regular,0,4,0,0,62,48,14,15,1,0,38,20,58,62,509,62,81,1,82
2017-08,2017,Agosto,E05010101,CARRERA DE CONTABILIDAD Y FINANZAS,Contabilidad y Finanzas,Con Partner (AP),Presencial Regular,0,6,0,0,83,66,17,19,1,0,16,21,47,65,517,83,100,9,109
2017-09,2017,Setiembre,E05010101,CARRERA DE CONTABILIDAD Y FINANZAS,Contabilidad y Finanzas,Con Partner (AP),Presencial Regular,0,5,0,0,85,79,6,13,4,0,30,10,40,65,528,85,78,29,107
2017-10,2017,Octubre,E05010101,CARRERA DE CONTABILIDAD Y FINANZAS,Contabilidad y Finanzas,Con Partner (AP),Presencial Regular,0,10,0,1,86,75,11,4,2,0,32,19,35,64,538,86,96,6,102
2017-11,2017,Noviembre,E05010101,CARRERA DE CONTABILIDAD Y FINANZAS,Contabilidad y Finanzas,Con Partner (AP),Presencial Regular,0,8,0,0,85,73,12,9,1,0,29,20,40,60,546,85,94,9,103
2017-12,2017,Diciembre,E05010101,CARRERA DE CONTABILIDAD Y FINANZAS,Contabilidad y Finanzas,Con Partner (AP),Presencial Regular,0,2,0,0,82,73,9,6,0,0,30,20,46,59,555,82,83,7,90
2018-01,2018,Enero,E05010101,CARRERA DE CONTABILIDAD Y FINANZAS,Contabilidad y Finanzas,Con Partner (AP),Presencial Regular,0,12,0,2,74,62,12,7,0,0,28,18,48,57,568,74,85,8,93
2018-02,2018,Febrero,E05010101,CARRERA DE CONTABILIDAD Y FINANZAS,Contabilidad y Finanzas,Con Partner (AP),Presencial Regular,0,12,0,2,69,58,11,10,0,0,35,17,50,53,578,69,86,5,91
2018-03,2018,Marzo,E05010101,CARRERA DE CONTABILIDAD Y FINANZAS,Contabilidad y Finanzas,Con Partner (AP),Presencial Regular,0,10,0,0,73,63,10,7,0,1,28,25,53,48,589,73,83,8,91
2018-04,2018,Abril,E05010101,CARRERA DE CONTABILIDAD Y FINANZAS,Contabilidad y Finanzas,Con Partner (AP),Presencial Regular,0,8,0,1,83,68,15,18,0,0,23,13,46,51,600,83,104,5,109
2018-05,2018,Mayo,E05010101,CARRERA DE CONTABILIDAD Y FINANZAS,Contabilidad y Finanzas,Con Partner (AP),Presencial Regular,0,10,0,1,93,83,10,6,1,1,26,13,40,58,604,93,106,5,111
2018-06,2018,Junio,E05010101,CARRERA DE CONTABILIDAD Y FINANZAS,Contabilidad y Finanzas,Con Partner (AP),Presencial Regular,0,8,0,1,79,73,6,7,1,0,38,20,36,59,612,79,88,7,95
2018-07,2018,Julio,E05010101,CARRERA DE CONTABILIDAD Y FINANZAS,Contabilidad y Finanzas,Con Partner (AP),Presencial Regular,0,2,0,0,75,65,10,6,0,1,30,28,42,56,622,75,79,5,84
2018-08,2018,Agosto,E05010101,CARRERA DE CONTABILIDAD Y FINANZAS,Contabilidad y Finanzas,Con Partner (AP),Presencial Regular,0,13,0,1,74,61,13,21,4,0,23,17,38,57,628,74,104,8,112
2018-09,2018,Setiembre,E05010101,CARRERA DE CONTABILIDAD Y FINANZAS,Contabilidad y Finanzas,Con Partner (AP),Presencial Regular,0,11,0,0,84,73,11,7,1,1,39,12,40,59,632,84,99,5,104
2018-10,2018,Octubre,E05010101,CARRERA DE CONTABILIDAD Y FINANZAS,Contabilidad y Finanzas,Con Partner (AP),Presencial Regular,0,5,0,0,92,69,23,4,3,2,35,16,42,50,642,92,106,0,106
2018-11,2018,Noviembre,E05010101,CARRERA DE CONTABILIDAD Y FINANZAS,Contabilidad y Finanzas,Con Partner (AP),Presencial Regular,0,2,0,0,91,74,17,9,2,1,32,18,41,43,654,91,97,8,105
2018-12,2018,Diciembre,E05010101,CARRERA DE CONTABILIDAD Y FINANZAS,Contabilidad y Finanzas,Con Partner (AP),Presencial Regular,0,1,0,0,73,65,8,10,0,0,40,24,38,44,664,73,82,2,84
2019-01,2019,Enero,E05010101,CARRERA DE CONTABILIDAD Y FINANZAS,Contabilidad y Finanzas,Con Partner (AP),Presencial Regular,0,5,0,0,80,58,22,7,0,1,26,18,46,47,669,80,86,7,93
2019-02,2019,Febrero,E05010101,CARRERA DE CONTABILIDAD Y FINANZAS,Contabilidad y Finanzas,Con Partner (AP),Presencial Regular,0,4,0,0,71,58,13,6,1,0,35,13,51,47,675,71,80,2,82
2019-03,2019,Marzo,E05010101,CARRERA DE CONTABILIDAD Y FINANZAS,Contabilidad y Finanzas,Con Partner (AP),Presencial Regular,0,4,0,1,57,48,9,8,3,1,34,26,52,40,682,57,68,5,73
2019-04,2019,Abril,E05010101,CARRERA DE CONTABILIDAD Y FINANZAS,Contabilidad y Finanzas,Con Partner (AP),Presencial Regular,0,11,0,3,72,54,18,20,2,1,19,16,44,47,686,72,90,16,106
2019-05,2019,Mayo,E05010101,CARRERA DE CONTABILIDAD Y FINANZAS,Contabilidad y Finanzas,Con Partner (AP),Presencial Regular,0,11,0,1,87,78,9,14,0,0,28,10,37,49,693,87,104,8,112
2019-06,2019,Junio,E05010101,CARRERA DE CONTABILIDAD Y FINANZAS,Contabilidad y Finanzas,Con Partner (AP),Presencial Regular,0,5,0,1,91,84,7,6,1,0,28,21,36,44,702,91,94,9,103
2019-07,2019,Julio,E05010101,CARRERA DE CONTABILIDAD Y FINANZAS,Contabilidad y Finanzas,Con Partner (AP),Presencial Regular,0,14,0,0,73,67,6,9,0,0,36,22,42,41,711,73,79,17,96
2019-08,2019,Agosto,E05010101,CARRERA DE CONTABILIDAD Y FINANZAS,Contabilidad y Finanzas,Con Partner (AP),Presencial Regular,0,15,0,3,79,67,12,6,1,0,29,24,44,49,716,79,80,21,101
2019-09,2019,Setiembre,E05010101,CARRERA DE CONTABILIDAD Y FINANZAS,Contabilidad y Finanzas,Con Partner (AP),Presencial Regular,0,14,0,3,77,71,6,6,0,0,30,23,57,51,719,77,74,23,97
2019-10,2019,Octubre,E05010101,CARRERA DE CONTABILIDAD Y FINANZAS,Contabilidad y Finanzas,Con Partner (AP),Presencial Regular,0,4,0,0,86,76,10,14,0,0,21,20,58,46,732,86,83,21,104
2019-11,2019,Noviembre,E05010101,CARRERA DE CONTABILIDAD Y FINANZAS,Contabilidad y Finanzas,Con Partner (AP),Presencial Regular,0,11,0,3,90,82,8,18,0,0,22,13,52,45,741,90,97,22,119
2019-12,2019,Diciembre,E05010101,CARRERA DE CONTABILIDAD Y FINANZAS,Contabilidad y Finanzas,Con Partner (AP),Presencial Regular,0,3,0,0,82,76,6,7,0,0,43,16,46,52,746,82,73,19,92
2020-01,2020,Enero,E05010101,CARRERA DE CONTABILIDAD Y FINANZAS,Contabilidad y Finanzas,Con Partner (AP),Presencial Regular,0,3,0,0,77,64,13,5,0,0,28,30,44,59,752,77,67,18,85
2020-02,2020,Febrero,E05010101,CARRERA DE CONTABILIDAD Y FINANZAS,Contabilidad y Finanzas,Con Partner (AP),Presencial Regular,0,13,0,2,71,66,5,6,0,0,19,23,60,54,765,71,71,19,90
2020-03,2020,Marzo,E05010101,CARRERA DE CONTABILIDAD Y FINANZAS,Contabilidad y Finanzas,Con Partner (AP),Presencial Regular,0,16,0,3,71,64,7,10,0,2,26,12,61,61,768,71,81,18,99
2020-04,2020,Abril,E05010101,CARRERA DE CONTABILIDAD Y FINANZAS,Contabilidad y Finanzas,Con Partner (AP),Presencial Regular,0,9,0,1,79,69,10,7,0,0,30,16,59,60,776,79,75,20,95
2020-05,2020,Mayo,E05010101,CARRERA DE CONTABILIDAD Y FINANZAS,Contabilidad y Finanzas,Con Partner (AP),Presencial Regular,0,11,0,5,85,72,13,19,3,0,23,17,47,58,784,85,105,13,118
2020-06,2020,Junio,E05010101,CARRERA DE CONTABILIDAD Y FINANZAS,Contabilidad y Finanzas,Con Partner (AP),Presencial Regular,2,19,0,4,86,75,11,5,5,0,42,11,41,59,796,86,92,25,117
2020-07,2020,Julio,E05010101,CARRERA DE CONTABILIDAD Y FINANZAS,Contabilidad y Finanzas,Con Partner (AP),Presencial Regular,0,15,0,4,114,91,23,6,6,3,24,19,37,50,805,114,124,20,144
2020-08,2020,Agosto,E05010101,CARRERA DE CONTABILIDAD Y FINANZAS,Contabilidad y Finanzas,Con Partner (AP),Presencial Regular,1,14,0,1,110,104,6,5,5,2,39,18,42,48,809,110,116,22,138
2020-09,2020,Setiembre,E05010101,CARRERA DE CONTABILIDAD Y FINANZAS,Contabilidad y Finanzas,Con Partner (AP),Presencial Regular,2,14,0,1,97,89,8,7,3,0,46,31,45,43,818,97,99,25,124
2020-10,2020,Octubre,E05010101,CARRERA DE CONTABILIDAD Y FINANZAS,Contabilidad y Finanzas,Con Partner (AP),Presencial Regular,2,16,0,4,123,93,30,15,4,5,26,16,48,48,817,123,142,23,165
2020-11,2020,Noviembre,E05010101,CARRERA DE CONTABILIDAD Y FINANZAS,Contabilidad y Finanzas,Con Partner (AP),Presencial Regular,1,21,0,6,123,110,13,13,1,2,52,13,48,43,822,123,153,8,161
2020-12,2020,Diciembre,E05010101,CARRERA DE CONTABILIDAD Y FINANZAS,Contabilidad y Finanzas,Con Partner (AP),Presencial Regular,0,9,0,2,141,125,16,11,1,0,35,36,40,40,834,141,150,12,162
2021-01,2021,Enero,E05010101,CARRERA DE CONTABILIDAD Y FINANZAS,Contabilidad y Finanzas,Con Partner (AP),Presencial Regular,1,10,0,4,138,125,13,12,1,1,37,21,58,37,841,138,144,19,163
2021-02,2021,Febrero,E05010101,CARRERA DE CONTABILIDAD Y FINANZAS,Contabilidad y Finanzas,Con Partner (AP),Presencial Regular,0,21,0,7,120,110,10,4,0,2,52,27,63,44,844,120,126,21,147
2021-03,2021,Marzo,E05010101,CARRERA DE CONTABILIDAD Y FINANZAS,Contabilidad y Finanzas,Con Partner (AP),Presencial Regular,0,31,0,5,143,118,25,18,3,0,29,27,64,45,848,143,173,22,195
2021-04,2021,Abril,E05010101,CARRERA DE CONTABILIDAD Y FINANZAS,Contabilidad y Finanzas,Con Partner (AP),Presencial Regular,3,25,0,7,169,156,13,13,2,3,39,16,66,42,855,169,180,35,215
2021-05,2021,Mayo,E05010101,CARRERA DE CONTABILIDAD Y FINANZAS,Contabilidad y Finanzas,Con Partner (AP),Presencial Regular,1,11,0,5,188,175,13,7,0,0,37,26,55,59,857,188,187,20,207
2021-06,2021,Junio,E05010101,CARRERA DE CONTABILIDAD Y FINANZAS,Contabilidad y Finanzas,Con Partner (AP),Presencial Regular,0,13,0,3,179,168,11,13,2,1,38,26,59,56,866,179,185,23,208
2021-07,2021,Julio,E05010101,CARRERA DE CONTABILIDAD Y FINANZAS,Contabilidad y Finanzas,Con Partner (AP),Presencial Regular,0,8,0,0,182,166,16,9,3,0,42,22,63,62,870,182,170,32,202
2021-08,2021,Agosto,E05010101,CARRERA DE CONTABILIDAD Y FINANZAS,Contabilidad y Finanzas,Con Partner (AP),Presencial Regular,0,22,0,3,175,159,16,3,2,4,43,26,69,63,876,175,175,31,206
2021-09,2021,Setiembre,E05010101,CARRERA DE CONTABILIDAD Y FINANZAS,Contabilidad y Finanzas,Con Partner (AP),Presencial Regular,1,4,0,0,190,163,27,15,1,1,43,16,65,69,882,190,181,31,212
2021-10,2021,Octubre,E05010101,CARRERA DE CONTABILIDAD Y FINANZAS,Contabilidad y Finanzas,Con Partner (AP),Presencial Regular,0,10,0,2,194,174,20,9,2,0,37,23,58,73,890,194,179,36,215
2021-11,2021,Noviembre,E05010101,CARRERA DE CONTABILIDAD Y FINANZAS,Contabilidad y Finanzas,Con Partner (AP),Presencial Regular,0,2,0,0,190,170,20,6,4,2,45,17,58,72,902,190,178,26,204
2021-12,2021,Diciembre,E05010101,CARRERA DE CONTABILIDAD Y FINANZAS,Contabilidad y Finanzas,Con Partner (AP),Presencial Regular,1,2,0,1,168,149,19,11,0,0,55,26,48,80,909,168,153,29,182
2022-01,2022,Enero,E05010101,CARRERA DE CONTABILIDAD Y FINANZAS,Contabilidad y Finanzas,Con Partner (AP),Presencial Regular,0,11,0,5,183,150,33,10,1,0,31,22,54,77,921,183,163,42,205
2022-02,2022,Febrero,E05010101,CARRERA DE CONTABILIDAD Y FINANZAS,Contabilidad y Finanzas,Con Partner (AP),Presencial Regular,1,7,0,2,171,161,10,13,4,0,43,21,53,72,932,171,150,46,196
2022-03,2022,Marzo,E05010101,CARRERA DE CONTABILIDAD Y FINANZAS,Contabilidad y Finanzas,Con Partner (AP),Presencial Regular,0,12,0,2,184,162,22,8,3,1,33,21,49,76,941,184,173,35,208
2022-04,2022,Abril,E05010101,CARRERA DE CONTABILIDAD Y FINANZAS,Contabilidad y Finanzas,Con Partner (AP),Presencial Regular,0,14,0,5,175,162,13,6,2,1,46,20,56,70,952,175,157,41,198
2022-05,2022,Mayo,E05010101,CARRERA DE CONTABILIDAD Y FINANZAS,Contabilidad y Finanzas,Con Partner (AP),Presencial Regular,0,3,0,1,183,158,25,17,2,0,40,21,47,63,969,183,172,33,205
2022-06,2022,Junio,E05010101,CARRERA DE CONTABILIDAD Y FINANZAS,Contabilidad y Finanzas,Con Partner (AP),Presencial Regular,1,8,0,1,195,172,23,13,1,1,32,17,46,59,980,195,174,45,219
2022-07,2022,Julio,E05010101,CARRERA DE CONTABILIDAD Y FINANZAS,Contabilidad y Finanzas,Con Partner (AP),Presencial Regular,0,5,0,2,165,158,7,4,2,3,60,25,49,60,984,165,140,39,179
2022-08,2022,Agosto,E05010101,CARRERA DE CONTABILIDAD Y FINANZAS,Contabilidad y Finanzas,Con Partner (AP),Presencial Regular,0,7,0,2,187,157,30,9,4,0,22,30,57,57,991,187,154,53,207
2022-09,2022,Setiembre,E05010101,CARRERA DE CONTABILIDAD Y FINANZAS,Contabilidad y Finanzas,Con Partner (AP),Presencial Regular,0,7,0,1,176,169,7,6,3,1,38,15,70,49,1006,176,152,41,193
2022-10,2022,Octubre,E05010101,CARRERA DE CONTABILIDAD Y FINANZAS,Contabilidad y Finanzas,Con Partner (AP),Presencial Regular,3,6,0,1,168,152,16,13,0,1,39,21,61,52,1013,168,145,46,191
2022-11,2022,Noviembre,E05010101,CARRERA DE CONTABILIDAD Y FINANZAS,Contabilidad y Finanzas,Con Partner (AP),Presencial Regular,1,5,0,2,170,152,18,10,1,0,36,20,59,54,1023,170,150,37,187
2022-12,2022,Diciembre,E05010101,CARRERA DE CONTABILIDAD Y FINANZAS,Contabilidad y Finanzas,Con Partner (AP),Presencial Regular,5,3,0,0,139,125,14,4,1,1,57,21,61,61,1028,139,126,27,153
2023-01,2023,Enero,E05010101,CARRERA DE CONTABILIDAD Y FINANZAS,Contabilidad y Finanzas,Con Partner (AP),Presencial Regular,2,1,0,0,149,118,31,11,0,1,28,26,54,70,1035,149,118,46,164
2023-02,2023,Febrero,E05010101,CARRERA DE CONTABILIDAD Y FINANZAS,Contabilidad y Finanzas,Con Partner (AP),Presencial Regular,0,0,0,0,101,94,7,7,1,0,68,21,64,71,1042,101,88,21,109
2023-03,2023,Marzo,E05010101,CARRERA DE CONTABILIDAD Y FINANZAS,Contabilidad y Finanzas,Con Partner (AP),Presencial Regular,1,0,0,0,124,82,42,18,3,0,27,26,52,73,1051,124,110,36,146
2023-04,2023,Abril,E05010101,CARRERA DE CONTABILIDAD Y FINANZAS,Contabilidad y Finanzas,Con Partner (AP),Presencial Regular,0,0,0,0,115,105,10,11,1,1,40,17,56,73,1060,115,94,34,128
2023-05,2023,Mayo,E05010101,CARRERA DE CONTABILIDAD Y FINANZAS,Contabilidad y Finanzas,Con Partner (AP),Presencial Regular,0,0,0,0,122,104,18,10,0,2,24,22,52,71,1071,122,108,26,134
2023-06,2023,Junio,E05010101,CARRERA DE CONTABILIDAD Y FINANZAS,Contabilidad y Finanzas,Con Partner (AP),Presencial Regular,0,0,0,0,91,82,9,12,0,0,52,15,48,72,1084,91,74,29,103
2023-07,2023,Julio,E05010101,CARRERA DE CONTABILIDAD Y FINANZAS,Contabilidad y Finanzas,Con Partner (AP),Presencial Regular,2,0,0,0,86,72,14,7,0,0,31,37,51,62,1098,86,64,31,95
2023-08,2023,Agosto,E05010101,CARRERA DE CONTABILIDAD Y FINANZAS,Contabilidad y Finanzas,Con Partner (AP),Presencial Regular,0,0,0,0,77,63,14,6,1,0,30,17,65,69,1107,77,42,42,84
2023-09,2023,Setiembre,E05010101,CARRERA DE CONTABILIDAD Y FINANZAS,Contabilidad y Finanzas,Con Partner (AP),Presencial Regular,1,0,0,0,89,75,14,10,0,0,9,15,65,63,1120,89,61,39,100
2023-10,2023,Octubre,E05010101,CARRERA DE CONTABILIDAD Y FINANZAS,Contabilidad y Finanzas,Con Partner (AP),Presencial Regular,0,0,0,0,79,77,2,7,1,1,22,7,61,63,1130,79,52,36,88
2023-11,2023,Noviembre,E05010101,CARRERA DE CONTABILIDAD Y FINANZAS,Contabilidad y Finanzas,Con Partner (AP),Presencial Regular,0,0,0,0,80,73,7,12,0,0,15,15,49,59,1141,80,61,31,92
2023-12,2023,Diciembre,E05010101,CARRERA DE CONTABILIDAD Y FINANZAS,Contabilidad y Finanzas,Con Partner (AP),Presencial Regular,7,0,0,0,62,57,5,9,0,0,28,10,28,72,1155,62,41,37,78
2024-01,2024,Enero,E05010101,CARRERA DE CONTABILIDAD Y FINANZAS,Contabilidad y Finanzas,Con Partner (AP),Presencial Regular,1,0,0,0,65,58,7,3,0,0,12,21,28,75,1159,65,31,38,69
2024-02,2024,Febrero,E05010101,CARRERA DE CONTABILIDAD Y FINANZAS,Contabilidad y Finanzas,Con Partner (AP),Presencial Regular,0,0,0,0,43,39,4,3,0,0,29,8,36,69,1175,43,13,33,46
2024-03,2024,Marzo,E05010101,CARRERA DE CONTABILIDAD Y FINANZAS,Contabilidad y Finanzas,Con Partner (AP),Presencial Regular,1,0,0,0,58,38,20,4,0,0,7,9,37,65,1182,58,25,38,63
2024-04,2024,Abril,E05010101,CARRERA DE CONTABILIDAD Y FINANZAS,Contabilidad y Finanzas,Con Partner (AP),Presencial Regular,0,0,0,0,51,48,3,4,0,1,14,4,37,59,1192,51,19,37,56
2024-05,2024,Mayo,E05010101,CARRERA DE CONTABILIDAD Y FINANZAS,Contabilidad y Finanzas,Con Partner (AP),Presencial Regular,1,0,0,0,53,46,7,7,1,1,9,7,27,59,1197,53,31,32,63
2024-06,2024,Junio,E05010101,CARRERA DE CONTABILIDAD Y FINANZAS,Contabilidad y Finanzas,Con Partner (AP),Presencial Regular,0,0,0,0,47,44,3,0,0,0,18,6,20,46,1224,47,15,32,47
2024-07,2024,Julio,E05010101,CARRERA DE CONTABILIDAD Y FINANZAS,Contabilidad y Finanzas,Con Partner (AP),Presencial Regular,7,0,0,0,42,35,7,1,0,0,9,9,18,44,1231,42,15,35,50
2024-08,2024,Agosto,E05010101,CARRERA DE CONTABILIDAD Y FINANZAS,Contabilidad y Finanzas,Con Partner (AP),Presencial Regular,2,0,0,0,36,32,4,7,0,0,9,5,16,38,1241,36,5,40,45
2024-09,2024,Setiembre,E05010101,CARRERA DE CONTABILIDAD Y FINANZAS,Contabilidad y Finanzas,Con Partner (AP),Presencial Regular,0,0,0,0,46,39,7,8,0,0,4,2,9,39,1244,46,16,38,54
2024-10,2024,Octubre,E05010101,CARRERA DE CONTABILIDAD Y FINANZAS,Contabilidad y Finanzas,Con Partner (AP),Presencial Regular,1,0,0,0,36,36,0,1,0,0,17,4,9,35,1249,36,5,33,38
2024-11,2024,Noviembre,E05010101,CARRERA DE CONTABILIDAD Y FINANZAS,Contabilidad y Finanzas,Con Partner (AP),Presencial Regular,0,0,0,0,43,34,9,4,0,0,3,8,9,28,1256,43,15,32,47
2024-12,2024,Diciembre,E05010101,CARRERA DE CONTABILIDAD Y FINANZAS,Contabilidad y Finanzas,Con Partner (AP),Presencial Regular,1,0,0,0,31,31,0,1,0,0,15,3,13,17,1270,31,4,29,33
2025-01,2025,Enero,E05010101,CARRERA DE CONTABILIDAD Y FINANZAS,Contabilidad y Finanzas,Con Partner (AP),Presencial Regular,0,0,0,0,32,24,8,0,0,0,8,7,14,14,1275,32,4,28,32
2025-02,2025,Febrero,E05010101,CARRERA DE CONTABILIDAD Y FINANZAS,Contabilidad y Finanzas,Con Partner (AP),Presencial Regular,0,0,0,0,21,19,2,2,0,0,13,6,17,12,1279,21,3,20,23
2025-03,2025,Marzo,E05010101,CARRERA DE CONTABILIDAD Y FINANZAS,Contabilidad y Finanzas,Con Partner (AP),Presencial Regular,2,0,0,0,28,21,7,5,0,0,2,4,16,10,1283,28,0,35,35
2025-04,2025,Abril,E05010101,CARRERA DE CONTABILIDAD Y FINANZAS,Contabilidad y Finanzas,Con Partner (AP),Presencial Regular,0,0,0,0,26,24,2,3,0,0,9,0,12,14,1284,26,0,29,29
2025-05,2025,Mayo,E05010101,CARRERA DE CONTABILIDAD Y FINANZAS,Contabilidad y Finanzas,Con Partner (AP),Presencial Regular,2,0,0,0,28,24,4,1,0,0,5,4,8,16,1284,28,2,29,31
2025-06,2025,Junio,E05010101,CARRERA DE CONTABILIDAD Y FINANZAS,Contabilidad y Finanzas,Con Partner (AP),Presencial Regular,1,0,0,0,22,22,0,1,0,0,7,4,7,17,1287,22,1,23,24
2025-07,2025,Julio,E05010101,CARRERA DE CONTABILIDAD Y FINANZAS,Contabilidad y Finanzas,Con Partner (AP),Presencial Regular,0,0,0,0,27,21,6,4,0,0,2,1,4,18,1289,27,0,31,31
2025-08,2025,Agosto,E05010101,CARRERA DE CONTABILIDAD Y FINANZAS,Contabilidad y Finanzas,Con Partner (AP),Presencial Regular,0,0,0,0,27,26,1,0,0,0,5,1,4,17,1291,27,1,26,27
2025-09,2025,Setiembre,E05010101,CARRERA DE CONTABILIDAD Y FINANZAS,Contabilidad y Finanzas,Con Partner (AP),Presencial Regular,0,0,0,0,25,23,2,1,0,0,4,3,4,15,1293,25,0,26,26
2025-10,2025,Octubre,E05010101,CARRERA DE CONTABILIDAD Y FINANZAS,Contabilidad y Finanzas,Con Partner (AP),Presencial Regular,0,0,0,0,26,23,3,1,0,0,3,1,5,11,1298,26,0,27,27
2025-11,2025,Noviembre,E05010101,CARRERA DE CONTABILIDAD Y FINANZAS,Contabilidad y Finanzas,Con Partner (AP),Presencial Regular,2,0,0,0,25,23,2,0,0,0,3,0,4,11,1300,25,0,27,27
2025-12,2025,N/A,E05010101,CARRERA DE CONTABILIDAD Y FINANZAS,Contabilidad y Finanzas,Con Partner (AP),Presencial Regular,0,0,0,0,0,0,0,0,0,0,25,3,3,8,1304,0,0,0,0
2026-01,2026,Enero,E05010101,CARRERA DE CONTABILIDAD Y FINANZAS,Contabilidad y Finanzas,Con Partner (AP),Presencial Regular,1,0,0,0,23,0,23,2,0,0,0,1,4,5,1307,23,0,26,26
2026-02,2026,Febrero,E05010101,CARRERA DE CONTABILIDAD Y FINANZAS,Contabilidad y Finanzas,Con Partner (AP),Presencial Regular,3,0,0,0,21,21,0,1,0,0,1,0,3,5,1308,21,0,25,25
2026-03,2026,Marzo,E05010101,CARRERA DE CONTABILIDAD Y FINANZAS,Contabilidad y Finanzas,Con Partner (AP),Presencial Regular,2,0,0,0,19,19,0,1,0,0,1,1,1,6,1308,19,0,22,22
2026-04,2026,Abril,E05010101,CARRERA DE CONTABILIDAD Y FINANZAS,Contabilidad y Finanzas,Con Partner (AP),Presencial Regular,1,0,0,0,15,15,0,0,0,0,5,0,2,5,1309,15,0,16,16
2026-05,2026,Mayo,E05010101,CARRERA DE CONTABILIDAD Y FINANZAS,Contabilidad y Finanzas,Con Partner (AP),Presencial Regular,1,0,0,0,17,13,4,0,0,0,2,0,1,4,1311,17,0,18,18
2026-06,2026,Junio,E05010101,CARRERA DE CONTABILIDAD Y FINANZAS,Contabilidad y Finanzas,Con Partner (AP),Presencial Regular,0,0,0,0,13,13,0,0,0,0,4,2,1,3,1312,13,0,13,13
2014-02,2014,Febrero,E05020201,CARRERA DE ECONOMIA,Economía,Con Partner (AP),Presencial Regular,0,16,0,0,0,0,0,0,0,0,0,0,0,0,0,0,16,0,16
2014-03,2014,Marzo,E05020201,CARRERA DE ECONOMIA,Economía,Con Partner (AP),Presencial Regular,0,6,0,0,8,8,0,0,0,0,8,0,0,0,0,8,14,0,14
2014-04,2014,Abril,E05020201,CARRERA DE ECONOMIA,Economía,Con Partner (AP),Presencial Regular,0,9,0,0,12,11,1,0,0,0,3,7,0,0,0,12,21,0,21
2014-05,2014,Mayo,E05020201,CARRERA DE ECONOMIA,Economía,Con Partner (AP),Presencial Regular,0,4,0,0,19,18,1,0,0,0,3,2,7,0,0,19,23,0,23
2014-06,2014,Junio,E05020201,CARRERA DE ECONOMIA,Economía,Con Partner (AP),Presencial Regular,0,10,0,1,16,16,0,0,0,0,7,3,9,0,0,16,26,0,26
2014-07,2014,Julio,E05020201,CARRERA DE ECONOMIA,Economía,Con Partner (AP),Presencial Regular,0,6,0,0,17,16,1,0,0,0,10,6,12,0,0,17,23,0,23
2014-08,2014,Agosto,E05020201,CARRERA DE ECONOMIA,Economía,Con Partner (AP),Presencial Regular,0,21,0,1,18,17,1,0,0,0,6,9,18,0,0,18,39,0,39
2014-09,2014,Setiembre,E05020201,CARRERA DE ECONOMIA,Economía,Con Partner (AP),Presencial Regular,0,9,0,0,28,27,1,1,0,0,12,5,19,7,0,28,38,0,38
2014-10,2014,Octubre,E05020201,CARRERA DE ECONOMIA,Economía,Con Partner (AP),Presencial Regular,0,8,0,0,27,23,4,3,0,0,15,8,19,9,0,27,38,0,38
2014-11,2014,Noviembre,E05020201,CARRERA DE ECONOMIA,Economía,Con Partner (AP),Presencial Regular,0,4,0,0,34,30,4,2,1,0,8,11,22,11,0,34,41,0,41
2014-12,2014,Diciembre,E05020201,CARRERA DE ECONOMIA,Economía,Con Partner (AP),Presencial Regular,0,9,0,1,43,38,5,6,1,0,3,3,23,14,0,43,59,0,59
2015-01,2015,Enero,E05020201,CARRERA DE ECONOMIA,Economía,Con Partner (AP),Presencial Regular,0,12,0,0,48,46,2,2,2,0,13,1,18,18,0,48,64,0,64
2015-02,2015,Febrero,E05020201,CARRERA DE ECONOMIA,Economía,Con Partner (AP),Presencial Regular,0,13,0,0,49,46,3,0,0,0,18,10,16,21,0,49,62,0,62
2015-03,2015,Marzo,E05020201,CARRERA DE ECONOMIA,Economía,Con Partner (AP),Presencial Regular,0,18,0,0,46,44,2,1,0,0,18,16,19,20,7,46,65,0,65
2015-04,2015,Abril,E05020201,CARRERA DE ECONOMIA,Economía,Con Partner (AP),Presencial Regular,0,29,0,1,56,53,3,0,0,1,12,15,28,26,7,56,86,0,86
2015-05,2015,Mayo,E05020201,CARRERA DE ECONOMIA,Economía,Con Partner (AP),Presencial Regular,0,23,0,0,50,49,1,1,0,0,37,11,40,26,9,50,74,0,74
2015-06,2015,Junio,E05020201,CARRERA DE ECONOMIA,Economía,Con Partner (AP),Presencial Regular,0,22,0,2,64,60,4,3,0,1,14,33,47,24,11,64,90,0,90
2015-07,2015,Julio,E05020201,CARRERA DE ECONOMIA,Economía,Con Partner (AP),Presencial Regular,0,24,0,0,63,62,1,2,0,0,28,13,69,28,16,63,89,0,89
2015-08,2015,Agosto,E05020201,CARRERA DE ECONOMIA,Economía,Con Partner (AP),Presencial Regular,0,8,0,1,62,57,5,1,0,0,32,23,67,39,19,62,71,0,71
2015-09,2015,Setiembre,E05020201,CARRERA DE ECONOMIA,Economía,Con Partner (AP),Presencial Regular,0,26,0,1,67,62,5,5,0,0,9,27,71,47,25,67,98,0,98
2015-10,2015,Octubre,E05020201,CARRERA DE ECONOMIA,Economía,Con Partner (AP),Presencial Regular,0,11,0,1,67,66,1,1,0,0,32,8,87,50,32,67,79,0,79
2015-11,2015,Noviembre,E05020201,CARRERA DE ECONOMIA,Economía,Con Partner (AP),Presencial Regular,0,12,0,1,72,63,9,0,1,0,16,23,65,77,34,72,85,0,85
2015-12,2015,Diciembre,E05020201,CARRERA DE ECONOMIA,Economía,Con Partner (AP),Presencial Regular,0,16,0,0,67,62,5,4,0,0,23,11,72,88,35,67,87,0,87
2016-01,2016,Enero,E05020201,CARRERA DE ECONOMIA,Economía,Con Partner (AP),Presencial Regular,0,16,0,0,73,66,7,5,1,0,21,16,60,96,44,73,95,0,95
2016-02,2016,Febrero,E05020201,CARRERA DE ECONOMIA,Economía,Con Partner (AP),Presencial Regular,0,18,0,1,62,58,4,1,0,0,37,17,49,108,58,62,81,0,81
2016-03,2016,Marzo,E05020201,CARRERA DE ECONOMIA,Economía,Con Partner (AP),Presencial Regular,0,13,0,1,64,54,10,1,2,0,27,27,59,98,72,64,80,0,80
2016-04,2016,Abril,E05020201,CARRERA DE ECONOMIA,Economía,Con Partner (AP),Presencial Regular,0,9,0,1,58,52,6,4,0,0,28,21,63,108,81,58,71,0,71
2016-05,2016,Mayo,E05020201,CARRERA DE ECONOMIA,Economía,Con Partner (AP),Presencial Regular,0,11,0,0,65,54,11,8,0,1,17,17,68,88,108,65,85,0,85
2016-06,2016,Junio,E05020201,CARRERA DE ECONOMIA,Economía,Con Partner (AP),Presencial Regular,0,5,0,0,36,31,5,1,0,0,54,12,69,91,120,36,42,0,42
2016-07,2016,Julio,E05020201,CARRERA DE ECONOMIA,Economía,Con Partner (AP),Presencial Regular,0,8,0,0,53,29,24,8,0,0,13,30,58,88,138,53,67,2,69
2016-08,2016,Agosto,E05020201,CARRERA DE ECONOMIA,Economía,Con Partner (AP),Presencial Regular,0,16,0,0,55,50,5,16,2,0,19,8,52,81,163,55,89,0,89
2016-09,2016,Setiembre,E05020201,CARRERA DE ECONOMIA,Economía,Con Partner (AP),Presencial Regular,0,9,0,0,54,50,4,7,2,1,39,15,39,87,168,54,73,0,73
2016-10,2016,Octubre,E05020201,CARRERA DE ECONOMIA,Economía,Con Partner (AP),Presencial Regular,0,3,0,0,73,54,19,5,0,0,19,20,36,81,187,73,81,0,81
2016-11,2016,Noviembre,E05020201,CARRERA DE ECONOMIA,Economía,Con Partner (AP),Presencial Regular,0,3,0,0,46,41,5,6,2,0,40,14,45,76,195,46,57,0,57
2016-12,2016,Diciembre,E05020201,CARRERA DE ECONOMIA,Economía,Con Partner (AP),Presencial Regular,0,5,0,0,65,38,27,2,1,0,19,13,42,77,208,65,73,0,73
2017-01,2017,Enero,E05020201,CARRERA DE ECONOMIA,Economía,Con Partner (AP),Presencial Regular,0,5,0,0,55,49,6,5,2,1,24,13,45,65,222,55,58,10,68
2017-02,2017,Febrero,E05020201,CARRERA DE ECONOMIA,Economía,Con Partner (AP),Presencial Regular,0,8,0,1,51,43,8,4,1,0,25,16,45,56,239,51,64,0,64
2017-03,2017,Marzo,E05020201,CARRERA DE ECONOMIA,Economía,Con Partner (AP),Presencial Regular,0,7,0,0,57,46,11,14,3,0,18,14,33,55,251,57,73,8,81
2017-04,2017,Abril,E05020201,CARRERA DE ECONOMIA,Economía,Con Partner (AP),Presencial Regular,0,5,0,0,61,56,5,4,1,0,25,13,36,48,264,61,63,8,71
2017-05,2017,Mayo,E05020201,CARRERA DE ECONOMIA,Economía,Con Partner (AP),Presencial Regular,0,1,0,0,47,41,6,5,1,1,30,19,35,52,267,47,47,8,55
2017-06,2017,Junio,E05020201,CARRERA DE ECONOMIA,Economía,Con Partner (AP),Presencial Regular,0,2,0,0,43,28,15,7,0,0,27,15,43,43,280,43,52,0,52
2017-07,2017,Julio,E05020201,CARRERA DE ECONOMIA,Economía,Con Partner (AP),Presencial Regular,0,4,0,1,43,28,15,6,2,0,24,12,46,42,285,43,41,14,55
2017-08,2017,Agosto,E05020201,CARRERA DE ECONOMIA,Economía,Con Partner (AP),Presencial Regular,0,10,0,1,47,34,13,17,1,0,21,11,32,42,293,47,68,7,75
2017-09,2017,Setiembre,E05020201,CARRERA DE ECONOMIA,Economía,Con Partner (AP),Presencial Regular,0,12,0,0,49,39,10,6,0,0,36,11,32,36,304,49,60,7,67
2017-10,2017,Octubre,E05020201,CARRERA DE ECONOMIA,Economía,Con Partner (AP),Presencial Regular,0,2,0,0,55,43,12,5,0,0,24,24,26,42,310,55,55,7,62
2017-11,2017,Noviembre,E05020201,CARRERA DE ECONOMIA,Economía,Con Partner (AP),Presencial Regular,0,4,0,0,55,44,11,9,0,1,18,13,33,42,317,55,63,6,69
2017-12,2017,Diciembre,E05020201,CARRERA DE ECONOMIA,Economía,Con Partner (AP),Presencial Regular,0,0,0,0,50,42,8,3,1,1,27,10,38,42,320,50,48,7,55
2018-01,2018,Enero,E05020201,CARRERA DE ECONOMIA,Economía,Con Partner (AP),Presencial Regular,0,6,0,0,36,31,5,9,2,1,24,22,37,37,324,36,48,6,54
2018-02,2018,Febrero,E05020201,CARRERA DE ECONOMIA,Economía,Con Partner (AP),Presencial Regular,0,10,0,0,31,26,5,3,1,1,28,19,51,34,330,31,40,6,46
2018-03,2018,Marzo,E05020201,CARRERA DE ECONOMIA,Economía,Con Partner (AP),Presencial Regular,0,12,0,1,48,37,11,3,0,0,9,17,52,44,335,48,57,6,63
2018-04,2018,Abril,E05020201,CARRERA DE ECONOMIA,Economía,Con Partner (AP),Presencial Regular,0,4,0,1,51,48,3,8,1,0,15,6,54,39,346,51,56,8,64
2018-05,2018,Mayo,E05020201,CARRERA DE ECONOMIA,Economía,Con Partner (AP),Presencial Regular,0,9,0,1,51,46,5,9,1,1,18,10,45,37,352,51,65,6,71
2018-06,2018,Junio,E05020201,CARRERA DE ECONOMIA,Economía,Con Partner (AP),Presencial Regular,0,10,0,2,53,44,9,3,0,0,27,9,36,49,356,53,60,6,66
2018-07,2018,Julio,E05020201,CARRERA DE ECONOMIA,Economía,Con Partner (AP),Presencial Regular,0,4,0,1,44,39,5,2,1,0,27,22,28,62,357,44,46,5,51
2018-08,2018,Agosto,E05020201,CARRERA DE ECONOMIA,Economía,Con Partner (AP),Presencial Regular,0,8,0,2,46,36,10,9,4,0,15,17,32,62,362,46,61,6,67
2018-09,2018,Setiembre,E05020201,CARRERA DE ECONOMIA,Economía,Con Partner (AP),Presencial Regular,0,5,0,0,59,52,7,4,2,0,15,8,40,53,374,59,64,6,70
2018-10,2018,Octubre,E05020201,CARRERA DE ECONOMIA,Economía,Con Partner (AP),Presencial Regular,0,2,0,0,51,44,7,4,1,1,26,8,40,49,380,51,55,4,59
2018-11,2018,Noviembre,E05020201,CARRERA DE ECONOMIA,Economía,Con Partner (AP),Presencial Regular,0,2,0,1,60,46,14,5,0,1,13,12,39,49,383,60,63,5,68
2018-12,2018,Diciembre,E05020201,CARRERA DE ECONOMIA,Economía,Con Partner (AP),Presencial Regular,0,1,0,0,45,45,0,4,0,0,23,13,33,49,397,45,49,1,50
2019-01,2019,Enero,E05020201,CARRERA DE ECONOMIA,Economía,Con Partner (AP),Presencial Regular,0,8,0,1,49,39,10,8,2,0,11,13,24,49,409,49,60,7,67
2019-02,2019,Febrero,E05020201,CARRERA DE ECONOMIA,Economía,Con Partner (AP),Presencial Regular,0,6,0,0,49,45,4,5,2,0,22,7,27,43,418,49,57,5,62
2019-03,2019,Marzo,E05020201,CARRERA DE ECONOMIA,Economía,Con Partner (AP),Presencial Regular,0,9,0,0,50,45,5,7,2,0,17,17,25,38,423,50,59,9,68
2019-04,2019,Abril,E05020201,CARRERA DE ECONOMIA,Economía,Con Partner (AP),Presencial Regular,0,12,0,3,52,46,6,6,1,0,22,11,32,37,427,52,63,8,71
2019-05,2019,Mayo,E05020201,CARRERA DE ECONOMIA,Economía,Con Partner (AP),Presencial Regular,0,4,0,0,58,53,5,5,2,0,18,17,30,40,430,58,60,9,69
2019-06,2019,Junio,E05020201,CARRERA DE ECONOMIA,Economía,Con Partner (AP),Presencial Regular,0,10,0,1,50,47,3,4,1,2,22,15,38,34,438,50,64,3,67
2019-07,2019,Julio,E05020201,CARRERA DE ECONOMIA,Economía,Con Partner (AP),Presencial Regular,0,5,0,1,55,48,7,7,0,0,19,15,43,26,449,55,61,6,67
2019-08,2019,Agosto,E05020201,CARRERA DE ECONOMIA,Economía,Con Partner (AP),Presencial Regular,2,13,0,1,58,52,6,8,2,1,15,13,37,31,452,58,72,12,84
2019-09,2019,Setiembre,E05020201,CARRERA DE ECONOMIA,Economía,Con Partner (AP),Presencial Regular,0,10,0,3,61,56,5,6,0,0,26,10,38,35,454,61,69,8,77
2019-10,2019,Octubre,E05020201,CARRERA DE ECONOMIA,Economía,Con Partner (AP),Presencial Regular,0,9,0,1,64,57,7,7,0,1,20,19,30,42,457,64,72,9,81
2019-11,2019,Noviembre,E05020201,CARRERA DE ECONOMIA,Economía,Con Partner (AP),Presencial Regular,0,8,0,3,64,53,11,8,0,0,28,9,32,43,465,64,72,8,80
2019-12,2019,Diciembre,E05020201,CARRERA DE ECONOMIA,Economía,Con Partner (AP),Presencial Regular,0,9,0,2,59,49,10,5,0,0,31,18,30,44,470,59,69,4,73
2020-01,2020,Enero,E05020201,CARRERA DE ECONOMIA,Economía,Con Partner (AP),Presencial Regular,0,7,0,1,55,47,8,6,0,1,26,23,36,47,472,55,61,8,69
2020-02,2020,Febrero,E05020201,CARRERA DE ECONOMIA,Economía,Con Partner (AP),Presencial Regular,0,8,0,1,55,45,10,10,0,0,24,16,47,40,481,55,66,7,73
2020-03,2020,Marzo,E05020201,CARRERA DE ECONOMIA,Economía,Con Partner (AP),Presencial Regular,0,11,0,4,62,47,15,6,1,0,26,9,46,44,487,62,75,5,80
2020-04,2020,Abril,E05020201,CARRERA DE ECONOMIA,Economía,Con Partner (AP),Presencial Regular,1,7,0,2,59,47,12,8,2,1,32,14,42,36,497,59,70,8,78
2020-05,2020,Mayo,E05020201,CARRERA DE ECONOMIA,Economía,Con Partner (AP),Presencial Regular,1,19,0,3,66,57,9,6,2,1,20,23,38,38,503,66,86,9,95
2020-06,2020,Junio,E05020201,CARRERA DE ECONOMIA,Economía,Con Partner (AP),Presencial Regular,1,20,0,4,70,63,7,9,2,1,30,13,40,42,508,70,94,9,103
2020-07,2020,Julio,E05020201,CARRERA DE ECONOMIA,Economía,Con Partner (AP),Presencial Regular,0,15,0,2,85,72,13,14,2,0,30,17,34,39,514,85,104,12,116
2020-08,2020,Agosto,E05020201,CARRERA DE ECONOMIA,Economía,Con Partner (AP),Presencial Regular,0,11,0,4,96,84,12,9,1,1,32,18,38,41,514,96,108,10,118
2020-09,2020,Setiembre,E05020201,CARRERA DE ECONOMIA,Economía,Con Partner (AP),Presencial Regular,0,14,0,2,89,83,6,13,2,1,35,26,35,40,520,89,104,15,119
2020-10,2020,Octubre,E05020201,CARRERA DE ECONOMIA,Economía,Con Partner (AP),Presencial Regular,0,11,0,2,119,96,23,10,4,1,23,12,43,39,524,119,132,13,145
2020-11,2020,Noviembre,E05020201,CARRERA DE ECONOMIA,Economía,Con Partner (AP),Presencial Regular,0,6,0,0,111,108,3,3,1,1,37,20,49,31,533,111,110,12,122
2020-12,2020,Diciembre,E05020201,CARRERA DE ECONOMIA,Economía,Con Partner (AP),Presencial Regular,0,11,0,1,105,91,14,10,0,1,31,23,49,31,542,105,119,9,128
2021-01,2021,Enero,E05020201,CARRERA DE ECONOMIA,Economía,Con Partner (AP),Presencial Regular,0,12,0,1,98,86,12,7,0,0,41,19,55,38,545,98,102,15,117
2021-02,2021,Febrero,E05020201,CARRERA DE ECONOMIA,Economía,Con Partner (AP),Presencial Regular,0,12,0,3,111,89,22,8,3,0,28,19,49,49,548,111,121,13,134
2021-03,2021,Marzo,E05020201,CARRERA DE ECONOMIA,Economía,Con Partner (AP),Presencial Regular,1,8,0,1,113,103,10,11,6,1,31,18,48,47,551,113,127,13,140
2021-04,2021,Abril,E05020201,CARRERA DE ECONOMIA,Economía,Con Partner (AP),Presencial Regular,0,14,0,1,121,107,14,6,1,1,32,17,53,47,556,121,127,16,143
2021-05,2021,Mayo,E05020201,CARRERA DE ECONOMIA,Economía,Con Partner (AP),Presencial Regular,0,19,0,3,116,106,10,9,0,1,37,22,50,56,557,116,131,14,145
2021-06,2021,Junio,E05020201,CARRERA DE ECONOMIA,Economía,Con Partner (AP),Presencial Regular,0,20,0,1,134,115,19,12,2,0,30,18,47,58,566,134,155,13,168
2021-07,2021,Julio,E05020201,CARRERA DE ECONOMIA,Economía,Con Partner (AP),Presencial Regular,1,16,0,0,116,110,6,11,4,1,57,24,47,53,573,116,124,25,149
2021-08,2021,Agosto,E05020201,CARRERA DE ECONOMIA,Economía,Con Partner (AP),Presencial Regular,0,14,0,3,150,119,31,17,1,0,29,26,42,51,586,150,167,15,182
2021-09,2021,Setiembre,E05020201,CARRERA DE ECONOMIA,Economía,Con Partner (AP),Presencial Regular,0,11,0,1,150,141,9,10,4,3,41,20,49,50,589,150,160,18,178
2021-10,2021,Octubre,E05020201,CARRERA DE ECONOMIA,Economía,Con Partner (AP),Presencial Regular,0,5,0,2,145,130,15,3,1,1,48,26,60,49,594,145,140,15,155
2021-11,2021,Noviembre,E05020201,CARRERA DE ECONOMIA,Economía,Con Partner (AP),Presencial Regular,0,4,0,0,150,129,21,10,4,0,26,27,69,43,603,150,146,22,168
2021-12,2021,Diciembre,E05020201,CARRERA DE ECONOMIA,Economía,Con Partner (AP),Presencial Regular,0,6,0,1,75,74,1,5,1,0,94,25,76,46,614,75,87,0,87
2022-01,2022,Enero,E05020201,CARRERA DE ECONOMIA,Economía,Con Partner (AP),Presencial Regular,2,7,0,2,126,68,58,19,4,3,19,36,62,55,616,126,146,15,161
2022-02,2022,Febrero,E05020201,CARRERA DE ECONOMIA,Economía,Con Partner (AP),Presencial Regular,1,7,0,2,109,107,2,13,0,2,52,17,72,58,623,109,110,22,132
2022-03,2022,Marzo,E05020201,CARRERA DE ECONOMIA,Economía,Con Partner (AP),Presencial Regular,0,11,0,5,132,104,28,13,3,1,27,24,64,61,628,132,143,17,160
2022-04,2022,Abril,E05020201,CARRERA DE ECONOMIA,Economía,Con Partner (AP),Presencial Regular,0,12,0,3,121,109,12,7,3,1,51,15,61,74,631,121,130,14,144
2022-05,2022,Mayo,E05020201,CARRERA DE ECONOMIA,Economía,Con Partner (AP),Presencial Regular,0,10,0,1,135,114,21,10,4,0,30,30,57,74,636,135,137,22,159
2022-06,2022,Junio,E05020201,CARRERA DE ECONOMIA,Economía,Con Partner (AP),Presencial Regular,0,8,0,1,134,121,13,10,1,0,38,17,61,77,648,134,130,23,153
2022-07,2022,Julio,E05020201,CARRERA DE ECONOMIA,Economía,Con Partner (AP),Presencial Regular,0,5,0,3,126,116,10,8,2,2,37,28,60,71,660,126,128,15,143
2022-08,2022,Agosto,E05020201,CARRERA DE ECONOMIA,Economía,Con Partner (AP),Presencial Regular,1,8,0,3,123,102,21,7,4,1,40,16,64,73,670,123,119,25,144
2022-09,2022,Setiembre,E05020201,CARRERA DE ECONOMIA,Economía,Con Partner (AP),Presencial Regular,0,17,0,4,131,112,19,14,1,0,31,21,57,72,679,131,140,23,163
2022-10,2022,Octubre,E05020201,CARRERA DE ECONOMIA,Economía,Con Partner (AP),Presencial Regular,0,8,0,4,119,108,11,4,1,1,55,20,62,66,695,119,108,25,133
2022-11,2022,Noviembre,E05020201,CARRERA DE ECONOMIA,Economía,Con Partner (AP),Presencial Regular,1,12,0,5,112,96,16,5,0,2,36,39,63,71,702,112,114,18,132
2022-12,2022,Diciembre,E05020201,CARRERA DE ECONOMIA,Economía,Con Partner (AP),Presencial Regular,1,5,0,2,51,42,9,5,0,1,88,27,80,75,714,51,56,7,63
2023-01,2023,Enero,E05020201,CARRERA DE ECONOMIA,Economía,Con Partner (AP),Presencial Regular,1,0,0,0,110,45,65,26,0,2,16,23,70,77,721,110,123,16,139
2023-02,2023,Febrero,E05020201,CARRERA DE ECONOMIA,Economía,Con Partner (AP),Presencial Regular,0,0,0,0,101,98,3,17,4,0,40,13,63,71,736,101,115,7,122
2023-03,2023,Marzo,E05020201,CARRERA DE ECONOMIA,Economía,Con Partner (AP),Presencial Regular,0,0,0,0,93,76,17,6,2,0,46,23,55,77,743,93,78,23,101
2023-04,2023,Abril,E05020201,CARRERA DE ECONOMIA,Economía,Con Partner (AP),Presencial Regular,1,0,0,0,91,73,18,18,1,0,28,28,40,85,753,91,89,22,111
2023-05,2023,Mayo,E05020201,CARRERA DE ECONOMIA,Economía,Con Partner (AP),Presencial Regular,0,0,0,0,82,73,9,8,1,0,37,19,53,77,767,82,83,8,91
2023-06,2023,Junio,E05020201,CARRERA DE ECONOMIA,Economía,Con Partner (AP),Presencial Regular,0,0,0,0,85,67,18,15,2,0,24,19,49,68,782,85,81,21,102
2023-07,2023,Julio,E05020201,CARRERA DE ECONOMIA,Economía,Con Partner (AP),Presencial Regular,1,0,0,0,77,69,8,8,1,0,32,16,53,64,792,77,68,19,87
2023-08,2023,Agosto,E05020201,CARRERA DE ECONOMIA,Economía,Con Partner (AP),Presencial Regular,0,0,0,0,90,72,18,12,0,0,14,14,46,64,803,90,85,17,102
2023-09,2023,Setiembre,E05020201,CARRERA DE ECONOMIA,Economía,Con Partner (AP),Presencial Regular,0,0,0,0,66,58,8,5,0,0,44,6,44,60,818,66,52,19,71
2023-10,2023,Octubre,E05020201,CARRERA DE ECONOMIA,Economía,Con Partner (AP),Presencial Regular,1,0,0,0,74,58,16,6,2,1,13,28,35,49,834,74,56,28,84
2023-11,2023,Noviembre,E05020201,CARRERA DE ECONOMIA,Economía,Con Partner (AP),Presencial Regular,0,0,0,0,63,59,4,6,2,0,24,9,46,52,840,63,44,27,71
2023-12,2023,Diciembre,E05020201,CARRERA DE ECONOMIA,Economía,Con Partner (AP),Presencial Regular,0,0,0,0,25,21,4,1,0,0,50,20,45,53,848,25,4,22,26
2024-01,2024,Enero,E05020201,CARRERA DE ECONOMIA,Economía,Con Partner (AP),Presencial Regular,0,0,0,0,51,21,30,9,0,0,5,20,47,57,853,51,35,25,60
2024-02,2024,Febrero,E05020201,CARRERA DE ECONOMIA,Economía,Con Partner (AP),Presencial Regular,2,0,0,0,45,42,3,6,0,0,17,1,58,49,864,45,31,22,53
2024-03,2024,Marzo,E05020201,CARRERA DE ECONOMIA,Economía,Con Partner (AP),Presencial Regular,0,0,0,0,41,35,6,3,1,0,16,11,36,58,874,41,29,16,45
2024-04,2024,Abril,E05020201,CARRERA DE ECONOMIA,Economía,Con Partner (AP),Presencial Regular,1,0,0,0,40,31,9,6,1,0,13,7,35,56,881,40,10,38,48
2024-05,2024,Mayo,E05020201,CARRERA DE ECONOMIA,Economía,Con Partner (AP),Presencial Regular,0,0,0,0,49,42,7,4,1,0,5,6,23,59,892,49,23,31,54
2024-06,2024,Junio,E05020201,CARRERA DE ECONOMIA,Economía,Con Partner (AP),Presencial Regular,2,0,0,0,37,35,2,2,0,1,18,2,14,63,900,37,13,29,42
2024-07,2024,Julio,E05020201,CARRERA DE ECONOMIA,Economía,Con Partner (AP),Presencial Regular,0,0,0,0,41,29,12,2,1,0,11,6,14,53,909,41,19,25,44
2024-08,2024,Agosto,E05020201,CARRERA DE ECONOMIA,Economía,Con Partner (AP),Presencial Regular,1,0,0,0,49,39,10,8,0,0,4,1,11,52,911,49,25,33,58
2024-09,2024,Setiembre,E05020201,CARRERA DE ECONOMIA,Economía,Con Partner (AP),Presencial Regular,0,0,0,0,45,44,1,1,0,0,13,3,8,36,930,45,21,25,46
2024-10,2024,Octubre,E05020201,CARRERA DE ECONOMIA,Economía,Con Partner (AP),Presencial Regular,1,0,0,0,36,30,6,0,0,2,15,7,7,34,934,36,5,34,39
2024-11,2024,Noviembre,E05020201,CARRERA DE ECONOMIA,Economía,Con Partner (AP),Presencial Regular,0,0,0,0,43,34,9,8,0,0,4,6,6,20,948,43,16,35,51
2024-12,2024,Diciembre,E05020201,CARRERA DE ECONOMIA,Economía,Con Partner (AP),Presencial Regular,0,0,0,0,38,37,1,1,0,0,14,3,8,11,960,38,11,28,39
2025-01,2025,Enero,E05020201,CARRERA DE ECONOMIA,Economía,Con Partner (AP),Presencial Regular,0,0,0,0,37,28,9,0,0,0,11,5,11,11,960,37,7,30,37
2025-02,2025,Febrero,E05020201,CARRERA DE ECONOMIA,Economía,Con Partner (AP),Presencial Regular,1,0,0,0,38,30,8,3,0,0,7,2,11,12,961,38,10,32,42
2025-03,2025,Marzo,E05020201,CARRERA DE ECONOMIA,Economía,Con Partner (AP),Presencial Regular,1,0,0,0,37,33,4,0,0,1,8,3,11,10,963,37,3,36,39
2025-04,2025,Abril,E05020201,CARRERA DE ECONOMIA,Economía,Con Partner (AP),Presencial Regular,1,0,0,0,25,22,3,1,1,0,15,5,8,10,967,25,0,28,28
2025-05,2025,Mayo,E05020201,CARRERA DE ECONOMIA,Economía,Con Partner (AP),Presencial Regular,4,0,0,0,30,19,11,4,0,0,6,2,8,11,967,30,9,29,38
2025-06,2025,Junio,E05020201,CARRERA DE ECONOMIA,Economía,Con Partner (AP),Presencial Regular,1,0,0,0,23,21,2,1,0,0,12,4,5,12,970,23,1,24,25
2025-07,2025,Julio,E05020201,CARRERA DE ECONOMIA,Economía,Con Partner (AP),Presencial Regular,0,0,0,0,25,21,4,3,0,0,3,8,6,12,970,25,3,25,28
2025-08,2025,Agosto,E05020201,CARRERA DE ECONOMIA,Economía,Con Partner (AP),Presencial Regular,0,0,0,0,26,24,2,0,0,0,4,1,13,11,972,26,0,26,26
2025-09,2025,Setiembre,E05020201,CARRERA DE ECONOMIA,Economía,Con Partner (AP),Presencial Regular,0,0,0,0,28,25,3,0,0,0,1,1,12,12,973,28,0,28,28
2025-10,2025,Octubre,E05020201,CARRERA DE ECONOMIA,Economía,Con Partner (AP),Presencial Regular,0,0,0,0,25,25,0,0,0,0,3,1,12,9,977,25,0,25,25
2025-11,2025,Noviembre,E05020201,CARRERA DE ECONOMIA,Economía,Con Partner (AP),Presencial Regular,5,0,0,0,21,21,0,1,0,0,1,1,10,10,978,21,0,27,27
2025-12,2025,Diciembre,E05020201,CARRERA DE ECONOMIA,Economía,Con Partner (AP),Presencial Regular,0,0,0,0,1,1,0,0,0,0,21,1,3,14,982,1,1,0,1
2026-01,2026,Enero,E05020201,CARRERA DE ECONOMIA,Economía,Con Partner (AP),Presencial Regular,1,0,0,0,18,1,17,0,0,0,0,3,4,14,982,18,0,19,19
2026-02,2026,Febrero,E05020201,CARRERA DE ECONOMIA,Economía,Con Partner (AP),Presencial Regular,4,0,0,0,14,14,0,1,0,0,1,0,4,14,983,14,0,19,19
2026-03,2026,Marzo,E05020201,CARRERA DE ECONOMIA,Economía,Con Partner (AP),Presencial Regular,0,0,0,0,14,13,1,0,0,0,2,0,3,13,985,14,0,14,14
2026-04,2026,Abril,E05020201,CARRERA DE ECONOMIA,Economía,Con Partner (AP),Presencial Regular,1,0,0,0,11,9,2,0,0,0,4,0,3,12,986,11,0,12,12
2026-05,2026,Mayo,E05020201,CARRERA DE ECONOMIA,Economía,Con Partner (AP),Presencial Regular,6,0,0,0,9,7,2,0,0,0,0,0,3,10,988,9,0,15,15
2026-06,2026,Junio,E05020201,CARRERA DE ECONOMIA,Economía,Con Partner (AP),Presencial Regular,0,0,0,0,9,9,0,0,0,0,0,0,0,5,996,9,0,9,9
2014-03,2014,Marzo,E07010104,CARRERA PROFESIONAL DE EDUCACION CON MENCION EN MATEMÁTICA E INFORMÁTICA,Educación,Con Partner (AP),Presencial Regular,0,2,0,0,0,0,0,0,0,0,0,0,0,0,0,0,2,0,2
2014-04,2014,Abril,E07010104,CARRERA PROFESIONAL DE EDUCACION CON MENCION EN MATEMÁTICA E INFORMÁTICA,Educación,Con Partner (AP),Presencial Regular,0,3,0,0,2,2,0,0,0,0,0,0,0,0,0,2,5,0,5
2014-05,2014,Mayo,E07010104,CARRERA PROFESIONAL DE EDUCACION CON MENCION EN MATEMÁTICA E INFORMÁTICA,Educación,Con Partner (AP),Presencial Regular,0,1,0,0,4,4,0,0,0,0,1,0,0,0,0,4,5,0,5
2014-06,2014,Junio,E07010104,CARRERA PROFESIONAL DE EDUCACION CON MENCION EN MATEMÁTICA E INFORMÁTICA,Educación,Con Partner (AP),Presencial Regular,0,1,0,0,2,2,0,0,0,0,3,1,0,0,0,2,3,0,3
2014-07,2014,Julio,E07010104,CARRERA PROFESIONAL DE EDUCACION CON MENCION EN MATEMÁTICA E INFORMÁTICA,Educación,Con Partner (AP),Presencial Regular,0,0,0,0,3,3,0,0,0,0,0,3,1,0,0,3,3,0,3
2014-08,2014,Agosto,E07010104,CARRERA PROFESIONAL DE EDUCACION CON MENCION EN MATEMÁTICA E INFORMÁTICA,Educación,Con Partner (AP),Presencial Regular,0,2,0,0,2,2,0,0,0,0,1,0,4,0,0,2,4,0,4
2014-09,2014,Setiembre,E07010104,CARRERA PROFESIONAL DE EDUCACION CON MENCION EN MATEMÁTICA E INFORMÁTICA,Educación,Con Partner (AP),Presencial Regular,0,1,0,0,2,2,0,0,0,0,2,1,4,0,0,2,3,0,3
2014-10,2014,Octubre,E07010104,CARRERA PROFESIONAL DE EDUCACION CON MENCION EN MATEMÁTICA E INFORMÁTICA,Educación,Con Partner (AP),Presencial Regular,0,0,0,0,3,3,0,0,0,0,0,2,5,0,0,3,3,0,3
2014-11,2014,Noviembre,E07010104,CARRERA PROFESIONAL DE EDUCACION CON MENCION EN MATEMÁTICA E INFORMÁTICA,Educación,Con Partner (AP),Presencial Regular,0,1,0,0,3,3,0,1,0,0,0,0,5,1,0,3,5,0,5
2014-12,2014,Diciembre,E07010104,CARRERA PROFESIONAL DE EDUCACION CON MENCION EN MATEMÁTICA E INFORMÁTICA,Educación,Con Partner (AP),Presencial Regular,0,0,0,0,4,4,0,0,0,0,1,0,2,4,0,4,4,0,4
2015-01,2015,Enero,E07010104,CARRERA PROFESIONAL DE EDUCACION CON MENCION EN MATEMÁTICA E INFORMÁTICA,Educación,Con Partner (AP),Presencial Regular,0,2,0,0,3,3,0,0,1,0,1,1,2,3,0,3,6,0,6
2015-02,2015,Febrero,E07010104,CARRERA PROFESIONAL DE EDUCACION CON MENCION EN MATEMÁTICA E INFORMÁTICA,Educación,Con Partner (AP),Presencial Regular,0,3,0,0,5,5,0,1,0,0,1,1,1,4,0,5,9,0,9
2015-03,2015,Marzo,E07010104,CARRERA PROFESIONAL DE EDUCACION CON MENCION EN MATEMÁTICA E INFORMÁTICA,Educación,Con Partner (AP),Presencial Regular,0,4,0,0,6,6,0,1,0,0,3,1,0,5,0,6,11,0,11
2015-04,2015,Abril,E07010104,CARRERA PROFESIONAL DE EDUCACION CON MENCION EN MATEMÁTICA E INFORMÁTICA,Educación,Con Partner (AP),Presencial Regular,0,10,0,0,11,10,1,0,0,0,1,2,1,5,0,11,21,0,21
2015-05,2015,Mayo,E07010104,CARRERA PROFESIONAL DE EDUCACION CON MENCION EN MATEMÁTICA E INFORMÁTICA,Educación,Con Partner (AP),Presencial Regular,0,1,0,0,12,12,0,0,0,0,9,1,3,4,1,12,13,0,13
2015-06,2015,Junio,E07010104,CARRERA PROFESIONAL DE EDUCACION CON MENCION EN MATEMÁTICA E INFORMÁTICA,Educación,Con Partner (AP),Presencial Regular,0,4,0,0,9,9,0,0,0,0,4,9,4,2,3,9,13,0,13
2015-07,2015,Julio,E07010104,CARRERA PROFESIONAL DE EDUCACION CON MENCION EN MATEMÁTICA E INFORMÁTICA,Educación,Con Partner (AP),Presencial Regular,0,4,0,0,8,8,0,0,0,0,5,4,13,2,3,8,12,0,12
2015-08,2015,Agosto,E07010104,CARRERA PROFESIONAL DE EDUCACION CON MENCION EN MATEMÁTICA E INFORMÁTICA,Educación,Con Partner (AP),Presencial Regular,0,1,0,0,10,8,2,1,0,0,4,3,15,2,4,10,12,0,12
2015-09,2015,Setiembre,E07010104,CARRERA PROFESIONAL DE EDUCACION CON MENCION EN MATEMÁTICA E INFORMÁTICA,Educación,Con Partner (AP),Presencial Regular,0,3,0,0,12,10,2,0,0,0,2,2,16,3,5,12,15,0,15
2015-10,2015,Octubre,E07010104,CARRERA PROFESIONAL DE EDUCACION CON MENCION EN MATEMÁTICA E INFORMÁTICA,Educación,Con Partner (AP),Presencial Regular,0,0,0,0,12,12,0,0,0,0,3,2,17,4,5,12,12,0,12
2015-11,2015,Noviembre,E07010104,CARRERA PROFESIONAL DE EDUCACION CON MENCION EN MATEMÁTICA E INFORMÁTICA,Educación,Con Partner (AP),Presencial Regular,0,0,0,0,11,11,0,1,0,0,1,3,10,12,5,11,12,0,12
2015-12,2015,Diciembre,E07010104,CARRERA PROFESIONAL DE EDUCACION CON MENCION EN MATEMÁTICA E INFORMÁTICA,Educación,Con Partner (AP),Presencial Regular,0,3,0,1,11,10,1,1,0,0,2,0,8,16,5,11,15,0,15
2016-01,2016,Enero,E07010104,CARRERA PROFESIONAL DE EDUCACION CON MENCION EN MATEMÁTICA E INFORMÁTICA,Educación,Con Partner (AP),Presencial Regular,0,5,0,0,12,11,1,0,0,0,4,1,5,19,5,12,17,0,17
2016-02,2016,Febrero,E07010104,CARRERA PROFESIONAL DE EDUCACION CON MENCION EN MATEMÁTICA E INFORMÁTICA,Educación,Con Partner (AP),Presencial Regular,0,3,0,0,12,12,0,0,1,0,5,4,4,19,6,12,16,0,16
2016-03,2016,Marzo,E07010104,CARRERA PROFESIONAL DE EDUCACION CON MENCION EN MATEMÁTICA E INFORMÁTICA,Educación,Con Partner (AP),Presencial Regular,0,4,0,0,14,11,3,1,0,0,5,2,6,18,8,14,19,0,19
2016-04,2016,Abril,E07010104,CARRERA PROFESIONAL DE EDUCACION CON MENCION EN MATEMÁTICA E INFORMÁTICA,Educación,Con Partner (AP),Presencial Regular,0,0,0,0,18,17,1,0,0,0,2,4,6,19,9,18,18,0,18
2016-05,2016,Mayo,E07010104,CARRERA PROFESIONAL DE EDUCACION CON MENCION EN MATEMÁTICA E INFORMÁTICA,Educación,Con Partner (AP),Presencial Regular,0,5,0,0,15,14,1,2,0,0,4,1,8,12,16,15,22,0,22
2016-06,2016,Junio,E07010104,CARRERA PROFESIONAL DE EDUCACION CON MENCION EN MATEMÁTICA E INFORMÁTICA,Educación,Con Partner (AP),Presencial Regular,0,3,0,0,9,8,1,0,0,0,14,3,9,8,20,9,12,0,12
2016-07,2016,Julio,E07010104,CARRERA PROFESIONAL DE EDUCACION CON MENCION EN MATEMÁTICA E INFORMÁTICA,Educación,Con Partner (AP),Presencial Regular,0,2,0,1,17,8,9,0,0,1,4,5,8,9,22,17,20,0,20
2016-08,2016,Agosto,E07010104,CARRERA PROFESIONAL DE EDUCACION CON MENCION EN MATEMÁTICA E INFORMÁTICA,Educación,Con Partner (AP),Presencial Regular,0,1,0,0,19,17,2,5,0,0,3,2,6,9,24,19,25,0,25
2016-09,2016,Setiembre,E07010104,CARRERA PROFESIONAL DE EDUCACION CON MENCION EN MATEMÁTICA E INFORMÁTICA,Educación,Con Partner (AP),Presencial Regular,0,4,0,0,20,19,1,1,0,0,6,2,5,10,25,20,25,0,25
2016-10,2016,Octubre,E07010104,CARRERA PROFESIONAL DE EDUCACION CON MENCION EN MATEMÁTICA E INFORMÁTICA,Educación,Con Partner (AP),Presencial Regular,0,2,0,0,19,16,3,0,0,0,9,3,7,8,27,19,20,1,21
2016-11,2016,Noviembre,E07010104,CARRERA PROFESIONAL DE EDUCACION CON MENCION EN MATEMÁTICA E INFORMÁTICA,Educación,Con Partner (AP),Presencial Regular,0,0,0,0,17,17,0,0,1,0,4,9,10,7,27,17,17,1,18
2016-12,2016,Diciembre,E07010104,CARRERA PROFESIONAL DE EDUCACION CON MENCION EN MATEMÁTICA E INFORMÁTICA,Educación,Con Partner (AP),Presencial Regular,0,2,0,0,17,15,2,1,0,0,3,2,15,10,27,17,20,0,20
2017-01,2017,Enero,E07010104,CARRERA PROFESIONAL DE EDUCACION CON MENCION EN MATEMÁTICA E INFORMÁTICA,Educación,Con Partner (AP),Presencial Regular,0,2,0,0,18,17,1,1,0,0,3,2,15,8,30,18,21,0,21
2017-02,2017,Febrero,E07010104,CARRERA PROFESIONAL DE EDUCACION CON MENCION EN MATEMÁTICA E INFORMÁTICA,Educación,Con Partner (AP),Presencial Regular,0,4,0,0,15,15,0,4,0,0,6,3,11,8,32,15,23,0,23
2017-03,2017,Marzo,E07010104,CARRERA PROFESIONAL DE EDUCACION CON MENCION EN MATEMÁTICA E INFORMÁTICA,Educación,Con Partner (AP),Presencial Regular,0,5,0,0,19,18,1,3,0,0,5,5,8,9,34,19,25,2,27
2017-04,2017,Abril,E07010104,CARRERA PROFESIONAL DE EDUCACION CON MENCION EN MATEMÁTICA E INFORMÁTICA,Educación,Con Partner (AP),Presencial Regular,0,0,0,0,23,22,1,2,0,0,5,4,7,13,34,23,25,0,25
2017-05,2017,Mayo,E07010104,CARRERA PROFESIONAL DE EDUCACION CON MENCION EN MATEMÁTICA E INFORMÁTICA,Educación,Con Partner (AP),Presencial Regular,0,2,0,0,18,18,0,1,0,0,7,5,8,15,34,18,19,2,21
2017-06,2017,Junio,E07010104,CARRERA PROFESIONAL DE EDUCACION CON MENCION EN MATEMÁTICA E INFORMÁTICA,Educación,Con Partner (AP),Presencial Regular,0,0,0,0,15,10,5,2,0,0,11,2,11,12,37,15,17,0,17
2017-07,2017,Julio,E07010104,CARRERA PROFESIONAL DE EDUCACION CON MENCION EN MATEMÁTICA E INFORMÁTICA,Educación,Con Partner (AP),Presencial Regular,0,1,0,0,16,12,4,1,0,0,5,7,11,12,38,16,16,2,18
2017-08,2017,Agosto,E07010104,CARRERA PROFESIONAL DE EDUCACION CON MENCION EN MATEMÁTICA E INFORMÁTICA,Educación,Con Partner (AP),Presencial Regular,0,3,0,1,14,11,3,5,0,0,7,2,10,13,40,14,21,1,22
2017-09,2017,Setiembre,E07010104,CARRERA PROFESIONAL DE EDUCACION CON MENCION EN MATEMÁTICA E INFORMÁTICA,Educación,Con Partner (AP),Presencial Regular,0,2,0,0,23,19,4,2,1,0,3,3,8,11,43,23,27,1,28
2017-10,2017,Octubre,E07010104,CARRERA PROFESIONAL DE EDUCACION CON MENCION EN MATEMÁTICA E INFORMÁTICA,Educación,Con Partner (AP),Presencial Regular,0,1,0,0,19,19,0,0,0,0,9,3,8,10,47,19,19,1,20
2017-11,2017,Noviembre,E07010104,CARRERA PROFESIONAL DE EDUCACION CON MENCION EN MATEMÁTICA E INFORMÁTICA,Educación,Con Partner (AP),Presencial Regular,0,1,0,0,18,15,3,0,0,0,5,6,10,9,49,18,18,1,19
2017-12,2017,Diciembre,E07010104,CARRERA PROFESIONAL DE EDUCACION CON MENCION EN MATEMÁTICA E INFORMÁTICA,Educación,Con Partner (AP),Presencial Regular,0,1,0,0,14,13,1,4,0,0,6,4,9,12,49,14,17,2,19
2018-01,2018,Enero,E07010104,CARRERA PROFESIONAL DE EDUCACION CON MENCION EN MATEMÁTICA E INFORMÁTICA,Educación,Con Partner (AP),Presencial Regular,1,0,0,0,17,15,2,2,1,0,4,3,10,11,50,17,21,0,21
2018-02,2018,Febrero,E07010104,CARRERA PROFESIONAL DE EDUCACION CON MENCION EN MATEMÁTICA E INFORMÁTICA,Educación,Con Partner (AP),Presencial Regular,0,1,0,1,16,12,4,2,0,0,8,0,9,10,53,16,18,1,19
2018-03,2018,Marzo,E07010104,CARRERA PROFESIONAL DE EDUCACION CON MENCION EN MATEMÁTICA E INFORMÁTICA,Educación,Con Partner (AP),Presencial Regular,0,1,0,1,14,13,1,0,0,0,6,7,6,12,54,14,14,1,15
2018-04,2018,Abril,E07010104,CARRERA PROFESIONAL DE EDUCACION CON MENCION EN MATEMÁTICA E INFORMÁTICA,Educación,Con Partner (AP),Presencial Regular,0,2,0,0,18,14,4,4,0,0,1,2,7,11,57,18,22,2,24
2018-05,2018,Mayo,E07010104,CARRERA PROFESIONAL DE EDUCACION CON MENCION EN MATEMÁTICA E INFORMÁTICA,Educación,Con Partner (AP),Presencial Regular,0,2,0,0,16,15,1,1,0,0,9,0,6,12,58,16,19,0,19
2018-06,2018,Junio,E07010104,CARRERA PROFESIONAL DE EDUCACION CON MENCION EN MATEMÁTICA E INFORMÁTICA,Educación,Con Partner (AP),Presencial Regular,0,4,0,1,21,15,6,0,1,0,4,3,5,9,61,21,22,5,27
2018-07,2018,Julio,E07010104,CARRERA PROFESIONAL DE EDUCACION CON MENCION EN MATEMÁTICA E INFORMÁTICA,Educación,Con Partner (AP),Presencial Regular,0,2,0,0,21,19,2,0,1,0,7,2,8,8,61,21,20,5,25
2018-08,2018,Agosto,E07010104,CARRERA PROFESIONAL DE EDUCACION CON MENCION EN MATEMÁTICA E INFORMÁTICA,Educación,Con Partner (AP),Presencial Regular,3,6,0,1,22,18,4,3,0,0,3,3,4,9,63,22,32,3,35
2018-09,2018,Setiembre,E07010104,CARRERA PROFESIONAL DE EDUCACION CON MENCION EN MATEMÁTICA E INFORMÁTICA,Educación,Con Partner (AP),Presencial Regular,0,2,0,0,27,25,2,0,2,0,6,1,6,6,65,27,26,9,35
2018-10,2018,Octubre,E07010104,CARRERA PROFESIONAL DE EDUCACION CON MENCION EN MATEMÁTICA E INFORMÁTICA,Educación,Con Partner (AP),Presencial Regular,0,1,0,0,21,18,3,1,0,0,13,3,6,4,67,21,19,8,27
2018-11,2018,Noviembre,E07010104,CARRERA PROFESIONAL DE EDUCACION CON MENCION EN MATEMÁTICA E INFORMÁTICA,Educación,Con Partner (AP),Presencial Regular,0,2,0,0,27,22,5,0,0,0,1,8,7,5,68,27,22,11,33
2018-12,2018,Diciembre,E07010104,CARRERA PROFESIONAL DE EDUCACION CON MENCION EN MATEMÁTICA E INFORMÁTICA,Educación,Con Partner (AP),Presencial Regular,0,1,0,0,17,16,1,4,1,0,13,0,10,5,68,17,20,7,27
2019-01,2019,Enero,E07010104,CARRERA PROFESIONAL DE EDUCACION CON MENCION EN MATEMÁTICA E INFORMÁTICA,Educación,Con Partner (AP),Presencial Regular,0,7,0,2,25,16,9,1,0,1,7,4,7,7,67,25,31,7,38
2019-02,2019,Febrero,E07010104,CARRERA PROFESIONAL DE EDUCACION CON MENCION EN MATEMÁTICA E INFORMÁTICA,Educación,Con Partner (AP),Presencial Regular,0,7,0,4,26,22,4,0,1,0,12,3,10,4,70,26,28,10,38
2019-03,2019,Marzo,E07010104,CARRERA PROFESIONAL DE EDUCACION CON MENCION EN MATEMÁTICA E INFORMÁTICA,Educación,Con Partner (AP),Presencial Regular,0,8,0,0,31,26,5,2,0,0,8,7,9,6,70,31,33,12,45
2019-04,2019,Abril,E07010104,CARRERA PROFESIONAL DE EDUCACION CON MENCION EN MATEMÁTICA E INFORMÁTICA,Educación,Con Partner (AP),Presencial Regular,0,3,0,1,32,30,2,2,0,0,11,6,11,9,70,32,31,10,41
2019-05,2019,Mayo,E07010104,CARRERA PROFESIONAL DE EDUCACION CON MENCION EN MATEMÁTICA E INFORMÁTICA,Educación,Con Partner (AP),Presencial Regular,0,3,0,0,31,29,2,5,0,0,8,9,12,9,70,31,32,11,43
2019-06,2019,Junio,E07010104,CARRERA PROFESIONAL DE EDUCACION CON MENCION EN MATEMÁTICA E INFORMÁTICA,Educación,Con Partner (AP),Presencial Regular,0,2,0,0,30,26,4,3,0,0,13,4,16,10,71,30,29,10,39
2019-07,2019,Julio,E07010104,CARRERA PROFESIONAL DE EDUCACION CON MENCION EN MATEMÁTICA E INFORMÁTICA,Educación,Con Partner (AP),Presencial Regular,0,2,0,1,32,28,4,2,0,0,7,9,16,10,73,32,29,11,40
2019-08,2019,Agosto,E07010104,CARRERA PROFESIONAL DE EDUCACION CON MENCION EN MATEMÁTICA E INFORMÁTICA,Educación,Con Partner (AP),Presencial Regular,0,0,0,0,30,26,4,4,0,1,10,3,17,13,73,30,28,11,39
2019-09,2019,Setiembre,E07010104,CARRERA PROFESIONAL DE EDUCACION CON MENCION EN MATEMÁTICA E INFORMÁTICA,Educación,Con Partner (AP),Presencial Regular,0,1,0,0,27,24,3,0,0,0,11,7,18,13,75,27,21,11,32
2019-10,2019,Octubre,E07010104,CARRERA PROFESIONAL DE EDUCACION CON MENCION EN MATEMÁTICA E INFORMÁTICA,Educación,Con Partner (AP),Presencial Regular,0,2,0,1,26,23,3,4,0,0,5,8,14,17,78,26,24,12,36
2019-11,2019,Noviembre,E07010104,CARRERA PROFESIONAL DE EDUCACION CON MENCION EN MATEMÁTICA E INFORMÁTICA,Educación,Con Partner (AP),Presencial Regular,0,4,0,1,23,23,0,3,0,0,9,5,18,18,78,23,25,9,34
2019-12,2019,Diciembre,E07010104,CARRERA PROFESIONAL DE EDUCACION CON MENCION EN MATEMÁTICA E INFORMÁTICA,Educación,Con Partner (AP),Presencial Regular,0,0,0,0,27,22,5,1,0,0,8,4,18,20,80,27,24,8,32
2020-01,2020,Enero,E07010104,CARRERA PROFESIONAL DE EDUCACION CON MENCION EN MATEMÁTICA E INFORMÁTICA,Educación,Con Partner (AP),Presencial Regular,0,1,0,0,27,23,4,6,0,0,5,4,14,20,82,27,28,9,37
2020-02,2020,Febrero,E07010104,CARRERA PROFESIONAL DE EDUCACION CON MENCION EN MATEMÁTICA E INFORMÁTICA,Educación,Con Partner (AP),Presencial Regular,0,15,0,2,27,27,0,2,0,1,7,5,13,19,85,27,38,11,49
2020-03,2020,Marzo,E07010104,CARRERA PROFESIONAL DE EDUCACION CON MENCION EN MATEMÁTICA E INFORMÁTICA,Educación,Con Partner (AP),Presencial Regular,0,20,0,3,34,30,4,2,1,1,15,3,11,21,86,34,48,14,62
2020-04,2020,Abril,E07010104,CARRERA PROFESIONAL DE EDUCACION CON MENCION EN MATEMÁTICA E INFORMÁTICA,Educación,Con Partner (AP),Presencial Regular,0,18,0,3,43,40,3,2,0,0,18,12,11,15,93,43,56,11,67
2020-05,2020,Mayo,E07010104,CARRERA PROFESIONAL DE EDUCACION CON MENCION EN MATEMÁTICA E INFORMÁTICA,Educación,Con Partner (AP),Presencial Regular,0,4,0,1,48,44,4,5,0,0,19,14,16,16,94,48,52,6,58
2020-06,2020,Junio,E07010104,CARRERA PROFESIONAL DE EDUCACION CON MENCION EN MATEMÁTICA E INFORMÁTICA,Educación,Con Partner (AP),Presencial Regular,0,11,0,3,46,44,2,7,1,1,13,17,22,13,96,46,64,2,66
2020-07,2020,Julio,E07010104,CARRERA PROFESIONAL DE EDUCACION CON MENCION EN MATEMÁTICA E INFORMÁTICA,Educación,Con Partner (AP),Presencial Regular,0,9,0,1,59,53,6,6,1,0,13,7,31,12,98,59,73,2,75
2020-08,2020,Agosto,E07010104,CARRERA PROFESIONAL DE EDUCACION CON MENCION EN MATEMÁTICA E INFORMÁTICA,Educación,Con Partner (AP),Presencial Regular,0,9,0,2,54,50,4,10,1,0,25,9,26,10,101,54,67,10,77
2020-09,2020,Setiembre,E07010104,CARRERA PROFESIONAL DE EDUCACION CON MENCION EN MATEMÁTICA E INFORMÁTICA,Educación,Con Partner (AP),Presencial Regular,0,11,0,2,61,57,4,4,0,0,17,21,26,12,104,61,75,1,76
2020-10,2020,Octubre,E07010104,CARRERA PROFESIONAL DE EDUCACION CON MENCION EN MATEMÁTICA E INFORMÁTICA,Educación,Con Partner (AP),Presencial Regular,0,7,0,1,72,63,9,4,0,2,13,8,37,17,103,72,82,3,85
2020-11,2020,Noviembre,E07010104,CARRERA PROFESIONAL DE EDUCACION CON MENCION EN MATEMÁTICA E INFORMÁTICA,Educación,Con Partner (AP),Presencial Regular,0,3,0,2,74,68,6,2,1,0,17,7,36,21,105,74,76,4,80
2020-12,2020,Diciembre,E07010104,CARRERA PROFESIONAL DE EDUCACION CON MENCION EN MATEMÁTICA E INFORMÁTICA,Educación,Con Partner (AP),Presencial Regular,0,5,0,2,73,67,6,6,0,0,13,11,31,26,106,73,77,7,84
2021-01,2021,Enero,E07010104,CARRERA PROFESIONAL DE EDUCACION CON MENCION EN MATEMÁTICA E INFORMÁTICA,Educación,Con Partner (AP),Presencial Regular,1,6,0,0,75,68,7,5,1,0,16,6,30,30,107,75,81,8,89
2021-02,2021,Febrero,E07010104,CARRERA PROFESIONAL DE EDUCACION CON MENCION EN MATEMÁTICA E INFORMÁTICA,Educación,Con Partner (AP),Presencial Regular,1,12,0,3,64,60,4,1,1,0,27,12,21,40,109,64,71,8,79
2021-03,2021,Marzo,E07010104,CARRERA PROFESIONAL DE EDUCACION CON MENCION EN MATEMÁTICA E INFORMÁTICA,Educación,Con Partner (AP),Presencial Regular,0,12,0,5,80,66,14,12,0,0,12,13,18,38,114,80,93,11,104
2021-04,2021,Abril,E07010104,CARRERA PROFESIONAL DE EDUCACION CON MENCION EN MATEMÁTICA E INFORMÁTICA,Educación,Con Partner (AP),Presencial Regular,0,6,0,0,72,70,2,3,0,0,34,10,27,34,119,72,75,6,81
2021-05,2021,Mayo,E07010104,CARRERA PROFESIONAL DE EDUCACION CON MENCION EN MATEMÁTICA E INFORMÁTICA,Educación,Con Partner (AP),Presencial Regular,0,5,0,0,82,69,13,7,0,0,12,21,24,33,126,82,85,10,95
2021-06,2021,Junio,E07010104,CARRERA PROFESIONAL DE EDUCACION CON MENCION EN MATEMÁTICA E INFORMÁTICA,Educación,Con Partner (AP),Presencial Regular,0,4,0,1,66,61,5,14,3,0,33,7,28,28,131,66,87,0,87
2021-07,2021,Julio,E07010104,CARRERA PROFESIONAL DE EDUCACION CON MENCION EN MATEMÁTICA E INFORMÁTICA,Educación,Con Partner (AP),Presencial Regular,0,7,0,2,88,65,23,9,0,0,22,10,23,26,136,88,96,8,104
2021-08,2021,Agosto,E07010104,CARRERA PROFESIONAL DE EDUCACION CON MENCION EN MATEMÁTICA E INFORMÁTICA,Educación,Con Partner (AP),Presencial Regular,2,5,0,2,89,83,6,8,1,0,21,16,18,19,147,89,93,12,105
2021-09,2021,Setiembre,E07010104,CARRERA PROFESIONAL DE EDUCACION CON MENCION EN MATEMÁTICA E INFORMÁTICA,Educación,Con Partner (AP),Presencial Regular,0,1,0,1,96,86,10,9,2,0,17,11,22,17,150,96,103,5,108
2021-10,2021,Octubre,E07010104,CARRERA PROFESIONAL DE EDUCACION CON MENCION EN MATEMÁTICA E INFORMÁTICA,Educación,Con Partner (AP),Presencial Regular,0,8,0,1,79,72,7,5,0,0,36,10,22,22,151,79,79,13,92
2021-11,2021,Noviembre,E07010104,CARRERA PROFESIONAL DE EDUCACION CON MENCION EN MATEMÁTICA E INFORMÁTICA,Educación,Con Partner (AP),Presencial Regular,0,4,0,0,88,68,20,6,1,0,24,16,25,17,156,88,90,9,99
2021-12,2021,Diciembre,E07010104,CARRERA PROFESIONAL DE EDUCACION CON MENCION EN MATEMÁTICA E INFORMÁTICA,Educación,Con Partner (AP),Presencial Regular,2,2,0,1,54,45,9,1,0,0,53,14,38,18,157,54,52,7,59
2022-01,2022,Enero,E07010104,CARRERA PROFESIONAL DE EDUCACION CON MENCION EN MATEMÁTICA E INFORMÁTICA,Educación,Con Partner (AP),Presencial Regular,0,7,0,1,81,40,41,16,3,0,17,12,26,22,160,81,100,7,107
2022-02,2022,Febrero,E07010104,CARRERA PROFESIONAL DE EDUCACION CON MENCION EN MATEMÁTICA E INFORMÁTICA,Educación,Con Partner (AP),Presencial Regular,0,6,0,1,68,60,8,6,2,0,47,9,26,22,164,68,68,14,82
2022-03,2022,Marzo,E07010104,CARRERA PROFESIONAL DE EDUCACION CON MENCION EN MATEMÁTICA E INFORMÁTICA,Educación,Con Partner (AP),Presencial Regular,0,6,0,4,87,63,24,4,2,0,19,23,27,22,166,87,90,9,99
2022-04,2022,Abril,E07010104,CARRERA PROFESIONAL DE EDUCACION CON MENCION EN MATEMÁTICA E INFORMÁTICA,Educación,Con Partner (AP),Presencial Regular,0,2,0,2,74,69,5,6,0,1,30,14,34,27,170,74,58,25,83
2022-05,2022,Mayo,E07010104,CARRERA PROFESIONAL DE EDUCACION CON MENCION EN MATEMÁTICA E INFORMÁTICA,Educación,Con Partner (AP),Presencial Regular,0,6,0,1,82,63,19,10,0,0,20,11,36,28,171,82,91,7,98
2022-06,2022,Junio,E07010104,CARRERA PROFESIONAL DE EDUCACION CON MENCION EN MATEMÁTICA E INFORMÁTICA,Educación,Con Partner (AP),Presencial Regular,0,6,0,2,35,33,2,6,2,0,65,18,36,29,173,35,41,8,49
2022-07,2022,Julio,E07010104,CARRERA PROFESIONAL DE EDUCACION CON MENCION EN MATEMÁTICA E INFORMÁTICA,Educación,Con Partner (AP),Presencial Regular,0,2,0,0,88,36,52,9,0,0,13,13,39,29,179,88,91,8,99
2022-08,2022,Agosto,E07010104,CARRERA PROFESIONAL DE EDUCACION CON MENCION EN MATEMÁTICA E INFORMÁTICA,Educación,Con Partner (AP),Presencial Regular,0,10,0,2,85,80,5,14,4,2,19,8,25,33,182,85,77,38,115
2022-09,2022,Setiembre,E07010104,CARRERA PROFESIONAL DE EDUCACION CON MENCION EN MATEMÁTICA E INFORMÁTICA,Educación,Con Partner (AP),Presencial Regular,1,5,0,2,106,92,14,5,1,0,22,5,23,34,185,106,106,12,118
2022-10,2022,Octubre,E07010104,CARRERA PROFESIONAL DE EDUCACION CON MENCION EN MATEMÁTICA E INFORMÁTICA,Educación,Con Partner (AP),Presencial Regular,0,2,0,0,72,68,4,1,0,0,49,18,23,30,193,72,41,34,75
2022-11,2022,Noviembre,E07010104,CARRERA PROFESIONAL DE EDUCACION CON MENCION EN MATEMÁTICA E INFORMÁTICA,Educación,Con Partner (AP),Presencial Regular,0,2,0,1,91,58,33,3,0,0,17,16,31,35,195,91,88,8,96
2022-12,2022,Diciembre,E07010104,CARRERA PROFESIONAL DE EDUCACION CON MENCION EN MATEMÁTICA E INFORMÁTICA,Educación,Con Partner (AP),Presencial Regular,1,2,0,2,27,21,6,2,1,0,75,11,38,36,199,27,24,9,33
2023-01,2023,Enero,E07010104,CARRERA PROFESIONAL DE EDUCACION CON MENCION EN MATEMÁTICA E INFORMÁTICA,Educación,Con Partner (AP),Presencial Regular,0,0,0,0,91,27,64,8,2,0,5,11,36,34,204,91,85,16,101
2023-02,2023,Febrero,E07010104,CARRERA PROFESIONAL DE EDUCACION CON MENCION EN MATEMÁTICA E INFORMÁTICA,Educación,Con Partner (AP),Presencial Regular,0,0,0,0,43,42,1,4,1,0,59,4,40,27,213,43,37,11,48
2023-03,2023,Marzo,E07010104,CARRERA PROFESIONAL DE EDUCACION CON MENCION EN MATEMÁTICA E INFORMÁTICA,Educación,Con Partner (AP),Presencial Regular,0,0,0,0,75,33,42,8,0,0,15,17,22,36,218,75,82,1,83
2023-04,2023,Abril,E07010104,CARRERA PROFESIONAL DE EDUCACION CON MENCION EN MATEMÁTICA E INFORMÁTICA,Educación,Con Partner (AP),Presencial Regular,0,0,0,0,65,55,10,10,0,0,28,5,20,41,222,65,32,43,75
2023-05,2023,Mayo,E07010104,CARRERA PROFESIONAL DE EDUCACION CON MENCION EN MATEMÁTICA E INFORMÁTICA,Educación,Con Partner (AP),Presencial Regular,0,0,0,0,70,55,15,4,0,0,20,13,17,39,228,70,64,10,74
2023-06,2023,Junio,E07010104,CARRERA PROFESIONAL DE EDUCACION CON MENCION EN MATEMÁTICA E INFORMÁTICA,Educación,Con Partner (AP),Presencial Regular,1,0,0,0,43,35,8,1,1,0,39,11,25,36,234,43,31,15,46
2023-07,2023,Julio,E07010104,CARRERA PROFESIONAL DE EDUCACION CON MENCION EN MATEMÁTICA E INFORMÁTICA,Educación,Con Partner (AP),Presencial Regular,0,0,0,0,46,34,12,5,0,0,11,27,28,36,237,46,37,14,51
2023-08,2023,Agosto,E07010104,CARRERA PROFESIONAL DE EDUCACION CON MENCION EN MATEMÁTICA E INFORMÁTICA,Educación,Con Partner (AP),Presencial Regular,0,0,0,0,48,42,6,9,3,0,9,5,43,33,240,48,24,36,60
2023-09,2023,Setiembre,E07010104,CARRERA PROFESIONAL DE EDUCACION CON MENCION EN MATEMÁTICA E INFORMÁTICA,Educación,Con Partner (AP),Presencial Regular,0,0,0,0,55,51,4,8,0,0,9,5,36,24,253,55,45,18,63
2023-10,2023,Octubre,E07010104,CARRERA PROFESIONAL DE EDUCACION CON MENCION EN MATEMÁTICA E INFORMÁTICA,Educación,Con Partner (AP),Presencial Regular,2,0,0,0,41,40,1,0,0,0,22,8,32,24,261,41,19,24,43
2023-11,2023,Noviembre,E07010104,CARRERA PROFESIONAL DE EDUCACION CON MENCION EN MATEMÁTICA E INFORMÁTICA,Educación,Con Partner (AP),Presencial Regular,0,0,0,0,35,30,5,6,0,1,11,17,25,29,264,35,29,13,42
2023-12,2023,Diciembre,E07010104,CARRERA PROFESIONAL DE EDUCACION CON MENCION EN MATEMÁTICA E INFORMÁTICA,Educación,Con Partner (AP),Presencial Regular,2,0,0,0,6,6,0,1,0,0,35,11,25,40,268,6,0,9,9
2024-01,2024,Enero,E07010104,CARRERA PROFESIONAL DE EDUCACION CON MENCION EN MATEMÁTICA E INFORMÁTICA,Educación,Con Partner (AP),Presencial Regular,0,0,0,0,35,7,28,15,1,0,0,7,20,38,270,35,30,21,51
2024-02,2024,Febrero,E07010104,CARRERA PROFESIONAL DE EDUCACION CON MENCION EN MATEMÁTICA E INFORMÁTICA,Educación,Con Partner (AP),Presencial Regular,0,0,0,0,34,34,0,4,0,2,17,0,22,37,270,34,11,29,40
2024-03,2024,Marzo,E07010104,CARRERA PROFESIONAL DE EDUCACION CON MENCION EN MATEMÁTICA E INFORMÁTICA,Educación,Con Partner (AP),Presencial Regular,0,0,0,0,40,30,10,2,1,0,10,7,17,36,273,40,21,22,43
2024-04,2024,Abril,E07010104,CARRERA PROFESIONAL DE EDUCACION CON MENCION EN MATEMÁTICA E INFORMÁTICA,Educación,Con Partner (AP),Presencial Regular,0,0,0,0,35,33,2,1,1,0,10,8,15,35,281,35,11,26,37
2024-05,2024,Mayo,E07010104,CARRERA PROFESIONAL DE EDUCACION CON MENCION EN MATEMÁTICA E INFORMÁTICA,Educación,Con Partner (AP),Presencial Regular,0,0,0,0,43,37,6,4,0,0,0,4,16,29,290,43,21,26,47
2024-06,2024,Junio,E07010104,CARRERA PROFESIONAL DE EDUCACION CON MENCION EN MATEMÁTICA E INFORMÁTICA,Educación,Con Partner (AP),Presencial Regular,0,0,0,0,20,20,0,0,0,0,27,0,15,19,305,20,0,20,20
2024-07,2024,Julio,E07010104,CARRERA PROFESIONAL DE EDUCACION CON MENCION EN MATEMÁTICA E INFORMÁTICA,Educación,Con Partner (AP),Presencial Regular,0,0,0,0,35,16,19,1,1,0,4,8,14,18,305,35,16,21,37
2024-08,2024,Agosto,E07010104,CARRERA PROFESIONAL DE EDUCACION CON MENCION EN MATEMÁTICA E INFORMÁTICA,Educación,Con Partner (AP),Presencial Regular,1,0,0,0,36,33,3,9,1,0,4,1,8,20,306,36,3,44,47
2024-09,2024,Setiembre,E07010104,CARRERA PROFESIONAL DE EDUCACION CON MENCION EN MATEMÁTICA E INFORMÁTICA,Educación,Con Partner (AP),Presencial Regular,1,0,0,0,43,39,4,1,0,0,6,0,3,23,308,43,19,26,45
2024-10,2024,Octubre,E07010104,CARRERA PROFESIONAL DE EDUCACION CON MENCION EN MATEMÁTICA E INFORMÁTICA,Educación,Con Partner (AP),Presencial Regular,3,0,0,0,36,33,3,0,0,0,9,3,1,16,316,36,5,34,39
2024-11,2024,Noviembre,E07010104,CARRERA PROFESIONAL DE EDUCACION CON MENCION EN MATEMÁTICA E INFORMÁTICA,Educación,Con Partner (AP),Presencial Regular,0,0,0,0,34,30,4,0,0,0,6,5,4,14,318,34,14,20,34
2024-12,2024,Diciembre,E07010104,CARRERA PROFESIONAL DE EDUCACION CON MENCION EN MATEMÁTICA E INFORMÁTICA,Educación,Con Partner (AP),Presencial Regular,2,0,0,0,22,19,3,2,0,0,14,2,6,10,323,22,0,26,26
2025-01,2025,Enero,E07010104,CARRERA PROFESIONAL DE EDUCACION CON MENCION EN MATEMÁTICA E INFORMÁTICA,Educación,Con Partner (AP),Presencial Regular,0,0,0,0,29,19,10,0,0,0,5,4,8,10,323,29,10,19,29
2025-02,2025,Febrero,E07010104,CARRERA PROFESIONAL DE EDUCACION CON MENCION EN MATEMÁTICA E INFORMÁTICA,Educación,Con Partner (AP),Presencial Regular,0,0,0,0,18,15,3,2,0,0,14,2,10,7,326,18,0,20,20
2025-03,2025,Marzo,E07010104,CARRERA PROFESIONAL DE EDUCACION CON MENCION EN MATEMÁTICA E INFORMÁTICA,Educación,Con Partner (AP),Presencial Regular,1,0,0,0,26,17,9,0,0,0,3,5,9,4,331,26,7,20,27
2025-04,2025,Abril,E07010104,CARRERA PROFESIONAL DE EDUCACION CON MENCION EN MATEMÁTICA E INFORMÁTICA,Educación,Con Partner (AP),Presencial Regular,5,0,0,0,22,21,1,2,0,0,1,2,7,7,332,22,0,29,29
2025-05,2025,Mayo,E07010104,CARRERA PROFESIONAL DE EDUCACION CON MENCION EN MATEMÁTICA E INFORMÁTICA,Educación,Con Partner (AP),Presencial Regular,1,0,0,0,20,20,0,1,0,0,3,1,7,8,332,20,4,18,22
2025-06,2025,Junio,E07010104,CARRERA PROFESIONAL DE EDUCACION CON MENCION EN MATEMÁTICA E INFORMÁTICA,Educación,Con Partner (AP),Presencial Regular,1,0,0,0,19,18,1,0,0,0,3,1,6,9,333,19,2,18,20
2025-07,2025,Julio,E07010104,CARRERA PROFESIONAL DE EDUCACION CON MENCION EN MATEMÁTICA E INFORMÁTICA,Educación,Con Partner (AP),Presencial Regular,0,0,0,0,16,15,1,1,0,0,4,2,5,10,333,16,0,17,17
2025-08,2025,Agosto,E07010104,CARRERA PROFESIONAL DE EDUCACION CON MENCION EN MATEMÁTICA E INFORMÁTICA,Educación,Con Partner (AP),Presencial Regular,2,0,0,0,19,15,4,0,0,0,1,0,3,13,333,19,0,21,21
2025-09,2025,Setiembre,E07010104,CARRERA PROFESIONAL DE EDUCACION CON MENCION EN MATEMÁTICA E INFORMÁTICA,Educación,Con Partner (AP),Presencial Regular,1,0,0,0,17,16,1,0,0,0,2,0,2,12,335,17,0,18,18
2025-10,2025,Octubre,E07010104,CARRERA PROFESIONAL DE EDUCACION CON MENCION EN MATEMÁTICA E INFORMÁTICA,Educación,Con Partner (AP),Presencial Regular,2,0,0,0,14,12,2,0,0,0,3,0,1,9,339,14,0,16,16
2025-11,2025,Noviembre,E07010104,CARRERA PROFESIONAL DE EDUCACION CON MENCION EN MATEMÁTICA E INFORMÁTICA,Educación,Con Partner (AP),Presencial Regular,2,0,0,0,7,7,0,0,0,0,5,3,1,8,340,7,1,8,9
2025-12,2025,Diciembre,E07010104,CARRERA PROFESIONAL DE EDUCACION CON MENCION EN MATEMÁTICA E INFORMÁTICA,Educación,Con Partner (AP),Presencial Regular,0,0,0,0,5,5,0,1,0,0,2,5,2,7,342,5,6,0,6
2026-01,2026,Enero,E07010104,CARRERA PROFESIONAL DE EDUCACION CON MENCION EN MATEMÁTICA E INFORMÁTICA,Educación,Con Partner (AP),Presencial Regular,2,0,0,0,8,6,2,1,0,0,0,0,4,6,343,8,0,11,11
2026-02,2026,Febrero,E07010104,CARRERA PROFESIONAL DE EDUCACION CON MENCION EN MATEMÁTICA E INFORMÁTICA,Educación,Con Partner (AP),Presencial Regular,0,0,0,0,7,7,0,0,0,0,2,0,4,3,346,7,0,7,7
2026-03,2026,Marzo,E07010104,CARRERA PROFESIONAL DE EDUCACION CON MENCION EN MATEMÁTICA E INFORMÁTICA,Educación,Con Partner (AP),Presencial Regular,0,0,0,0,7,5,2,1,0,0,2,0,3,2,347,7,1,7,8
2026-04,2026,Abril,E07010104,CARRERA PROFESIONAL DE EDUCACION CON MENCION EN MATEMÁTICA E INFORMÁTICA,Educación,Con Partner (AP),Presencial Regular,0,0,0,0,7,5,2,0,0,0,3,0,2,2,348,7,0,7,7
2026-05,2026,Mayo,E07010104,CARRERA PROFESIONAL DE EDUCACION CON MENCION EN MATEMÁTICA E INFORMÁTICA,Educación,Con Partner (AP),Presencial Regular,2,0,0,0,7,5,2,0,0,0,1,1,0,3,348,7,0,9,9
2026-06,2026,Junio,E07010104,CARRERA PROFESIONAL DE EDUCACION CON MENCION EN MATEMÁTICA E INFORMÁTICA,Educación,Con Partner (AP),Presencial Regular,0,0,0,0,7,6,1,0,2,0,1,0,1,0,349,7,1,8,9
2014-06,2014,Junio,E07010103,CARRERA PROFESIONAL DE EDUCACION CON MENCION EN PRIMARIA,Educación,Con Partner (AP),Presencial Regular,0,1,0,0,0,0,0,0,0,0,0,0,0,0,0,0,1,0,1
2014-07,2014,Julio,E07010103,CARRERA PROFESIONAL DE EDUCACION CON MENCION EN PRIMARIA,Educación,Con Partner (AP),Presencial Regular,0,0,0,0,1,1,0,0,0,0,0,0,0,0,0,1,1,0,1
2014-08,2014,Agosto,E07010103,CARRERA PROFESIONAL DE EDUCACION CON MENCION EN PRIMARIA,Educación,Con Partner (AP),Presencial Regular,0,0,0,0,1,1,0,0,0,0,0,0,0,0,0,1,1,0,1
2014-09,2014,Setiembre,E07010103,CARRERA PROFESIONAL DE EDUCACION CON MENCION EN PRIMARIA,Educación,Con Partner (AP),Presencial Regular,0,0,0,0,1,1,0,0,0,0,0,0,0,0,0,1,1,0,1
2014-10,2014,Octubre,E07010103,CARRERA PROFESIONAL DE EDUCACION CON MENCION EN PRIMARIA,Educación,Con Partner (AP),Presencial Regular,0,0,0,0,1,1,0,0,0,0,0,0,0,0,0,1,1,0,1
2014-11,2014,Noviembre,E07010103,CARRERA PROFESIONAL DE EDUCACION CON MENCION EN PRIMARIA,Educación,Con Partner (AP),Presencial Regular,0,0,0,0,1,1,0,0,0,0,0,0,0,0,0,1,1,0,1
2014-12,2014,N/A,E07010103,CARRERA PROFESIONAL DE EDUCACION CON MENCION EN PRIMARIA,Educación,Con Partner (AP),Presencial Regular,0,0,0,0,0,0,0,0,0,0,1,0,0,0,0,0,0,0,0
2015-01,2015,Enero,E07010103,CARRERA PROFESIONAL DE EDUCACION CON MENCION EN PRIMARIA,Educación,Con Partner (AP),Presencial Regular,0,0,0,0,1,0,1,0,0,0,0,0,0,0,0,1,1,0,1
2015-02,2015,Febrero,E07010103,CARRERA PROFESIONAL DE EDUCACION CON MENCION EN PRIMARIA,Educación,Con Partner (AP),Presencial Regular,0,0,0,0,1,1,0,0,0,0,0,0,0,0,0,1,1,0,1
2015-03,2015,Marzo,E07010103,CARRERA PROFESIONAL DE EDUCACION CON MENCION EN PRIMARIA,Educación,Con Partner (AP),Presencial Regular,0,0,0,0,1,1,0,0,0,0,0,0,0,0,0,1,1,0,1
2015-04,2015,Abril,E07010103,CARRERA PROFESIONAL DE EDUCACION CON MENCION EN PRIMARIA,Educación,Con Partner (AP),Presencial Regular,0,0,0,0,1,1,0,0,0,0,0,0,0,0,0,1,1,0,1
2015-05,2015,Mayo,E07010103,CARRERA PROFESIONAL DE EDUCACION CON MENCION EN PRIMARIA,Educación,Con Partner (AP),Presencial Regular,0,0,0,0,1,1,0,0,0,0,0,0,0,0,0,1,1,0,1
2015-06,2015,Junio,E07010103,CARRERA PROFESIONAL DE EDUCACION CON MENCION EN PRIMARIA,Educación,Con Partner (AP),Presencial Regular,0,0,0,0,1,1,0,0,0,0,0,0,0,0,0,1,1,0,1
2015-07,2015,Julio,E07010103,CARRERA PROFESIONAL DE EDUCACION CON MENCION EN PRIMARIA,Educación,Con Partner (AP),Presencial Regular,0,0,0,0,1,1,0,0,0,0,0,0,0,0,0,1,1,0,1
2015-08,2015,Agosto,E07010103,CARRERA PROFESIONAL DE EDUCACION CON MENCION EN PRIMARIA,Educación,Con Partner (AP),Presencial Regular,0,0,0,0,1,1,0,0,0,0,0,0,0,0,0,1,1,0,1
2015-09,2015,Setiembre,E07010103,CARRERA PROFESIONAL DE EDUCACION CON MENCION EN PRIMARIA,Educación,Con Partner (AP),Presencial Regular,0,0,0,0,1,1,0,0,0,0,0,0,0,0,0,1,1,0,1
2015-10,2015,Octubre,E07010103,CARRERA PROFESIONAL DE EDUCACION CON MENCION EN PRIMARIA,Educación,Con Partner (AP),Presencial Regular,0,0,0,0,1,1,0,0,0,0,0,0,0,0,0,1,1,0,1
2015-11,2015,Noviembre,E07010103,CARRERA PROFESIONAL DE EDUCACION CON MENCION EN PRIMARIA,Educación,Con Partner (AP),Presencial Regular,0,0,0,0,1,1,0,0,0,0,0,0,0,0,0,1,1,0,1
2015-12,2015,Diciembre,E07010103,CARRERA PROFESIONAL DE EDUCACION CON MENCION EN PRIMARIA,Educación,Con Partner (AP),Presencial Regular,0,0,0,0,1,1,0,0,0,0,0,0,0,0,0,1,1,0,1
2016-01,2016,N/A,E07010103,CARRERA PROFESIONAL DE EDUCACION CON MENCION EN PRIMARIA,Educación,Con Partner (AP),Presencial Regular,0,0,0,0,0,0,0,0,0,0,1,0,0,0,0,0,0,0,0
2016-02,2016,Febrero,E07010103,CARRERA PROFESIONAL DE EDUCACION CON MENCION EN PRIMARIA,Educación,Con Partner (AP),Presencial Regular,0,0,0,0,1,0,1,0,0,0,0,0,0,0,0,1,1,0,1
2016-03,2016,Marzo,E07010103,CARRERA PROFESIONAL DE EDUCACION CON MENCION EN PRIMARIA,Educación,Con Partner (AP),Presencial Regular,0,0,0,0,1,1,0,0,0,0,0,0,0,0,0,1,1,0,1
2016-04,2016,Abril,E07010103,CARRERA PROFESIONAL DE EDUCACION CON MENCION EN PRIMARIA,Educación,Con Partner (AP),Presencial Regular,0,0,0,0,1,1,0,0,0,0,0,0,0,0,0,1,1,0,1
2016-05,2016,Mayo,E07010103,CARRERA PROFESIONAL DE EDUCACION CON MENCION EN PRIMARIA,Educación,Con Partner (AP),Presencial Regular,0,1,0,1,1,1,0,0,0,0,0,0,0,0,0,1,2,0,2
2016-06,2016,N/A,E07010103,CARRERA PROFESIONAL DE EDUCACION CON MENCION EN PRIMARIA,Educación,Con Partner (AP),Presencial Regular,0,0,0,0,0,0,0,0,0,0,2,0,0,0,0,0,0,0,0
2016-07,2016,Julio,E07010103,CARRERA PROFESIONAL DE EDUCACION CON MENCION EN PRIMARIA,Educación,Con Partner (AP),Presencial Regular,0,0,0,0,2,0,2,0,0,0,0,0,0,0,0,2,2,0,2
2016-08,2016,Agosto,E07010103,CARRERA PROFESIONAL DE EDUCACION CON MENCION EN PRIMARIA,Educación,Con Partner (AP),Presencial Regular,0,0,0,0,2,2,0,0,0,0,0,0,0,0,0,2,2,0,2
2016-09,2016,Setiembre,E07010103,CARRERA PROFESIONAL DE EDUCACION CON MENCION EN PRIMARIA,Educación,Con Partner (AP),Presencial Regular,0,0,0,0,1,1,0,0,0,0,1,0,0,0,0,1,1,0,1
2016-10,2016,N/A,E07010103,CARRERA PROFESIONAL DE EDUCACION CON MENCION EN PRIMARIA,Educación,Con Partner (AP),Presencial Regular,0,0,0,0,0,0,0,0,0,0,1,1,0,0,0,0,0,0,0
2016-11,2016,Noviembre,E07010103,CARRERA PROFESIONAL DE EDUCACION CON MENCION EN PRIMARIA,Educación,Con Partner (AP),Presencial Regular,0,0,0,0,1,0,1,0,0,0,0,0,1,0,0,1,0,1,1
2016-12,2016,Diciembre,E07010103,CARRERA PROFESIONAL DE EDUCACION CON MENCION EN PRIMARIA,Educación,Con Partner (AP),Presencial Regular,0,0,0,0,1,1,0,1,0,0,0,0,0,0,0,1,1,1,2
2017-01,2017,Enero,E07010103,CARRERA PROFESIONAL DE EDUCACION CON MENCION EN PRIMARIA,Educación,Con Partner (AP),Presencial Regular,0,0,0,0,1,1,0,0,0,0,1,0,0,0,0,1,1,0,1
2017-02,2017,Febrero,E07010103,CARRERA PROFESIONAL DE EDUCACION CON MENCION EN PRIMARIA,Educación,Con Partner (AP),Presencial Regular,0,0,0,0,1,0,1,0,0,0,1,0,0,0,0,1,1,0,1
2017-03,2017,N/A,E07010103,CARRERA PROFESIONAL DE EDUCACION CON MENCION EN PRIMARIA,Educación,Con Partner (AP),Presencial Regular,0,0,0,0,0,0,0,0,0,0,1,1,0,0,0,0,0,0,0
2017-04,2017,Abril,E07010103,CARRERA PROFESIONAL DE EDUCACION CON MENCION EN PRIMARIA,Educación,Con Partner (AP),Presencial Regular,0,0,0,0,0,0,0,1,0,0,0,1,0,0,0,0,0,1,1
2017-05,2017,Mayo,E07010103,CARRERA PROFESIONAL DE EDUCACION CON MENCION EN PRIMARIA,Educación,Con Partner (AP),Presencial Regular,0,0,0,0,1,1,0,0,0,0,0,0,1,0,0,1,0,1,1
2017-06,2017,Junio,E07010103,CARRERA PROFESIONAL DE EDUCACION CON MENCION EN PRIMARIA,Educación,Con Partner (AP),Presencial Regular,0,0,0,0,1,1,0,1,0,0,0,0,0,0,0,1,2,0,2
2017-07,2017,Julio,E07010103,CARRERA PROFESIONAL DE EDUCACION CON MENCION EN PRIMARIA,Educación,Con Partner (AP),Presencial Regular,0,0,0,0,1,1,0,0,0,0,1,0,0,0,0,1,0,1,1
2017-08,2017,Agosto,E07010103,CARRERA PROFESIONAL DE EDUCACION CON MENCION EN PRIMARIA,Educación,Con Partner (AP),Presencial Regular,0,0,0,0,1,1,0,0,0,0,0,1,0,0,0,1,1,0,1
2017-09,2017,Setiembre,E07010103,CARRERA PROFESIONAL DE EDUCACION CON MENCION EN PRIMARIA,Educación,Con Partner (AP),Presencial Regular,0,0,0,0,1,1,0,0,0,0,0,0,1,0,0,1,0,1,1
2017-10,2017,Octubre,E07010103,CARRERA PROFESIONAL DE EDUCACION CON MENCION EN PRIMARIA,Educación,Con Partner (AP),Presencial Regular,0,0,0,0,1,1,0,0,0,0,0,0,1,0,0,1,0,1,1
2017-11,2017,Noviembre,E07010103,CARRERA PROFESIONAL DE EDUCACION CON MENCION EN PRIMARIA,Educación,Con Partner (AP),Presencial Regular,0,0,0,0,1,1,0,0,0,0,0,0,1,0,0,1,0,1,1
2017-12,2017,Diciembre,E07010103,CARRERA PROFESIONAL DE EDUCACION CON MENCION EN PRIMARIA,Educación,Con Partner (AP),Presencial Regular,0,0,0,0,1,1,0,0,0,0,0,0,1,0,0,1,0,1,1
2018-01,2018,Enero,E07010103,CARRERA PROFESIONAL DE EDUCACION CON MENCION EN PRIMARIA,Educación,Con Partner (AP),Presencial Regular,0,0,0,0,1,1,0,0,0,0,0,0,0,1,0,1,1,0,1
2018-02,2018,N/A,E07010103,CARRERA PROFESIONAL DE EDUCACION CON MENCION EN PRIMARIA,Educación,Con Partner (AP),Presencial Regular,0,0,0,0,0,0,0,0,0,0,1,0,0,1,0,0,0,0,0
2018-03,2018,Marzo,E07010103,CARRERA PROFESIONAL DE EDUCACION CON MENCION EN PRIMARIA,Educación,Con Partner (AP),Presencial Regular,0,0,0,0,1,0,1,0,0,0,0,0,0,1,0,1,0,1,1
2018-04,2018,Abril,E07010103,CARRERA PROFESIONAL DE EDUCACION CON MENCION EN PRIMARIA,Educación,Con Partner (AP),Presencial Regular,0,0,0,0,1,1,0,0,0,0,0,0,0,1,0,1,0,1,1
2018-05,2018,Mayo,E07010103,CARRERA PROFESIONAL DE EDUCACION CON MENCION EN PRIMARIA,Educación,Con Partner (AP),Presencial Regular,0,0,0,0,1,1,0,0,0,0,0,0,0,1,0,1,0,1,1
2018-06,2018,Junio,E07010103,CARRERA PROFESIONAL DE EDUCACION CON MENCION EN PRIMARIA,Educación,Con Partner (AP),Presencial Regular,0,0,0,0,1,1,0,0,0,0,0,0,0,1,0,1,0,1,1
2018-07,2018,Julio,E07010103,CARRERA PROFESIONAL DE EDUCACION CON MENCION EN PRIMARIA,Educación,Con Partner (AP),Presencial Regular,0,0,0,0,1,1,0,0,0,0,0,0,0,0,1,1,0,1,1
2018-08,2018,Agosto,E07010103,CARRERA PROFESIONAL DE EDUCACION CON MENCION EN PRIMARIA,Educación,Con Partner (AP),Presencial Regular,0,0,0,0,1,1,0,0,0,0,0,0,0,0,1,1,0,1,1
2018-09,2018,Setiembre,E07010103,CARRERA PROFESIONAL DE EDUCACION CON MENCION EN PRIMARIA,Educación,Con Partner (AP),Presencial Regular,0,1,0,1,1,1,0,0,0,0,0,0,0,0,1,1,1,1,2
2018-10,2018,Octubre,E07010103,CARRERA PROFESIONAL DE EDUCACION CON MENCION EN PRIMARIA,Educación,Con Partner (AP),Presencial Regular,0,0,0,0,2,2,0,0,0,0,0,0,0,0,1,2,2,0,2
2018-11,2018,Noviembre,E07010103,CARRERA PROFESIONAL DE EDUCACION CON MENCION EN PRIMARIA,Educación,Con Partner (AP),Presencial Regular,0,0,0,0,2,2,0,0,0,0,0,0,0,0,1,2,1,1,2
2018-12,2018,Diciembre,E07010103,CARRERA PROFESIONAL DE EDUCACION CON MENCION EN PRIMARIA,Educación,Con Partner (AP),Presencial Regular,0,0,0,0,2,2,0,0,0,0,0,0,0,0,1,2,1,1,2
2019-01,2019,Enero,E07010103,CARRERA PROFESIONAL DE EDUCACION CON MENCION EN PRIMARIA,Educación,Con Partner (AP),Presencial Regular,0,0,0,0,2,2,0,0,0,0,0,0,0,0,1,2,1,1,2
2019-02,2019,Febrero,E07010103,CARRERA PROFESIONAL DE EDUCACION CON MENCION EN PRIMARIA,Educación,Con Partner (AP),Presencial Regular,0,0,0,0,2,2,0,0,0,0,0,0,0,0,1,2,1,1,2
2019-03,2019,Marzo,E07010103,CARRERA PROFESIONAL DE EDUCACION CON MENCION EN PRIMARIA,Educación,Con Partner (AP),Presencial Regular,0,0,0,0,2,2,0,0,0,0,0,0,0,0,1,2,1,1,2
2019-04,2019,Abril,E07010103,CARRERA PROFESIONAL DE EDUCACION CON MENCION EN PRIMARIA,Educación,Con Partner (AP),Presencial Regular,0,6,0,0,2,2,0,0,0,0,0,0,0,0,1,2,7,1,8
2019-05,2019,Mayo,E07010103,CARRERA PROFESIONAL DE EDUCACION CON MENCION EN PRIMARIA,Educación,Con Partner (AP),Presencial Regular,0,5,0,0,4,4,0,0,0,1,4,0,0,0,0,4,10,0,10
2019-06,2019,Junio,E07010103,CARRERA PROFESIONAL DE EDUCACION CON MENCION EN PRIMARIA,Educación,Con Partner (AP),Presencial Regular,0,2,0,0,7,6,1,0,0,0,4,3,0,0,0,7,9,0,9
2019-07,2019,Julio,E07010103,CARRERA PROFESIONAL DE EDUCACION CON MENCION EN PRIMARIA,Educación,Con Partner (AP),Presencial Regular,0,4,0,0,7,6,1,0,0,0,3,3,3,0,0,7,11,0,11
2019-08,2019,Agosto,E07010103,CARRERA PROFESIONAL DE EDUCACION CON MENCION EN PRIMARIA,Educación,Con Partner (AP),Presencial Regular,0,7,0,1,8,8,0,1,0,0,3,3,5,0,0,8,15,1,16
2019-09,2019,Setiembre,E07010103,CARRERA PROFESIONAL DE EDUCACION CON MENCION EN PRIMARIA,Educación,Con Partner (AP),Presencial Regular,0,4,0,0,14,13,1,0,0,0,3,2,8,0,0,14,18,0,18
2019-10,2019,Octubre,E07010103,CARRERA PROFESIONAL DE EDUCACION CON MENCION EN PRIMARIA,Educación,Con Partner (AP),Presencial Regular,0,4,0,2,14,13,1,0,0,0,5,2,10,0,0,14,18,0,18
2019-11,2019,Noviembre,E07010103,CARRERA PROFESIONAL DE EDUCACION CON MENCION EN PRIMARIA,Educación,Con Partner (AP),Presencial Regular,1,7,0,2,15,15,0,1,0,0,3,5,7,3,0,15,23,1,24
2019-12,2019,Diciembre,E07010103,CARRERA PROFESIONAL DE EDUCACION CON MENCION EN PRIMARIA,Educación,Con Partner (AP),Presencial Regular,0,2,0,0,16,15,1,0,0,0,8,2,10,5,0,16,18,0,18
2020-01,2020,Enero,E07010103,CARRERA PROFESIONAL DE EDUCACION CON MENCION EN PRIMARIA,Educación,Con Partner (AP),Presencial Regular,0,12,0,0,19,15,4,0,0,0,3,4,10,7,0,19,31,0,31
2020-02,2020,Febrero,E07010103,CARRERA PROFESIONAL DE EDUCACION CON MENCION EN PRIMARIA,Educación,Con Partner (AP),Presencial Regular,0,19,0,1,25,24,1,2,0,0,7,2,10,9,0,25,46,0,46
2020-03,2020,Marzo,E07010103,CARRERA PROFESIONAL DE EDUCACION CON MENCION EN PRIMARIA,Educación,Con Partner (AP),Presencial Regular,0,30,0,2,37,36,1,0,0,0,10,6,11,10,0,37,67,0,67
2020-04,2020,Abril,E07010103,CARRERA PROFESIONAL DE EDUCACION CON MENCION EN PRIMARIA,Educación,Con Partner (AP),Presencial Regular,0,10,0,1,50,48,2,1,0,0,19,8,11,15,0,50,61,0,61
2020-05,2020,Mayo,E07010103,CARRERA PROFESIONAL DE EDUCACION CON MENCION EN PRIMARIA,Educación,Con Partner (AP),Presencial Regular,0,10,0,0,51,48,3,0,0,0,13,16,18,13,3,51,61,0,61
2020-06,2020,Junio,E07010103,CARRERA PROFESIONAL DE EDUCACION CON MENCION EN PRIMARIA,Educación,Con Partner (AP),Presencial Regular,0,7,0,3,49,45,4,1,1,0,16,9,31,12,5,49,58,0,58
2020-07,2020,Julio,E07010103,CARRERA PROFESIONAL DE EDUCACION CON MENCION EN PRIMARIA,Educación,Con Partner (AP),Presencial Regular,0,8,0,2,54,46,8,1,0,0,12,8,37,13,6,54,63,0,63
2020-08,2020,Agosto,E07010103,CARRERA PROFESIONAL DE EDUCACION CON MENCION EN PRIMARIA,Educación,Con Partner (AP),Presencial Regular,0,11,0,2,52,49,3,3,0,0,14,9,37,16,8,52,66,0,66
2020-09,2020,Setiembre,E07010103,CARRERA PROFESIONAL DE EDUCACION CON MENCION EN PRIMARIA,Educación,Con Partner (AP),Presencial Regular,0,5,0,2,49,45,4,4,0,0,21,10,36,21,9,49,58,0,58
2020-10,2020,Octubre,E07010103,CARRERA PROFESIONAL DE EDUCACION CON MENCION EN PRIMARIA,Educación,Con Partner (AP),Presencial Regular,0,5,0,2,56,45,11,4,0,0,13,10,29,29,14,56,65,0,65
2020-11,2020,Noviembre,E07010103,CARRERA PROFESIONAL DE EDUCACION CON MENCION EN PRIMARIA,Educación,Con Partner (AP),Presencial Regular,0,5,0,3,48,44,4,2,2,0,21,9,31,32,15,48,57,0,57
2020-12,2020,Diciembre,E07010103,CARRERA PROFESIONAL DE EDUCACION CON MENCION EN PRIMARIA,Educación,Con Partner (AP),Presencial Regular,0,3,0,2,60,50,10,6,4,0,7,11,28,33,16,60,73,0,73
2021-01,2021,Enero,E07010103,CARRERA PROFESIONAL DE EDUCACION CON MENCION EN PRIMARIA,Educación,Con Partner (AP),Presencial Regular,0,9,0,3,56,52,4,9,1,0,21,3,22,38,18,56,75,0,75
2021-02,2021,Febrero,E07010103,CARRERA PROFESIONAL DE EDUCACION CON MENCION EN PRIMARIA,Educación,Con Partner (AP),Presencial Regular,0,19,0,7,63,57,6,1,0,0,18,15,17,41,22,63,83,0,83
2021-03,2021,Marzo,E07010103,CARRERA PROFESIONAL DE EDUCACION CON MENCION EN PRIMARIA,Educación,Con Partner (AP),Presencial Regular,0,15,0,4,69,65,4,4,0,0,18,14,22,42,27,69,88,0,88
2021-04,2021,Abril,E07010103,CARRERA PROFESIONAL DE EDUCACION CON MENCION EN PRIMARIA,Educación,Con Partner (AP),Presencial Regular,0,11,0,2,71,65,6,4,1,0,23,12,29,33,38,71,87,0,87
2021-05,2021,Mayo,E07010103,CARRERA PROFESIONAL DE EDUCACION CON MENCION EN PRIMARIA,Educación,Con Partner (AP),Presencial Regular,0,9,0,0,81,71,10,6,0,0,16,13,32,31,43,81,96,0,96
2021-06,2021,Junio,E07010103,CARRERA PROFESIONAL DE EDUCACION CON MENCION EN PRIMARIA,Educación,Con Partner (AP),Presencial Regular,0,4,0,0,76,70,6,4,0,0,26,10,39,27,49,76,84,0,84
2021-07,2021,Julio,E07010103,CARRERA PROFESIONAL DE EDUCACION CON MENCION EN PRIMARIA,Educación,Con Partner (AP),Presencial Regular,0,6,0,3,74,64,10,5,3,0,20,16,34,27,56,74,88,0,88
2021-08,2021,Agosto,E07010103,CARRERA PROFESIONAL DE EDUCACION CON MENCION EN PRIMARIA,Educación,Con Partner (AP),Presencial Regular,0,3,0,0,81,74,7,6,1,0,14,13,34,29,63,81,88,3,91
2021-09,2021,Setiembre,E07010103,CARRERA PROFESIONAL DE EDUCACION CON MENCION EN PRIMARIA,Educación,Con Partner (AP),Presencial Regular,0,7,0,2,84,76,8,6,0,0,15,6,35,30,68,84,97,0,97
2021-10,2021,Octubre,E07010103,CARRERA PROFESIONAL DE EDUCACION CON MENCION EN PRIMARIA,Educación,Con Partner (AP),Presencial Regular,0,4,0,1,78,73,5,3,2,0,24,10,29,34,71,78,81,6,87
2021-11,2021,Noviembre,E07010103,CARRERA PROFESIONAL DE EDUCACION CON MENCION EN PRIMARIA,Educación,Con Partner (AP),Presencial Regular,0,1,0,1,84,70,14,4,0,0,17,10,29,37,74,84,89,0,89
2021-12,2021,Diciembre,E07010103,CARRERA PROFESIONAL DE EDUCACION CON MENCION EN PRIMARIA,Educación,Con Partner (AP),Presencial Regular,0,2,0,0,46,42,4,3,2,0,47,13,26,44,75,46,53,0,53
2022-01,2022,Enero,E07010103,CARRERA PROFESIONAL DE EDUCACION CON MENCION EN PRIMARIA,Educación,Con Partner (AP),Presencial Regular,0,7,0,2,82,46,36,12,1,0,7,11,21,41,83,82,100,2,102
2022-02,2022,Febrero,E07010103,CARRERA PROFESIONAL DE EDUCACION CON MENCION EN PRIMARIA,Educación,Con Partner (AP),Presencial Regular,0,3,0,0,68,66,2,3,0,0,36,5,24,38,91,68,72,2,74
2022-03,2022,Marzo,E07010103,CARRERA PROFESIONAL DE EDUCACION CON MENCION EN PRIMARIA,Educación,Con Partner (AP),Presencial Regular,0,11,0,3,80,58,22,4,2,0,16,14,21,34,97,80,93,4,97
2022-04,2022,Abril,E07010103,CARRERA PROFESIONAL DE EDUCACION CON MENCION EN PRIMARIA,Educación,Con Partner (AP),Presencial Regular,0,6,0,4,69,65,4,5,1,0,32,12,25,31,104,69,70,11,81
2022-05,2022,Mayo,E07010103,CARRERA PROFESIONAL DE EDUCACION CON MENCION EN PRIMARIA,Educación,Con Partner (AP),Presencial Regular,0,8,0,3,92,70,22,4,0,0,11,10,27,31,110,92,102,2,104
2022-06,2022,Junio,E07010103,CARRERA PROFESIONAL DE EDUCACION CON MENCION EN PRIMARIA,Educación,Con Partner (AP),Presencial Regular,0,9,0,4,50,48,2,3,3,0,56,9,31,23,118,50,65,0,65
2022-07,2022,Julio,E07010103,CARRERA PROFESIONAL DE EDUCACION CON MENCION EN PRIMARIA,Educación,Con Partner (AP),Presencial Regular,0,6,0,2,95,49,46,9,0,0,16,10,27,23,122,95,106,4,110
2022-08,2022,Agosto,E07010103,CARRERA PROFESIONAL DE EDUCACION CON MENCION EN PRIMARIA,Educación,Con Partner (AP),Presencial Regular,0,15,0,6,90,80,10,6,0,0,30,6,23,27,126,90,90,21,111
2022-09,2022,Setiembre,E07010103,CARRERA PROFESIONAL DE EDUCACION CON MENCION EN PRIMARIA,Educación,Con Partner (AP),Presencial Regular,0,10,0,3,102,80,22,2,1,0,31,8,19,30,130,102,113,2,115
2022-10,2022,Octubre,E07010103,CARRERA PROFESIONAL DE EDUCACION CON MENCION EN PRIMARIA,Educación,Con Partner (AP),Presencial Regular,0,7,0,2,81,71,10,2,0,0,44,21,18,33,134,81,71,19,90
2022-11,2022,Noviembre,E07010103,CARRERA PROFESIONAL DE EDUCACION CON MENCION EN PRIMARIA,Educación,Con Partner (AP),Presencial Regular,0,8,0,1,104,75,29,5,2,0,15,15,32,29,138,104,116,3,119
2022-12,2022,Diciembre,E07010103,CARRERA PROFESIONAL DE EDUCACION CON MENCION EN PRIMARIA,Educación,Con Partner (AP),Presencial Regular,0,4,0,0,51,48,3,0,0,0,71,12,45,29,140,51,55,0,55
2023-01,2023,Enero,E07010103,CARRERA PROFESIONAL DE EDUCACION CON MENCION EN PRIMARIA,Educación,Con Partner (AP),Presencial Regular,0,1,0,0,105,46,59,18,0,0,9,12,33,31,144,105,115,9,124
2023-02,2023,Febrero,E07010103,CARRERA PROFESIONAL DE EDUCACION CON MENCION EN PRIMARIA,Educación,Con Partner (AP),Presencial Regular,0,0,0,0,55,52,3,3,1,1,72,6,37,28,150,55,60,0,60
2023-03,2023,Marzo,E07010103,CARRERA PROFESIONAL DE EDUCACION CON MENCION EN PRIMARIA,Educación,Con Partner (AP),Presencial Regular,0,0,0,0,94,47,47,7,1,1,13,25,24,31,157,94,97,6,103
2023-04,2023,Abril,E07010103,CARRERA PROFESIONAL DE EDUCACION CON MENCION EN PRIMARIA,Educación,Con Partner (AP),Presencial Regular,0,0,0,0,77,72,5,4,0,0,31,8,37,33,163,77,44,37,81
2023-05,2023,Mayo,E07010103,CARRERA PROFESIONAL DE EDUCACION CON MENCION EN PRIMARIA,Educación,Con Partner (AP),Presencial Regular,0,0,0,0,83,63,20,7,1,0,18,11,35,33,165,83,83,8,91
2023-06,2023,Junio,E07010103,CARRERA PROFESIONAL DE EDUCACION CON MENCION EN PRIMARIA,Educación,Con Partner (AP),Presencial Regular,0,0,0,0,57,46,11,11,0,0,45,7,31,35,167,57,52,16,68
2023-07,2023,Julio,E07010103,CARRERA PROFESIONAL DE EDUCACION CON MENCION EN PRIMARIA,Educación,Con Partner (AP),Presencial Regular,0,0,0,0,61,48,13,7,0,1,20,32,26,35,171,61,63,6,69
2023-08,2023,Agosto,E07010103,CARRERA PROFESIONAL DE EDUCACION CON MENCION EN PRIMARIA,Educación,Con Partner (AP),Presencial Regular,0,0,0,0,57,49,8,14,2,0,20,12,32,40,176,57,42,31,73
2023-09,2023,Setiembre,E07010103,CARRERA PROFESIONAL DE EDUCACION CON MENCION EN PRIMARIA,Educación,Con Partner (AP),Presencial Regular,0,0,0,0,70,58,12,5,0,0,15,8,36,32,187,70,57,18,75
2023-10,2023,Octubre,E07010103,CARRERA PROFESIONAL DE EDUCACION CON MENCION EN PRIMARIA,Educación,Con Partner (AP),Presencial Regular,0,0,0,0,56,54,2,1,0,0,21,13,38,31,193,56,23,34,57
2023-11,2023,Noviembre,E07010103,CARRERA PROFESIONAL DE EDUCACION CON MENCION EN PRIMARIA,Educación,Con Partner (AP),Presencial Regular,0,0,0,0,52,41,11,8,0,0,16,10,42,29,196,52,49,11,60
2023-12,2023,Diciembre,E07010103,CARRERA PROFESIONAL DE EDUCACION CON MENCION EN PRIMARIA,Educación,Con Partner (AP),Presencial Regular,0,0,0,0,17,14,3,2,0,0,46,13,30,45,200,17,5,14,19
2024-01,2024,Enero,E07010103,CARRERA PROFESIONAL DE EDUCACION CON MENCION EN PRIMARIA,Educación,Con Partner (AP),Presencial Regular,0,0,0,0,46,15,31,12,0,0,4,15,25,46,205,46,37,21,58
2024-02,2024,Febrero,E07010103,CARRERA PROFESIONAL DE EDUCACION CON MENCION EN PRIMARIA,Educación,Con Partner (AP),Presencial Regular,0,0,0,0,45,44,1,12,1,0,14,3,24,38,216,45,14,44,58
2024-03,2024,Marzo,E07010103,CARRERA PROFESIONAL DE EDUCACION CON MENCION EN PRIMARIA,Educación,Con Partner (AP),Presencial Regular,0,0,0,0,51,45,6,5,0,0,13,8,16,41,219,51,35,21,56
2024-04,2024,Abril,E07010103,CARRERA PROFESIONAL DE EDUCACION CON MENCION EN PRIMARIA,Educación,Con Partner (AP),Presencial Regular,0,0,0,0,49,45,4,0,0,0,11,9,16,45,223,49,7,42,49
2024-05,2024,Mayo,E07010103,CARRERA PROFESIONAL DE EDUCACION CON MENCION EN PRIMARIA,Educación,Con Partner (AP),Presencial Regular,0,0,0,0,50,43,7,6,0,0,6,4,19,44,224,50,31,25,56
2024-06,2024,Junio,E07010103,CARRERA PROFESIONAL DE EDUCACION CON MENCION EN PRIMARIA,Educación,Con Partner (AP),Presencial Regular,0,0,0,0,26,23,3,1,0,0,33,3,17,29,244,26,0,27,27
2024-07,2024,Julio,E07010103,CARRERA PROFESIONAL DE EDUCACION CON MENCION EN PRIMARIA,Educación,Con Partner (AP),Presencial Regular,0,0,0,0,45,22,23,5,0,0,5,10,14,24,250,45,25,25,50
2024-08,2024,Agosto,E07010103,CARRERA PROFESIONAL DE EDUCACION CON MENCION EN PRIMARIA,Educación,Con Partner (AP),Presencial Regular,0,0,0,0,40,35,5,8,0,0,15,0,11,25,254,40,3,45,48
2024-09,2024,Setiembre,E07010103,CARRERA PROFESIONAL DE EDUCACION CON MENCION EN PRIMARIA,Educación,Con Partner (AP),Presencial Regular,2,0,0,0,52,42,10,2,0,0,5,4,4,24,260,52,22,34,56
2024-10,2024,Octubre,E07010103,CARRERA PROFESIONAL DE EDUCACION CON MENCION EN PRIMARIA,Educación,Con Partner (AP),Presencial Regular,0,0,0,0,43,40,3,1,1,0,14,2,5,17,268,43,3,42,45
2024-11,2024,Noviembre,E07010103,CARRERA PROFESIONAL DE EDUCACION CON MENCION EN PRIMARIA,Educación,Con Partner (AP),Presencial Regular,1,0,0,0,45,37,8,2,0,0,7,6,5,17,268,45,21,27,48
2024-12,2024,Diciembre,E07010103,CARRERA PROFESIONAL DE EDUCACION CON MENCION EN PRIMARIA,Educación,Con Partner (AP),Presencial Regular,1,0,0,0,35,32,3,1,0,0,15,3,8,14,273,35,0,37,37
2025-01,2025,Enero,E07010103,CARRERA PROFESIONAL DE EDUCACION CON MENCION EN PRIMARIA,Educación,Con Partner (AP),Presencial Regular,1,0,0,0,40,32,8,3,0,0,3,7,8,13,274,40,15,29,44
2025-02,2025,Febrero,E07010103,CARRERA PROFESIONAL DE EDUCACION CON MENCION EN PRIMARIA,Educación,Con Partner (AP),Presencial Regular,0,0,0,0,6,6,0,2,0,0,37,3,11,10,279,6,0,8,8
2025-03,2025,Marzo,E07010103,CARRERA PROFESIONAL DE EDUCACION CON MENCION EN PRIMARIA,Educación,Con Partner (AP),Presencial Regular,5,0,0,0,30,5,25,3,0,0,3,8,9,6,284,30,8,30,38
2025-04,2025,Abril,E07010103,CARRERA PROFESIONAL DE EDUCACION CON MENCION EN PRIMARIA,Educación,Con Partner (AP),Presencial Regular,3,0,0,0,29,28,1,3,0,0,3,1,12,7,285,29,0,35,35
2025-05,2025,Mayo,E07010103,CARRERA PROFESIONAL DE EDUCACION CON MENCION EN PRIMARIA,Educación,Con Partner (AP),Presencial Regular,0,0,0,0,22,21,1,2,0,0,11,2,10,8,285,22,8,16,24
2025-06,2025,Junio,E07010103,CARRERA PROFESIONAL DE EDUCACION CON MENCION EN PRIMARIA,Educación,Con Partner (AP),Presencial Regular,0,0,0,0,29,20,9,2,0,0,4,2,7,9,287,29,3,28,31
2025-07,2025,Julio,E07010103,CARRERA PROFESIONAL DE EDUCACION CON MENCION EN PRIMARIA,Educación,Con Partner (AP),Presencial Regular,0,0,0,0,27,27,0,2,0,0,4,4,6,10,287,27,0,29,29
2025-08,2025,Agosto,E07010103,CARRERA PROFESIONAL DE EDUCACION CON MENCION EN PRIMARIA,Educación,Con Partner (AP),Presencial Regular,1,0,0,0,30,28,2,0,0,0,1,1,5,13,289,30,0,31,31
2025-09,2025,Setiembre,E07010103,CARRERA PROFESIONAL DE EDUCACION CON MENCION EN PRIMARIA,Educación,Con Partner (AP),Presencial Regular,3,0,0,0,23,23,0,0,0,0,4,1,6,12,290,23,0,26,26
2025-10,2025,Octubre,E07010103,CARRERA PROFESIONAL DE EDUCACION CON MENCION EN PRIMARIA,Educación,Con Partner (AP),Presencial Regular,0,0,0,0,21,19,2,1,0,0,4,2,5,11,292,21,0,22,22
2025-11,2025,Noviembre,E07010103,CARRERA PROFESIONAL DE EDUCACION CON MENCION EN PRIMARIA,Educación,Con Partner (AP),Presencial Regular,0,0,0,0,19,16,3,0,0,0,6,1,7,10,293,19,2,17,19
2025-12,2025,Diciembre,E07010103,CARRERA PROFESIONAL DE EDUCACION CON MENCION EN PRIMARIA,Educación,Con Partner (AP),Presencial Regular,0,0,0,0,3,2,1,0,0,0,17,5,4,11,296,3,3,0,3
2026-01,2026,Enero,E07010103,CARRERA PROFESIONAL DE EDUCACION CON MENCION EN PRIMARIA,Educación,Con Partner (AP),Presencial Regular,5,0,0,0,15,3,12,3,0,0,0,2,3,11,297,15,0,23,23
2026-02,2026,Febrero,E07010103,CARRERA PROFESIONAL DE EDUCACION CON MENCION EN PRIMARIA,Educación,Con Partner (AP),Presencial Regular,1,0,0,0,11,11,0,0,0,0,6,0,5,6,302,11,0,12,12
2026-03,2026,Marzo,E07010103,CARRERA PROFESIONAL DE EDUCACION CON MENCION EN PRIMARIA,Educación,Con Partner (AP),Presencial Regular,2,0,0,0,15,11,4,1,0,0,0,2,1,7,302,15,0,18,18
2026-04,2026,Abril,E07010103,CARRERA PROFESIONAL DE EDUCACION CON MENCION EN PRIMARIA,Educación,Con Partner (AP),Presencial Regular,0,0,0,0,6,6,0,0,0,0,10,0,2,7,303,6,0,6,6
2026-05,2026,Mayo,E07010103,CARRERA PROFESIONAL DE EDUCACION CON MENCION EN PRIMARIA,Educación,Con Partner (AP),Presencial Regular,2,0,0,0,11,5,6,1,0,0,0,3,1,7,303,11,0,14,14
2026-06,2026,Junio,E07010103,CARRERA PROFESIONAL DE EDUCACION CON MENCION EN PRIMARIA,Educación,Con Partner (AP),Presencial Regular,0,0,0,0,4,4,0,1,0,0,8,0,3,3,307,4,0,5,5
2015-06,2015,Junio,E07010105,CARRERA PROFESIONAL DE EDUCACION CON MENCION EN CIENCIAS SOCIALES Y COMUNICACIÓN,Educación,Con Partner (AP),Presencial Regular,0,1,0,0,0,0,0,0,0,0,0,0,0,0,0,0,1,0,1
2015-07,2015,N/A,E07010105,CARRERA PROFESIONAL DE EDUCACION CON MENCION EN CIENCIAS SOCIALES Y COMUNICACIÓN,Educación,Con Partner (AP),Presencial Regular,0,0,0,0,0,0,0,0,0,0,1,0,0,0,0,0,0,0,0
2015-08,2015,Agosto,E07010105,CARRERA PROFESIONAL DE EDUCACION CON MENCION EN CIENCIAS SOCIALES Y COMUNICACIÓN,Educación,Con Partner (AP),Presencial Regular,0,0,0,0,1,0,1,0,0,0,0,0,0,0,0,1,1,0,1
2015-09,2015,Setiembre,E07010105,CARRERA PROFESIONAL DE EDUCACION CON MENCION EN CIENCIAS SOCIALES Y COMUNICACIÓN,Educación,Con Partner (AP),Presencial Regular,0,1,0,1,1,1,0,0,0,0,0,0,0,0,0,1,2,0,2
2015-10,2015,Octubre,E07010105,CARRERA PROFESIONAL DE EDUCACION CON MENCION EN CIENCIAS SOCIALES Y COMUNICACIÓN,Educación,Con Partner (AP),Presencial Regular,0,0,0,0,2,2,0,0,0,0,0,0,0,0,0,2,2,0,2
2015-11,2015,Noviembre,E07010105,CARRERA PROFESIONAL DE EDUCACION CON MENCION EN CIENCIAS SOCIALES Y COMUNICACIÓN,Educación,Con Partner (AP),Presencial Regular,0,1,0,0,2,2,0,0,0,0,0,0,0,0,0,2,3,0,3
2015-12,2015,Diciembre,E07010105,CARRERA PROFESIONAL DE EDUCACION CON MENCION EN CIENCIAS SOCIALES Y COMUNICACIÓN,Educación,Con Partner (AP),Presencial Regular,0,0,0,0,3,3,0,0,0,0,0,0,0,0,0,3,3,0,3
2016-01,2016,Enero,E07010105,CARRERA PROFESIONAL DE EDUCACION CON MENCION EN CIENCIAS SOCIALES Y COMUNICACIÓN,Educación,Con Partner (AP),Presencial Regular,0,1,0,0,3,3,0,0,0,0,0,0,0,0,0,3,4,0,4
2016-02,2016,Febrero,E07010105,CARRERA PROFESIONAL DE EDUCACION CON MENCION EN CIENCIAS SOCIALES Y COMUNICACIÓN,Educación,Con Partner (AP),Presencial Regular,0,0,0,0,3,3,0,0,0,0,1,0,0,0,0,3,3,0,3
2016-03,2016,Marzo,E07010105,CARRERA PROFESIONAL DE EDUCACION CON MENCION EN CIENCIAS SOCIALES Y COMUNICACIÓN,Educación,Con Partner (AP),Presencial Regular,0,0,0,0,3,2,1,0,0,0,1,0,0,0,0,3,3,0,3
2016-04,2016,Abril,E07010105,CARRERA PROFESIONAL DE EDUCACION CON MENCION EN CIENCIAS SOCIALES Y COMUNICACIÓN,Educación,Con Partner (AP),Presencial Regular,0,0,0,0,2,2,0,0,0,0,1,1,0,0,0,2,2,0,2
2016-05,2016,Mayo,E07010105,CARRERA PROFESIONAL DE EDUCACION CON MENCION EN CIENCIAS SOCIALES Y COMUNICACIÓN,Educación,Con Partner (AP),Presencial Regular,0,1,0,0,2,2,0,1,0,0,0,1,0,0,0,2,4,0,4
2016-06,2016,Junio,E07010105,CARRERA PROFESIONAL DE EDUCACION CON MENCION EN CIENCIAS SOCIALES Y COMUNICACIÓN,Educación,Con Partner (AP),Presencial Regular,0,0,0,0,1,1,0,1,0,0,3,0,0,0,0,1,2,0,2
2016-07,2016,Julio,E07010105,CARRERA PROFESIONAL DE EDUCACION CON MENCION EN CIENCIAS SOCIALES Y COMUNICACIÓN,Educación,Con Partner (AP),Presencial Regular,0,0,0,0,3,2,1,0,0,0,0,2,0,0,0,3,3,0,3
2016-08,2016,Agosto,E07010105,CARRERA PROFESIONAL DE EDUCACION CON MENCION EN CIENCIAS SOCIALES Y COMUNICACIÓN,Educación,Con Partner (AP),Presencial Regular,0,0,0,0,3,3,0,1,0,0,0,0,1,0,0,3,4,0,4
2016-09,2016,Setiembre,E07010105,CARRERA PROFESIONAL DE EDUCACION CON MENCION EN CIENCIAS SOCIALES Y COMUNICACIÓN,Educación,Con Partner (AP),Presencial Regular,0,0,0,0,4,4,0,0,0,0,0,0,1,0,0,4,4,0,4
2016-10,2016,Octubre,E07010105,CARRERA PROFESIONAL DE EDUCACION CON MENCION EN CIENCIAS SOCIALES Y COMUNICACIÓN,Educación,Con Partner (AP),Presencial Regular,0,0,0,0,4,4,0,1,0,0,0,0,0,0,0,4,5,0,5
2016-11,2016,Noviembre,E07010105,CARRERA PROFESIONAL DE EDUCACION CON MENCION EN CIENCIAS SOCIALES Y COMUNICACIÓN,Educación,Con Partner (AP),Presencial Regular,0,0,0,0,4,4,0,0,0,0,1,0,0,0,0,4,4,0,4
2016-12,2016,Diciembre,E07010105,CARRERA PROFESIONAL DE EDUCACION CON MENCION EN CIENCIAS SOCIALES Y COMUNICACIÓN,Educación,Con Partner (AP),Presencial Regular,0,1,0,1,3,3,0,0,0,0,1,1,0,0,0,3,4,0,4
2017-01,2017,Enero,E07010105,CARRERA PROFESIONAL DE EDUCACION CON MENCION EN CIENCIAS SOCIALES Y COMUNICACIÓN,Educación,Con Partner (AP),Presencial Regular,0,0,0,0,5,4,1,1,0,0,0,0,0,0,0,5,6,0,6
2017-02,2017,Febrero,E07010105,CARRERA PROFESIONAL DE EDUCACION CON MENCION EN CIENCIAS SOCIALES Y COMUNICACIÓN,Educación,Con Partner (AP),Presencial Regular,0,0,0,0,5,5,0,0,0,0,1,0,0,0,0,5,5,0,5
2017-03,2017,Marzo,E07010105,CARRERA PROFESIONAL DE EDUCACION CON MENCION EN CIENCIAS SOCIALES Y COMUNICACIÓN,Educación,Con Partner (AP),Presencial Regular,0,0,0,0,5,4,1,0,0,0,1,0,0,0,0,5,5,0,5
2017-04,2017,Abril,E07010105,CARRERA PROFESIONAL DE EDUCACION CON MENCION EN CIENCIAS SOCIALES Y COMUNICACIÓN,Educación,Con Partner (AP),Presencial Regular,0,0,0,0,2,2,0,0,0,0,3,1,0,0,0,2,2,0,2
2017-05,2017,Mayo,E07010105,CARRERA PROFESIONAL DE EDUCACION CON MENCION EN CIENCIAS SOCIALES Y COMUNICACIÓN,Educación,Con Partner (AP),Presencial Regular,0,0,0,0,1,1,0,0,0,0,1,3,1,0,0,1,1,0,1
2017-06,2017,Junio,E07010105,CARRERA PROFESIONAL DE EDUCACION CON MENCION EN CIENCIAS SOCIALES Y COMUNICACIÓN,Educación,Con Partner (AP),Presencial Regular,0,0,0,0,1,0,1,1,0,0,1,0,3,0,0,1,2,0,2
2017-07,2017,Julio,E07010105,CARRERA PROFESIONAL DE EDUCACION CON MENCION EN CIENCIAS SOCIALES Y COMUNICACIÓN,Educación,Con Partner (AP),Presencial Regular,0,0,0,0,2,2,0,0,0,0,0,1,3,0,0,2,2,0,2
2017-08,2017,Agosto,E07010105,CARRERA PROFESIONAL DE EDUCACION CON MENCION EN CIENCIAS SOCIALES Y COMUNICACIÓN,Educación,Con Partner (AP),Presencial Regular,0,0,0,0,1,1,0,2,0,0,1,0,2,0,0,1,3,0,3
2017-09,2017,Setiembre,E07010105,CARRERA PROFESIONAL DE EDUCACION CON MENCION EN CIENCIAS SOCIALES Y COMUNICACIÓN,Educación,Con Partner (AP),Presencial Regular,0,0,0,0,3,2,1,0,1,0,1,0,1,0,0,3,4,0,4
2017-10,2017,Octubre,E07010105,CARRERA PROFESIONAL DE EDUCACION CON MENCION EN CIENCIAS SOCIALES Y COMUNICACIÓN,Educación,Con Partner (AP),Presencial Regular,0,0,0,0,2,2,0,0,0,0,2,1,0,1,0,2,2,0,2
2017-11,2017,Noviembre,E07010105,CARRERA PROFESIONAL DE EDUCACION CON MENCION EN CIENCIAS SOCIALES Y COMUNICACIÓN,Educación,Con Partner (AP),Presencial Regular,0,0,0,0,2,2,0,0,1,0,0,2,1,0,0,2,3,0,3
2017-12,2017,Diciembre,E07010105,CARRERA PROFESIONAL DE EDUCACION CON MENCION EN CIENCIAS SOCIALES Y COMUNICACIÓN,Educación,Con Partner (AP),Presencial Regular,0,0,0,0,2,2,0,0,0,0,1,0,3,0,0,2,2,0,2
2018-01,2018,Enero,E07010105,CARRERA PROFESIONAL DE EDUCACION CON MENCION EN CIENCIAS SOCIALES Y COMUNICACIÓN,Educación,Con Partner (AP),Presencial Regular,0,0,0,0,3,2,1,0,0,0,0,0,3,0,0,3,3,0,3
2018-02,2018,Febrero,E07010105,CARRERA PROFESIONAL DE EDUCACION CON MENCION EN CIENCIAS SOCIALES Y COMUNICACIÓN,Educación,Con Partner (AP),Presencial Regular,0,0,0,0,2,2,0,0,0,0,1,0,3,0,0,2,2,0,2
2018-03,2018,Marzo,E07010105,CARRERA PROFESIONAL DE EDUCACION CON MENCION EN CIENCIAS SOCIALES Y COMUNICACIÓN,Educación,Con Partner (AP),Presencial Regular,0,0,0,0,0,0,0,1,0,0,2,1,1,1,0,0,1,0,1
2018-04,2018,Abril,E07010105,CARRERA PROFESIONAL DE EDUCACION CON MENCION EN CIENCIAS SOCIALES Y COMUNICACIÓN,Educación,Con Partner (AP),Presencial Regular,0,0,0,0,2,0,2,0,0,0,1,0,1,2,0,2,2,0,2
2018-05,2018,Mayo,E07010105,CARRERA PROFESIONAL DE EDUCACION CON MENCION EN CIENCIAS SOCIALES Y COMUNICACIÓN,Educación,Con Partner (AP),Presencial Regular,0,0,0,0,1,1,0,0,0,0,1,1,1,2,0,1,1,0,1
2018-06,2018,Junio,E07010105,CARRERA PROFESIONAL DE EDUCACION CON MENCION EN CIENCIAS SOCIALES Y COMUNICACIÓN,Educación,Con Partner (AP),Presencial Regular,0,0,0,0,1,1,0,0,0,0,0,1,2,2,0,1,1,0,1
2018-07,2018,Julio,E07010105,CARRERA PROFESIONAL DE EDUCACION CON MENCION EN CIENCIAS SOCIALES Y COMUNICACIÓN,Educación,Con Partner (AP),Presencial Regular,0,1,0,0,0,0,0,0,0,0,1,0,3,2,0,0,1,0,1
2018-08,2018,Agosto,E07010105,CARRERA PROFESIONAL DE EDUCACION CON MENCION EN CIENCIAS SOCIALES Y COMUNICACIÓN,Educación,Con Partner (AP),Presencial Regular,0,0,0,0,0,0,0,1,1,0,1,1,1,2,0,0,2,0,2
2018-09,2018,Setiembre,E07010105,CARRERA PROFESIONAL DE EDUCACION CON MENCION EN CIENCIAS SOCIALES Y COMUNICACIÓN,Educación,Con Partner (AP),Presencial Regular,0,0,0,0,0,0,0,1,0,0,2,1,1,2,0,0,1,0,1
2018-10,2018,Octubre,E07010105,CARRERA PROFESIONAL DE EDUCACION CON MENCION EN CIENCIAS SOCIALES Y COMUNICACIÓN,Educación,Con Partner (AP),Presencial Regular,0,0,0,0,2,0,2,0,0,0,1,0,2,1,1,2,2,0,2
2018-11,2018,N/A,E07010105,CARRERA PROFESIONAL DE EDUCACION CON MENCION EN CIENCIAS SOCIALES Y COMUNICACIÓN,Educación,Con Partner (AP),Presencial Regular,0,0,0,0,0,0,0,0,0,0,2,1,1,2,1,0,0,0,0
2018-12,2018,Diciembre,E07010105,CARRERA PROFESIONAL DE EDUCACION CON MENCION EN CIENCIAS SOCIALES Y COMUNICACIÓN,Educación,Con Partner (AP),Presencial Regular,0,1,0,0,1,0,1,0,0,0,0,1,2,2,1,1,2,0,2
2019-01,2019,Enero,E07010105,CARRERA PROFESIONAL DE EDUCACION CON MENCION EN CIENCIAS SOCIALES Y COMUNICACIÓN,Educación,Con Partner (AP),Presencial Regular,0,3,0,1,0,0,0,1,0,0,2,0,2,2,1,0,4,0,4
2019-02,2019,Febrero,E07010105,CARRERA PROFESIONAL DE EDUCACION CON MENCION EN CIENCIAS SOCIALES Y COMUNICACIÓN,Educación,Con Partner (AP),Presencial Regular,0,0,0,0,1,1,0,0,0,0,3,2,1,2,2,1,1,0,1
2019-03,2019,Marzo,E07010105,CARRERA PROFESIONAL DE EDUCACION CON MENCION EN CIENCIAS SOCIALES Y COMUNICACIÓN,Educación,Con Partner (AP),Presencial Regular,0,3,0,0,1,1,0,0,0,0,0,3,3,2,2,1,4,0,4
2019-04,2019,Abril,E07010105,CARRERA PROFESIONAL DE EDUCACION CON MENCION EN CIENCIAS SOCIALES Y COMUNICACIÓN,Educación,Con Partner (AP),Presencial Regular,0,5,0,0,1,1,0,3,0,0,3,0,3,2,2,1,9,0,9
2019-05,2019,Mayo,E07010105,CARRERA PROFESIONAL DE EDUCACION CON MENCION EN CIENCIAS SOCIALES Y COMUNICACIÓN,Educación,Con Partner (AP),Presencial Regular,0,3,0,1,11,9,2,0,0,0,0,1,3,1,3,11,14,0,14
2019-06,2019,Junio,E07010105,CARRERA PROFESIONAL DE EDUCACION CON MENCION EN CIENCIAS SOCIALES Y COMUNICACIÓN,Educación,Con Partner (AP),Presencial Regular,0,2,0,0,11,11,0,0,0,0,3,0,4,1,3,11,13,0,13
2019-07,2019,Julio,E07010105,CARRERA PROFESIONAL DE EDUCACION CON MENCION EN CIENCIAS SOCIALES Y COMUNICACIÓN,Educación,Con Partner (AP),Presencial Regular,0,2,0,0,11,11,0,0,0,0,2,3,3,2,3,11,13,0,13
2019-08,2019,Agosto,E07010105,CARRERA PROFESIONAL DE EDUCACION CON MENCION EN CIENCIAS SOCIALES Y COMUNICACIÓN,Educación,Con Partner (AP),Presencial Regular,0,2,0,0,10,10,0,1,0,1,3,2,3,3,3,10,13,1,14
2019-09,2019,Setiembre,E07010105,CARRERA PROFESIONAL DE EDUCACION CON MENCION EN CIENCIAS SOCIALES Y COMUNICACIÓN,Educación,Con Partner (AP),Presencial Regular,0,4,0,1,13,12,1,0,0,0,2,2,5,3,3,13,15,2,17
2019-10,2019,Octubre,E07010105,CARRERA PROFESIONAL DE EDUCACION CON MENCION EN CIENCIAS SOCIALES Y COMUNICACIÓN,Educación,Con Partner (AP),Presencial Regular,0,5,0,0,13,13,0,0,0,0,4,2,6,4,3,13,17,1,18
2019-11,2019,Noviembre,E07010105,CARRERA PROFESIONAL DE EDUCACION CON MENCION EN CIENCIAS SOCIALES Y COMUNICACIÓN,Educación,Con Partner (AP),Presencial Regular,0,4,0,1,17,15,2,1,0,0,3,2,7,4,3,17,22,0,22
2019-12,2019,Diciembre,E07010105,CARRERA PROFESIONAL DE EDUCACION CON MENCION EN CIENCIAS SOCIALES Y COMUNICACIÓN,Educación,Con Partner (AP),Presencial Regular,0,1,0,0,17,15,2,0,0,0,7,1,8,5,3,17,17,1,18
2020-01,2020,Enero,E07010105,CARRERA PROFESIONAL DE EDUCACION CON MENCION EN CIENCIAS SOCIALES Y COMUNICACIÓN,Educación,Con Partner (AP),Presencial Regular,0,2,0,0,14,13,1,1,1,0,5,6,6,5,4,14,18,0,18
2020-02,2020,Febrero,E07010105,CARRERA PROFESIONAL DE EDUCACION CON MENCION EN CIENCIAS SOCIALES Y COMUNICACIÓN,Educación,Con Partner (AP),Presencial Regular,0,11,0,7,14,13,1,0,0,0,5,4,11,5,5,14,24,1,25
2020-03,2020,Marzo,E07010105,CARRERA PROFESIONAL DE EDUCACION CON MENCION EN CIENCIAS SOCIALES Y COMUNICACIÓN,Educación,Con Partner (AP),Presencial Regular,0,14,0,4,23,22,1,0,0,0,3,4,13,7,5,23,37,0,37
2020-04,2020,Abril,E07010105,CARRERA PROFESIONAL DE EDUCACION CON MENCION EN CIENCIAS SOCIALES Y COMUNICACIÓN,Educación,Con Partner (AP),Presencial Regular,0,16,0,5,22,22,0,3,0,0,15,3,12,8,6,22,41,0,41
2020-05,2020,Mayo,E07010105,CARRERA PROFESIONAL DE EDUCACION CON MENCION EN CIENCIAS SOCIALES Y COMUNICACIÓN,Educación,Con Partner (AP),Presencial Regular,0,4,0,2,34,28,6,1,0,0,13,9,13,9,6,34,39,0,39
2020-06,2020,Junio,E07010105,CARRERA PROFESIONAL DE EDUCACION CON MENCION EN CIENCIAS SOCIALES Y COMUNICACIÓN,Educación,Con Partner (AP),Presencial Regular,0,6,0,0,36,32,4,1,0,1,7,9,16,13,6,36,44,0,44
2020-07,2020,Julio,E07010105,CARRERA PROFESIONAL DE EDUCACION CON MENCION EN CIENCIAS SOCIALES Y COMUNICACIÓN,Educación,Con Partner (AP),Presencial Regular,0,7,0,1,41,37,4,6,0,0,7,3,17,13,8,41,54,0,54
2020-08,2020,Agosto,E07010105,CARRERA PROFESIONAL DE EDUCACION CON MENCION EN CIENCIAS SOCIALES Y COMUNICACIÓN,Educación,Con Partner (AP),Presencial Regular,0,6,0,3,39,37,2,4,0,0,17,5,14,14,9,39,49,0,49
2020-09,2020,Setiembre,E07010105,CARRERA PROFESIONAL DE EDUCACION CON MENCION EN CIENCIAS SOCIALES Y COMUNICACIÓN,Educación,Con Partner (AP),Presencial Regular,0,7,0,2,46,41,5,2,1,1,8,12,14,14,10,46,57,0,57
2020-10,2020,Octubre,E07010105,CARRERA PROFESIONAL DE EDUCACION CON MENCION EN CIENCIAS SOCIALES Y COMUNICACIÓN,Educación,Con Partner (AP),Presencial Regular,0,8,0,2,55,51,4,6,0,0,6,4,15,17,12,55,69,0,69
2020-11,2020,Noviembre,E07010105,CARRERA PROFESIONAL DE EDUCACION CON MENCION EN CIENCIAS SOCIALES Y COMUNICACIÓN,Educación,Con Partner (AP),Presencial Regular,0,9,0,2,55,53,2,1,0,0,16,4,16,18,13,55,65,0,65
2020-12,2020,Diciembre,E07010105,CARRERA PROFESIONAL DE EDUCACION CON MENCION EN CIENCIAS SOCIALES Y COMUNICACIÓN,Educación,Con Partner (AP),Presencial Regular,0,4,0,1,59,52,7,2,1,0,13,9,16,14,18,59,66,0,66
2021-01,2021,Enero,E07010105,CARRERA PROFESIONAL DE EDUCACION CON MENCION EN CIENCIAS SOCIALES Y COMUNICACIÓN,Educación,Con Partner (AP),Presencial Regular,0,6,0,1,61,52,9,4,0,0,14,4,18,15,20,61,71,0,71
2021-02,2021,Febrero,E07010105,CARRERA PROFESIONAL DE EDUCACION CON MENCION EN CIENCIAS SOCIALES Y COMUNICACIÓN,Educación,Con Partner (AP),Presencial Regular,0,11,0,3,52,49,3,2,0,0,22,11,13,20,22,52,65,0,65
2021-03,2021,Marzo,E07010105,CARRERA PROFESIONAL DE EDUCACION CON MENCION EN CIENCIAS SOCIALES Y COMUNICACIÓN,Educación,Con Partner (AP),Presencial Regular,0,13,0,4,65,57,8,6,0,0,8,14,17,19,24,65,84,0,84
2021-04,2021,Abril,E07010105,CARRERA PROFESIONAL DE EDUCACION CON MENCION EN CIENCIAS SOCIALES Y COMUNICACIÓN,Educación,Con Partner (AP),Presencial Regular,0,8,0,1,70,69,1,6,0,0,15,7,21,18,29,70,84,0,84
2021-05,2021,Mayo,E07010105,CARRERA PROFESIONAL DE EDUCACION CON MENCION EN CIENCIAS SOCIALES Y COMUNICACIÓN,Educación,Con Partner (AP),Presencial Regular,0,9,0,1,78,72,6,3,0,0,12,9,20,22,30,78,90,0,90
2021-06,2021,Junio,E07010105,CARRERA PROFESIONAL DE EDUCACION CON MENCION EN CIENCIAS SOCIALES Y COMUNICACIÓN,Educación,Con Partner (AP),Presencial Regular,0,3,0,2,70,66,4,1,0,0,24,8,26,22,32,70,74,0,74
2021-07,2021,Julio,E07010105,CARRERA PROFESIONAL DE EDUCACION CON MENCION EN CIENCIAS SOCIALES Y COMUNICACIÓN,Educación,Con Partner (AP),Presencial Regular,0,4,0,1,70,58,12,5,1,0,16,12,26,21,35,70,79,1,80
2021-08,2021,Agosto,E07010105,CARRERA PROFESIONAL DE EDUCACION CON MENCION EN CIENCIAS SOCIALES Y COMUNICACIÓN,Educación,Con Partner (AP),Presencial Regular,0,9,0,3,76,68,8,3,2,0,12,8,29,18,42,76,86,4,90
2021-09,2021,Setiembre,E07010105,CARRERA PROFESIONAL DE EDUCACION CON MENCION EN CIENCIAS SOCIALES Y COMUNICACIÓN,Educación,Con Partner (AP),Presencial Regular,0,5,0,0,76,69,7,4,0,0,21,5,27,23,43,76,82,3,85
2021-10,2021,Octubre,E07010105,CARRERA PROFESIONAL DE EDUCACION CON MENCION EN CIENCIAS SOCIALES Y COMUNICACIÓN,Educación,Con Partner (AP),Presencial Regular,0,2,0,1,76,66,10,2,3,1,19,11,23,24,45,76,79,5,84
2021-11,2021,Noviembre,E07010105,CARRERA PROFESIONAL DE EDUCACION CON MENCION EN CIENCIAS SOCIALES Y COMUNICACIÓN,Educación,Con Partner (AP),Presencial Regular,0,1,0,0,79,67,12,3,0,0,17,7,26,24,50,79,82,1,83
2021-12,2021,Diciembre,E07010105,CARRERA PROFESIONAL DE EDUCACION CON MENCION EN CIENCIAS SOCIALES Y COMUNICACIÓN,Educación,Con Partner (AP),Presencial Regular,0,3,0,0,45,38,7,4,1,0,45,10,20,31,51,45,53,0,53
2022-01,2022,Enero,E07010105,CARRERA PROFESIONAL DE EDUCACION CON MENCION EN CIENCIAS SOCIALES Y COMUNICACIÓN,Educación,Con Partner (AP),Presencial Regular,0,0,0,0,75,40,35,8,3,0,13,10,18,29,54,75,84,2,86
2022-02,2022,Febrero,E07010105,CARRERA PROFESIONAL DE EDUCACION CON MENCION EN CIENCIAS SOCIALES Y COMUNICACIÓN,Educación,Con Partner (AP),Presencial Regular,0,2,0,1,59,54,5,5,0,0,32,8,21,28,57,59,64,2,66
2022-03,2022,Marzo,E07010105,CARRERA PROFESIONAL DE EDUCACION CON MENCION EN CIENCIAS SOCIALES Y COMUNICACIÓN,Educación,Con Partner (AP),Presencial Regular,0,6,0,2,78,59,19,3,1,0,7,13,20,28,62,78,86,2,88
2022-04,2022,Abril,E07010105,CARRERA PROFESIONAL DE EDUCACION CON MENCION EN CIENCIAS SOCIALES Y COMUNICACIÓN,Educación,Con Partner (AP),Presencial Regular,0,5,0,0,58,56,2,8,0,0,32,5,22,27,66,58,63,8,71
2022-05,2022,Mayo,E07010105,CARRERA PROFESIONAL DE EDUCACION CON MENCION EN CIENCIAS SOCIALES Y COMUNICACIÓN,Educación,Con Partner (AP),Presencial Regular,0,1,0,1,73,50,23,7,0,0,21,9,18,24,71,73,78,3,81
2022-06,2022,Junio,E07010105,CARRERA PROFESIONAL DE EDUCACION CON MENCION EN CIENCIAS SOCIALES Y COMUNICACIÓN,Educación,Con Partner (AP),Presencial Regular,0,9,0,3,29,20,9,1,0,1,61,12,24,19,77,29,40,0,40
2022-07,2022,Julio,E07010105,CARRERA PROFESIONAL DE EDUCACION CON MENCION EN CIENCIAS SOCIALES Y COMUNICACIÓN,Educación,Con Partner (AP),Presencial Regular,0,7,0,5,82,36,46,10,1,2,4,15,21,19,79,82,97,5,102
2022-08,2022,Agosto,E07010105,CARRERA PROFESIONAL DE EDUCACION CON MENCION EN CIENCIAS SOCIALES Y COMUNICACIÓN,Educación,Con Partner (AP),Presencial Regular,0,7,0,1,79,76,3,11,0,2,26,1,18,24,79,79,78,21,99
2022-09,2022,Setiembre,E07010105,CARRERA PROFESIONAL DE EDUCACION CON MENCION EN CIENCIAS SOCIALES Y COMUNICACIÓN,Educación,Con Partner (AP),Presencial Regular,0,5,0,1,91,74,17,4,0,0,25,9,15,18,85,91,97,3,100
2022-10,2022,Octubre,E07010105,CARRERA PROFESIONAL DE EDUCACION CON MENCION EN CIENCIAS SOCIALES Y COMUNICACIÓN,Educación,Con Partner (AP),Presencial Regular,0,0,0,0,55,53,2,4,0,0,47,23,16,19,88,55,40,19,59
2022-11,2022,Noviembre,E07010105,CARRERA PROFESIONAL DE EDUCACION CON MENCION EN CIENCIAS SOCIALES Y COMUNICACIÓN,Educación,Con Partner (AP),Presencial Regular,0,2,0,0,80,46,34,9,0,0,13,13,26,21,90,80,85,6,91
2022-12,2022,Diciembre,E07010105,CARRERA PROFESIONAL DE EDUCACION CON MENCION EN CIENCIAS SOCIALES Y COMUNICACIÓN,Educación,Con Partner (AP),Presencial Regular,0,3,0,0,24,23,1,1,0,0,68,12,35,22,92,24,28,0,28
2023-01,2023,Enero,E07010105,CARRERA PROFESIONAL DE EDUCACION CON MENCION EN CIENCIAS SOCIALES Y COMUNICACIÓN,Educación,Con Partner (AP),Presencial Regular,0,0,0,0,79,21,58,19,0,2,7,10,27,19,94,79,93,7,100
2023-02,2023,Febrero,E07010105,CARRERA PROFESIONAL DE EDUCACION CON MENCION EN CIENCIAS SOCIALES Y COMUNICACIÓN,Educación,Con Partner (AP),Presencial Regular,0,0,0,0,33,31,2,7,0,0,69,5,27,15,101,33,38,2,40
2023-03,2023,Marzo,E07010105,CARRERA PROFESIONAL DE EDUCACION CON MENCION EN CIENCIAS SOCIALES Y COMUNICACIÓN,Educación,Con Partner (AP),Presencial Regular,0,0,0,0,75,26,49,3,1,0,14,20,18,25,101,75,75,4,79
2023-04,2023,Abril,E07010105,CARRERA PROFESIONAL DE EDUCACION CON MENCION EN CIENCIAS SOCIALES Y COMUNICACIÓN,Educación,Con Partner (AP),Presencial Regular,0,0,0,0,45,40,5,4,0,0,39,9,29,26,105,45,22,27,49
2023-05,2023,Mayo,E07010105,CARRERA PROFESIONAL DE EDUCACION CON MENCION EN CIENCIAS SOCIALES Y COMUNICACIÓN,Educación,Con Partner (AP),Presencial Regular,0,0,0,0,60,37,23,4,0,0,12,16,29,27,109,60,59,5,64
2023-06,2023,Junio,E07010105,CARRERA PROFESIONAL DE EDUCACION CON MENCION EN CIENCIAS SOCIALES Y COMUNICACIÓN,Educación,Con Partner (AP),Presencial Regular,0,0,0,0,34,32,2,4,0,0,32,10,37,28,112,34,29,9,38
2023-07,2023,Julio,E07010105,CARRERA PROFESIONAL DE EDUCACION CON MENCION EN CIENCIAS SOCIALES Y COMUNICACIÓN,Educación,Con Partner (AP),Presencial Regular,0,0,0,0,40,27,13,8,0,0,11,19,35,31,113,40,40,8,48
2023-08,2023,Agosto,E07010105,CARRERA PROFESIONAL DE EDUCACION CON MENCION EN CIENCIAS SOCIALES Y COMUNICACIÓN,Educación,Con Partner (AP),Presencial Regular,0,0,0,0,31,27,4,7,0,0,21,7,34,42,115,31,15,23,38
2023-09,2023,Setiembre,E07010105,CARRERA PROFESIONAL DE EDUCACION CON MENCION EN CIENCIAS SOCIALES Y COMUNICACIÓN,Educación,Con Partner (AP),Presencial Regular,0,0,0,0,43,32,11,7,1,0,6,10,30,34,126,43,39,12,51
2023-10,2023,Octubre,E07010105,CARRERA PROFESIONAL DE EDUCACION CON MENCION EN CIENCIAS SOCIALES Y COMUNICACIÓN,Educación,Con Partner (AP),Presencial Regular,0,0,0,0,35,31,4,4,0,0,20,2,26,40,130,35,13,26,39
2023-11,2023,Noviembre,E07010105,CARRERA PROFESIONAL DE EDUCACION CON MENCION EN CIENCIAS SOCIALES Y COMUNICACIÓN,Educación,Con Partner (AP),Presencial Regular,0,0,0,0,34,26,8,1,1,0,13,12,23,38,135,34,26,10,36
2023-12,2023,Diciembre,E07010105,CARRERA PROFESIONAL DE EDUCACION CON MENCION EN CIENCIAS SOCIALES Y COMUNICACIÓN,Educación,Con Partner (AP),Presencial Regular,3,0,0,0,2,1,1,0,0,0,32,12,23,46,139,2,1,4,5
2024-01,2024,Enero,E07010105,CARRERA PROFESIONAL DE EDUCACION CON MENCION EN CIENCIAS SOCIALES Y COMUNICACIÓN,Educación,Con Partner (AP),Presencial Regular,0,0,0,0,27,2,25,10,2,0,0,7,21,44,143,27,27,12,39
2024-02,2024,Febrero,E07010105,CARRERA PROFESIONAL DE EDUCACION CON MENCION EN CIENCIAS SOCIALES Y COMUNICACIÓN,Educación,Con Partner (AP),Presencial Regular,0,0,0,0,27,27,0,6,0,0,12,0,17,37,155,27,9,24,33
2024-03,2024,Marzo,E07010105,CARRERA PROFESIONAL DE EDUCACION CON MENCION EN CIENCIAS SOCIALES Y COMUNICACIÓN,Educación,Con Partner (AP),Presencial Regular,0,0,0,0,29,24,5,5,0,0,9,7,11,34,159,29,16,18,34
2024-04,2024,Abril,E07010105,CARRERA PROFESIONAL DE EDUCACION CON MENCION EN CIENCIAS SOCIALES Y COMUNICACIÓN,Educación,Con Partner (AP),Presencial Regular,0,0,0,0,26,22,4,2,0,0,12,5,11,29,169,26,1,27,28
2024-05,2024,Mayo,E07010105,CARRERA PROFESIONAL DE EDUCACION CON MENCION EN CIENCIAS SOCIALES Y COMUNICACIÓN,Educación,Con Partner (AP),Presencial Regular,0,0,0,0,29,24,5,1,0,0,4,7,14,26,173,29,12,18,30
2024-06,2024,Junio,E07010105,CARRERA PROFESIONAL DE EDUCACION CON MENCION EN CIENCIAS SOCIALES Y COMUNICACIÓN,Educación,Con Partner (AP),Presencial Regular,0,0,0,0,20,16,4,0,0,0,14,0,17,19,184,20,0,20,20
2024-07,2024,Julio,E07010105,CARRERA PROFESIONAL DE EDUCACION CON MENCION EN CIENCIAS SOCIALES Y COMUNICACIÓN,Educación,Con Partner (AP),Presencial Regular,0,0,0,0,31,19,12,5,0,0,1,2,12,16,187,31,14,22,36
2024-08,2024,Agosto,E07010105,CARRERA PROFESIONAL DE EDUCACION CON MENCION EN CIENCIAS SOCIALES Y COMUNICACIÓN,Educación,Con Partner (AP),Presencial Regular,1,0,0,0,28,28,0,2,0,0,8,0,8,15,192,28,2,29,31
2024-09,2024,Setiembre,E07010105,CARRERA PROFESIONAL DE EDUCACION CON MENCION EN CIENCIAS SOCIALES Y COMUNICACIÓN,Educación,Con Partner (AP),Presencial Regular,0,0,0,0,33,27,6,0,0,0,3,2,4,18,193,33,8,25,33
2024-10,2024,Octubre,E07010105,CARRERA PROFESIONAL DE EDUCACION CON MENCION EN CIENCIAS SOCIALES Y COMUNICACIÓN,Educación,Con Partner (AP),Presencial Regular,0,0,0,0,30,29,1,0,0,0,4,2,3,16,198,30,2,28,30
2024-11,2024,Noviembre,E07010105,CARRERA PROFESIONAL DE EDUCACION CON MENCION EN CIENCIAS SOCIALES Y COMUNICACIÓN,Educación,Con Partner (AP),Presencial Regular,1,0,0,0,31,28,3,2,0,0,1,1,3,15,199,31,10,24,34
2024-12,2024,Diciembre,E07010105,CARRERA PROFESIONAL DE EDUCACION CON MENCION EN CIENCIAS SOCIALES Y COMUNICACIÓN,Educación,Con Partner (AP),Presencial Regular,0,0,0,0,22,21,1,0,0,0,12,0,3,12,203,22,0,22,22
2025-01,2025,Enero,E07010105,CARRERA PROFESIONAL DE EDUCACION CON MENCION EN CIENCIAS SOCIALES Y COMUNICACIÓN,Educación,Con Partner (AP),Presencial Regular,0,0,0,0,20,12,8,1,0,0,10,4,2,12,203,20,4,17,21
2025-02,2025,Febrero,E07010105,CARRERA PROFESIONAL DE EDUCACION CON MENCION EN CIENCIAS SOCIALES Y COMUNICACIÓN,Educación,Con Partner (AP),Presencial Regular,0,0,0,0,28,20,8,1,0,0,1,2,4,9,207,28,0,29,29
2025-03,2025,Marzo,E07010105,CARRERA PROFESIONAL DE EDUCACION CON MENCION EN CIENCIAS SOCIALES Y COMUNICACIÓN,Educación,Con Partner (AP),Presencial Regular,0,0,0,0,23,22,1,2,0,0,7,0,3,6,211,23,8,17,25
2025-04,2025,Abril,E07010105,CARRERA PROFESIONAL DE EDUCACION CON MENCION EN CIENCIAS SOCIALES Y COMUNICACIÓN,Educación,Con Partner (AP),Presencial Regular,3,0,0,0,25,21,4,0,0,0,4,0,3,3,214,25,0,28,28
2025-05,2025,Mayo,E07010105,CARRERA PROFESIONAL DE EDUCACION CON MENCION EN CIENCIAS SOCIALES Y COMUNICACIÓN,Educación,Con Partner (AP),Presencial Regular,0,0,0,0,20,19,1,1,0,0,6,3,2,3,214,20,5,16,21
2025-06,2025,Junio,E07010105,CARRERA PROFESIONAL DE EDUCACION CON MENCION EN CIENCIAS SOCIALES Y COMUNICACIÓN,Educación,Con Partner (AP),Presencial Regular,0,0,0,0,23,19,4,1,0,0,2,2,2,4,215,23,1,23,24
2025-07,2025,Julio,E07010105,CARRERA PROFESIONAL DE EDUCACION CON MENCION EN CIENCIAS SOCIALES Y COMUNICACIÓN,Educación,Con Partner (AP),Presencial Regular,2,0,0,0,22,22,0,0,0,0,1,2,3,4,215,22,0,24,24
2025-08,2025,Agosto,E07010105,CARRERA PROFESIONAL DE EDUCACION CON MENCION EN CIENCIAS SOCIALES Y COMUNICACIÓN,Educación,Con Partner (AP),Presencial Regular,1,0,0,0,15,15,0,0,0,0,7,1,4,3,216,15,0,16,16
2025-09,2025,Setiembre,E07010105,CARRERA PROFESIONAL DE EDUCACION CON MENCION EN CIENCIAS SOCIALES Y COMUNICACIÓN,Educación,Con Partner (AP),Presencial Regular,2,0,0,0,15,12,3,0,0,0,2,3,5,2,217,15,2,15,17
2025-10,2025,Octubre,E07010105,CARRERA PROFESIONAL DE EDUCACION CON MENCION EN CIENCIAS SOCIALES Y COMUNICACIÓN,Educación,Con Partner (AP),Presencial Regular,1,0,0,0,13,12,1,3,0,0,3,1,2,4,217,13,0,17,17
2025-11,2025,Noviembre,E07010105,CARRERA PROFESIONAL DE EDUCACION CON MENCION EN CIENCIAS SOCIALES Y COMUNICACIÓN,Educación,Con Partner (AP),Presencial Regular,1,0,0,0,7,6,1,1,0,0,9,2,2,4,217,7,1,8,9
2025-12,2025,Diciembre,E07010105,CARRERA PROFESIONAL DE EDUCACION CON MENCION EN CIENCIAS SOCIALES Y COMUNICACIÓN,Educación,Con Partner (AP),Presencial Regular,1,0,0,0,2,2,0,0,0,0,6,9,1,4,219,2,2,1,3
2026-01,2026,Enero,E07010105,CARRERA PROFESIONAL DE EDUCACION CON MENCION EN CIENCIAS SOCIALES Y COMUNICACIÓN,Educación,Con Partner (AP),Presencial Regular,2,0,0,0,5,2,3,5,0,0,0,3,3,4,219,5,0,12,12
2026-02,2026,Febrero,E07010105,CARRERA PROFESIONAL DE EDUCACION CON MENCION EN CIENCIAS SOCIALES Y COMUNICACIÓN,Educación,Con Partner (AP),Presencial Regular,1,0,0,0,7,7,0,1,0,0,2,0,5,4,219,7,0,9,9
2026-03,2026,Marzo,E07010105,CARRERA PROFESIONAL DE EDUCACION CON MENCION EN CIENCIAS SOCIALES Y COMUNICACIÓN,Educación,Con Partner (AP),Presencial Regular,1,0,0,0,9,7,2,2,0,0,1,0,2,4,219,9,0,12,12
2026-04,2026,Abril,E07010105,CARRERA PROFESIONAL DE EDUCACION CON MENCION EN CIENCIAS SOCIALES Y COMUNICACIÓN,Educación,Con Partner (AP),Presencial Regular,1,0,0,0,9,8,1,1,0,0,3,0,0,2,221,9,0,11,11
2026-05,2026,Mayo,E07010105,CARRERA PROFESIONAL DE EDUCACION CON MENCION EN CIENCIAS SOCIALES Y COMUNICACIÓN,Educación,Con Partner (AP),Presencial Regular,0,0,0,0,8,6,2,0,0,0,4,1,0,2,221,8,1,7,8
2026-06,2026,Junio,E07010105,CARRERA PROFESIONAL DE EDUCACION CON MENCION EN CIENCIAS SOCIALES Y COMUNICACIÓN,Educación,Con Partner (AP),Presencial Regular,0,0,0,0,8,5,3,0,0,0,3,1,1,0,223,8,2,6,8
2015-07,2015,Julio,E05020204,CARRERA DE ECONOMIA -  (A DISTANCIA AP),Economía,Con Partner (AP),Distancia,0,1,0,0,0,0,0,0,0,0,0,0,0,0,0,0,1,0,1
2015-08,2015,Agosto,E05020204,CARRERA DE ECONOMIA -  (A DISTANCIA AP),Economía,Con Partner (AP),Distancia,0,0,0,0,1,1,0,0,0,0,0,0,0,0,0,1,1,0,1
2015-09,2015,Setiembre,E05020204,CARRERA DE ECONOMIA -  (A DISTANCIA AP),Economía,Con Partner (AP),Distancia,0,0,0,0,1,1,0,0,0,0,0,0,0,0,0,1,1,0,1
2015-10,2015,Octubre,E05020204,CARRERA DE ECONOMIA -  (A DISTANCIA AP),Economía,Con Partner (AP),Distancia,0,0,0,0,1,1,0,0,0,0,0,0,0,0,0,1,1,0,1
2015-11,2015,Noviembre,E05020204,CARRERA DE ECONOMIA -  (A DISTANCIA AP),Economía,Con Partner (AP),Distancia,0,0,0,0,1,1,0,0,0,0,0,0,0,0,0,1,1,0,1
2015-12,2015,Diciembre,E05020204,CARRERA DE ECONOMIA -  (A DISTANCIA AP),Economía,Con Partner (AP),Distancia,0,0,0,0,1,1,0,0,0,0,0,0,0,0,0,1,1,0,1
2016-01,2016,Enero,E05020204,CARRERA DE ECONOMIA -  (A DISTANCIA AP),Economía,Con Partner (AP),Distancia,0,0,0,0,1,1,0,0,0,0,0,0,0,0,0,1,1,0,1
2016-02,2016,Febrero,E05020204,CARRERA DE ECONOMIA -  (A DISTANCIA AP),Economía,Con Partner (AP),Distancia,0,0,0,0,1,1,0,0,0,0,0,0,0,0,0,1,1,0,1
2016-03,2016,Marzo,E05020204,CARRERA DE ECONOMIA -  (A DISTANCIA AP),Economía,Con Partner (AP),Distancia,0,0,0,0,1,1,0,0,0,0,0,0,0,0,0,1,1,0,1
2016-04,2016,Abril,E05020204,CARRERA DE ECONOMIA -  (A DISTANCIA AP),Economía,Con Partner (AP),Distancia,0,0,0,0,1,1,0,0,0,0,0,0,0,0,0,1,1,0,1
2016-05,2016,N/A,E05020204,CARRERA DE ECONOMIA -  (A DISTANCIA AP),Economía,Con Partner (AP),Distancia,0,0,0,0,0,0,0,0,0,0,1,0,0,0,0,0,0,0,0
2016-06,2016,N/A,E05020204,CARRERA DE ECONOMIA -  (A DISTANCIA AP),Economía,Con Partner (AP),Distancia,0,0,0,0,0,0,0,0,0,0,0,1,0,0,0,0,0,0,0
2016-07,2016,Julio,E05020204,CARRERA DE ECONOMIA -  (A DISTANCIA AP),Economía,Con Partner (AP),Distancia,0,0,0,0,0,0,0,1,0,0,0,0,0,0,0,0,1,0,1
2016-08,2016,Agosto,E05020204,CARRERA DE ECONOMIA -  (A DISTANCIA AP),Economía,Con Partner (AP),Distancia,0,0,0,0,1,1,0,0,0,0,0,0,0,0,0,1,1,0,1
2016-09,2016,N/A,E05020204,CARRERA DE ECONOMIA -  (A DISTANCIA AP),Economía,Con Partner (AP),Distancia,0,0,0,0,0,0,0,0,0,0,1,0,0,0,0,0,0,0,0
2016-10,2016,N/A,E05020204,CARRERA DE ECONOMIA -  (A DISTANCIA AP),Economía,Con Partner (AP),Distancia,0,0,0,0,0,0,0,0,0,0,0,1,0,0,0,0,0,0,0
2016-11,2016,N/A,E05020204,CARRERA DE ECONOMIA -  (A DISTANCIA AP),Economía,Con Partner (AP),Distancia,0,0,0,0,0,0,0,0,0,0,0,0,1,0,0,0,0,0,0
2016-12,2016,N/A,E05020204,CARRERA DE ECONOMIA -  (A DISTANCIA AP),Economía,Con Partner (AP),Distancia,0,0,0,0,0,0,0,0,0,0,0,0,1,0,0,0,0,0,0
2017-01,2017,Enero,E05020204,CARRERA DE ECONOMIA -  (A DISTANCIA AP),Economía,Con Partner (AP),Distancia,0,1,0,0,0,0,0,0,0,0,0,0,1,0,0,0,1,0,1
2017-02,2017,N/A,E05020204,CARRERA DE ECONOMIA -  (A DISTANCIA AP),Economía,Con Partner (AP),Distancia,0,0,0,0,0,0,0,0,0,0,1,0,1,0,0,0,0,0,0
2017-03,2017,Marzo,E05020204,CARRERA DE ECONOMIA -  (A DISTANCIA AP),Economía,Con Partner (AP),Distancia,0,0,0,0,1,0,1,0,0,0,0,0,0,1,0,1,1,0,1
2017-04,2017,Abril,E05020204,CARRERA DE ECONOMIA -  (A DISTANCIA AP),Economía,Con Partner (AP),Distancia,0,0,0,0,1,1,0,0,0,0,0,0,0,1,0,1,1,0,1
2017-05,2017,N/A,E05020204,CARRERA DE ECONOMIA -  (A DISTANCIA AP),Economía,Con Partner (AP),Distancia,0,0,0,0,0,0,0,0,0,0,1,0,0,1,0,0,0,0,0
2017-06,2017,N/A,E05020204,CARRERA DE ECONOMIA -  (A DISTANCIA AP),Economía,Con Partner (AP),Distancia,0,0,0,0,0,0,0,0,0,0,0,1,0,1,0,0,0,0,0
2017-07,2017,Julio,E05020204,CARRERA DE ECONOMIA -  (A DISTANCIA AP),Economía,Con Partner (AP),Distancia,0,0,0,0,0,0,0,1,0,0,0,0,0,1,0,0,1,0,1
2017-08,2017,Agosto,E05020204,CARRERA DE ECONOMIA -  (A DISTANCIA AP),Economía,Con Partner (AP),Distancia,0,0,0,0,1,1,0,0,0,0,0,0,0,1,0,1,1,0,1
2017-09,2017,N/A,E05020204,CARRERA DE ECONOMIA -  (A DISTANCIA AP),Economía,Con Partner (AP),Distancia,0,0,0,0,0,0,0,0,0,0,1,0,0,0,1,0,0,0,0
2017-10,2017,N/A,E05020204,CARRERA DE ECONOMIA -  (A DISTANCIA AP),Economía,Con Partner (AP),Distancia,0,0,0,0,0,0,0,0,0,0,0,1,0,0,1,0,0,0,0
2017-11,2017,N/A,E05020204,CARRERA DE ECONOMIA -  (A DISTANCIA AP),Economía,Con Partner (AP),Distancia,0,0,0,0,0,0,0,0,0,0,0,0,1,0,1,0,0,0,0
2017-12,2017,Diciembre,E05020204,CARRERA DE ECONOMIA -  (A DISTANCIA AP),Economía,Con Partner (AP),Distancia,0,0,0,0,0,0,0,1,0,0,0,0,0,0,1,0,1,0,1
2018-01,2018,Enero,E05020204,CARRERA DE ECONOMIA -  (A DISTANCIA AP),Economía,Con Partner (AP),Distancia,0,1,0,0,0,0,0,0,0,1,1,0,0,0,0,0,2,0,2
2018-02,2018,N/A,E05020204,CARRERA DE ECONOMIA -  (A DISTANCIA AP),Economía,Con Partner (AP),Distancia,0,0,0,0,0,0,0,0,0,0,2,1,0,0,0,0,0,0,0
2018-03,2018,N/A,E05020204,CARRERA DE ECONOMIA -  (A DISTANCIA AP),Economía,Con Partner (AP),Distancia,0,0,0,0,0,0,0,0,0,0,0,2,1,0,0,0,0,0,0
2018-04,2018,Abril,E05020204,CARRERA DE ECONOMIA -  (A DISTANCIA AP),Economía,Con Partner (AP),Distancia,0,0,0,0,0,0,0,1,0,0,0,0,2,0,0,0,1,0,1
2018-05,2018,Mayo,E05020204,CARRERA DE ECONOMIA -  (A DISTANCIA AP),Economía,Con Partner (AP),Distancia,0,0,0,0,1,1,0,0,0,0,0,0,2,0,0,1,1,0,1
2018-06,2018,Junio,E05020204,CARRERA DE ECONOMIA -  (A DISTANCIA AP),Economía,Con Partner (AP),Distancia,0,0,0,0,1,1,0,0,0,0,0,0,2,0,0,1,1,0,1
2018-07,2018,Julio,E05020204,CARRERA DE ECONOMIA -  (A DISTANCIA AP),Economía,Con Partner (AP),Distancia,0,0,0,0,1,1,0,2,0,0,0,0,0,0,0,1,3,0,3
2018-08,2018,Agosto,E05020204,CARRERA DE ECONOMIA -  (A DISTANCIA AP),Economía,Con Partner (AP),Distancia,0,0,0,0,2,2,0,0,0,0,1,0,0,0,0,2,2,0,2
2018-09,2018,Setiembre,E05020204,CARRERA DE ECONOMIA -  (A DISTANCIA AP),Economía,Con Partner (AP),Distancia,0,0,0,0,2,2,0,0,0,0,0,1,0,0,0,2,2,0,2
2018-10,2018,Octubre,E05020204,CARRERA DE ECONOMIA -  (A DISTANCIA AP),Economía,Con Partner (AP),Distancia,0,0,0,0,1,1,0,0,0,0,1,0,1,0,0,1,1,0,1
2018-11,2018,N/A,E05020204,CARRERA DE ECONOMIA -  (A DISTANCIA AP),Economía,Con Partner (AP),Distancia,0,0,0,0,0,0,0,0,0,0,1,1,1,0,0,0,0,0,0
2018-12,2018,N/A,E05020204,CARRERA DE ECONOMIA -  (A DISTANCIA AP),Economía,Con Partner (AP),Distancia,0,0,0,0,0,0,0,0,0,0,0,1,2,0,0,0,0,0,0
2019-01,2019,Enero,E05020204,CARRERA DE ECONOMIA -  (A DISTANCIA AP),Economía,Con Partner (AP),Distancia,0,0,0,0,0,0,0,2,0,0,0,0,1,0,0,0,2,0,2
2019-02,2019,N/A,E05020204,CARRERA DE ECONOMIA -  (A DISTANCIA AP),Economía,Con Partner (AP),Distancia,0,0,0,0,0,0,0,0,0,0,2,0,1,0,0,0,0,0,0
2019-03,2019,N/A,E05020204,CARRERA DE ECONOMIA -  (A DISTANCIA AP),Economía,Con Partner (AP),Distancia,0,0,0,0,0,0,0,0,0,0,0,2,1,0,0,0,0,0,0
2019-04,2019,Abril,E05020204,CARRERA DE ECONOMIA -  (A DISTANCIA AP),Economía,Con Partner (AP),Distancia,0,0,0,0,0,0,0,1,0,0,0,0,2,0,0,0,1,0,1
2019-05,2019,Mayo,E05020204,CARRERA DE ECONOMIA -  (A DISTANCIA AP),Economía,Con Partner (AP),Distancia,0,0,0,0,1,1,0,0,0,0,0,0,1,1,0,1,1,0,1
2019-06,2019,Junio,E05020204,CARRERA DE ECONOMIA -  (A DISTANCIA AP),Economía,Con Partner (AP),Distancia,0,0,0,0,1,1,0,0,0,0,0,0,1,1,0,1,1,0,1
2019-07,2019,Julio,E05020204,CARRERA DE ECONOMIA -  (A DISTANCIA AP),Economía,Con Partner (AP),Distancia,0,0,0,0,1,1,0,0,0,0,0,0,1,1,0,1,1,0,1
2019-08,2019,N/A,E05020204,CARRERA DE ECONOMIA -  (A DISTANCIA AP),Economía,Con Partner (AP),Distancia,0,0,0,0,0,0,0,0,0,0,1,0,0,2,0,0,0,0,0
2019-09,2019,N/A,E05020204,CARRERA DE ECONOMIA -  (A DISTANCIA AP),Economía,Con Partner (AP),Distancia,0,0,0,0,0,0,0,0,0,0,0,1,0,2,0,0,0,0,0
2019-10,2019,N/A,E05020204,CARRERA DE ECONOMIA -  (A DISTANCIA AP),Economía,Con Partner (AP),Distancia,0,0,0,0,0,0,0,0,0,0,0,0,1,2,0,0,0,0,0
2019-11,2019,N/A,E05020204,CARRERA DE ECONOMIA -  (A DISTANCIA AP),Economía,Con Partner (AP),Distancia,0,0,0,0,0,0,0,0,0,0,0,0,1,1,1,0,0,0,0
2019-12,2019,N/A,E05020204,CARRERA DE ECONOMIA -  (A DISTANCIA AP),Economía,Con Partner (AP),Distancia,0,0,0,0,0,0,0,0,0,0,0,0,1,1,1,0,0,0,0
2020-01,2020,N/A,E05020204,CARRERA DE ECONOMIA -  (A DISTANCIA AP),Economía,Con Partner (AP),Distancia,0,0,0,0,0,0,0,0,0,0,0,0,1,1,1,0,0,0,0
2020-02,2020,N/A,E05020204,CARRERA DE ECONOMIA -  (A DISTANCIA AP),Economía,Con Partner (AP),Distancia,0,0,0,0,0,0,0,0,0,0,0,0,0,1,2,0,0,0,0
2020-03,2020,N/A,E05020204,CARRERA DE ECONOMIA -  (A DISTANCIA AP),Economía,Con Partner (AP),Distancia,0,0,0,0,0,0,0,0,0,0,0,0,0,1,2,0,0,0,0
2020-04,2020,N/A,E05020204,CARRERA DE ECONOMIA -  (A DISTANCIA AP),Economía,Con Partner (AP),Distancia,0,0,0,0,0,0,0,0,0,0,0,0,0,1,2,0,0,0,0
2020-05,2020,Mayo,E05020204,CARRERA DE ECONOMIA -  (A DISTANCIA AP),Economía,Con Partner (AP),Distancia,0,0,0,0,0,0,0,0,1,0,0,0,0,0,2,0,1,0,1
2020-06,2020,Junio,E05020204,CARRERA DE ECONOMIA -  (A DISTANCIA AP),Economía,Con Partner (AP),Distancia,0,0,0,0,1,1,0,0,0,0,0,0,0,0,2,1,1,0,1
2020-07,2020,N/A,E05020204,CARRERA DE ECONOMIA -  (A DISTANCIA AP),Economía,Con Partner (AP),Distancia,0,0,0,0,0,0,0,0,0,0,1,0,0,0,2,0,0,0,0
2020-08,2020,N/A,E05020204,CARRERA DE ECONOMIA -  (A DISTANCIA AP),Economía,Con Partner (AP),Distancia,0,0,0,0,0,0,0,0,0,0,0,1,0,0,2,0,0,0,0
2020-09,2020,N/A,E05020204,CARRERA DE ECONOMIA -  (A DISTANCIA AP),Economía,Con Partner (AP),Distancia,0,0,0,0,0,0,0,0,0,0,0,0,1,0,2,0,0,0,0
2020-10,2020,N/A,E05020204,CARRERA DE ECONOMIA -  (A DISTANCIA AP),Economía,Con Partner (AP),Distancia,0,0,0,0,0,0,0,0,0,0,0,0,1,0,2,0,0,0,0
2020-11,2020,N/A,E05020204,CARRERA DE ECONOMIA -  (A DISTANCIA AP),Economía,Con Partner (AP),Distancia,0,0,0,0,0,0,0,0,0,0,0,0,1,0,2,0,0,0,0
2020-12,2020,N/A,E05020204,CARRERA DE ECONOMIA -  (A DISTANCIA AP),Economía,Con Partner (AP),Distancia,0,0,0,0,0,0,0,0,0,0,0,0,1,0,2,0,0,0,0
2021-01,2021,Enero,E05020204,CARRERA DE ECONOMIA -  (A DISTANCIA AP),Economía,Con Partner (AP),Distancia,0,0,0,0,0,0,0,0,0,2,0,0,0,1,0,0,2,0,2
2021-02,2021,Febrero,E05020204,CARRERA DE ECONOMIA -  (A DISTANCIA AP),Economía,Con Partner (AP),Distancia,0,0,0,0,1,1,0,0,0,0,1,0,0,1,0,1,1,0,1
2021-03,2021,Marzo,E05020204,CARRERA DE ECONOMIA -  (A DISTANCIA AP),Economía,Con Partner (AP),Distancia,0,0,0,0,1,1,0,0,0,0,0,1,0,1,0,1,1,0,1
2021-04,2021,N/A,E05020204,CARRERA DE ECONOMIA -  (A DISTANCIA AP),Economía,Con Partner (AP),Distancia,0,0,0,0,0,0,0,0,0,0,1,0,1,1,0,0,0,0,0
2021-05,2021,N/A,E05020204,CARRERA DE ECONOMIA -  (A DISTANCIA AP),Economía,Con Partner (AP),Distancia,0,0,0,0,0,0,0,0,0,0,0,1,1,1,0,0,0,0,0
2021-06,2021,N/A,E05020204,CARRERA DE ECONOMIA -  (A DISTANCIA AP),Economía,Con Partner (AP),Distancia,0,0,0,0,0,0,0,0,0,0,0,0,2,1,0,0,0,0,0
2021-07,2021,Julio,E05020204,CARRERA DE ECONOMIA -  (A DISTANCIA AP),Economía,Con Partner (AP),Distancia,0,0,0,0,0,0,0,2,0,0,0,0,0,0,1,0,2,0,2
2021-08,2021,Agosto,E05020204,CARRERA DE ECONOMIA -  (A DISTANCIA AP),Economía,Con Partner (AP),Distancia,0,0,0,0,1,1,0,0,0,0,1,0,0,0,1,1,1,0,1
2021-09,2021,Setiembre,E05020204,CARRERA DE ECONOMIA -  (A DISTANCIA AP),Economía,Con Partner (AP),Distancia,0,0,0,0,1,1,0,0,0,0,0,1,0,0,1,1,1,0,1
2021-10,2021,Octubre,E05020204,CARRERA DE ECONOMIA -  (A DISTANCIA AP),Economía,Con Partner (AP),Distancia,0,0,0,0,1,1,0,0,0,0,0,0,1,0,1,1,1,0,1
2021-11,2021,N/A,E05020204,CARRERA DE ECONOMIA -  (A DISTANCIA AP),Economía,Con Partner (AP),Distancia,0,0,0,0,0,0,0,0,0,0,1,0,1,0,1,0,0,0,0
2021-12,2021,N/A,E05020204,CARRERA DE ECONOMIA -  (A DISTANCIA AP),Economía,Con Partner (AP),Distancia,0,0,0,0,0,0,0,0,0,0,0,1,1,0,1,0,0,0,0
2022-01,2022,Enero,E05020204,CARRERA DE ECONOMIA -  (A DISTANCIA AP),Economía,Con Partner (AP),Distancia,0,0,0,0,0,0,0,1,0,0,0,0,1,0,1,0,1,0,1
2022-02,2022,Febrero,E05020204,CARRERA DE ECONOMIA -  (A DISTANCIA AP),Economía,Con Partner (AP),Distancia,0,0,0,0,1,1,0,0,0,0,0,0,0,1,1,1,1,0,1
2022-03,2022,Marzo,E05020204,CARRERA DE ECONOMIA -  (A DISTANCIA AP),Economía,Con Partner (AP),Distancia,0,0,0,0,1,1,0,0,0,0,0,0,0,1,1,1,1,0,1
2022-04,2022,Abril,E05020204,CARRERA DE ECONOMIA -  (A DISTANCIA AP),Economía,Con Partner (AP),Distancia,0,0,0,0,1,1,0,0,0,0,0,0,0,1,1,1,1,0,1
2022-05,2022,N/A,E05020204,CARRERA DE ECONOMIA -  (A DISTANCIA AP),Economía,Con Partner (AP),Distancia,0,0,0,0,0,0,0,0,0,0,1,0,0,1,1,0,0,0,0
2022-06,2022,N/A,E05020204,CARRERA DE ECONOMIA -  (A DISTANCIA AP),Economía,Con Partner (AP),Distancia,0,0,0,0,0,0,0,0,0,0,0,1,0,1,1,0,0,0,0
2022-07,2022,N/A,E05020204,CARRERA DE ECONOMIA -  (A DISTANCIA AP),Economía,Con Partner (AP),Distancia,0,0,0,0,0,0,0,0,0,0,0,0,1,1,1,0,0,0,0
2022-08,2022,N/A,E05020204,CARRERA DE ECONOMIA -  (A DISTANCIA AP),Economía,Con Partner (AP),Distancia,0,0,0,0,0,0,0,0,0,0,0,0,1,0,2,0,0,0,0
2022-09,2022,N/A,E05020204,CARRERA DE ECONOMIA -  (A DISTANCIA AP),Economía,Con Partner (AP),Distancia,0,0,0,0,0,0,0,0,0,0,0,0,1,0,2,0,0,0,0
2022-10,2022,N/A,E05020204,CARRERA DE ECONOMIA -  (A DISTANCIA AP),Economía,Con Partner (AP),Distancia,0,0,0,0,0,0,0,0,0,0,0,0,1,0,2,0,0,0,0
2022-11,2022,N/A,E05020204,CARRERA DE ECONOMIA -  (A DISTANCIA AP),Economía,Con Partner (AP),Distancia,0,0,0,0,0,0,0,0,0,0,0,0,0,1,2,0,0,0,0
2022-12,2022,N/A,E05020204,CARRERA DE ECONOMIA -  (A DISTANCIA AP),Economía,Con Partner (AP),Distancia,0,0,0,0,0,0,0,0,0,0,0,0,0,1,2,0,0,0,0
2023-01,2023,Enero,E05020204,CARRERA DE ECONOMIA -  (A DISTANCIA AP),Economía,Con Partner (AP),Distancia,0,0,0,0,0,0,0,0,0,1,0,0,0,1,1,0,1,0,1
2023-02,2023,N/A,E05020204,CARRERA DE ECONOMIA -  (A DISTANCIA AP),Economía,Con Partner (AP),Distancia,0,0,0,0,0,0,0,0,0,0,1,0,0,1,1,0,0,0,0
2023-03,2023,Marzo,E05020204,CARRERA DE ECONOMIA -  (A DISTANCIA AP),Economía,Con Partner (AP),Distancia,0,1,0,0,0,0,0,0,0,0,0,1,0,1,1,0,1,0,1
2023-04,2023,Abril,E05020204,CARRERA DE ECONOMIA -  (A DISTANCIA AP),Economía,Con Partner (AP),Distancia,0,0,0,0,1,1,0,0,0,0,0,0,1,1,1,1,1,0,1
2023-05,2023,Mayo,E05020204,CARRERA DE ECONOMIA -  (A DISTANCIA AP),Economía,Con Partner (AP),Distancia,0,0,0,0,1,1,0,0,0,0,0,0,1,0,2,1,1,0,1
2023-06,2023,Junio,E05020204,CARRERA DE ECONOMIA -  (A DISTANCIA AP),Economía,Con Partner (AP),Distancia,0,1,0,0,1,1,0,0,0,0,0,0,1,0,2,1,2,0,2
2023-07,2023,Julio,E05020204,CARRERA DE ECONOMIA -  (A DISTANCIA AP),Economía,Con Partner (AP),Distancia,0,0,0,0,1,1,0,0,0,0,1,0,1,0,2,1,1,0,1
2023-08,2023,Agosto,E05020204,CARRERA DE ECONOMIA -  (A DISTANCIA AP),Economía,Con Partner (AP),Distancia,0,0,0,0,1,0,1,0,0,0,1,0,0,1,2,1,1,0,1
2023-09,2023,Setiembre,E05020204,CARRERA DE ECONOMIA -  (A DISTANCIA AP),Economía,Con Partner (AP),Distancia,0,0,0,0,1,1,0,0,0,0,0,1,0,1,2,1,1,0,1
2023-10,2023,Octubre,E05020204,CARRERA DE ECONOMIA -  (A DISTANCIA AP),Economía,Con Partner (AP),Distancia,0,0,0,0,1,1,0,0,0,0,0,0,1,1,2,1,1,0,1
2023-11,2023,Noviembre,E05020204,CARRERA DE ECONOMIA -  (A DISTANCIA AP),Economía,Con Partner (AP),Distancia,0,0,0,0,1,1,0,0,0,0,0,0,1,1,2,1,1,0,1
2023-12,2023,Diciembre,E05020204,CARRERA DE ECONOMIA -  (A DISTANCIA AP),Economía,Con Partner (AP),Distancia,0,0,0,0,1,1,0,0,0,0,0,0,1,1,2,1,1,0,1
2024-01,2024,Enero,E05020204,CARRERA DE ECONOMIA -  (A DISTANCIA AP),Economía,Con Partner (AP),Distancia,0,0,0,0,1,1,0,0,0,0,0,0,1,1,2,1,1,0,1
2024-02,2024,N/A,E05020204,CARRERA DE ECONOMIA -  (A DISTANCIA AP),Economía,Con Partner (AP),Distancia,0,0,0,0,0,0,0,0,0,0,1,0,0,1,3,0,0,0,0
2024-03,2024,Marzo,E05020204,CARRERA DE ECONOMIA -  (A DISTANCIA AP),Economía,Con Partner (AP),Distancia,0,6,0,0,0,0,0,0,0,0,0,1,0,1,3,0,6,0,6
2024-04,2024,Abril,E05020204,CARRERA DE ECONOMIA -  (A DISTANCIA AP),Economía,Con Partner (AP),Distancia,0,3,0,0,5,5,0,0,0,0,1,0,1,1,3,5,8,0,8
2024-05,2024,Mayo,E05020204,CARRERA DE ECONOMIA -  (A DISTANCIA AP),Economía,Con Partner (AP),Distancia,0,4,0,0,5,5,0,0,0,0,3,1,1,1,3,5,9,0,9
2024-06,2024,Junio,E05020204,CARRERA DE ECONOMIA -  (A DISTANCIA AP),Economía,Con Partner (AP),Distancia,0,4,0,0,7,7,0,0,0,0,2,3,2,1,3,7,11,0,11
2024-07,2024,Julio,E05020204,CARRERA DE ECONOMIA -  (A DISTANCIA AP),Economía,Con Partner (AP),Distancia,0,4,0,0,9,9,0,0,0,0,2,2,5,1,3,9,13,0,13
2024-08,2024,Agosto,E05020204,CARRERA DE ECONOMIA -  (A DISTANCIA AP),Economía,Con Partner (AP),Distancia,0,6,0,0,10,9,1,0,0,0,4,1,6,1,4,10,16,0,16
2024-09,2024,Setiembre,E05020204,CARRERA DE ECONOMIA -  (A DISTANCIA AP),Economía,Con Partner (AP),Distancia,0,5,0,0,11,11,0,0,0,0,5,4,7,1,4,11,16,0,16
2024-10,2024,Octubre,E05020204,CARRERA DE ECONOMIA -  (A DISTANCIA AP),Economía,Con Partner (AP),Distancia,0,5,0,0,14,13,1,1,0,0,3,4,9,2,4,14,20,0,20
2024-11,2024,Noviembre,E05020204,CARRERA DE ECONOMIA -  (A DISTANCIA AP),Economía,Con Partner (AP),Distancia,0,15,0,0,17,16,1,1,0,0,4,2,9,5,4,17,33,0,33
2024-12,2024,Diciembre,E05020204,CARRERA DE ECONOMIA -  (A DISTANCIA AP),Economía,Con Partner (AP),Distancia,0,9,0,0,24,23,1,1,1,0,10,3,8,6,4,24,35,0,35
2025-01,2025,Enero,E05020204,CARRERA DE ECONOMIA -  (A DISTANCIA AP),Economía,Con Partner (AP),Distancia,0,12,0,0,30,25,5,0,0,0,10,5,10,7,4,30,42,0,42
2025-02,2025,Febrero,E05020204,CARRERA DE ECONOMIA -  (A DISTANCIA AP),Economía,Con Partner (AP),Distancia,0,8,0,0,36,32,4,3,1,0,10,6,9,9,4,36,48,0,48
2025-03,2025,Marzo,E05020204,CARRERA DE ECONOMIA -  (A DISTANCIA AP),Economía,Con Partner (AP),Distancia,0,9,0,0,41,37,4,0,0,0,11,6,13,11,4,41,50,0,50
2025-04,2025,Abril,E05020204,CARRERA DE ECONOMIA -  (A DISTANCIA AP),Economía,Con Partner (AP),Distancia,0,16,0,0,49,42,7,3,0,0,8,4,14,12,5,49,68,0,68
2025-05,2025,Mayo,E05020204,CARRERA DE ECONOMIA -  (A DISTANCIA AP),Economía,Con Partner (AP),Distancia,0,8,0,0,57,53,4,2,0,0,15,4,14,11,8,57,67,0,67
2025-06,2025,Junio,E05020204,CARRERA DE ECONOMIA -  (A DISTANCIA AP),Economía,Con Partner (AP),Distancia,0,11,0,0,58,53,5,3,0,0,14,10,13,12,9,58,72,0,72
2025-07,2025,Julio,E05020204,CARRERA DE ECONOMIA -  (A DISTANCIA AP),Economía,Con Partner (AP),Distancia,0,17,0,0,63,55,8,0,0,0,17,6,19,15,10,63,80,0,80
2025-08,2025,Agosto,E05020204,CARRERA DE ECONOMIA -  (A DISTANCIA AP),Economía,Con Partner (AP),Distancia,0,7,0,0,73,65,8,4,0,0,15,9,18,15,13,73,84,0,84
2025-09,2025,Setiembre,E05020204,CARRERA DE ECONOMIA -  (A DISTANCIA AP),Economía,Con Partner (AP),Distancia,0,7,0,0,79,71,8,3,0,0,13,7,21,16,15,79,89,0,89
2025-10,2025,Octubre,E05020204,CARRERA DE ECONOMIA -  (A DISTANCIA AP),Economía,Con Partner (AP),Distancia,0,4,0,0,83,78,5,1,0,0,11,8,27,14,17,83,88,0,88
2025-11,2025,Noviembre,E05020204,CARRERA DE ECONOMIA -  (A DISTANCIA AP),Economía,Con Partner (AP),Distancia,0,8,0,0,79,72,7,2,0,0,16,4,25,20,19,79,89,0,89
2025-12,2025,Diciembre,E05020204,CARRERA DE ECONOMIA -  (A DISTANCIA AP),Economía,Con Partner (AP),Distancia,0,8,0,0,82,75,7,5,1,0,14,9,19,22,21,82,96,0,96
2026-01,2026,Enero,E05020204,CARRERA DE ECONOMIA -  (A DISTANCIA AP),Economía,Con Partner (AP),Distancia,0,5,0,0,81,76,5,3,0,0,20,9,19,24,25,81,89,0,89
2026-02,2026,Febrero,E05020204,CARRERA DE ECONOMIA -  (A DISTANCIA AP),Economía,Con Partner (AP),Distancia,0,8,0,0,86,79,7,4,0,1,10,13,19,26,27,86,99,0,99
2026-03,2026,Marzo,E05020204,CARRERA DE ECONOMIA -  (A DISTANCIA AP),Economía,Con Partner (AP),Distancia,0,9,0,0,93,88,5,6,0,1,11,5,22,27,29,93,109,0,109
2026-04,2026,Abril,E05020204,CARRERA DE ECONOMIA -  (A DISTANCIA AP),Economía,Con Partner (AP),Distancia,0,2,0,0,90,85,5,4,1,1,24,6,20,29,28,90,98,0,98
2026-05,2026,Mayo,E05020204,CARRERA DE ECONOMIA -  (A DISTANCIA AP),Economía,Con Partner (AP),Distancia,0,10,0,0,87,79,8,4,1,0,19,16,18,24,36,87,102,0,102
2026-06,2026,Junio,E05020204,CARRERA DE ECONOMIA -  (A DISTANCIA AP),Economía,Con Partner (AP),Distancia,0,11,0,0,102,90,12,10,1,0,12,7,20,23,40,102,124,0,124
2015-08,2015,Agosto,E05020203,CARRERA DE ECONOMIA - (70/30 AP),Economía,Con Partner (AP),Presencial (Híbrido),0,1,0,0,0,0,0,0,0,0,0,0,0,0,0,0,1,0,1
2015-09,2015,Setiembre,E05020203,CARRERA DE ECONOMIA - (70/30 AP),Economía,Con Partner (AP),Presencial (Híbrido),0,0,0,0,1,1,0,0,0,0,0,0,0,0,0,1,1,0,1
2015-10,2015,Octubre,E05020203,CARRERA DE ECONOMIA - (70/30 AP),Economía,Con Partner (AP),Presencial (Híbrido),0,1,0,0,1,1,0,0,0,0,0,0,0,0,0,1,2,0,2
2015-11,2015,Noviembre,E05020203,CARRERA DE ECONOMIA - (70/30 AP),Economía,Con Partner (AP),Presencial (Híbrido),0,0,0,0,1,1,0,0,0,0,1,0,0,0,0,1,1,0,1
2015-12,2015,Diciembre,E05020203,CARRERA DE ECONOMIA - (70/30 AP),Economía,Con Partner (AP),Presencial (Híbrido),0,0,0,0,2,1,1,0,0,0,0,0,0,0,0,2,2,0,2
2016-01,2016,Enero,E05020203,CARRERA DE ECONOMIA - (70/30 AP),Economía,Con Partner (AP),Presencial (Híbrido),0,0,0,0,1,1,0,0,0,0,1,0,0,0,0,1,1,0,1
2016-02,2016,Febrero,E05020203,CARRERA DE ECONOMIA - (70/30 AP),Economía,Con Partner (AP),Presencial (Híbrido),0,0,0,0,1,1,0,0,0,0,0,1,0,0,0,1,1,0,1
2016-03,2016,Marzo,E05020203,CARRERA DE ECONOMIA - (70/30 AP),Economía,Con Partner (AP),Presencial (Híbrido),0,0,0,0,1,1,0,0,0,0,0,0,1,0,0,1,1,0,1
2016-04,2016,Abril,E05020203,CARRERA DE ECONOMIA - (70/30 AP),Economía,Con Partner (AP),Presencial (Híbrido),0,0,0,0,1,1,0,1,0,0,0,0,0,0,0,1,2,0,2
2016-05,2016,Mayo,E05020203,CARRERA DE ECONOMIA - (70/30 AP),Economía,Con Partner (AP),Presencial (Híbrido),0,0,0,0,1,1,0,0,0,0,1,0,0,0,0,1,1,0,1
2016-06,2016,N/A,E05020203,CARRERA DE ECONOMIA - (70/30 AP),Economía,Con Partner (AP),Presencial (Híbrido),0,0,0,0,0,0,0,0,0,0,1,1,0,0,0,0,0,0,0
2016-07,2016,N/A,E05020203,CARRERA DE ECONOMIA - (70/30 AP),Economía,Con Partner (AP),Presencial (Híbrido),0,0,0,0,0,0,0,0,0,0,0,1,1,0,0,0,0,0,0
2016-08,2016,Agosto,E05020203,CARRERA DE ECONOMIA - (70/30 AP),Economía,Con Partner (AP),Presencial (Híbrido),0,0,0,0,0,0,0,1,0,0,0,0,1,0,0,0,1,0,1
2016-09,2016,Setiembre,E05020203,CARRERA DE ECONOMIA - (70/30 AP),Economía,Con Partner (AP),Presencial (Híbrido),0,0,0,0,1,1,0,1,0,0,0,0,0,0,0,1,2,0,2
2016-10,2016,Octubre,E05020203,CARRERA DE ECONOMIA - (70/30 AP),Economía,Con Partner (AP),Presencial (Híbrido),0,0,0,0,1,1,0,0,0,0,1,0,0,0,0,1,1,0,1
2016-11,2016,Noviembre,E05020203,CARRERA DE ECONOMIA - (70/30 AP),Economía,Con Partner (AP),Presencial (Híbrido),0,0,0,0,1,1,0,0,0,0,0,1,0,0,0,1,1,0,1
2016-12,2016,Diciembre,E05020203,CARRERA DE ECONOMIA - (70/30 AP),Economía,Con Partner (AP),Presencial (Híbrido),0,0,0,0,0,0,0,1,0,0,1,0,0,0,0,0,1,0,1
2017-01,2017,Enero,E05020203,CARRERA DE ECONOMIA - (70/30 AP),Economía,Con Partner (AP),Presencial (Híbrido),0,0,0,0,2,1,1,0,0,0,0,0,0,0,0,2,2,0,2
2017-02,2017,N/A,E05020203,CARRERA DE ECONOMIA - (70/30 AP),Economía,Con Partner (AP),Presencial (Híbrido),0,0,0,0,0,0,0,0,0,0,2,0,0,0,0,0,0,0,0
2017-03,2017,Marzo,E05020203,CARRERA DE ECONOMIA - (70/30 AP),Economía,Con Partner (AP),Presencial (Híbrido),0,0,0,0,1,0,1,0,0,0,0,1,0,0,0,1,1,0,1
2017-04,2017,Abril,E05020203,CARRERA DE ECONOMIA - (70/30 AP),Economía,Con Partner (AP),Presencial (Híbrido),0,0,0,0,1,1,0,0,0,0,0,0,1,0,0,1,1,0,1
2017-05,2017,N/A,E05020203,CARRERA DE ECONOMIA - (70/30 AP),Economía,Con Partner (AP),Presencial (Híbrido),0,0,0,0,0,0,0,0,0,0,1,0,1,0,0,0,0,0,0
2017-06,2017,N/A,E05020203,CARRERA DE ECONOMIA - (70/30 AP),Economía,Con Partner (AP),Presencial (Híbrido),0,0,0,0,0,0,0,0,0,0,0,1,1,0,0,0,0,0,0
2017-07,2017,Julio,E05020203,CARRERA DE ECONOMIA - (70/30 AP),Economía,Con Partner (AP),Presencial (Híbrido),0,0,0,0,0,0,0,1,0,0,0,0,1,0,0,0,1,0,1
2017-08,2017,Agosto,E05020203,CARRERA DE ECONOMIA - (70/30 AP),Economía,Con Partner (AP),Presencial (Híbrido),0,0,0,0,0,0,0,1,0,0,1,0,0,0,0,0,1,0,1
2017-09,2017,N/A,E05020203,CARRERA DE ECONOMIA - (70/30 AP),Economía,Con Partner (AP),Presencial (Híbrido),0,0,0,0,0,0,0,0,0,0,1,1,0,0,0,0,0,0,0
2017-10,2017,N/A,E05020203,CARRERA DE ECONOMIA - (70/30 AP),Economía,Con Partner (AP),Presencial (Híbrido),0,0,0,0,0,0,0,0,0,0,0,1,1,0,0,0,0,0,0
2017-11,2017,Noviembre,E05020203,CARRERA DE ECONOMIA - (70/30 AP),Economía,Con Partner (AP),Presencial (Híbrido),0,0,0,0,0,0,0,1,0,0,0,0,1,0,0,0,1,0,1
2017-12,2017,N/A,E05020203,CARRERA DE ECONOMIA - (70/30 AP),Economía,Con Partner (AP),Presencial (Híbrido),0,0,0,0,0,0,0,0,0,0,1,0,1,0,0,0,0,0,0
2018-01,2018,N/A,E05020203,CARRERA DE ECONOMIA - (70/30 AP),Economía,Con Partner (AP),Presencial (Híbrido),0,0,0,0,0,0,0,0,0,0,0,1,1,0,0,0,0,0,0
2018-02,2018,N/A,E05020203,CARRERA DE ECONOMIA - (70/30 AP),Economía,Con Partner (AP),Presencial (Híbrido),0,0,0,0,0,0,0,0,0,0,0,0,2,0,0,0,0,0,0
2018-03,2018,N/A,E05020203,CARRERA DE ECONOMIA - (70/30 AP),Economía,Con Partner (AP),Presencial (Híbrido),0,0,0,0,0,0,0,0,0,0,0,0,1,1,0,0,0,0,0
2018-04,2018,N/A,E05020203,CARRERA DE ECONOMIA - (70/30 AP),Economía,Con Partner (AP),Presencial (Híbrido),0,0,0,0,0,0,0,0,0,0,0,0,1,1,0,0,0,0,0
2018-05,2018,Mayo,E05020203,CARRERA DE ECONOMIA - (70/30 AP),Economía,Con Partner (AP),Presencial (Híbrido),0,0,0,0,0,0,0,1,0,0,0,0,0,1,0,0,1,0,1
2018-06,2018,Junio,E05020203,CARRERA DE ECONOMIA - (70/30 AP),Economía,Con Partner (AP),Presencial (Híbrido),0,1,0,0,0,0,0,0,0,0,1,0,0,1,0,0,1,0,1
2018-07,2018,Julio,E05020203,CARRERA DE ECONOMIA - (70/30 AP),Economía,Con Partner (AP),Presencial (Híbrido),0,0,0,0,1,1,0,0,0,0,0,1,0,1,0,1,1,0,1
2018-08,2018,Agosto,E05020203,CARRERA DE ECONOMIA - (70/30 AP),Economía,Con Partner (AP),Presencial (Híbrido),0,0,0,0,1,1,0,0,1,0,0,0,1,0,0,1,2,0,2
2018-09,2018,Setiembre,E05020203,CARRERA DE ECONOMIA - (70/30 AP),Economía,Con Partner (AP),Presencial (Híbrido),0,0,0,0,1,1,0,0,0,0,1,0,1,0,0,1,1,0,1
2018-10,2018,Octubre,E05020203,CARRERA DE ECONOMIA - (70/30 AP),Economía,Con Partner (AP),Presencial (Híbrido),0,0,0,0,2,1,1,0,0,0,0,0,1,0,0,2,2,0,2
2018-11,2018,Noviembre,E05020203,CARRERA DE ECONOMIA - (70/30 AP),Economía,Con Partner (AP),Presencial (Híbrido),0,0,0,0,1,1,0,0,0,0,1,0,1,0,0,1,1,0,1
2018-12,2018,Diciembre,E05020203,CARRERA DE ECONOMIA - (70/30 AP),Economía,Con Partner (AP),Presencial (Híbrido),0,0,0,0,1,1,0,0,0,0,0,1,0,1,0,1,1,0,1
2019-01,2019,Enero,E05020203,CARRERA DE ECONOMIA - (70/30 AP),Economía,Con Partner (AP),Presencial (Híbrido),0,0,0,0,1,1,0,0,0,0,0,0,1,1,0,1,1,0,1
2019-02,2019,Febrero,E05020203,CARRERA DE ECONOMIA - (70/30 AP),Economía,Con Partner (AP),Presencial (Híbrido),0,0,0,0,1,1,0,0,0,0,0,0,1,1,0,1,1,0,1
2019-03,2019,Marzo,E05020203,CARRERA DE ECONOMIA - (70/30 AP),Economía,Con Partner (AP),Presencial (Híbrido),0,0,0,0,1,1,0,0,0,0,0,0,1,1,0,1,1,0,1
2019-04,2019,Abril,E05020203,CARRERA DE ECONOMIA - (70/30 AP),Economía,Con Partner (AP),Presencial (Híbrido),0,1,0,0,1,1,0,0,0,0,0,0,1,1,0,1,2,0,2
2019-05,2019,Mayo,E05020203,CARRERA DE ECONOMIA - (70/30 AP),Economía,Con Partner (AP),Presencial (Híbrido),0,0,0,0,1,1,0,0,0,0,1,0,0,2,0,1,1,0,1
2019-06,2019,Junio,E05020203,CARRERA DE ECONOMIA - (70/30 AP),Economía,Con Partner (AP),Presencial (Híbrido),0,0,0,0,2,1,1,0,0,0,0,0,0,1,1,2,2,0,2
2019-07,2019,Julio,E05020203,CARRERA DE ECONOMIA - (70/30 AP),Economía,Con Partner (AP),Presencial (Híbrido),0,0,0,0,2,2,0,0,0,0,0,0,0,1,1,2,2,0,2
2019-08,2019,N/A,E05020203,CARRERA DE ECONOMIA - (70/30 AP),Economía,Con Partner (AP),Presencial (Híbrido),0,0,0,0,0,0,0,0,0,0,2,0,0,1,1,0,0,0,0
2019-09,2019,Setiembre,E05020203,CARRERA DE ECONOMIA - (70/30 AP),Economía,Con Partner (AP),Presencial (Híbrido),0,0,0,0,1,0,1,0,0,0,0,1,0,1,1,1,1,0,1
2019-10,2019,Octubre,E05020203,CARRERA DE ECONOMIA - (70/30 AP),Economía,Con Partner (AP),Presencial (Híbrido),0,0,0,0,1,1,0,0,0,0,0,0,1,1,1,1,1,0,1
2019-11,2019,Noviembre,E05020203,CARRERA DE ECONOMIA - (70/30 AP),Economía,Con Partner (AP),Presencial (Híbrido),0,2,0,0,1,1,0,0,0,0,0,0,1,0,2,1,3,0,3
2019-12,2019,Diciembre,E05020203,CARRERA DE ECONOMIA - (70/30 AP),Economía,Con Partner (AP),Presencial (Híbrido),0,1,0,0,2,2,0,0,0,0,1,0,1,0,2,2,3,0,3
2020-01,2020,Enero,E05020203,CARRERA DE ECONOMIA - (70/30 AP),Economía,Con Partner (AP),Presencial (Híbrido),0,0,0,0,3,3,0,0,0,0,0,1,1,0,2,3,3,0,3
2020-02,2020,Febrero,E05020203,CARRERA DE ECONOMIA - (70/30 AP),Economía,Con Partner (AP),Presencial (Híbrido),0,0,0,0,2,2,0,1,0,0,1,0,0,1,2,2,3,0,3
2020-03,2020,Marzo,E05020203,CARRERA DE ECONOMIA - (70/30 AP),Economía,Con Partner (AP),Presencial (Híbrido),0,2,0,2,3,2,1,0,1,0,1,0,0,0,2,3,6,0,6
2020-04,2020,Abril,E05020203,CARRERA DE ECONOMIA - (70/30 AP),Economía,Con Partner (AP),Presencial (Híbrido),0,0,0,0,4,3,1,0,0,0,3,0,0,0,2,4,4,0,4
2020-05,2020,Mayo,E05020203,CARRERA DE ECONOMIA - (70/30 AP),Economía,Con Partner (AP),Presencial (Híbrido),0,1,0,0,4,3,1,0,0,0,1,2,0,0,2,4,5,0,5
2020-06,2020,Junio,E05020203,CARRERA DE ECONOMIA - (70/30 AP),Economía,Con Partner (AP),Presencial (Híbrido),0,0,0,0,4,4,0,0,0,0,1,1,2,0,2,4,4,0,4
2020-07,2020,Julio,E05020203,CARRERA DE ECONOMIA - (70/30 AP),Economía,Con Partner (AP),Presencial (Híbrido),0,0,0,0,4,4,0,0,0,0,0,1,3,0,2,4,4,0,4
2020-08,2020,Agosto,E05020203,CARRERA DE ECONOMIA - (70/30 AP),Economía,Con Partner (AP),Presencial (Híbrido),0,1,0,1,3,3,0,2,0,0,1,0,2,0,2,3,6,0,6
2020-09,2020,Setiembre,E05020203,CARRERA DE ECONOMIA - (70/30 AP),Economía,Con Partner (AP),Presencial (Híbrido),0,2,0,1,4,4,0,1,0,0,2,1,1,0,2,4,7,0,7
2020-10,2020,Octubre,E05020203,CARRERA DE ECONOMIA - (70/30 AP),Economía,Con Partner (AP),Presencial (Híbrido),0,0,0,0,6,4,2,1,0,0,3,0,0,1,2,6,7,0,7
2020-11,2020,Noviembre,E05020203,CARRERA DE ECONOMIA - (70/30 AP),Economía,Con Partner (AP),Presencial (Híbrido),0,0,0,0,4,4,0,0,0,0,3,3,0,1,2,4,4,0,4
2020-12,2020,Diciembre,E05020203,CARRERA DE ECONOMIA - (70/30 AP),Economía,Con Partner (AP),Presencial (Híbrido),0,0,0,0,5,3,2,1,0,0,1,1,2,1,2,5,6,0,6
2021-01,2021,Enero,E05020203,CARRERA DE ECONOMIA - (70/30 AP),Economía,Con Partner (AP),Presencial (Híbrido),0,0,0,0,6,5,1,0,0,0,1,0,3,1,2,6,6,0,6
2021-02,2021,Febrero,E05020203,CARRERA DE ECONOMIA - (70/30 AP),Economía,Con Partner (AP),Presencial (Híbrido),0,1,0,1,3,2,1,0,0,0,4,0,3,1,2,3,4,0,4
2021-03,2021,Marzo,E05020203,CARRERA DE ECONOMIA - (70/30 AP),Economía,Con Partner (AP),Presencial (Híbrido),0,0,0,0,7,4,3,0,0,0,0,1,3,1,2,7,7,0,7
2021-04,2021,Abril,E05020203,CARRERA DE ECONOMIA - (70/30 AP),Economía,Con Partner (AP),Presencial (Híbrido),0,0,0,0,4,4,0,0,0,0,3,0,2,2,3,4,4,0,4
2021-05,2021,Mayo,E05020203,CARRERA DE ECONOMIA - (70/30 AP),Economía,Con Partner (AP),Presencial (Híbrido),0,0,0,0,4,3,1,1,0,0,1,2,0,3,3,4,5,0,5
2021-06,2021,Junio,E05020203,CARRERA DE ECONOMIA - (70/30 AP),Economía,Con Partner (AP),Presencial (Híbrido),0,0,0,0,5,4,1,1,0,0,1,0,1,3,3,5,6,0,6
2021-07,2021,Julio,E05020203,CARRERA DE ECONOMIA - (70/30 AP),Economía,Con Partner (AP),Presencial (Híbrido),0,0,0,0,4,3,1,0,0,0,3,0,1,3,3,4,4,0,4
2021-08,2021,Agosto,E05020203,CARRERA DE ECONOMIA - (70/30 AP),Economía,Con Partner (AP),Presencial (Híbrido),0,2,0,1,3,2,1,0,0,0,2,2,1,3,3,3,5,0,5
2021-09,2021,Setiembre,E05020203,CARRERA DE ECONOMIA - (70/30 AP),Economía,Con Partner (AP),Presencial (Híbrido),0,0,0,0,4,3,1,1,0,0,2,1,2,3,3,4,5,0,5
2021-10,2021,Octubre,E05020203,CARRERA DE ECONOMIA - (70/30 AP),Economía,Con Partner (AP),Presencial (Híbrido),0,1,0,0,6,5,1,0,0,0,0,1,3,1,5,6,7,0,7
2021-11,2021,Noviembre,E05020203,CARRERA DE ECONOMIA - (70/30 AP),Economía,Con Partner (AP),Presencial (Híbrido),0,0,0,0,6,6,0,0,0,0,1,0,4,0,6,6,6,0,6
2021-12,2021,Diciembre,E05020203,CARRERA DE ECONOMIA - (70/30 AP),Economía,Con Partner (AP),Presencial (Híbrido),0,0,0,0,4,4,0,0,0,0,2,1,4,0,6,4,4,0,4
2022-01,2022,Enero,E05020203,CARRERA DE ECONOMIA - (70/30 AP),Economía,Con Partner (AP),Presencial (Híbrido),0,1,0,0,6,4,2,1,0,1,0,0,2,2,5,6,9,0,9
2022-02,2022,Febrero,E05020203,CARRERA DE ECONOMIA - (70/30 AP),Economía,Con Partner (AP),Presencial (Híbrido),0,0,0,0,7,7,0,0,0,0,2,0,1,3,5,7,7,0,7
2022-03,2022,Marzo,E05020203,CARRERA DE ECONOMIA - (70/30 AP),Economía,Con Partner (AP),Presencial (Híbrido),0,0,0,0,7,6,1,0,2,0,1,1,0,2,5,7,9,0,9
2022-04,2022,Abril,E05020203,CARRERA DE ECONOMIA - (70/30 AP),Economía,Con Partner (AP),Presencial (Híbrido),0,2,0,1,7,6,1,0,0,0,3,0,1,2,5,7,9,0,9
2022-05,2022,Mayo,E05020203,CARRERA DE ECONOMIA - (70/30 AP),Economía,Con Partner (AP),Presencial (Híbrido),0,0,0,0,9,8,1,0,0,0,1,2,1,2,5,9,9,0,9
2022-06,2022,Junio,E05020203,CARRERA DE ECONOMIA - (70/30 AP),Economía,Con Partner (AP),Presencial (Híbrido),0,0,0,0,7,7,0,1,0,0,2,1,2,2,5,7,8,0,8
2022-07,2022,Julio,E05020203,CARRERA DE ECONOMIA - (70/30 AP),Economía,Con Partner (AP),Presencial (Híbrido),0,0,0,0,8,6,2,2,0,0,2,0,1,1,6,8,10,0,10
2022-08,2022,Agosto,E05020203,CARRERA DE ECONOMIA - (70/30 AP),Economía,Con Partner (AP),Presencial (Híbrido),0,2,0,0,7,6,1,0,1,1,4,1,1,0,5,7,11,0,11
2022-09,2022,Setiembre,E05020203,CARRERA DE ECONOMIA - (70/30 AP),Economía,Con Partner (AP),Presencial (Híbrido),0,1,0,1,9,9,0,1,0,0,2,4,1,0,5,9,11,0,11
2022-10,2022,Octubre,E05020203,CARRERA DE ECONOMIA - (70/30 AP),Economía,Con Partner (AP),Presencial (Híbrido),0,1,0,0,10,8,2,1,0,1,3,0,4,0,4,10,13,0,13
2022-11,2022,Noviembre,E05020203,CARRERA DE ECONOMIA - (70/30 AP),Economía,Con Partner (AP),Presencial (Híbrido),0,2,0,1,11,10,1,2,0,0,3,2,2,0,4,11,15,0,15
2022-12,2022,Diciembre,E05020203,CARRERA DE ECONOMIA - (70/30 AP),Economía,Con Partner (AP),Presencial (Híbrido),0,0,0,0,7,7,0,0,0,0,8,3,4,0,4,7,7,0,7
2023-01,2023,Enero,E05020203,CARRERA DE ECONOMIA - (70/30 AP),Economía,Con Partner (AP),Presencial (Híbrido),0,5,0,1,10,4,6,2,0,0,3,2,4,1,4,10,17,0,17
2023-02,2023,Febrero,E05020203,CARRERA DE ECONOMIA - (70/30 AP),Economía,Con Partner (AP),Presencial (Híbrido),0,8,0,2,16,15,1,3,0,0,2,2,2,2,4,16,27,0,27
2023-03,2023,Marzo,E05020203,CARRERA DE ECONOMIA - (70/30 AP),Economía,Con Partner (AP),Presencial (Híbrido),0,7,0,0,18,18,0,2,0,0,9,2,2,2,4,18,27,0,27
2023-04,2023,Abril,E05020203,CARRERA DE ECONOMIA - (70/30 AP),Economía,Con Partner (AP),Presencial (Híbrido),0,9,0,3,25,22,3,1,0,0,5,6,3,2,4,25,35,0,35
2023-05,2023,Mayo,E05020203,CARRERA DE ECONOMIA - (70/30 AP),Economía,Con Partner (AP),Presencial (Híbrido),0,2,0,1,33,30,3,0,0,0,5,2,9,2,4,33,35,0,35
2023-06,2023,Junio,E05020203,CARRERA DE ECONOMIA - (70/30 AP),Economía,Con Partner (AP),Presencial (Híbrido),0,4,0,1,30,28,2,3,1,0,7,3,8,1,4,30,38,0,38
2023-07,2023,Julio,E05020203,CARRERA DE ECONOMIA - (70/30 AP),Economía,Con Partner (AP),Presencial (Híbrido),0,9,0,7,32,30,2,0,0,0,8,5,10,1,5,32,41,0,41
2023-08,2023,Agosto,E05020203,CARRERA DE ECONOMIA - (70/30 AP),Economía,Con Partner (AP),Presencial (Híbrido),0,7,0,1,34,32,2,4,0,0,9,6,10,2,5,34,45,0,45
2023-09,2023,Setiembre,E05020203,CARRERA DE ECONOMIA - (70/30 AP),Economía,Con Partner (AP),Presencial (Híbrido),0,2,0,0,41,36,5,2,0,0,9,4,12,4,5,41,45,0,45
2023-10,2023,Octubre,E05020203,CARRERA DE ECONOMIA - (70/30 AP),Economía,Con Partner (AP),Presencial (Híbrido),0,2,0,2,36,32,4,2,0,0,13,5,13,5,5,36,40,0,40
2023-11,2023,Noviembre,E05020203,CARRERA DE ECONOMIA - (70/30 AP),Economía,Con Partner (AP),Presencial (Híbrido),0,3,0,1,31,27,4,0,0,0,13,9,15,8,5,31,34,0,34
2023-12,2023,Diciembre,E05020203,CARRERA DE ECONOMIA - (70/30 AP),Economía,Con Partner (AP),Presencial (Híbrido),0,2,0,2,29,28,1,5,0,0,6,12,16,11,5,29,36,0,36
2024-01,2024,Enero,E05020203,CARRERA DE ECONOMIA - (70/30 AP),Economía,Con Partner (AP),Presencial (Híbrido),0,5,0,3,33,31,2,6,1,3,5,4,18,13,3,33,48,0,48
2024-02,2024,Febrero,E05020203,CARRERA DE ECONOMIA - (70/30 AP),Economía,Con Partner (AP),Presencial (Híbrido),0,1,0,0,45,42,3,3,2,0,6,2,17,13,3,45,51,0,51
2024-03,2024,Marzo,E05020203,CARRERA DE ECONOMIA - (70/30 AP),Economía,Con Partner (AP),Presencial (Híbrido),0,0,0,0,29,28,1,0,1,0,23,5,14,15,5,29,30,0,30
2024-04,2024,Abril,E05020203,CARRERA DE ECONOMIA - (70/30 AP),Economía,Con Partner (AP),Presencial (Híbrido),0,2,0,2,39,24,15,2,0,1,6,8,13,18,5,39,41,3,44
2024-05,2024,Mayo,E05020203,CARRERA DE ECONOMIA - (70/30 AP),Economía,Con Partner (AP),Presencial (Híbrido),0,3,0,2,40,36,4,3,1,0,8,2,15,17,8,40,47,0,47
2024-06,2024,Junio,E05020203,CARRERA DE ECONOMIA - (70/30 AP),Economía,Con Partner (AP),Presencial (Híbrido),0,0,0,0,37,34,3,2,1,0,13,5,12,16,11,37,38,2,40
2024-07,2024,Julio,E05020203,CARRERA DE ECONOMIA - (70/30 AP),Economía,Con Partner (AP),Presencial (Híbrido),0,1,0,1,38,34,4,3,0,0,6,9,13,15,13,38,42,0,42
2024-08,2024,Agosto,E05020203,CARRERA DE ECONOMIA - (70/30 AP),Economía,Con Partner (AP),Presencial (Híbrido),0,2,0,2,38,34,4,4,1,0,8,2,14,16,15,38,43,2,45
2024-09,2024,Setiembre,E05020203,CARRERA DE ECONOMIA - (70/30 AP),Economía,Con Partner (AP),Presencial (Híbrido),0,0,0,0,44,37,7,6,0,0,8,1,5,18,18,44,49,1,50
2024-10,2024,Octubre,E05020203,CARRERA DE ECONOMIA - (70/30 AP),Economía,Con Partner (AP),Presencial (Híbrido),0,2,0,1,38,34,4,2,0,0,16,4,3,16,21,38,42,0,42
2024-11,2024,Noviembre,E05020203,CARRERA DE ECONOMIA - (70/30 AP),Economía,Con Partner (AP),Presencial (Híbrido),0,0,0,0,35,32,3,0,0,0,10,13,6,14,24,35,31,4,35
2024-12,2024,Diciembre,E05020203,CARRERA DE ECONOMIA - (70/30 AP),Economía,Con Partner (AP),Presencial (Híbrido),0,0,0,0,28,26,2,3,0,0,9,8,14,14,26,28,31,0,31
2025-01,2025,Enero,E05020203,CARRERA DE ECONOMIA - (70/30 AP),Economía,Con Partner (AP),Presencial (Híbrido),0,0,0,0,29,25,4,6,0,0,6,5,16,13,27,29,32,3,35
2025-02,2025,Febrero,E05020203,CARRERA DE ECONOMIA - (70/30 AP),Economía,Con Partner (AP),Presencial (Híbrido),0,0,0,0,25,25,0,1,0,0,10,6,20,9,31,25,24,2,26
2025-03,2025,Marzo,E05020203,CARRERA DE ECONOMIA - (70/30 AP),Economía,Con Partner (AP),Presencial (Híbrido),0,0,0,0,26,20,6,3,0,0,6,4,19,8,36,26,26,3,29
2025-04,2025,Abril,E05020203,CARRERA DE ECONOMIA - (70/30 AP),Economía,Con Partner (AP),Presencial (Híbrido),0,0,0,0,25,23,2,3,0,0,6,4,13,14,37,25,25,3,28
2025-05,2025,Mayo,E05020203,CARRERA DE ECONOMIA - (70/30 AP),Economía,Con Partner (AP),Presencial (Híbrido),0,0,0,0,25,22,3,1,0,0,6,3,13,16,38,25,26,0,26
2025-06,2025,Junio,E05020203,CARRERA DE ECONOMIA - (70/30 AP),Economía,Con Partner (AP),Presencial (Híbrido),0,0,0,0,18,15,3,0,0,0,11,3,12,18,40,18,13,5,18
2025-07,2025,Julio,E05020203,CARRERA DE ECONOMIA - (70/30 AP),Economía,Con Partner (AP),Presencial (Híbrido),0,0,0,0,19,17,2,0,0,0,1,9,11,22,40,19,15,4,19
2025-08,2025,Agosto,E05020203,CARRERA DE ECONOMIA - (70/30 AP),Economía,Con Partner (AP),Presencial (Híbrido),0,1,0,0,16,16,0,1,0,0,3,1,17,24,40,16,13,5,18
2025-09,2025,Setiembre,E05020203,CARRERA DE ECONOMIA - (70/30 AP),Economía,Con Partner (AP),Presencial (Híbrido),0,0,0,0,18,16,2,0,0,0,2,1,15,23,44,18,13,5,18
2025-10,2025,Octubre,E05020203,CARRERA DE ECONOMIA - (70/30 AP),Economía,Con Partner (AP),Presencial (Híbrido),0,0,0,0,17,17,0,0,0,0,1,2,13,19,51,17,11,6,17
2025-11,2025,Noviembre,E05020203,CARRERA DE ECONOMIA - (70/30 AP),Economía,Con Partner (AP),Presencial (Híbrido),0,0,0,0,12,12,0,0,0,0,5,1,12,19,54,12,5,7,12
2025-12,2025,Diciembre,E05020203,CARRERA DE ECONOMIA - (70/30 AP),Economía,Con Partner (AP),Presencial (Híbrido),0,0,0,0,10,6,4,0,0,0,6,1,5,23,58,10,10,0,10
2026-01,2026,Enero,E05020203,CARRERA DE ECONOMIA - (70/30 AP),Economía,Con Partner (AP),Presencial (Híbrido),2,0,0,0,14,10,4,0,0,0,0,0,5,20,62,14,10,6,16
2026-02,2026,Febrero,E05020203,CARRERA DE ECONOMIA - (70/30 AP),Economía,Con Partner (AP),Presencial (Híbrido),0,0,0,0,11,11,0,0,0,0,3,0,4,19,64,11,7,4,11
2026-03,2026,Marzo,E05020203,CARRERA DE ECONOMIA - (70/30 AP),Economía,Con Partner (AP),Presencial (Híbrido),0,0,0,0,13,10,3,1,0,0,1,0,1,18,67,13,5,9,14
2026-04,2026,Abril,E05020203,CARRERA DE ECONOMIA - (70/30 AP),Economía,Con Partner (AP),Presencial (Híbrido),0,0,0,0,13,12,1,0,0,0,2,0,1,15,70,13,7,6,13
2026-05,2026,Mayo,E05020203,CARRERA DE ECONOMIA - (70/30 AP),Economía,Con Partner (AP),Presencial (Híbrido),0,0,0,0,10,9,1,0,0,0,4,1,0,13,73,10,4,6,10
2026-06,2026,Junio,E05020203,CARRERA DE ECONOMIA - (70/30 AP),Economía,Con Partner (AP),Presencial (Híbrido),0,0,0,0,10,9,1,0,0,0,1,3,1,5,81,10,6,4,10
2016-05,2016,Mayo,E05010103,CARRERA DE CONTABILIDAD Y FINANZAS -  (70/30 AP),Contabilidad y Finanzas,Con Partner (AP),Presencial (Híbrido),0,1,0,0,0,0,0,0,0,0,0,0,0,0,0,0,1,0,1
2016-06,2016,Junio,E05010103,CARRERA DE CONTABILIDAD Y FINANZAS -  (70/30 AP),Contabilidad y Finanzas,Con Partner (AP),Presencial (Híbrido),0,0,0,0,1,1,0,0,0,0,0,0,0,0,0,1,1,0,1
2016-07,2016,Julio,E05010103,CARRERA DE CONTABILIDAD Y FINANZAS -  (70/30 AP),Contabilidad y Finanzas,Con Partner (AP),Presencial (Híbrido),0,0,0,0,1,1,0,0,0,0,0,0,0,0,0,1,1,0,1
2016-08,2016,Agosto,E05010103,CARRERA DE CONTABILIDAD Y FINANZAS -  (70/30 AP),Contabilidad y Finanzas,Con Partner (AP),Presencial (Híbrido),0,0,0,0,1,1,0,0,0,0,0,0,0,0,0,1,1,0,1
2016-09,2016,Setiembre,E05010103,CARRERA DE CONTABILIDAD Y FINANZAS -  (70/30 AP),Contabilidad y Finanzas,Con Partner (AP),Presencial (Híbrido),0,0,0,0,1,1,0,0,0,0,0,0,0,0,0,1,1,0,1
2016-10,2016,Octubre,E05010103,CARRERA DE CONTABILIDAD Y FINANZAS -  (70/30 AP),Contabilidad y Finanzas,Con Partner (AP),Presencial (Híbrido),0,0,0,0,1,1,0,0,0,0,0,0,0,0,0,1,1,0,1
2016-11,2016,N/A,E05010103,CARRERA DE CONTABILIDAD Y FINANZAS -  (70/30 AP),Contabilidad y Finanzas,Con Partner (AP),Presencial (Híbrido),0,0,0,0,0,0,0,0,0,0,1,0,0,0,0,0,0,0,0
2016-12,2016,Diciembre,E05010103,CARRERA DE CONTABILIDAD Y FINANZAS -  (70/30 AP),Contabilidad y Finanzas,Con Partner (AP),Presencial (Híbrido),0,0,0,0,1,0,1,0,0,0,0,0,0,0,0,1,1,0,1
2017-01,2017,Enero,E05010103,CARRERA DE CONTABILIDAD Y FINANZAS -  (70/30 AP),Contabilidad y Finanzas,Con Partner (AP),Presencial (Híbrido),0,0,0,0,1,1,0,0,0,0,0,0,0,0,0,1,1,0,1
2017-02,2017,N/A,E05010103,CARRERA DE CONTABILIDAD Y FINANZAS -  (70/30 AP),Contabilidad y Finanzas,Con Partner (AP),Presencial (Híbrido),0,0,0,0,0,0,0,0,0,0,1,0,0,0,0,0,0,0,0
2017-03,2017,Marzo,E05010103,CARRERA DE CONTABILIDAD Y FINANZAS -  (70/30 AP),Contabilidad y Finanzas,Con Partner (AP),Presencial (Híbrido),0,0,0,0,1,0,1,0,0,0,0,0,0,0,0,1,1,0,1
2017-04,2017,Abril,E05010103,CARRERA DE CONTABILIDAD Y FINANZAS -  (70/30 AP),Contabilidad y Finanzas,Con Partner (AP),Presencial (Híbrido),0,0,0,0,1,1,0,0,0,0,0,0,0,0,0,1,1,0,1
2017-05,2017,N/A,E05010103,CARRERA DE CONTABILIDAD Y FINANZAS -  (70/30 AP),Contabilidad y Finanzas,Con Partner (AP),Presencial (Híbrido),0,0,0,0,0,0,0,0,0,0,1,0,0,0,0,0,0,0,0
2017-06,2017,N/A,E05010103,CARRERA DE CONTABILIDAD Y FINANZAS -  (70/30 AP),Contabilidad y Finanzas,Con Partner (AP),Presencial (Híbrido),0,0,0,0,0,0,0,0,0,0,0,1,0,0,0,0,0,0,0
2017-07,2017,Julio,E05010103,CARRERA DE CONTABILIDAD Y FINANZAS -  (70/30 AP),Contabilidad y Finanzas,Con Partner (AP),Presencial (Híbrido),0,0,0,0,0,0,0,1,0,0,0,0,0,0,0,0,1,0,1
2017-08,2017,Agosto,E05010103,CARRERA DE CONTABILIDAD Y FINANZAS -  (70/30 AP),Contabilidad y Finanzas,Con Partner (AP),Presencial (Híbrido),0,0,0,0,1,1,0,0,0,0,0,0,0,0,0,1,1,0,1
2017-09,2017,N/A,E05010103,CARRERA DE CONTABILIDAD Y FINANZAS -  (70/30 AP),Contabilidad y Finanzas,Con Partner (AP),Presencial (Híbrido),0,0,0,0,0,0,0,0,0,0,1,0,0,0,0,0,0,0,0
2017-10,2017,Octubre,E05010103,CARRERA DE CONTABILIDAD Y FINANZAS -  (70/30 AP),Contabilidad y Finanzas,Con Partner (AP),Presencial (Híbrido),0,1,0,0,0,0,0,0,0,0,0,1,0,0,0,0,1,0,1
2017-11,2017,Noviembre,E05010103,CARRERA DE CONTABILIDAD Y FINANZAS -  (70/30 AP),Contabilidad y Finanzas,Con Partner (AP),Presencial (Híbrido),0,0,0,0,1,1,0,0,0,0,0,0,1,0,0,1,1,0,1
2017-12,2017,Diciembre,E05010103,CARRERA DE CONTABILIDAD Y FINANZAS -  (70/30 AP),Contabilidad y Finanzas,Con Partner (AP),Presencial (Híbrido),0,0,0,0,1,1,0,0,0,0,0,0,1,0,0,1,1,0,1
2018-01,2018,Enero,E05010103,CARRERA DE CONTABILIDAD Y FINANZAS -  (70/30 AP),Contabilidad y Finanzas,Con Partner (AP),Presencial (Híbrido),0,0,0,0,1,1,0,0,0,0,0,0,1,0,0,1,1,0,1
2018-02,2018,Febrero,E05010103,CARRERA DE CONTABILIDAD Y FINANZAS -  (70/30 AP),Contabilidad y Finanzas,Con Partner (AP),Presencial (Híbrido),0,0,0,0,1,1,0,0,0,0,0,0,1,0,0,1,1,0,1
2018-03,2018,Marzo,E05010103,CARRERA DE CONTABILIDAD Y FINANZAS -  (70/30 AP),Contabilidad y Finanzas,Con Partner (AP),Presencial (Híbrido),0,0,0,0,1,1,0,0,0,0,0,0,0,1,0,1,1,0,1
2018-04,2018,N/A,E05010103,CARRERA DE CONTABILIDAD Y FINANZAS -  (70/30 AP),Contabilidad y Finanzas,Con Partner (AP),Presencial (Híbrido),0,0,0,0,0,0,0,0,0,0,1,0,0,1,0,0,0,0,0
2018-05,2018,Mayo,E05010103,CARRERA DE CONTABILIDAD Y FINANZAS -  (70/30 AP),Contabilidad y Finanzas,Con Partner (AP),Presencial (Híbrido),0,1,0,0,1,0,1,0,0,0,0,0,0,1,0,1,2,0,2
2018-06,2018,Junio,E05010103,CARRERA DE CONTABILIDAD Y FINANZAS -  (70/30 AP),Contabilidad y Finanzas,Con Partner (AP),Presencial (Híbrido),0,0,0,0,1,1,0,0,0,0,1,0,0,1,0,1,1,0,1
2018-07,2018,Julio,E05010103,CARRERA DE CONTABILIDAD Y FINANZAS -  (70/30 AP),Contabilidad y Finanzas,Con Partner (AP),Presencial (Híbrido),0,0,0,0,1,0,1,0,0,0,1,0,0,1,0,1,1,0,1
2018-08,2018,Agosto,E05010103,CARRERA DE CONTABILIDAD Y FINANZAS -  (70/30 AP),Contabilidad y Finanzas,Con Partner (AP),Presencial (Híbrido),0,1,0,0,1,1,0,0,0,0,0,1,0,1,0,1,2,0,2
2018-09,2018,Setiembre,E05010103,CARRERA DE CONTABILIDAD Y FINANZAS -  (70/30 AP),Contabilidad y Finanzas,Con Partner (AP),Presencial (Híbrido),0,0,0,0,1,1,0,0,0,0,1,0,1,0,1,1,1,0,1
2018-10,2018,Octubre,E05010103,CARRERA DE CONTABILIDAD Y FINANZAS -  (70/30 AP),Contabilidad y Finanzas,Con Partner (AP),Presencial (Híbrido),0,0,0,0,1,1,0,0,0,0,0,1,1,0,1,1,1,0,1
2018-11,2018,Noviembre,E05010103,CARRERA DE CONTABILIDAD Y FINANZAS -  (70/30 AP),Contabilidad y Finanzas,Con Partner (AP),Presencial (Híbrido),0,0,0,0,1,1,0,1,0,0,0,0,1,0,1,1,2,0,2
2018-12,2018,Diciembre,E05010103,CARRERA DE CONTABILIDAD Y FINANZAS -  (70/30 AP),Contabilidad y Finanzas,Con Partner (AP),Presencial (Híbrido),0,0,0,0,1,1,0,0,0,0,1,0,1,0,1,1,1,0,1
2019-01,2019,Enero,E05010103,CARRERA DE CONTABILIDAD Y FINANZAS -  (70/30 AP),Contabilidad y Finanzas,Con Partner (AP),Presencial (Híbrido),0,0,0,0,2,1,1,0,0,0,0,0,1,0,1,2,2,0,2
2019-02,2019,N/A,E05010103,CARRERA DE CONTABILIDAD Y FINANZAS -  (70/30 AP),Contabilidad y Finanzas,Con Partner (AP),Presencial (Híbrido),0,0,0,0,0,0,0,0,0,0,2,0,1,0,1,0,0,0,0
2019-03,2019,Marzo,E05010103,CARRERA DE CONTABILIDAD Y FINANZAS -  (70/30 AP),Contabilidad y Finanzas,Con Partner (AP),Presencial (Híbrido),0,1,0,0,0,0,0,0,0,0,0,2,0,1,1,0,1,0,1
2019-04,2019,Abril,E05010103,CARRERA DE CONTABILIDAD Y FINANZAS -  (70/30 AP),Contabilidad y Finanzas,Con Partner (AP),Presencial (Híbrido),0,1,0,1,1,1,0,0,0,0,0,0,2,1,1,1,2,0,2
2019-05,2019,Mayo,E05010103,CARRERA DE CONTABILIDAD Y FINANZAS -  (70/30 AP),Contabilidad y Finanzas,Con Partner (AP),Presencial (Híbrido),0,0,0,0,1,1,0,0,0,0,1,0,2,1,1,1,1,0,1
2019-06,2019,Junio,E05010103,CARRERA DE CONTABILIDAD Y FINANZAS -  (70/30 AP),Contabilidad y Finanzas,Con Partner (AP),Presencial (Híbrido),0,0,0,0,2,1,1,0,0,0,0,0,2,1,1,2,2,0,2
2019-07,2019,Julio,E05010103,CARRERA DE CONTABILIDAD Y FINANZAS -  (70/30 AP),Contabilidad y Finanzas,Con Partner (AP),Presencial (Híbrido),0,0,0,0,2,2,0,0,0,0,0,0,2,1,1,2,2,0,2
2019-08,2019,N/A,E05010103,CARRERA DE CONTABILIDAD Y FINANZAS -  (70/30 AP),Contabilidad y Finanzas,Con Partner (AP),Presencial (Híbrido),0,0,0,0,0,0,0,0,0,0,2,0,0,3,1,0,0,0,0
2019-09,2019,N/A,E05010103,CARRERA DE CONTABILIDAD Y FINANZAS -  (70/30 AP),Contabilidad y Finanzas,Con Partner (AP),Presencial (Híbrido),0,0,0,0,0,0,0,0,0,0,0,2,0,2,2,0,0,0,0
2019-10,2019,Octubre,E05010103,CARRERA DE CONTABILIDAD Y FINANZAS -  (70/30 AP),Contabilidad y Finanzas,Con Partner (AP),Presencial (Híbrido),0,0,0,0,0,0,0,1,0,0,0,0,1,2,2,0,1,0,1
2019-11,2019,Noviembre,E05010103,CARRERA DE CONTABILIDAD Y FINANZAS -  (70/30 AP),Contabilidad y Finanzas,Con Partner (AP),Presencial (Híbrido),0,0,0,0,0,0,0,1,0,0,1,0,0,2,2,0,1,0,1
2019-12,2019,N/A,E05010103,CARRERA DE CONTABILIDAD Y FINANZAS -  (70/30 AP),Contabilidad y Finanzas,Con Partner (AP),Presencial (Híbrido),0,0,0,0,0,0,0,0,0,0,1,1,0,2,2,0,0,0,0
2020-01,2020,N/A,E05010103,CARRERA DE CONTABILIDAD Y FINANZAS -  (70/30 AP),Contabilidad y Finanzas,Con Partner (AP),Presencial (Híbrido),0,0,0,0,0,0,0,0,0,0,0,1,1,2,2,0,0,0,0
2020-02,2020,Febrero,E05010103,CARRERA DE CONTABILIDAD Y FINANZAS -  (70/30 AP),Contabilidad y Finanzas,Con Partner (AP),Presencial (Híbrido),0,1,0,0,0,0,0,1,0,0,0,0,1,0,4,0,2,0,2
2020-03,2020,Marzo,E05010103,CARRERA DE CONTABILIDAD Y FINANZAS -  (70/30 AP),Contabilidad y Finanzas,Con Partner (AP),Presencial (Híbrido),0,0,0,0,2,2,0,0,0,1,0,0,1,0,3,2,3,0,3
2020-04,2020,Abril,E05010103,CARRERA DE CONTABILIDAD Y FINANZAS -  (70/30 AP),Contabilidad y Finanzas,Con Partner (AP),Presencial (Híbrido),0,0,0,0,2,2,0,0,0,0,1,0,1,0,3,2,2,0,2
2020-05,2020,Mayo,E05010103,CARRERA DE CONTABILIDAD Y FINANZAS -  (70/30 AP),Contabilidad y Finanzas,Con Partner (AP),Presencial (Híbrido),0,0,0,0,2,2,0,1,0,0,0,1,0,0,3,2,3,0,3
2020-06,2020,Junio,E05010103,CARRERA DE CONTABILIDAD Y FINANZAS -  (70/30 AP),Contabilidad y Finanzas,Con Partner (AP),Presencial (Híbrido),0,1,0,1,3,3,0,0,0,0,0,0,1,0,3,3,4,0,4
2020-07,2020,Julio,E05010103,CARRERA DE CONTABILIDAD Y FINANZAS -  (70/30 AP),Contabilidad y Finanzas,Con Partner (AP),Presencial (Híbrido),0,0,0,0,4,4,0,0,0,0,0,0,1,0,3,4,3,0,4
2020-08,2020,Agosto,E05010103,CARRERA DE CONTABILIDAD Y FINANZAS -  (70/30 AP),Contabilidad y Finanzas,Con Partner (AP),Presencial (Híbrido),0,1,0,1,3,3,0,0,0,0,1,0,1,0,3,3,4,0,4
2020-09,2020,Setiembre,E05010103,CARRERA DE CONTABILIDAD Y FINANZAS -  (70/30 AP),Contabilidad y Finanzas,Con Partner (AP),Presencial (Híbrido),0,0,0,0,4,3,1,0,0,0,1,0,1,0,3,4,4,0,4
2020-10,2020,Octubre,E05010103,CARRERA DE CONTABILIDAD Y FINANZAS -  (70/30 AP),Contabilidad y Finanzas,Con Partner (AP),Presencial (Híbrido),0,1,0,1,3,3,0,0,0,0,1,1,0,1,3,3,4,0,4
2020-11,2020,Noviembre,E05010103,CARRERA DE CONTABILIDAD Y FINANZAS -  (70/30 AP),Contabilidad y Finanzas,Con Partner (AP),Presencial (Híbrido),0,0,0,0,2,2,0,0,0,0,2,1,1,1,3,2,2,0,2
2020-12,2020,Diciembre,E05010103,CARRERA DE CONTABILIDAD Y FINANZAS -  (70/30 AP),Contabilidad y Finanzas,Con Partner (AP),Presencial (Híbrido),0,0,0,0,3,1,2,0,0,0,1,0,2,1,3,3,3,0,3
2021-01,2021,Enero,E05010103,CARRERA DE CONTABILIDAD Y FINANZAS -  (70/30 AP),Contabilidad y Finanzas,Con Partner (AP),Presencial (Híbrido),0,0,0,0,4,3,1,0,0,0,0,0,2,1,3,4,4,0,4
2021-02,2021,Febrero,E05010103,CARRERA DE CONTABILIDAD Y FINANZAS -  (70/30 AP),Contabilidad y Finanzas,Con Partner (AP),Presencial (Híbrido),0,0,0,0,2,2,0,0,0,1,2,0,2,1,2,2,3,0,3
2021-03,2021,Marzo,E05010103,CARRERA DE CONTABILIDAD Y FINANZAS -  (70/30 AP),Contabilidad y Finanzas,Con Partner (AP),Presencial (Híbrido),0,1,0,0,2,2,0,0,0,0,1,2,1,2,2,2,3,0,3
2021-04,2021,Abril,E05010103,CARRERA DE CONTABILIDAD Y FINANZAS -  (70/30 AP),Contabilidad y Finanzas,Con Partner (AP),Presencial (Híbrido),0,1,0,1,2,1,1,1,0,0,2,0,1,2,3,2,4,0,4
2021-05,2021,Mayo,E05010103,CARRERA DE CONTABILIDAD Y FINANZAS -  (70/30 AP),Contabilidad y Finanzas,Con Partner (AP),Presencial (Híbrido),0,0,0,0,3,2,1,0,0,0,2,1,1,2,3,3,3,0,3
2021-06,2021,Junio,E05010103,CARRERA DE CONTABILIDAD Y FINANZAS -  (70/30 AP),Contabilidad y Finanzas,Con Partner (AP),Presencial (Híbrido),0,0,0,0,3,3,0,0,0,0,0,2,2,2,3,3,3,0,3
2021-07,2021,Julio,E05010103,CARRERA DE CONTABILIDAD Y FINANZAS -  (70/30 AP),Contabilidad y Finanzas,Con Partner (AP),Presencial (Híbrido),0,0,0,0,3,3,0,3,0,0,0,0,1,2,3,3,5,0,6
2021-08,2021,Agosto,E05010103,CARRERA DE CONTABILIDAD Y FINANZAS -  (70/30 AP),Contabilidad y Finanzas,Con Partner (AP),Presencial (Híbrido),0,0,0,0,5,5,0,0,0,0,1,0,0,3,3,5,5,0,5
2021-09,2021,Setiembre,E05010103,CARRERA DE CONTABILIDAD Y FINANZAS -  (70/30 AP),Contabilidad y Finanzas,Con Partner (AP),Presencial (Híbrido),0,0,0,0,6,5,1,0,0,0,0,0,0,2,4,6,6,0,6
2021-10,2021,Octubre,E05010103,CARRERA DE CONTABILIDAD Y FINANZAS -  (70/30 AP),Contabilidad y Finanzas,Con Partner (AP),Presencial (Híbrido),0,0,0,0,4,4,0,0,0,0,2,0,0,1,5,4,4,0,4
2021-11,2021,Noviembre,E05010103,CARRERA DE CONTABILIDAD Y FINANZAS -  (70/30 AP),Contabilidad y Finanzas,Con Partner (AP),Presencial (Híbrido),0,0,0,0,3,3,0,0,0,0,1,2,0,1,5,3,3,0,3
2021-12,2021,Diciembre,E05010103,CARRERA DE CONTABILIDAD Y FINANZAS -  (70/30 AP),Contabilidad y Finanzas,Con Partner (AP),Presencial (Híbrido),0,0,0,0,4,3,1,1,0,0,0,0,1,1,5,4,5,0,5
2022-01,2022,Enero,E05010103,CARRERA DE CONTABILIDAD Y FINANZAS -  (70/30 AP),Contabilidad y Finanzas,Con Partner (AP),Presencial (Híbrido),0,0,0,0,5,5,0,1,0,0,0,0,0,1,5,5,4,0,6
2022-02,2022,Febrero,E05010103,CARRERA DE CONTABILIDAD Y FINANZAS -  (70/30 AP),Contabilidad y Finanzas,Con Partner (AP),Presencial (Híbrido),0,0,0,0,5,5,0,0,0,0,1,0,0,0,6,5,5,0,5
2022-03,2022,Marzo,E05010103,CARRERA DE CONTABILIDAD Y FINANZAS -  (70/30 AP),Contabilidad y Finanzas,Con Partner (AP),Presencial (Híbrido),0,0,0,0,3,3,0,0,0,1,2,1,0,0,5,3,4,0,4
2022-04,2022,Abril,E05010103,CARRERA DE CONTABILIDAD Y FINANZAS -  (70/30 AP),Contabilidad y Finanzas,Con Partner (AP),Presencial (Híbrido),0,0,0,0,5,4,1,0,0,0,0,1,1,0,5,5,5,0,5
2022-05,2022,Mayo,E05010103,CARRERA DE CONTABILIDAD Y FINANZAS -  (70/30 AP),Contabilidad y Finanzas,Con Partner (AP),Presencial (Híbrido),0,0,0,0,3,3,0,0,0,0,2,0,2,0,5,3,3,0,3
2022-06,2022,Junio,E05010103,CARRERA DE CONTABILIDAD Y FINANZAS -  (70/30 AP),Contabilidad y Finanzas,Con Partner (AP),Presencial (Híbrido),0,0,0,0,4,3,1,0,0,0,0,1,2,0,5,4,4,0,4
2022-07,2022,Julio,E05010103,CARRERA DE CONTABILIDAD Y FINANZAS -  (70/30 AP),Contabilidad y Finanzas,Con Partner (AP),Presencial (Híbrido),0,0,0,0,3,3,0,0,0,0,1,0,3,0,5,3,1,0,3
2022-08,2022,Agosto,E05010103,CARRERA DE CONTABILIDAD Y FINANZAS -  (70/30 AP),Contabilidad y Finanzas,Con Partner (AP),Presencial (Híbrido),0,1,0,1,3,2,1,0,0,0,1,0,2,1,5,3,4,0,4
2022-09,2022,Setiembre,E05010103,CARRERA DE CONTABILIDAD Y FINANZAS -  (70/30 AP),Contabilidad y Finanzas,Con Partner (AP),Presencial (Híbrido),0,1,0,0,5,4,1,0,1,0,0,0,1,1,5,5,6,0,7
2022-10,2022,Octubre,E05010103,CARRERA DE CONTABILIDAD Y FINANZAS -  (70/30 AP),Contabilidad y Finanzas,Con Partner (AP),Presencial (Híbrido),0,0,0,0,5,5,0,0,0,0,2,0,1,1,5,5,5,0,5
2022-11,2022,Noviembre,E05010103,CARRERA DE CONTABILIDAD Y FINANZAS -  (70/30 AP),Contabilidad y Finanzas,Con Partner (AP),Presencial (Híbrido),0,1,0,0,4,4,0,0,0,0,1,2,0,2,5,4,3,2,5
2022-12,2022,Diciembre,E05010103,CARRERA DE CONTABILIDAD Y FINANZAS -  (70/30 AP),Contabilidad y Finanzas,Con Partner (AP),Presencial (Híbrido),0,0,0,0,1,1,0,0,0,0,4,1,2,2,5,1,1,0,1
2023-01,2023,Enero,E05010103,CARRERA DE CONTABILIDAD Y FINANZAS -  (70/30 AP),Contabilidad y Finanzas,Con Partner (AP),Presencial (Híbrido),0,4,0,0,4,0,4,1,0,0,1,0,2,2,5,4,8,0,9
2023-02,2023,Febrero,E05010103,CARRERA DE CONTABILIDAD Y FINANZAS -  (70/30 AP),Contabilidad y Finanzas,Con Partner (AP),Presencial (Híbrido),0,9,0,1,6,6,0,0,0,0,3,1,2,2,5,6,15,0,15
2023-03,2023,Marzo,E05010103,CARRERA DE CONTABILIDAD Y FINANZAS -  (70/30 AP),Contabilidad y Finanzas,Con Partner (AP),Presencial (Híbrido),0,6,0,3,10,10,0,2,0,0,5,3,1,1,6,10,18,0,18
2023-04,2023,Abril,E05010103,CARRERA DE CONTABILIDAD Y FINANZAS -  (70/30 AP),Contabilidad y Finanzas,Con Partner (AP),Presencial (Híbrido),0,5,0,2,13,13,0,0,0,0,5,5,3,2,6,13,18,0,18
2023-05,2023,Mayo,E05010103,CARRERA DE CONTABILIDAD Y FINANZAS -  (70/30 AP),Contabilidad y Finanzas,Con Partner (AP),Presencial (Híbrido),0,8,0,2,16,13,3,0,0,0,5,2,8,1,7,16,24,0,24
2023-06,2023,Junio,E05010103,CARRERA DE CONTABILIDAD Y FINANZAS -  (70/30 AP),Contabilidad y Finanzas,Con Partner (AP),Presencial (Híbrido),0,6,0,1,24,21,3,0,0,0,3,2,10,1,7,24,30,0,30
2023-07,2023,Julio,E05010103,CARRERA DE CONTABILIDAD Y FINANZAS -  (70/30 AP),Contabilidad y Finanzas,Con Partner (AP),Presencial (Híbrido),0,24,0,9,22,21,1,0,0,0,9,2,12,1,7,22,46,0,46
2023-08,2023,Agosto,E05010103,CARRERA DE CONTABILIDAD Y FINANZAS -  (70/30 AP),Contabilidad y Finanzas,Con Partner (AP),Presencial (Híbrido),0,9,0,6,42,39,3,0,0,0,7,6,11,4,7,42,51,0,51
2023-09,2023,Setiembre,E05010103,CARRERA DE CONTABILIDAD Y FINANZAS -  (70/30 AP),Contabilidad y Finanzas,Con Partner (AP),Presencial (Híbrido),0,4,0,3,43,40,3,0,0,0,11,4,12,9,7,43,47,0,47
2023-10,2023,Octubre,E05010103,CARRERA DE CONTABILIDAD Y FINANZAS -  (70/30 AP),Contabilidad y Finanzas,Con Partner (AP),Presencial (Híbrido),0,2,0,0,42,38,4,1,0,0,9,7,13,10,8,42,40,5,45
2023-11,2023,Noviembre,E05010103,CARRERA DE CONTABILIDAD Y FINANZAS -  (70/30 AP),Contabilidad y Finanzas,Con Partner (AP),Presencial (Híbrido),0,2,0,2,41,36,5,0,0,0,9,4,18,12,8,41,43,0,43
2023-12,2023,Diciembre,E05010103,CARRERA DE CONTABILIDAD Y FINANZAS -  (70/30 AP),Contabilidad y Finanzas,Con Partner (AP),Presencial (Híbrido),0,0,0,0,30,28,2,2,0,0,15,7,18,14,8,30,32,0,32
2024-01,2024,Enero,E05010103,CARRERA DE CONTABILIDAD Y FINANZAS -  (70/30 AP),Contabilidad y Finanzas,Con Partner (AP),Presencial (Híbrido),0,3,0,2,35,26,9,6,2,2,6,6,14,17,6,35,48,0,48
2024-02,2024,Febrero,E05010103,CARRERA DE CONTABILIDAD Y FINANZAS -  (70/30 AP),Contabilidad y Finanzas,Con Partner (AP),Presencial (Híbrido),0,4,0,2,33,33,0,2,1,0,15,6,15,17,8,33,35,5,40
2024-03,2024,Marzo,E05010103,CARRERA DE CONTABILIDAD Y FINANZAS -  (70/30 AP),Contabilidad y Finanzas,Con Partner (AP),Presencial (Híbrido),0,3,0,2,41,34,7,6,1,0,6,8,8,18,13,41,51,0,51
2024-04,2024,Abril,E05010103,CARRERA DE CONTABILIDAD Y FINANZAS -  (70/30 AP),Contabilidad y Finanzas,Con Partner (AP),Presencial (Híbrido),0,3,0,2,38,38,0,2,0,0,13,6,14,17,14,38,41,2,43
2024-05,2024,Mayo,E05010103,CARRERA DE CONTABILIDAD Y FINANZAS -  (70/30 AP),Contabilidad y Finanzas,Con Partner (AP),Presencial (Híbrido),0,3,0,2,39,35,4,5,0,1,8,9,13,17,15,39,48,0,48
2024-06,2024,Junio,E05010103,CARRERA DE CONTABILIDAD Y FINANZAS -  (70/30 AP),Contabilidad y Finanzas,Con Partner (AP),Presencial (Híbrido),0,0,0,0,45,39,6,6,0,0,9,2,12,19,17,45,50,1,51
2024-07,2024,Julio,E05010103,CARRERA DE CONTABILIDAD Y FINANZAS -  (70/30 AP),Contabilidad y Finanzas,Con Partner (AP),Presencial (Híbrido),0,4,0,3,39,35,4,6,0,0,16,5,7,16,21,39,40,9,49
2024-08,2024,Agosto,E05010103,CARRERA DE CONTABILIDAD Y FINANZAS -  (70/30 AP),Contabilidad y Finanzas,Con Partner (AP),Presencial (Híbrido),0,2,0,1,48,39,9,4,0,0,10,7,6,16,23,48,42,12,54
2024-09,2024,Setiembre,E05010103,CARRERA DE CONTABILIDAD Y FINANZAS -  (70/30 AP),Contabilidad y Finanzas,Con Partner (AP),Presencial (Híbrido),0,0,0,0,41,37,4,4,0,0,17,6,8,10,30,41,40,5,45
2024-10,2024,Octubre,E05010103,CARRERA DE CONTABILIDAD Y FINANZAS -  (70/30 AP),Contabilidad y Finanzas,Con Partner (AP),Presencial (Híbrido),0,0,0,0,47,41,6,4,0,0,4,11,9,11,30,47,40,11,51
2024-11,2024,Noviembre,E05010103,CARRERA DE CONTABILIDAD Y FINANZAS -  (70/30 AP),Contabilidad y Finanzas,Con Partner (AP),Presencial (Híbrido),0,1,0,1,42,40,2,5,0,0,11,2,15,9,32,42,41,7,48
2024-12,2024,Diciembre,E05010103,CARRERA DE CONTABILIDAD Y FINANZAS -  (70/30 AP),Contabilidad y Finanzas,Con Partner (AP),Presencial (Híbrido),0,0,0,0,34,33,1,4,1,0,15,10,12,5,36,34,33,6,39
2025-01,2025,Enero,E05010103,CARRERA DE CONTABILIDAD Y FINANZAS -  (70/30 AP),Contabilidad y Finanzas,Con Partner (AP),Presencial (Híbrido),0,1,0,0,32,27,5,2,0,0,12,10,17,7,37,32,28,7,35
2025-02,2025,Febrero,E05010103,CARRERA DE CONTABILIDAD Y FINANZAS -  (70/30 AP),Contabilidad y Finanzas,Con Partner (AP),Presencial (Híbrido),0,0,0,0,29,26,3,3,0,0,9,9,22,7,39,29,21,11,32
2025-03,2025,Marzo,E05010103,CARRERA DE CONTABILIDAD Y FINANZAS -  (70/30 AP),Contabilidad y Finanzas,Con Partner (AP),Presencial (Híbrido),0,1,0,1,30,27,3,0,0,0,5,6,28,9,40,30,25,6,31
2025-04,2025,Abril,E05010103,CARRERA DE CONTABILIDAD Y FINANZAS -  (70/30 AP),Contabilidad y Finanzas,Con Partner (AP),Presencial (Híbrido),0,0,0,0,31,29,2,4,0,0,2,3,28,11,40,31,30,5,35
2025-05,2025,Mayo,E05010103,CARRERA DE CONTABILIDAD Y FINANZAS -  (70/30 AP),Contabilidad y Finanzas,Con Partner (AP),Presencial (Híbrido),0,0,0,0,25,25,0,2,0,0,10,2,20,20,40,25,17,10,27
2025-06,2025,Junio,E05010103,CARRERA DE CONTABILIDAD Y FINANZAS -  (70/30 AP),Contabilidad y Finanzas,Con Partner (AP),Presencial (Híbrido),0,0,0,0,21,20,1,0,1,0,7,9,14,27,40,21,9,13,22
2025-07,2025,Julio,E05010103,CARRERA DE CONTABILIDAD Y FINANZAS -  (70/30 AP),Contabilidad y Finanzas,Con Partner (AP),Presencial (Híbrido),0,0,0,0,22,19,3,0,0,0,3,4,17,30,43,22,10,12,22
2025-08,2025,Agosto,E05010103,CARRERA DE CONTABILIDAD Y FINANZAS -  (70/30 AP),Contabilidad y Finanzas,Con Partner (AP),Presencial (Híbrido),0,0,0,0,16,16,0,0,0,0,6,3,17,32,45,16,4,12,16
2025-09,2025,Setiembre,E05010103,CARRERA DE CONTABILIDAD Y FINANZAS -  (70/30 AP),Contabilidad y Finanzas,Con Partner (AP),Presencial (Híbrido),0,0,0,0,17,15,2,2,0,0,1,4,16,31,48,17,10,9,19
2025-10,2025,Octubre,E05010103,CARRERA DE CONTABILIDAD Y FINANZAS -  (70/30 AP),Contabilidad y Finanzas,Con Partner (AP),Presencial (Híbrido),0,2,0,1,18,18,0,1,0,0,1,1,17,31,50,18,14,7,21
2025-11,2025,Noviembre,E05010103,CARRERA DE CONTABILIDAD Y FINANZAS -  (70/30 AP),Contabilidad y Finanzas,Con Partner (AP),Presencial (Híbrido),0,0,0,0,17,16,1,1,0,0,5,0,8,31,59,17,10,8,18
2025-12,2025,Diciembre,E05010103,CARRERA DE CONTABILIDAD Y FINANZAS -  (70/30 AP),Contabilidad y Finanzas,Con Partner (AP),Presencial (Híbrido),0,0,0,0,13,10,3,0,0,0,8,2,4,27,67,13,13,0,13
2026-01,2026,Enero,E05010103,CARRERA DE CONTABILIDAD Y FINANZAS -  (70/30 AP),Contabilidad y Finanzas,Con Partner (AP),Presencial (Híbrido),0,0,0,0,17,11,6,1,0,0,2,2,4,22,73,17,8,10,18
2026-02,2026,Febrero,E05010103,CARRERA DE CONTABILIDAD Y FINANZAS -  (70/30 AP),Contabilidad y Finanzas,Con Partner (AP),Presencial (Híbrido),1,0,0,0,16,16,0,1,0,0,1,2,3,20,77,16,7,11,18
2026-03,2026,Marzo,E05010103,CARRERA DE CONTABILIDAD Y FINANZAS -  (70/30 AP),Contabilidad y Finanzas,Con Partner (AP),Presencial (Híbrido),2,0,0,0,11,10,1,1,0,0,5,0,3,19,79,11,7,7,14
2026-04,2026,Abril,E05010103,CARRERA DE CONTABILIDAD Y FINANZAS -  (70/30 AP),Contabilidad y Finanzas,Con Partner (AP),Presencial (Híbrido),1,0,0,0,12,9,3,1,0,0,2,2,2,17,81,12,7,7,14
2026-05,2026,Mayo,E05010103,CARRERA DE CONTABILIDAD Y FINANZAS -  (70/30 AP),Contabilidad y Finanzas,Con Partner (AP),Presencial (Híbrido),2,0,0,0,12,10,2,0,0,0,1,0,3,9,90,12,7,7,14
2026-06,2026,Junio,E05010103,CARRERA DE CONTABILIDAD Y FINANZAS -  (70/30 AP),Contabilidad y Finanzas,Con Partner (AP),Presencial (Híbrido),0,0,0,0,10,9,1,0,0,0,3,0,2,6,94,10,6,4,10
2016-06,2016,Junio,E07010106,CARRERA PROFESIONAL DE EDUCACION CON MENCION EN INICIAL - (70/30 AP),Educación,Con Partner (AP),Presencial (Híbrido),0,1,0,0,0,0,0,0,0,0,0,0,0,0,0,0,1,0,1
2016-07,2016,N/A,E07010106,CARRERA PROFESIONAL DE EDUCACION CON MENCION EN INICIAL - (70/30 AP),Educación,Con Partner (AP),Presencial (Híbrido),0,0,0,0,0,0,0,0,0,0,1,0,0,0,0,0,0,0,0
2016-08,2016,Agosto,E07010106,CARRERA PROFESIONAL DE EDUCACION CON MENCION EN INICIAL - (70/30 AP),Educación,Con Partner (AP),Presencial (Híbrido),0,0,0,0,1,0,1,0,0,0,0,0,0,0,0,1,1,0,1
2016-09,2016,Setiembre,E07010106,CARRERA PROFESIONAL DE EDUCACION CON MENCION EN INICIAL - (70/30 AP),Educación,Con Partner (AP),Presencial (Híbrido),0,0,0,0,1,1,0,0,0,0,0,0,0,0,0,1,1,0,1
2016-10,2016,Octubre,E07010106,CARRERA PROFESIONAL DE EDUCACION CON MENCION EN INICIAL - (70/30 AP),Educación,Con Partner (AP),Presencial (Híbrido),0,0,0,0,1,1,0,0,0,0,0,0,0,0,0,1,1,0,1
2016-11,2016,Noviembre,E07010106,CARRERA PROFESIONAL DE EDUCACION CON MENCION EN INICIAL - (70/30 AP),Educación,Con Partner (AP),Presencial (Híbrido),0,0,0,0,1,1,0,0,0,0,0,0,0,0,0,1,1,0,1
2016-12,2016,Diciembre,E07010106,CARRERA PROFESIONAL DE EDUCACION CON MENCION EN INICIAL - (70/30 AP),Educación,Con Partner (AP),Presencial (Híbrido),0,0,0,0,1,1,0,0,0,0,0,0,0,0,0,1,1,0,1
2017-01,2017,N/A,E07010106,CARRERA PROFESIONAL DE EDUCACION CON MENCION EN INICIAL - (70/30 AP),Educación,Con Partner (AP),Presencial (Híbrido),0,0,0,0,0,0,0,0,0,0,1,0,0,0,0,0,0,0,0
2017-02,2017,N/A,E07010106,CARRERA PROFESIONAL DE EDUCACION CON MENCION EN INICIAL - (70/30 AP),Educación,Con Partner (AP),Presencial (Híbrido),0,0,0,0,0,0,0,0,0,0,0,1,0,0,0,0,0,0,0
2017-03,2017,N/A,E07010106,CARRERA PROFESIONAL DE EDUCACION CON MENCION EN INICIAL - (70/30 AP),Educación,Con Partner (AP),Presencial (Híbrido),0,0,0,0,0,0,0,0,0,0,0,0,1,0,0,0,0,0,0
2017-04,2017,N/A,E07010106,CARRERA PROFESIONAL DE EDUCACION CON MENCION EN INICIAL - (70/30 AP),Educación,Con Partner (AP),Presencial (Híbrido),0,0,0,0,0,0,0,0,0,0,0,0,1,0,0,0,0,0,0
2017-05,2017,N/A,E07010106,CARRERA PROFESIONAL DE EDUCACION CON MENCION EN INICIAL - (70/30 AP),Educación,Con Partner (AP),Presencial (Híbrido),0,0,0,0,0,0,0,0,0,0,0,0,1,0,0,0,0,0,0
2017-06,2017,Junio,E07010106,CARRERA PROFESIONAL DE EDUCACION CON MENCION EN INICIAL - (70/30 AP),Educación,Con Partner (AP),Presencial (Híbrido),0,0,0,0,0,0,0,1,0,0,0,0,0,0,0,0,1,0,1
2017-07,2017,N/A,E07010106,CARRERA PROFESIONAL DE EDUCACION CON MENCION EN INICIAL - (70/30 AP),Educación,Con Partner (AP),Presencial (Híbrido),0,0,0,0,0,0,0,0,0,0,1,0,0,0,0,0,0,0,0
2017-08,2017,Agosto,E07010106,CARRERA PROFESIONAL DE EDUCACION CON MENCION EN INICIAL - (70/30 AP),Educación,Con Partner (AP),Presencial (Híbrido),0,0,0,0,1,0,1,0,0,0,0,0,0,0,0,1,1,0,1
2017-09,2017,N/A,E07010106,CARRERA PROFESIONAL DE EDUCACION CON MENCION EN INICIAL - (70/30 AP),Educación,Con Partner (AP),Presencial (Híbrido),0,0,0,0,0,0,0,0,0,0,1,0,0,0,0,0,0,0,0
2017-10,2017,N/A,E07010106,CARRERA PROFESIONAL DE EDUCACION CON MENCION EN INICIAL - (70/30 AP),Educación,Con Partner (AP),Presencial (Híbrido),0,0,0,0,0,0,0,0,0,0,0,1,0,0,0,0,0,0,0
2017-11,2017,N/A,E07010106,CARRERA PROFESIONAL DE EDUCACION CON MENCION EN INICIAL - (70/30 AP),Educación,Con Partner (AP),Presencial (Híbrido),0,0,0,0,0,0,0,0,0,0,0,0,1,0,0,0,0,0,0
2017-12,2017,N/A,E07010106,CARRERA PROFESIONAL DE EDUCACION CON MENCION EN INICIAL - (70/30 AP),Educación,Con Partner (AP),Presencial (Híbrido),0,0,0,0,0,0,0,0,0,0,0,0,1,0,0,0,0,0,0
2018-01,2018,N/A,E07010106,CARRERA PROFESIONAL DE EDUCACION CON MENCION EN INICIAL - (70/30 AP),Educación,Con Partner (AP),Presencial (Híbrido),0,0,0,0,0,0,0,0,0,0,0,0,1,0,0,0,0,0,0
2018-02,2018,N/A,E07010106,CARRERA PROFESIONAL DE EDUCACION CON MENCION EN INICIAL - (70/30 AP),Educación,Con Partner (AP),Presencial (Híbrido),0,0,0,0,0,0,0,0,0,0,0,0,1,0,0,0,0,0,0
2018-03,2018,N/A,E07010106,CARRERA PROFESIONAL DE EDUCACION CON MENCION EN INICIAL - (70/30 AP),Educación,Con Partner (AP),Presencial (Híbrido),0,0,0,0,0,0,0,0,0,0,0,0,0,1,0,0,0,0,0
2018-04,2018,N/A,E07010106,CARRERA PROFESIONAL DE EDUCACION CON MENCION EN INICIAL - (70/30 AP),Educación,Con Partner (AP),Presencial (Híbrido),0,0,0,0,0,0,0,0,0,0,0,0,0,1,0,0,0,0,0
2018-05,2018,N/A,E07010106,CARRERA PROFESIONAL DE EDUCACION CON MENCION EN INICIAL - (70/30 AP),Educación,Con Partner (AP),Presencial (Híbrido),0,0,0,0,0,0,0,0,0,0,0,0,0,1,0,0,0,0,0
2018-06,2018,N/A,E07010106,CARRERA PROFESIONAL DE EDUCACION CON MENCION EN INICIAL - (70/30 AP),Educación,Con Partner (AP),Presencial (Híbrido),0,0,0,0,0,0,0,0,0,0,0,0,0,1,0,0,0,0,0
2018-07,2018,Julio,E07010106,CARRERA PROFESIONAL DE EDUCACION CON MENCION EN INICIAL - (70/30 AP),Educación,Con Partner (AP),Presencial (Híbrido),0,0,0,0,0,0,0,0,1,0,0,0,0,0,0,0,0,1,1
2018-08,2018,Agosto,E07010106,CARRERA PROFESIONAL DE EDUCACION CON MENCION EN INICIAL - (70/30 AP),Educación,Con Partner (AP),Presencial (Híbrido),0,0,0,0,1,1,0,0,0,0,0,0,0,0,0,1,1,0,1
2018-09,2018,N/A,E07010106,CARRERA PROFESIONAL DE EDUCACION CON MENCION EN INICIAL - (70/30 AP),Educación,Con Partner (AP),Presencial (Híbrido),0,0,0,0,0,0,0,0,0,0,1,0,0,0,0,0,0,0,0
2018-10,2018,N/A,E07010106,CARRERA PROFESIONAL DE EDUCACION CON MENCION EN INICIAL - (70/30 AP),Educación,Con Partner (AP),Presencial (Híbrido),0,0,0,0,0,0,0,0,0,0,0,1,0,0,0,0,0,0,0
2018-11,2018,N/A,E07010106,CARRERA PROFESIONAL DE EDUCACION CON MENCION EN INICIAL - (70/30 AP),Educación,Con Partner (AP),Presencial (Híbrido),0,0,0,0,0,0,0,0,0,0,0,0,1,0,0,0,0,0,0
2018-12,2018,Diciembre,E07010106,CARRERA PROFESIONAL DE EDUCACION CON MENCION EN INICIAL - (70/30 AP),Educación,Con Partner (AP),Presencial (Híbrido),0,0,0,0,0,0,0,1,0,0,0,0,0,0,0,0,1,0,1
2019-01,2019,N/A,E07010106,CARRERA PROFESIONAL DE EDUCACION CON MENCION EN INICIAL - (70/30 AP),Educación,Con Partner (AP),Presencial (Híbrido),0,0,0,0,0,0,0,0,0,0,1,0,0,0,0,0,0,0,0
2019-02,2019,N/A,E07010106,CARRERA PROFESIONAL DE EDUCACION CON MENCION EN INICIAL - (70/30 AP),Educación,Con Partner (AP),Presencial (Híbrido),0,0,0,0,0,0,0,0,0,0,0,1,0,0,0,0,0,0,0
2019-03,2019,N/A,E07010106,CARRERA PROFESIONAL DE EDUCACION CON MENCION EN INICIAL - (70/30 AP),Educación,Con Partner (AP),Presencial (Híbrido),0,0,0,0,0,0,0,0,0,0,0,0,1,0,0,0,0,0,0
2019-04,2019,Abril,E07010106,CARRERA PROFESIONAL DE EDUCACION CON MENCION EN INICIAL - (70/30 AP),Educación,Con Partner (AP),Presencial (Híbrido),0,1,0,0,0,0,0,0,0,0,0,0,1,0,0,0,1,0,1
2019-05,2019,Mayo,E07010106,CARRERA PROFESIONAL DE EDUCACION CON MENCION EN INICIAL - (70/30 AP),Educación,Con Partner (AP),Presencial (Híbrido),0,0,0,0,1,1,0,0,0,0,0,0,1,0,0,1,1,0,1
2019-06,2019,Junio,E07010106,CARRERA PROFESIONAL DE EDUCACION CON MENCION EN INICIAL - (70/30 AP),Educación,Con Partner (AP),Presencial (Híbrido),0,0,0,0,1,1,0,0,0,0,0,0,1,0,0,1,1,0,1
2019-07,2019,Julio,E07010106,CARRERA PROFESIONAL DE EDUCACION CON MENCION EN INICIAL - (70/30 AP),Educación,Con Partner (AP),Presencial (Híbrido),0,0,0,0,1,1,0,0,0,0,0,0,0,1,0,1,1,0,1
2019-08,2019,N/A,E07010106,CARRERA PROFESIONAL DE EDUCACION CON MENCION EN INICIAL - (70/30 AP),Educación,Con Partner (AP),Presencial (Híbrido),0,0,0,0,0,0,0,0,0,0,1,0,0,1,0,0,0,0,0
2019-09,2019,N/A,E07010106,CARRERA PROFESIONAL DE EDUCACION CON MENCION EN INICIAL - (70/30 AP),Educación,Con Partner (AP),Presencial (Híbrido),0,0,0,0,0,0,0,0,0,0,0,1,0,1,0,0,0,0,0
2019-10,2019,N/A,E07010106,CARRERA PROFESIONAL DE EDUCACION CON MENCION EN INICIAL - (70/30 AP),Educación,Con Partner (AP),Presencial (Híbrido),0,0,0,0,0,0,0,0,0,0,0,0,1,1,0,0,0,0,0
2019-11,2019,N/A,E07010106,CARRERA PROFESIONAL DE EDUCACION CON MENCION EN INICIAL - (70/30 AP),Educación,Con Partner (AP),Presencial (Híbrido),0,0,0,0,0,0,0,0,0,0,0,0,1,1,0,0,0,0,0
2019-12,2019,Diciembre,E07010106,CARRERA PROFESIONAL DE EDUCACION CON MENCION EN INICIAL - (70/30 AP),Educación,Con Partner (AP),Presencial (Híbrido),0,0,0,0,0,0,0,1,0,0,0,0,0,1,0,0,1,0,1
2020-01,2020,N/A,E07010106,CARRERA PROFESIONAL DE EDUCACION CON MENCION EN INICIAL - (70/30 AP),Educación,Con Partner (AP),Presencial (Híbrido),0,0,0,0,0,0,0,0,0,0,1,0,0,0,1,0,0,0,0
2020-02,2020,Febrero,E07010106,CARRERA PROFESIONAL DE EDUCACION CON MENCION EN INICIAL - (70/30 AP),Educación,Con Partner (AP),Presencial (Híbrido),0,1,0,0,0,0,0,0,0,0,0,1,0,0,1,0,1,0,1
2020-03,2020,Marzo,E07010106,CARRERA PROFESIONAL DE EDUCACION CON MENCION EN INICIAL - (70/30 AP),Educación,Con Partner (AP),Presencial (Híbrido),0,0,0,0,1,1,0,0,0,0,0,0,1,0,1,1,1,0,1
2020-04,2020,N/A,E07010106,CARRERA PROFESIONAL DE EDUCACION CON MENCION EN INICIAL - (70/30 AP),Educación,Con Partner (AP),Presencial (Híbrido),0,0,0,0,0,0,0,0,0,0,1,0,1,0,1,0,0,0,0
2020-05,2020,Mayo,E07010106,CARRERA PROFESIONAL DE EDUCACION CON MENCION EN INICIAL - (70/30 AP),Educación,Con Partner (AP),Presencial (Híbrido),0,0,0,0,1,0,1,0,0,0,0,0,1,0,1,1,1,0,1
2020-06,2020,Junio,E07010106,CARRERA PROFESIONAL DE EDUCACION CON MENCION EN INICIAL - (70/30 AP),Educación,Con Partner (AP),Presencial (Híbrido),0,0,0,0,1,1,0,0,0,0,0,0,1,0,1,1,1,0,1
2020-07,2020,N/A,E07010106,CARRERA PROFESIONAL DE EDUCACION CON MENCION EN INICIAL - (70/30 AP),Educación,Con Partner (AP),Presencial (Híbrido),0,0,0,0,0,0,0,0,0,0,1,0,0,1,1,0,0,0,0
2020-08,2020,N/A,E07010106,CARRERA PROFESIONAL DE EDUCACION CON MENCION EN INICIAL - (70/30 AP),Educación,Con Partner (AP),Presencial (Híbrido),0,0,0,0,0,0,0,0,0,0,0,1,0,1,1,0,0,0,0
2020-09,2020,N/A,E07010106,CARRERA PROFESIONAL DE EDUCACION CON MENCION EN INICIAL - (70/30 AP),Educación,Con Partner (AP),Presencial (Híbrido),0,0,0,0,0,0,0,0,0,0,0,0,1,1,1,0,0,0,0
2020-10,2020,N/A,E07010106,CARRERA PROFESIONAL DE EDUCACION CON MENCION EN INICIAL - (70/30 AP),Educación,Con Partner (AP),Presencial (Híbrido),0,0,0,0,0,0,0,0,0,0,0,0,1,1,1,0,0,0,0
2020-11,2020,Noviembre,E07010106,CARRERA PROFESIONAL DE EDUCACION CON MENCION EN INICIAL - (70/30 AP),Educación,Con Partner (AP),Presencial (Híbrido),0,1,0,0,0,0,0,0,0,0,0,0,1,1,1,0,1,0,1
2020-12,2020,Diciembre,E07010106,CARRERA PROFESIONAL DE EDUCACION CON MENCION EN INICIAL - (70/30 AP),Educación,Con Partner (AP),Presencial (Híbrido),0,0,0,0,1,1,0,0,0,0,0,0,1,1,1,1,1,0,1
2021-01,2021,Enero,E07010106,CARRERA PROFESIONAL DE EDUCACION CON MENCION EN INICIAL - (70/30 AP),Educación,Con Partner (AP),Presencial (Híbrido),0,0,0,0,1,1,0,0,0,0,0,0,0,1,2,1,1,0,1
2021-02,2021,Febrero,E07010106,CARRERA PROFESIONAL DE EDUCACION CON MENCION EN INICIAL - (70/30 AP),Educación,Con Partner (AP),Presencial (Híbrido),0,0,0,0,1,1,0,0,0,0,0,0,0,1,2,1,1,0,1
2021-03,2021,Marzo,E07010106,CARRERA PROFESIONAL DE EDUCACION CON MENCION EN INICIAL - (70/30 AP),Educación,Con Partner (AP),Presencial (Híbrido),0,0,0,0,1,1,0,0,0,0,0,0,0,1,2,1,1,0,1
2021-04,2021,Abril,E07010106,CARRERA PROFESIONAL DE EDUCACION CON MENCION EN INICIAL - (70/30 AP),Educación,Con Partner (AP),Presencial (Híbrido),0,0,0,0,1,1,0,0,0,0,0,0,0,1,2,1,1,0,1
2021-05,2021,Mayo,E07010106,CARRERA PROFESIONAL DE EDUCACION CON MENCION EN INICIAL - (70/30 AP),Educación,Con Partner (AP),Presencial (Híbrido),0,0,0,0,1,1,0,0,0,0,0,0,0,1,2,1,1,0,1
2021-06,2021,Junio,E07010106,CARRERA PROFESIONAL DE EDUCACION CON MENCION EN INICIAL - (70/30 AP),Educación,Con Partner (AP),Presencial (Híbrido),0,0,0,0,1,1,0,0,0,0,0,0,0,1,2,1,1,0,1
2021-07,2021,Julio,E07010106,CARRERA PROFESIONAL DE EDUCACION CON MENCION EN INICIAL - (70/30 AP),Educación,Con Partner (AP),Presencial (Híbrido),0,0,0,0,1,1,0,0,0,0,0,0,0,0,3,1,1,0,1
2021-08,2021,Agosto,E07010106,CARRERA PROFESIONAL DE EDUCACION CON MENCION EN INICIAL - (70/30 AP),Educación,Con Partner (AP),Presencial (Híbrido),0,0,0,0,1,1,0,0,0,0,0,0,0,0,3,1,1,0,1
2021-09,2021,Setiembre,E07010106,CARRERA PROFESIONAL DE EDUCACION CON MENCION EN INICIAL - (70/30 AP),Educación,Con Partner (AP),Presencial (Híbrido),0,0,0,0,1,1,0,0,0,0,0,0,0,0,3,1,1,0,1
2021-10,2021,Octubre,E07010106,CARRERA PROFESIONAL DE EDUCACION CON MENCION EN INICIAL - (70/30 AP),Educación,Con Partner (AP),Presencial (Híbrido),0,0,0,0,1,1,0,0,0,0,0,0,0,0,3,1,1,0,1
2021-11,2021,Noviembre,E07010106,CARRERA PROFESIONAL DE EDUCACION CON MENCION EN INICIAL - (70/30 AP),Educación,Con Partner (AP),Presencial (Híbrido),0,0,0,0,1,1,0,0,0,0,0,0,0,0,3,1,1,0,1
2021-12,2021,N/A,E07010106,CARRERA PROFESIONAL DE EDUCACION CON MENCION EN INICIAL - (70/30 AP),Educación,Con Partner (AP),Presencial (Híbrido),0,0,0,0,0,0,0,0,0,0,1,0,0,0,3,0,0,0,0
2022-01,2022,N/A,E07010106,CARRERA PROFESIONAL DE EDUCACION CON MENCION EN INICIAL - (70/30 AP),Educación,Con Partner (AP),Presencial (Híbrido),0,0,0,0,0,0,0,0,0,0,0,1,0,0,3,0,0,0,0
2022-02,2022,N/A,E07010106,CARRERA PROFESIONAL DE EDUCACION CON MENCION EN INICIAL - (70/30 AP),Educación,Con Partner (AP),Presencial (Híbrido),0,0,0,0,0,0,0,0,0,0,0,0,1,0,3,0,0,0,0
2022-03,2022,N/A,E07010106,CARRERA PROFESIONAL DE EDUCACION CON MENCION EN INICIAL - (70/30 AP),Educación,Con Partner (AP),Presencial (Híbrido),0,0,0,0,0,0,0,0,0,0,0,0,1,0,3,0,0,0,0
2022-04,2022,N/A,E07010106,CARRERA PROFESIONAL DE EDUCACION CON MENCION EN INICIAL - (70/30 AP),Educación,Con Partner (AP),Presencial (Híbrido),0,0,0,0,0,0,0,0,0,0,0,0,1,0,3,0,0,0,0
2022-05,2022,N/A,E07010106,CARRERA PROFESIONAL DE EDUCACION CON MENCION EN INICIAL - (70/30 AP),Educación,Con Partner (AP),Presencial (Híbrido),0,0,0,0,0,0,0,0,0,0,0,0,1,0,3,0,0,0,0
2022-06,2022,N/A,E07010106,CARRERA PROFESIONAL DE EDUCACION CON MENCION EN INICIAL - (70/30 AP),Educación,Con Partner (AP),Presencial (Híbrido),0,0,0,0,0,0,0,0,0,0,0,0,0,1,3,0,0,0,0
2022-07,2022,N/A,E07010106,CARRERA PROFESIONAL DE EDUCACION CON MENCION EN INICIAL - (70/30 AP),Educación,Con Partner (AP),Presencial (Híbrido),0,0,0,0,0,0,0,0,0,0,0,0,0,1,3,0,0,0,0
2022-08,2022,N/A,E07010106,CARRERA PROFESIONAL DE EDUCACION CON MENCION EN INICIAL - (70/30 AP),Educación,Con Partner (AP),Presencial (Híbrido),0,0,0,0,0,0,0,0,0,0,0,0,0,1,3,0,0,0,0
2022-09,2022,N/A,E07010106,CARRERA PROFESIONAL DE EDUCACION CON MENCION EN INICIAL - (70/30 AP),Educación,Con Partner (AP),Presencial (Híbrido),0,0,0,0,0,0,0,0,0,0,0,0,0,1,3,0,0,0,0
2022-10,2022,N/A,E07010106,CARRERA PROFESIONAL DE EDUCACION CON MENCION EN INICIAL - (70/30 AP),Educación,Con Partner (AP),Presencial (Híbrido),0,0,0,0,0,0,0,0,0,0,0,0,0,1,3,0,0,0,0
2022-11,2022,N/A,E07010106,CARRERA PROFESIONAL DE EDUCACION CON MENCION EN INICIAL - (70/30 AP),Educación,Con Partner (AP),Presencial (Híbrido),0,0,0,0,0,0,0,0,0,0,0,0,0,1,3,0,0,0,0
2022-12,2022,N/A,E07010106,CARRERA PROFESIONAL DE EDUCACION CON MENCION EN INICIAL - (70/30 AP),Educación,Con Partner (AP),Presencial (Híbrido),0,0,0,0,0,0,0,0,0,0,0,0,0,0,4,0,0,0,0
2023-01,2023,Enero,E07010106,CARRERA PROFESIONAL DE EDUCACION CON MENCION EN INICIAL - (70/30 AP),Educación,Con Partner (AP),Presencial (Híbrido),0,16,0,6,0,0,0,0,0,0,0,0,0,0,4,0,15,1,16
2023-02,2023,Febrero,E07010106,CARRERA PROFESIONAL DE EDUCACION CON MENCION EN INICIAL - (70/30 AP),Educación,Con Partner (AP),Presencial (Híbrido),0,19,0,2,15,15,0,0,0,0,1,0,0,0,4,15,34,0,34
2023-03,2023,Marzo,E07010106,CARRERA PROFESIONAL DE EDUCACION CON MENCION EN INICIAL - (70/30 AP),Educación,Con Partner (AP),Presencial (Híbrido),0,12,0,1,26,26,0,0,0,0,8,1,0,0,4,26,38,0,38
2023-04,2023,Abril,E07010106,CARRERA PROFESIONAL DE EDUCACION CON MENCION EN INICIAL - (70/30 AP),Educación,Con Partner (AP),Presencial (Híbrido),0,21,0,3,30,29,1,0,0,1,9,7,1,0,3,30,52,0,52
2023-05,2023,Mayo,E07010106,CARRERA PROFESIONAL DE EDUCACION CON MENCION EN INICIAL - (70/30 AP),Educación,Con Partner (AP),Presencial (Híbrido),0,15,0,6,45,44,1,1,0,0,8,8,7,0,3,45,60,1,61
2023-06,2023,Junio,E07010106,CARRERA PROFESIONAL DE EDUCACION CON MENCION EN INICIAL - (70/30 AP),Educación,Con Partner (AP),Presencial (Híbrido),0,15,0,3,58,56,2,2,0,0,5,6,13,0,3,58,75,0,75
2023-07,2023,Julio,E07010106,CARRERA PROFESIONAL DE EDUCACION CON MENCION EN INICIAL - (70/30 AP),Educación,Con Partner (AP),Presencial (Híbrido),0,27,0,15,57,56,1,0,0,0,19,4,19,0,3,57,82,2,84
2023-08,2023,Agosto,E07010106,CARRERA PROFESIONAL DE EDUCACION CON MENCION EN INICIAL - (70/30 AP),Educación,Con Partner (AP),Presencial (Híbrido),0,27,0,8,84,73,11,1,0,1,11,8,21,1,2,84,113,0,113
2023-09,2023,Setiembre,E07010106,CARRERA PROFESIONAL DE EDUCACION CON MENCION EN INICIAL - (70/30 AP),Educación,Con Partner (AP),Presencial (Híbrido),0,9,0,4,95,93,2,2,0,0,20,9,21,7,2,95,103,3,106
2023-10,2023,Octubre,E07010106,CARRERA PROFESIONAL DE EDUCACION CON MENCION EN INICIAL - (70/30 AP),Educación,Con Partner (AP),Presencial (Híbrido),0,6,0,2,91,80,11,0,0,0,26,9,26,11,2,91,97,0,97
2023-11,2023,Noviembre,E07010106,CARRERA PROFESIONAL DE EDUCACION CON MENCION EN INICIAL - (70/30 AP),Educación,Con Partner (AP),Presencial (Híbrido),0,6,0,4,83,74,9,0,0,0,23,17,29,17,2,83,89,0,89
2023-12,2023,Diciembre,E07010106,CARRERA PROFESIONAL DE EDUCACION CON MENCION EN INICIAL - (70/30 AP),Educación,Con Partner (AP),Presencial (Híbrido),0,4,0,1,79,69,10,4,0,0,20,13,38,21,2,79,87,0,87
2024-01,2024,Enero,E07010106,CARRERA PROFESIONAL DE EDUCACION CON MENCION EN INICIAL - (70/30 AP),Educación,Con Partner (AP),Presencial (Híbrido),0,5,0,3,86,72,14,10,0,0,15,6,35,27,2,86,100,1,101
2024-02,2024,Febrero,E07010106,CARRERA PROFESIONAL DE EDUCACION CON MENCION EN INICIAL - (70/30 AP),Educación,Con Partner (AP),Presencial (Híbrido),0,0,0,0,97,91,6,7,0,0,10,9,26,34,3,97,103,1,104
2024-03,2024,Marzo,E07010106,CARRERA PROFESIONAL DE EDUCACION CON MENCION EN INICIAL - (70/30 AP),Educación,Con Partner (AP),Presencial (Híbrido),0,5,0,1,81,78,3,2,0,0,26,7,26,35,9,81,83,5,88
2024-04,2024,Abril,E07010106,CARRERA PROFESIONAL DE EDUCACION CON MENCION EN INICIAL - (70/30 AP),Educación,Con Partner (AP),Presencial (Híbrido),0,1,0,1,86,71,15,5,0,0,17,11,20,39,13,86,91,1,92
2024-05,2024,Mayo,E07010106,CARRERA PROFESIONAL DE EDUCACION CON MENCION EN INICIAL - (70/30 AP),Educación,Con Partner (AP),Presencial (Híbrido),0,1,0,1,89,81,8,4,0,0,11,9,21,39,19,89,92,2,94
2024-06,2024,Junio,E07010106,CARRERA PROFESIONAL DE EDUCACION CON MENCION EN INICIAL - (70/30 AP),Educación,Con Partner (AP),Presencial (Híbrido),0,1,0,0,84,77,7,3,0,0,17,4,23,39,23,84,88,0,88
2024-07,2024,Julio,E07010106,CARRERA PROFESIONAL DE EDUCACION CON MENCION EN INICIAL - (70/30 AP),Educación,Con Partner (AP),Presencial (Híbrido),0,0,0,0,82,72,10,3,0,0,16,7,17,40,29,82,85,0,85
2024-08,2024,Agosto,E07010106,CARRERA PROFESIONAL DE EDUCACION CON MENCION EN INICIAL - (70/30 AP),Educación,Con Partner (AP),Presencial (Híbrido),0,3,0,3,87,75,12,5,1,0,10,4,18,32,37,87,94,2,96
2024-09,2024,Setiembre,E07010106,CARRERA PROFESIONAL DE EDUCACION CON MENCION EN INICIAL - (70/30 AP),Educación,Con Partner (AP),Presencial (Híbrido),0,2,0,2,88,82,6,6,0,0,14,4,10,31,44,88,92,4,96
2024-10,2024,Octubre,E07010106,CARRERA PROFESIONAL DE EDUCACION CON MENCION EN INICIAL - (70/30 AP),Educación,Con Partner (AP),Presencial (Híbrido),0,2,0,2,83,76,7,3,0,0,20,7,6,28,52,83,85,3,88
2024-11,2024,Noviembre,E07010106,CARRERA PROFESIONAL DE EDUCACION CON MENCION EN INICIAL - (70/30 AP),Educación,Con Partner (AP),Presencial (Híbrido),0,0,0,0,85,72,13,3,0,0,16,7,10,23,57,85,79,9,88
2024-12,2024,Diciembre,E07010106,CARRERA PROFESIONAL DE EDUCACION CON MENCION EN INICIAL - (70/30 AP),Educación,Con Partner (AP),Presencial (Híbrido),0,0,0,0,82,78,4,2,0,0,10,12,13,21,61,82,84,0,84
2025-01,2025,Enero,E07010106,CARRERA PROFESIONAL DE EDUCACION CON MENCION EN INICIAL - (70/30 AP),Educación,Con Partner (AP),Presencial (Híbrido),0,0,0,0,75,69,6,5,0,0,15,4,19,15,68,75,77,3,80
2025-02,2025,Febrero,E07010106,CARRERA PROFESIONAL DE EDUCACION CON MENCION EN INICIAL - (70/30 AP),Educación,Con Partner (AP),Presencial (Híbrido),0,0,0,0,72,66,6,3,0,0,14,9,19,15,69,72,69,6,75
2025-03,2025,Marzo,E07010106,CARRERA PROFESIONAL DE EDUCACION CON MENCION EN INICIAL - (70/30 AP),Educación,Con Partner (AP),Presencial (Híbrido),0,0,0,0,62,60,2,4,0,0,15,12,23,10,75,62,62,4,66
2025-04,2025,Abril,E07010106,CARRERA PROFESIONAL DE EDUCACION CON MENCION EN INICIAL - (70/30 AP),Educación,Con Partner (AP),Presencial (Híbrido),0,0,0,0,66,60,6,2,0,0,6,9,30,8,80,66,62,6,68
2025-05,2025,Mayo,E07010106,CARRERA PROFESIONAL DE EDUCACION CON MENCION EN INICIAL - (70/30 AP),Educación,Con Partner (AP),Presencial (Híbrido),0,0,0,0,62,60,2,2,1,0,8,4,26,18,80,62,56,9,65
2025-06,2025,Junio,E07010106,CARRERA PROFESIONAL DE EDUCACION CON MENCION EN INICIAL - (70/30 AP),Educación,Con Partner (AP),Presencial (Híbrido),1,0,0,0,52,50,2,0,0,0,14,6,28,18,82,52,52,1,53
2025-07,2025,Julio,E07010106,CARRERA PROFESIONAL DE EDUCACION CON MENCION EN INICIAL - (70/30 AP),Educación,Con Partner (AP),Presencial (Híbrido),0,0,0,0,52,51,1,1,1,0,1,13,28,21,83,52,50,4,54
2025-08,2025,Agosto,E07010106,CARRERA PROFESIONAL DE EDUCACION CON MENCION EN INICIAL - (70/30 AP),Educación,Con Partner (AP),Presencial (Híbrido),0,0,0,0,50,50,0,0,0,0,4,1,30,31,84,50,43,7,50
2025-09,2025,Setiembre,E07010106,CARRERA PROFESIONAL DE EDUCACION CON MENCION EN INICIAL - (70/30 AP),Educación,Con Partner (AP),Presencial (Híbrido),0,0,0,0,51,48,3,1,0,0,2,1,23,37,85,51,45,7,52
2025-10,2025,Octubre,E07010106,CARRERA PROFESIONAL DE EDUCACION CON MENCION EN INICIAL - (70/30 AP),Educación,Con Partner (AP),Presencial (Híbrido),0,0,0,0,50,50,0,0,0,0,2,2,20,38,88,50,32,18,50
2025-11,2025,Noviembre,E07010106,CARRERA PROFESIONAL DE EDUCACION CON MENCION EN INICIAL - (70/30 AP),Educación,Con Partner (AP),Presencial (Híbrido),2,0,0,0,44,44,0,0,0,0,4,2,16,34,98,44,28,18,46
2025-12,2025,Diciembre,E07010106,CARRERA PROFESIONAL DE EDUCACION CON MENCION EN INICIAL - (70/30 AP),Educación,Con Partner (AP),Presencial (Híbrido),0,0,0,0,42,41,1,0,0,0,3,3,5,45,100,42,42,0,42
2026-01,2026,Enero,E07010106,CARRERA PROFESIONAL DE EDUCACION CON MENCION EN INICIAL - (70/30 AP),Educación,Con Partner (AP),Presencial (Híbrido),0,0,0,0,42,40,2,0,0,0,2,1,8,41,104,42,40,2,42
2026-02,2026,Febrero,E07010106,CARRERA PROFESIONAL DE EDUCACION CON MENCION EN INICIAL - (70/30 AP),Educación,Con Partner (AP),Presencial (Híbrido),0,0,0,0,40,38,2,0,0,0,4,0,8,31,115,40,25,15,40
2026-03,2026,Marzo,E07010106,CARRERA PROFESIONAL DE EDUCACION CON MENCION EN INICIAL - (70/30 AP),Educación,Con Partner (AP),Presencial (Híbrido),1,0,0,0,39,38,1,1,0,0,1,3,5,26,122,39,28,13,41
2026-04,2026,Abril,E07010106,CARRERA PROFESIONAL DE EDUCACION CON MENCION EN INICIAL - (70/30 AP),Educación,Con Partner (AP),Presencial (Híbrido),0,0,0,0,36,35,1,0,0,0,5,0,6,24,126,36,25,11,36
2026-05,2026,Mayo,E07010106,CARRERA PROFESIONAL DE EDUCACION CON MENCION EN INICIAL - (70/30 AP),Educación,Con Partner (AP),Presencial (Híbrido),0,0,0,0,34,31,3,0,0,0,5,2,3,21,132,34,5,29,34
2026-06,2026,Junio,E07010106,CARRERA PROFESIONAL DE EDUCACION CON MENCION EN INICIAL - (70/30 AP),Educación,Con Partner (AP),Presencial (Híbrido),0,0,0,0,34,31,3,0,0,0,3,2,5,8,145,34,30,4,34
2016-08,2016,Agosto,E06010104,CARRERA DE DERECHO  (PAT A DISTANCIA),Derecho,Sin Partner (Propio),Distancia,0,1,0,0,0,0,0,0,0,0,0,0,0,0,0,0,1,0,1
2016-09,2016,N/A,E06010104,CARRERA DE DERECHO  (PAT A DISTANCIA),Derecho,Sin Partner (Propio),Distancia,0,0,0,0,0,0,0,0,0,0,1,0,0,0,0,0,0,0,0
2016-10,2016,N/A,E06010104,CARRERA DE DERECHO  (PAT A DISTANCIA),Derecho,Sin Partner (Propio),Distancia,0,0,0,0,0,0,0,0,0,0,0,1,0,0,0,0,0,0,0
2016-11,2016,N/A,E06010104,CARRERA DE DERECHO  (PAT A DISTANCIA),Derecho,Sin Partner (Propio),Distancia,0,0,0,0,0,0,0,0,0,0,0,0,1,0,0,0,0,0,0
2016-12,2016,N/A,E06010104,CARRERA DE DERECHO  (PAT A DISTANCIA),Derecho,Sin Partner (Propio),Distancia,0,0,0,0,0,0,0,0,0,0,0,0,1,0,0,0,0,0,0
2017-01,2017,N/A,E06010104,CARRERA DE DERECHO  (PAT A DISTANCIA),Derecho,Sin Partner (Propio),Distancia,0,0,0,0,0,0,0,0,0,0,0,0,1,0,0,0,0,0,0
2017-02,2017,N/A,E06010104,CARRERA DE DERECHO  (PAT A DISTANCIA),Derecho,Sin Partner (Propio),Distancia,0,0,0,0,0,0,0,0,0,0,0,0,1,0,0,0,0,0,0
2017-03,2017,Marzo,E06010104,CARRERA DE DERECHO  (PAT A DISTANCIA),Derecho,Sin Partner (Propio),Distancia,0,0,0,0,0,0,0,0,1,0,0,0,0,0,0,0,1,0,1
2017-04,2017,N/A,E06010104,CARRERA DE DERECHO  (PAT A DISTANCIA),Derecho,Sin Partner (Propio),Distancia,0,0,0,0,0,0,0,0,0,0,1,0,0,0,0,0,0,0,0
2017-05,2017,N/A,E06010104,CARRERA DE DERECHO  (PAT A DISTANCIA),Derecho,Sin Partner (Propio),Distancia,0,0,0,0,0,0,0,0,0,0,0,1,0,0,0,0,0,0,0
2017-06,2017,N/A,E06010104,CARRERA DE DERECHO  (PAT A DISTANCIA),Derecho,Sin Partner (Propio),Distancia,0,0,0,0,0,0,0,0,0,0,0,0,1,0,0,0,0,0,0
2017-07,2017,N/A,E06010104,CARRERA DE DERECHO  (PAT A DISTANCIA),Derecho,Sin Partner (Propio),Distancia,0,0,0,0,0,0,0,0,0,0,0,0,1,0,0,0,0,0,0
2017-08,2017,Agosto,E06010104,CARRERA DE DERECHO  (PAT A DISTANCIA),Derecho,Sin Partner (Propio),Distancia,0,0,0,0,0,0,0,1,0,0,0,0,0,0,0,0,1,0,1
2017-09,2017,N/A,E06010104,CARRERA DE DERECHO  (PAT A DISTANCIA),Derecho,Sin Partner (Propio),Distancia,0,0,0,0,0,0,0,0,0,0,1,0,0,0,0,0,0,0,0
2017-10,2017,N/A,E06010104,CARRERA DE DERECHO  (PAT A DISTANCIA),Derecho,Sin Partner (Propio),Distancia,0,0,0,0,0,0,0,0,0,0,0,1,0,0,0,0,0,0,0
2017-11,2017,N/A,E06010104,CARRERA DE DERECHO  (PAT A DISTANCIA),Derecho,Sin Partner (Propio),Distancia,0,0,0,0,0,0,0,0,0,0,0,0,1,0,0,0,0,0,0
2017-12,2017,N/A,E06010104,CARRERA DE DERECHO  (PAT A DISTANCIA),Derecho,Sin Partner (Propio),Distancia,0,0,0,0,0,0,0,0,0,0,0,0,1,0,0,0,0,0,0
2018-01,2018,N/A,E06010104,CARRERA DE DERECHO  (PAT A DISTANCIA),Derecho,Sin Partner (Propio),Distancia,0,0,0,0,0,0,0,0,0,0,0,0,1,0,0,0,0,0,0
2018-02,2018,N/A,E06010104,CARRERA DE DERECHO  (PAT A DISTANCIA),Derecho,Sin Partner (Propio),Distancia,0,0,0,0,0,0,0,0,0,0,0,0,1,0,0,0,0,0,0
2018-03,2018,Marzo,E06010104,CARRERA DE DERECHO  (PAT A DISTANCIA),Derecho,Sin Partner (Propio),Distancia,0,0,0,0,0,0,0,0,1,0,0,0,0,0,0,0,1,0,1
2018-04,2018,N/A,E06010104,CARRERA DE DERECHO  (PAT A DISTANCIA),Derecho,Sin Partner (Propio),Distancia,0,0,0,0,0,0,0,0,0,0,1,0,0,0,0,0,0,0,0
2018-05,2018,N/A,E06010104,CARRERA DE DERECHO  (PAT A DISTANCIA),Derecho,Sin Partner (Propio),Distancia,0,0,0,0,0,0,0,0,0,0,0,1,0,0,0,0,0,0,0
2018-06,2018,N/A,E06010104,CARRERA DE DERECHO  (PAT A DISTANCIA),Derecho,Sin Partner (Propio),Distancia,0,0,0,0,0,0,0,0,0,0,0,0,1,0,0,0,0,0,0
2018-07,2018,N/A,E06010104,CARRERA DE DERECHO  (PAT A DISTANCIA),Derecho,Sin Partner (Propio),Distancia,0,0,0,0,0,0,0,0,0,0,0,0,1,0,0,0,0,0,0
2018-08,2018,N/A,E06010104,CARRERA DE DERECHO  (PAT A DISTANCIA),Derecho,Sin Partner (Propio),Distancia,0,0,0,0,0,0,0,0,0,0,0,0,1,0,0,0,0,0,0
2018-09,2018,N/A,E06010104,CARRERA DE DERECHO  (PAT A DISTANCIA),Derecho,Sin Partner (Propio),Distancia,0,0,0,0,0,0,0,0,0,0,0,0,1,0,0,0,0,0,0
2018-10,2018,N/A,E06010104,CARRERA DE DERECHO  (PAT A DISTANCIA),Derecho,Sin Partner (Propio),Distancia,0,0,0,0,0,0,0,0,0,0,0,0,0,1,0,0,0,0,0
2018-11,2018,N/A,E06010104,CARRERA DE DERECHO  (PAT A DISTANCIA),Derecho,Sin Partner (Propio),Distancia,0,0,0,0,0,0,0,0,0,0,0,0,0,1,0,0,0,0,0
2018-12,2018,N/A,E06010104,CARRERA DE DERECHO  (PAT A DISTANCIA),Derecho,Sin Partner (Propio),Distancia,0,0,0,0,0,0,0,0,0,0,0,0,0,1,0,0,0,0,0
2019-01,2019,Enero,E06010104,CARRERA DE DERECHO  (PAT A DISTANCIA),Derecho,Sin Partner (Propio),Distancia,0,1,0,0,0,0,0,0,0,0,0,0,0,1,0,0,1,0,1
2019-02,2019,Febrero,E06010104,CARRERA DE DERECHO  (PAT A DISTANCIA),Derecho,Sin Partner (Propio),Distancia,0,0,0,0,1,1,0,0,0,0,0,0,0,1,0,1,1,0,1
2019-03,2019,Marzo,E06010104,CARRERA DE DERECHO  (PAT A DISTANCIA),Derecho,Sin Partner (Propio),Distancia,0,0,0,0,1,1,0,0,0,0,0,0,0,1,0,1,1,0,1
2019-04,2019,Abril,E06010104,CARRERA DE DERECHO  (PAT A DISTANCIA),Derecho,Sin Partner (Propio),Distancia,0,0,0,0,1,1,0,0,0,0,0,0,0,0,1,1,1,0,1
2019-05,2019,Mayo,E06010104,CARRERA DE DERECHO  (PAT A DISTANCIA),Derecho,Sin Partner (Propio),Distancia,0,0,0,0,1,1,0,0,0,0,0,0,0,0,1,1,1,0,1
2019-06,2019,Junio,E06010104,CARRERA DE DERECHO  (PAT A DISTANCIA),Derecho,Sin Partner (Propio),Distancia,0,0,0,0,1,1,0,0,0,0,0,0,0,0,1,1,1,0,1
2019-07,2019,Julio,E06010104,CARRERA DE DERECHO  (PAT A DISTANCIA),Derecho,Sin Partner (Propio),Distancia,0,0,0,0,1,1,0,0,0,0,0,0,0,0,1,1,1,0,1
2019-08,2019,Agosto,E06010104,CARRERA DE DERECHO  (PAT A DISTANCIA),Derecho,Sin Partner (Propio),Distancia,0,0,0,0,1,1,0,0,0,0,0,0,0,0,1,1,1,0,1
2019-09,2019,Setiembre,E06010104,CARRERA DE DERECHO  (PAT A DISTANCIA),Derecho,Sin Partner (Propio),Distancia,0,0,0,0,1,1,0,0,0,0,0,0,0,0,1,1,1,0,1
2019-10,2019,Octubre,E06010104,CARRERA DE DERECHO  (PAT A DISTANCIA),Derecho,Sin Partner (Propio),Distancia,0,1,0,0,1,1,0,0,0,0,0,0,0,0,1,1,2,0,2
2019-11,2019,Noviembre,E06010104,CARRERA DE DERECHO  (PAT A DISTANCIA),Derecho,Sin Partner (Propio),Distancia,0,0,0,0,1,1,0,0,0,0,1,0,0,0,1,1,1,0,1
2019-12,2019,Diciembre,E06010104,CARRERA DE DERECHO  (PAT A DISTANCIA),Derecho,Sin Partner (Propio),Distancia,0,0,0,0,1,1,0,0,0,0,0,1,0,0,1,1,1,0,1
2020-01,2020,N/A,E06010104,CARRERA DE DERECHO  (PAT A DISTANCIA),Derecho,Sin Partner (Propio),Distancia,0,0,0,0,0,0,0,0,0,0,1,0,1,0,1,0,0,0,0
2020-02,2020,N/A,E06010104,CARRERA DE DERECHO  (PAT A DISTANCIA),Derecho,Sin Partner (Propio),Distancia,0,0,0,0,0,0,0,0,0,0,0,1,1,0,1,0,0,0,0
2020-03,2020,Marzo,E06010104,CARRERA DE DERECHO  (PAT A DISTANCIA),Derecho,Sin Partner (Propio),Distancia,0,0,0,0,0,0,0,0,0,1,0,0,2,0,0,0,1,0,1
2020-04,2020,N/A,E06010104,CARRERA DE DERECHO  (PAT A DISTANCIA),Derecho,Sin Partner (Propio),Distancia,0,0,0,0,0,0,0,0,0,0,1,0,2,0,0,0,0,0,0
2020-05,2020,Mayo,E06010104,CARRERA DE DERECHO  (PAT A DISTANCIA),Derecho,Sin Partner (Propio),Distancia,0,1,0,0,0,0,0,0,0,0,0,1,1,1,0,0,1,0,1
2020-06,2020,Junio,E06010104,CARRERA DE DERECHO  (PAT A DISTANCIA),Derecho,Sin Partner (Propio),Distancia,0,1,0,0,1,1,0,0,1,0,0,0,2,0,0,1,3,0,3
2020-07,2020,Julio,E06010104,CARRERA DE DERECHO  (PAT A DISTANCIA),Derecho,Sin Partner (Propio),Distancia,0,3,0,0,1,1,0,0,0,0,2,0,1,1,0,1,4,0,4
2020-08,2020,Agosto,E06010104,CARRERA DE DERECHO  (PAT A DISTANCIA),Derecho,Sin Partner (Propio),Distancia,0,0,0,0,3,2,1,0,0,0,2,1,1,1,0,3,3,0,3
2020-09,2020,Setiembre,E06010104,CARRERA DE DERECHO  (PAT A DISTANCIA),Derecho,Sin Partner (Propio),Distancia,0,1,0,0,2,2,0,1,0,0,1,2,1,1,0,2,4,0,4
2020-10,2020,Octubre,E06010104,CARRERA DE DERECHO  (PAT A DISTANCIA),Derecho,Sin Partner (Propio),Distancia,0,0,0,0,2,2,0,0,0,0,2,1,2,2,0,2,2,0,2
2020-11,2020,Noviembre,E06010104,CARRERA DE DERECHO  (PAT A DISTANCIA),Derecho,Sin Partner (Propio),Distancia,0,1,0,0,2,2,0,0,0,0,0,2,3,2,0,2,3,0,3
2020-12,2020,Diciembre,E06010104,CARRERA DE DERECHO  (PAT A DISTANCIA),Derecho,Sin Partner (Propio),Distancia,0,1,0,0,3,3,0,0,0,0,0,0,5,2,0,3,4,0,4
2021-01,2021,Enero,E06010104,CARRERA DE DERECHO  (PAT A DISTANCIA),Derecho,Sin Partner (Propio),Distancia,0,1,0,0,4,4,0,1,0,0,0,0,4,1,1,4,6,0,6
2021-02,2021,Febrero,E06010104,CARRERA DE DERECHO  (PAT A DISTANCIA),Derecho,Sin Partner (Propio),Distancia,0,0,0,0,5,5,0,0,0,0,1,0,3,2,1,5,5,0,5
2021-03,2021,Marzo,E06010104,CARRERA DE DERECHO  (PAT A DISTANCIA),Derecho,Sin Partner (Propio),Distancia,0,0,0,0,4,4,0,1,2,0,1,1,1,1,1,4,7,0,7
2021-04,2021,Abril,E06010104,CARRERA DE DERECHO  (PAT A DISTANCIA),Derecho,Sin Partner (Propio),Distancia,0,2,0,0,6,6,0,0,0,0,1,1,1,1,2,6,8,0,8
2021-05,2021,Mayo,E06010104,CARRERA DE DERECHO  (PAT A DISTANCIA),Derecho,Sin Partner (Propio),Distancia,0,2,0,0,7,7,0,1,0,0,1,1,1,1,2,7,10,0,10
2021-06,2021,Junio,E06010104,CARRERA DE DERECHO  (PAT A DISTANCIA),Derecho,Sin Partner (Propio),Distancia,0,5,0,0,9,8,1,0,0,0,2,0,2,1,2,9,14,0,14
2021-07,2021,Julio,E06010104,CARRERA DE DERECHO  (PAT A DISTANCIA),Derecho,Sin Partner (Propio),Distancia,0,1,0,0,11,11,0,2,0,1,3,2,0,1,1,11,15,0,15
2021-08,2021,Agosto,E06010104,CARRERA DE DERECHO  (PAT A DISTANCIA),Derecho,Sin Partner (Propio),Distancia,0,3,0,0,13,12,1,1,0,0,3,2,1,1,1,13,17,0,17
2021-09,2021,Setiembre,E06010104,CARRERA DE DERECHO  (PAT A DISTANCIA),Derecho,Sin Partner (Propio),Distancia,0,3,0,0,15,14,1,1,1,0,3,2,2,0,1,15,20,0,20
2021-10,2021,Octubre,E06010104,CARRERA DE DERECHO  (PAT A DISTANCIA),Derecho,Sin Partner (Propio),Distancia,0,1,0,0,13,13,0,0,0,0,7,3,4,0,1,13,14,0,14
2021-11,2021,Noviembre,E06010104,CARRERA DE DERECHO  (PAT A DISTANCIA),Derecho,Sin Partner (Propio),Distancia,0,0,0,0,13,12,1,2,0,0,2,6,5,0,1,13,15,0,15
2021-12,2021,Diciembre,E06010104,CARRERA DE DERECHO  (PAT A DISTANCIA),Derecho,Sin Partner (Propio),Distancia,0,1,0,0,13,11,2,4,0,0,4,0,6,1,1,13,18,0,18
2022-01,2022,Enero,E06010104,CARRERA DE DERECHO  (PAT A DISTANCIA),Derecho,Sin Partner (Propio),Distancia,0,0,0,0,17,15,2,1,0,0,3,2,5,1,1,17,18,0,18
2022-02,2022,Febrero,E06010104,CARRERA DE DERECHO  (PAT A DISTANCIA),Derecho,Sin Partner (Propio),Distancia,0,1,0,0,12,11,1,2,0,0,7,2,4,2,1,12,15,0,15
2022-03,2022,Marzo,E06010104,CARRERA DE DERECHO  (PAT A DISTANCIA),Derecho,Sin Partner (Propio),Distancia,0,3,0,0,16,12,4,1,2,0,3,3,5,0,1,16,22,0,22
2022-04,2022,Abril,E06010104,CARRERA DE DERECHO  (PAT A DISTANCIA),Derecho,Sin Partner (Propio),Distancia,0,1,0,0,20,19,1,3,1,0,3,2,3,1,1,20,25,0,25
2022-05,2022,Mayo,E06010104,CARRERA DE DERECHO  (PAT A DISTANCIA),Derecho,Sin Partner (Propio),Distancia,0,0,0,0,20,19,1,0,0,0,6,2,5,1,1,20,20,0,20
2022-06,2022,Junio,E06010104,CARRERA DE DERECHO  (PAT A DISTANCIA),Derecho,Sin Partner (Propio),Distancia,0,1,0,0,18,15,3,1,0,0,5,3,6,1,1,18,20,0,20
2022-07,2022,Julio,E06010104,CARRERA DE DERECHO  (PAT A DISTANCIA),Derecho,Sin Partner (Propio),Distancia,0,2,0,0,20,16,4,5,0,0,4,1,3,2,1,20,27,0,27
2022-08,2022,Agosto,E06010104,CARRERA DE DERECHO  (PAT A DISTANCIA),Derecho,Sin Partner (Propio),Distancia,0,3,0,0,20,17,3,1,1,1,10,1,3,1,0,20,26,0,26
2022-09,2022,Setiembre,E06010104,CARRERA DE DERECHO  (PAT A DISTANCIA),Derecho,Sin Partner (Propio),Distancia,0,0,0,0,22,19,3,1,0,0,7,7,2,2,0,22,23,0,23
2022-10,2022,Octubre,E06010104,CARRERA DE DERECHO  (PAT A DISTANCIA),Derecho,Sin Partner (Propio),Distancia,0,1,0,0,18,18,0,3,1,0,5,7,5,1,1,18,23,0,23
2022-11,2022,Noviembre,E06010104,CARRERA DE DERECHO  (PAT A DISTANCIA),Derecho,Sin Partner (Propio),Distancia,0,0,0,0,23,19,4,2,0,0,4,1,10,1,1,23,25,0,25
2022-12,2022,Diciembre,E06010104,CARRERA DE DERECHO  (PAT A DISTANCIA),Derecho,Sin Partner (Propio),Distancia,0,0,0,0,13,12,1,1,0,0,13,3,10,1,1,13,14,0,14
2023-01,2023,Enero,E06010104,CARRERA DE DERECHO  (PAT A DISTANCIA),Derecho,Sin Partner (Propio),Distancia,0,0,0,0,0,0,0,1,0,0,14,13,12,1,1,0,1,0,1
2023-02,2023,N/A,E06010104,CARRERA DE DERECHO  (PAT A DISTANCIA),Derecho,Sin Partner (Propio),Distancia,0,0,0,0,0,0,0,0,0,0,1,14,22,4,1,0,0,0,0
2023-03,2023,Marzo,E06010104,CARRERA DE DERECHO  (PAT A DISTANCIA),Derecho,Sin Partner (Propio),Distancia,0,1,0,0,0,0,0,1,2,0,0,1,30,6,2,0,4,0,4
2023-04,2023,Abril,E06010104,CARRERA DE DERECHO  (PAT A DISTANCIA),Derecho,Sin Partner (Propio),Distancia,0,0,0,0,1,1,0,0,0,0,3,0,30,7,2,1,1,0,1
2023-05,2023,Mayo,E06010104,CARRERA DE DERECHO  (PAT A DISTANCIA),Derecho,Sin Partner (Propio),Distancia,0,0,0,0,1,1,0,0,0,0,0,3,27,10,2,1,1,0,1
2023-06,2023,N/A,E06010104,CARRERA DE DERECHO  (PAT A DISTANCIA),Derecho,Sin Partner (Propio),Distancia,0,0,0,0,0,0,0,0,0,0,1,0,18,22,2,0,0,0,0
2023-07,2023,Julio,E06010104,CARRERA DE DERECHO  (PAT A DISTANCIA),Derecho,Sin Partner (Propio),Distancia,0,0,0,0,0,0,0,2,0,0,0,1,2,36,2,0,2,0,2
2023-08,2023,Agosto,E06010104,CARRERA DE DERECHO  (PAT A DISTANCIA),Derecho,Sin Partner (Propio),Distancia,0,0,0,0,0,0,0,1,0,0,2,0,1,35,4,0,1,0,1
2023-09,2023,N/A,E06010104,CARRERA DE DERECHO  (PAT A DISTANCIA),Derecho,Sin Partner (Propio),Distancia,0,0,0,0,0,0,0,0,0,0,1,2,1,31,8,0,0,0,0
2023-10,2023,N/A,E06010104,CARRERA DE DERECHO  (PAT A DISTANCIA),Derecho,Sin Partner (Propio),Distancia,0,0,0,0,0,0,0,0,0,0,0,1,3,30,9,0,0,0,0
2023-11,2023,N/A,E06010104,CARRERA DE DERECHO  (PAT A DISTANCIA),Derecho,Sin Partner (Propio),Distancia,0,0,0,0,0,0,0,0,0,0,0,0,4,27,12,0,0,0,0
2023-12,2023,N/A,E06010104,CARRERA DE DERECHO  (PAT A DISTANCIA),Derecho,Sin Partner (Propio),Distancia,0,0,0,0,0,0,0,0,0,0,0,0,3,16,24,0,0,0,0
2024-01,2024,Enero,E06010104,CARRERA DE DERECHO  (PAT A DISTANCIA),Derecho,Sin Partner (Propio),Distancia,0,49,0,0,0,0,0,0,8,10,0,0,3,2,20,0,67,0,67
2024-02,2024,Febrero,E06010104,CARRERA DE DERECHO  (PAT A DISTANCIA),Derecho,Sin Partner (Propio),Distancia,0,17,0,0,57,57,0,0,0,0,10,0,1,3,21,57,74,0,74
2024-03,2024,Marzo,E06010104,CARRERA DE DERECHO  (PAT A DISTANCIA),Derecho,Sin Partner (Propio),Distancia,0,8,0,0,52,50,2,0,3,1,24,8,0,1,20,52,64,0,64
2024-04,2024,Abril,E06010104,CARRERA DE DERECHO  (PAT A DISTANCIA),Derecho,Sin Partner (Propio),Distancia,0,7,0,0,60,46,14,1,0,2,18,10,7,1,18,60,70,0,70
2024-05,2024,Mayo,E06010104,CARRERA DE DERECHO  (PAT A DISTANCIA),Derecho,Sin Partner (Propio),Distancia,0,16,0,0,58,51,7,6,0,2,19,11,11,1,16,58,82,0,82
2024-06,2024,Junio,E06010104,CARRERA DE DERECHO  (PAT A DISTANCIA),Derecho,Sin Partner (Propio),Distancia,0,12,0,0,60,56,4,4,0,0,26,15,18,0,17,60,76,0,76
2024-07,2024,Julio,E06010104,CARRERA DE DERECHO  (PAT A DISTANCIA),Derecho,Sin Partner (Propio),Distancia,0,18,0,0,84,66,18,9,0,1,10,8,24,0,16,84,112,0,112
2024-08,2024,Agosto,E06010104,CARRERA DE DERECHO  (PAT A DISTANCIA),Derecho,Sin Partner (Propio),Distancia,0,11,0,0,89,86,3,4,1,1,26,7,23,4,15,89,106,0,106
2024-09,2024,Setiembre,E06010104,CARRERA DE DERECHO  (PAT A DISTANCIA),Derecho,Sin Partner (Propio),Distancia,0,11,0,0,101,94,7,3,0,1,12,19,23,8,14,101,116,0,116
2024-10,2024,Octubre,E06010104,CARRERA DE DERECHO  (PAT A DISTANCIA),Derecho,Sin Partner (Propio),Distancia,0,9,0,0,84,82,2,2,0,0,34,10,34,14,14,84,95,0,95
2024-11,2024,Noviembre,E06010104,CARRERA DE DERECHO  (PAT A DISTANCIA),Derecho,Sin Partner (Propio),Distancia,0,8,0,0,92,80,12,6,1,0,15,22,32,19,14,92,107,0,107
2024-12,2024,Diciembre,E06010104,CARRERA DE DERECHO  (PAT A DISTANCIA),Derecho,Sin Partner (Propio),Distancia,0,10,0,0,75,70,5,2,0,0,37,10,48,23,14,75,87,0,87
2025-01,2025,Enero,E06010104,CARRERA DE DERECHO  (PAT A DISTANCIA),Derecho,Sin Partner (Propio),Distancia,0,31,0,0,96,78,18,4,0,0,9,19,50,27,14,96,131,0,131
2025-02,2025,Febrero,E06010104,CARRERA DE DERECHO  (PAT A DISTANCIA),Derecho,Sin Partner (Propio),Distancia,0,12,0,0,115,111,4,8,2,0,20,5,46,36,18,115,137,0,137
2025-03,2025,Marzo,E06010104,CARRERA DE DERECHO  (PAT A DISTANCIA),Derecho,Sin Partner (Propio),Distancia,0,15,0,0,117,108,9,4,1,0,29,11,40,38,22,117,137,0,137
2025-04,2025,Abril,E06010104,CARRERA DE DERECHO  (PAT A DISTANCIA),Derecho,Sin Partner (Propio),Distancia,0,17,0,0,132,123,9,6,0,0,14,20,31,47,27,132,155,0,155
2025-05,2025,Mayo,E06010104,CARRERA DE DERECHO  (PAT A DISTANCIA),Derecho,Sin Partner (Propio),Distancia,0,10,0,0,123,117,6,6,0,0,38,8,36,51,32,123,139,0,139
2025-06,2025,Junio,E06010104,CARRERA DE DERECHO  (PAT A DISTANCIA),Derecho,Sin Partner (Propio),Distancia,0,17,0,0,152,129,23,3,3,2,10,15,31,54,34,152,177,0,177
2025-07,2025,Julio,E06010104,CARRERA DE DERECHO  (PAT A DISTANCIA),Derecho,Sin Partner (Propio),Distancia,0,22,0,0,159,155,4,8,0,1,22,6,35,53,37,159,190,0,190
2025-08,2025,Agosto,E06010104,CARRERA DE DERECHO  (PAT A DISTANCIA),Derecho,Sin Partner (Propio),Distancia,0,19,0,0,161,154,7,4,1,0,36,15,33,43,50,161,185,0,185
2025-09,2025,Setiembre,E06010104,CARRERA DE DERECHO  (PAT A DISTANCIA),Derecho,Sin Partner (Propio),Distancia,0,21,0,0,181,168,13,3,0,0,17,23,31,51,56,181,205,0,205
2025-10,2025,Octubre,E06010104,CARRERA DE DERECHO  (PAT A DISTANCIA),Derecho,Sin Partner (Propio),Distancia,0,14,0,0,172,167,5,6,0,0,38,12,45,41,69,172,192,0,192
2025-11,2025,Noviembre,E06010104,CARRERA DE DERECHO  (PAT A DISTANCIA),Derecho,Sin Partner (Propio),Distancia,0,7,0,0,187,166,21,8,0,0,26,17,38,43,78,187,202,0,202
2025-12,2025,Diciembre,E06010104,CARRERA DE DERECHO  (PAT A DISTANCIA),Derecho,Sin Partner (Propio),Distancia,0,16,0,0,176,166,10,7,1,0,36,16,46,35,87,176,200,0,200
2026-01,2026,Enero,E06010104,CARRERA DE DERECHO  (PAT A DISTANCIA),Derecho,Sin Partner (Propio),Distancia,0,17,0,0,199,180,19,8,1,0,20,17,41,45,89,199,225,0,225
2026-02,2026,Febrero,E06010104,CARRERA DE DERECHO  (PAT A DISTANCIA),Derecho,Sin Partner (Propio),Distancia,0,22,0,0,210,204,6,9,1,1,21,14,37,52,92,210,243,0,243
2026-03,2026,Marzo,E06010104,CARRERA DE DERECHO  (PAT A DISTANCIA),Derecho,Sin Partner (Propio),Distancia,0,30,0,0,217,212,5,4,3,1,31,16,43,41,103,217,255,0,255
2026-04,2026,Abril,E06010104,CARRERA DE DERECHO  (PAT A DISTANCIA),Derecho,Sin Partner (Propio),Distancia,0,22,0,0,227,217,10,5,1,1,38,21,44,47,105,227,256,0,256
2026-05,2026,Mayo,E06010104,CARRERA DE DERECHO  (PAT A DISTANCIA),Derecho,Sin Partner (Propio),Distancia,0,18,0,0,234,224,10,15,1,2,32,28,40,46,113,234,270,0,270
2026-06,2026,Junio,E06010104,CARRERA DE DERECHO  (PAT A DISTANCIA),Derecho,Sin Partner (Propio),Distancia,0,21,0,0,260,246,14,8,0,0,24,18,54,50,115,260,289,0,289
2018-06,2018,Junio,E06010102,CARRERA DE DERECHO ,Derecho,Sin Partner (Propio),Presencial Regular,0,1,0,0,0,0,0,0,0,0,0,0,0,0,0,0,0,1,1
2018-07,2018,Julio,E06010102,CARRERA DE DERECHO ,Derecho,Sin Partner (Propio),Presencial Regular,0,4,0,0,1,1,0,0,0,0,0,0,0,0,0,1,0,5,5
2018-08,2018,Agosto,E06010102,CARRERA DE DERECHO ,Derecho,Sin Partner (Propio),Presencial Regular,0,2,0,0,5,5,0,0,0,0,0,0,0,0,0,5,0,7,7
2018-09,2018,Setiembre,E06010102,CARRERA DE DERECHO ,Derecho,Sin Partner (Propio),Presencial Regular,0,4,0,1,3,3,0,0,0,0,4,0,0,0,0,3,0,7,7
2018-10,2018,Octubre,E06010102,CARRERA DE DERECHO ,Derecho,Sin Partner (Propio),Presencial Regular,0,1,0,0,9,7,2,0,0,0,0,2,0,0,0,9,0,10,10
2018-11,2018,Noviembre,E06010102,CARRERA DE DERECHO ,Derecho,Sin Partner (Propio),Presencial Regular,0,2,0,1,9,9,0,1,0,0,1,0,1,0,0,9,0,12,12
2018-12,2018,Diciembre,E06010102,CARRERA DE DERECHO ,Derecho,Sin Partner (Propio),Presencial Regular,0,5,0,0,9,9,0,0,0,0,3,1,1,0,0,9,0,14,14
2019-01,2019,Enero,E06010102,CARRERA DE DERECHO ,Derecho,Sin Partner (Propio),Presencial Regular,0,2,0,0,13,11,2,0,0,0,3,1,2,0,0,13,0,15,15
2019-02,2019,Febrero,E06010102,CARRERA DE DERECHO ,Derecho,Sin Partner (Propio),Presencial Regular,0,4,0,1,14,13,1,0,0,0,2,2,3,0,0,14,0,18,18
2019-03,2019,Marzo,E06010102,CARRERA DE DERECHO ,Derecho,Sin Partner (Propio),Presencial Regular,0,4,0,0,17,17,0,0,0,0,1,2,4,1,0,17,0,21,21
2019-04,2019,Abril,E06010102,CARRERA DE DERECHO ,Derecho,Sin Partner (Propio),Presencial Regular,0,5,0,1,17,17,0,0,0,0,4,1,6,1,0,17,0,22,22
2019-05,2019,Mayo,E06010102,CARRERA DE DERECHO ,Derecho,Sin Partner (Propio),Presencial Regular,0,4,0,2,19,19,0,0,0,0,3,4,6,2,0,19,0,23,23
2019-06,2019,Junio,E06010102,CARRERA DE DERECHO ,Derecho,Sin Partner (Propio),Presencial Regular,0,4,0,0,22,21,1,1,1,0,2,2,8,2,0,22,0,28,28
2019-07,2019,Julio,E06010102,CARRERA DE DERECHO ,Derecho,Sin Partner (Propio),Presencial Regular,0,2,0,0,24,24,0,0,0,0,4,2,8,4,0,24,0,26,26
2019-08,2019,Agosto,E06010102,CARRERA DE DERECHO ,Derecho,Sin Partner (Propio),Presencial Regular,0,0,0,0,17,15,2,1,0,0,11,2,7,6,0,17,0,18,18
2019-09,2019,Setiembre,E06010102,CARRERA DE DERECHO ,Derecho,Sin Partner (Propio),Presencial Regular,0,4,0,2,22,16,6,0,0,0,2,5,8,6,1,22,0,26,26
2019-10,2019,Octubre,E06010102,CARRERA DE DERECHO ,Derecho,Sin Partner (Propio),Presencial Regular,0,4,0,1,23,23,0,0,0,0,3,2,11,8,1,23,0,27,27
2019-11,2019,Noviembre,E06010102,CARRERA DE DERECHO ,Derecho,Sin Partner (Propio),Presencial Regular,0,2,0,0,23,22,1,0,0,0,5,2,11,9,2,23,0,25,25
2019-12,2019,Diciembre,E06010102,CARRERA DE DERECHO ,Derecho,Sin Partner (Propio),Presencial Regular,0,2,0,0,17,17,0,1,0,0,8,5,10,11,2,17,0,20,20
2020-01,2020,Enero,E06010102,CARRERA DE DERECHO ,Derecho,Sin Partner (Propio),Presencial Regular,0,6,0,0,16,13,3,1,0,0,7,5,12,11,4,16,0,23,23
2020-02,2020,Febrero,E06010102,CARRERA DE DERECHO ,Derecho,Sin Partner (Propio),Presencial Regular,0,6,0,0,21,18,3,2,0,0,5,4,11,13,6,21,0,29,29
2020-03,2020,Marzo,E06010102,CARRERA DE DERECHO ,Derecho,Sin Partner (Propio),Presencial Regular,0,9,0,1,21,21,0,2,1,0,8,5,12,12,7,21,0,33,33
2020-04,2020,Abril,E06010102,CARRERA DE DERECHO ,Derecho,Sin Partner (Propio),Presencial Regular,0,0,0,0,33,30,3,2,1,0,3,5,13,11,9,33,0,36,36
2020-05,2020,Mayo,E06010102,CARRERA DE DERECHO ,Derecho,Sin Partner (Propio),Presencial Regular,0,7,0,1,32,32,0,2,1,0,4,3,12,12,11,32,0,42,42
2020-06,2020,Junio,E06010102,CARRERA DE DERECHO ,Derecho,Sin Partner (Propio),Presencial Regular,0,3,0,1,38,36,2,3,1,0,6,2,11,10,13,38,0,45,45
2020-07,2020,Julio,E06010102,CARRERA DE DERECHO ,Derecho,Sin Partner (Propio),Presencial Regular,0,6,0,2,37,36,1,1,1,0,9,5,11,8,15,37,0,45,45
2020-08,2020,Agosto,E06010102,CARRERA DE DERECHO ,Derecho,Sin Partner (Propio),Presencial Regular,0,8,0,1,40,35,5,0,2,0,10,4,12,7,18,40,0,50,50
2020-09,2020,Setiembre,E06010102,CARRERA DE DERECHO ,Derecho,Sin Partner (Propio),Presencial Regular,0,7,0,4,45,41,4,0,0,0,9,6,12,10,19,45,0,52,52
2020-10,2020,Octubre,E06010102,CARRERA DE DERECHO ,Derecho,Sin Partner (Propio),Presencial Regular,0,11,0,2,47,42,5,2,0,0,10,4,14,12,19,47,0,60,60
2020-11,2020,Noviembre,E06010102,CARRERA DE DERECHO ,Derecho,Sin Partner (Propio),Presencial Regular,0,7,0,2,54,51,3,2,1,0,9,7,15,11,20,54,0,64,64
2020-12,2020,Diciembre,E06010102,CARRERA DE DERECHO ,Derecho,Sin Partner (Propio),Presencial Regular,0,5,0,2,52,48,4,3,1,0,16,5,14,14,21,52,0,61,61
2021-01,2021,Enero,E06010102,CARRERA DE DERECHO ,Derecho,Sin Partner (Propio),Presencial Regular,0,2,0,1,59,50,9,1,0,1,11,7,14,18,20,59,0,63,63
2021-02,2021,Febrero,E06010102,CARRERA DE DERECHO ,Derecho,Sin Partner (Propio),Presencial Regular,0,14,0,5,56,52,4,1,0,0,11,7,17,18,23,56,0,71,71
2021-03,2021,Marzo,E06010102,CARRERA DE DERECHO ,Derecho,Sin Partner (Propio),Presencial Regular,0,11,0,2,62,60,2,6,0,0,11,9,16,17,26,62,0,79,79
2021-04,2021,Abril,E06010102,CARRERA DE DERECHO ,Derecho,Sin Partner (Propio),Presencial Regular,0,20,0,8,77,70,7,4,2,0,9,4,17,17,28,77,0,103,103
2021-05,2021,Mayo,E06010102,CARRERA DE DERECHO ,Derecho,Sin Partner (Propio),Presencial Regular,0,13,0,4,95,93,2,1,0,0,10,7,18,18,29,95,0,109,109
2021-06,2021,Junio,E06010102,CARRERA DE DERECHO ,Derecho,Sin Partner (Propio),Presencial Regular,0,15,0,8,97,96,1,1,1,0,13,9,19,18,33,97,0,114,114
2021-07,2021,Julio,E06010102,CARRERA DE DERECHO ,Derecho,Sin Partner (Propio),Presencial Regular,0,15,0,4,97,93,4,2,0,0,21,9,22,19,36,97,0,114,114
2021-08,2021,Agosto,E06010102,CARRERA DE DERECHO ,Derecho,Sin Partner (Propio),Presencial Regular,0,12,0,7,105,96,9,3,0,0,18,12,22,22,39,105,0,120,120
2021-09,2021,Setiembre,E06010102,CARRERA DE DERECHO ,Derecho,Sin Partner (Propio),Presencial Regular,0,11,0,5,98,92,6,3,2,0,28,12,29,20,41,98,0,114,114
2021-10,2021,Octubre,E06010102,CARRERA DE DERECHO ,Derecho,Sin Partner (Propio),Presencial Regular,0,4,0,2,106,91,15,5,0,0,23,13,31,22,44,106,0,115,115
2021-11,2021,Noviembre,E06010102,CARRERA DE DERECHO ,Derecho,Sin Partner (Propio),Presencial Regular,0,3,0,2,94,87,7,6,0,0,28,16,30,28,46,94,0,103,103
2021-12,2021,Diciembre,E06010102,CARRERA DE DERECHO ,Derecho,Sin Partner (Propio),Presencial Regular,0,8,0,4,93,83,10,4,1,1,20,18,37,28,49,93,0,107,107
2022-01,2022,Enero,E06010102,CARRERA DE DERECHO ,Derecho,Sin Partner (Propio),Presencial Regular,0,9,0,2,103,90,13,4,0,0,17,7,44,31,53,103,0,116,116
2022-02,2022,Febrero,E06010102,CARRERA DE DERECHO ,Derecho,Sin Partner (Propio),Presencial Regular,0,9,0,5,87,83,4,4,1,0,33,13,41,32,57,87,0,101,101
2022-03,2022,Marzo,E06010102,CARRERA DE DERECHO ,Derecho,Sin Partner (Propio),Presencial Regular,0,5,0,3,105,88,17,10,1,1,13,16,36,38,57,105,0,122,122
2022-04,2022,Abril,E06010102,CARRERA DE DERECHO ,Derecho,Sin Partner (Propio),Presencial Regular,0,9,0,2,104,98,6,5,2,0,24,7,38,41,61,104,0,120,120
2022-05,2022,Mayo,E06010102,CARRERA DE DERECHO ,Derecho,Sin Partner (Propio),Presencial Regular,0,7,0,3,110,99,11,5,0,0,21,13,29,44,69,110,0,122,122
2022-06,2022,Junio,E06010102,CARRERA DE DERECHO ,Derecho,Sin Partner (Propio),Presencial Regular,0,12,0,4,107,99,8,6,1,0,23,13,32,42,74,107,0,126,126
2022-07,2022,Julio,E06010102,CARRERA DE DERECHO ,Derecho,Sin Partner (Propio),Presencial Regular,0,13,0,9,93,86,7,4,1,0,40,16,31,44,81,93,0,111,111
2022-08,2022,Agosto,E06010102,CARRERA DE DERECHO ,Derecho,Sin Partner (Propio),Presencial Regular,0,16,0,8,112,91,21,8,2,0,20,19,32,43,87,112,0,138,138
2022-09,2022,Setiembre,E06010102,CARRERA DE DERECHO ,Derecho,Sin Partner (Propio),Presencial Regular,0,7,0,1,123,114,9,10,1,0,24,11,39,37,94,123,0,141,141
2022-10,2022,Octubre,E06010102,CARRERA DE DERECHO ,Derecho,Sin Partner (Propio),Presencial Regular,0,5,0,3,122,112,10,8,3,1,29,14,33,36,100,122,0,139,139
2022-11,2022,Noviembre,E06010102,CARRERA DE DERECHO ,Derecho,Sin Partner (Propio),Presencial Regular,0,3,0,1,133,117,16,4,0,0,22,13,36,34,109,133,0,140,140
2022-12,2022,Diciembre,E06010102,CARRERA DE DERECHO ,Derecho,Sin Partner (Propio),Presencial Regular,0,2,0,1,90,83,7,3,0,0,57,15,37,40,112,90,0,95,95
2023-01,2023,Enero,E06010102,CARRERA DE DERECHO ,Derecho,Sin Partner (Propio),Presencial Regular,0,0,0,0,124,85,39,13,2,1,10,18,32,36,120,124,0,140,140
2023-02,2023,Febrero,E06010102,CARRERA DE DERECHO ,Derecho,Sin Partner (Propio),Presencial Regular,0,0,0,0,59,59,0,4,0,0,81,10,40,35,127,59,0,63,63
2023-03,2023,Marzo,E06010102,CARRERA DE DERECHO ,Derecho,Sin Partner (Propio),Presencial Regular,0,0,0,0,89,39,50,9,1,0,24,31,33,41,128,89,0,99,99
2023-04,2023,Abril,E06010102,CARRERA DE DERECHO ,Derecho,Sin Partner (Propio),Presencial Regular,0,0,0,0,90,81,9,16,2,0,18,15,40,42,133,90,0,108,108
2023-05,2023,Mayo,E06010102,CARRERA DE DERECHO ,Derecho,Sin Partner (Propio),Presencial Regular,0,0,0,0,76,70,6,8,0,0,38,12,39,44,139,76,0,84,84
2023-06,2023,Junio,E06010102,CARRERA DE DERECHO ,Derecho,Sin Partner (Propio),Presencial Regular,0,0,0,0,87,71,16,9,1,1,13,22,32,44,147,87,0,98,98
2023-07,2023,Julio,E06010102,CARRERA DE DERECHO ,Derecho,Sin Partner (Propio),Presencial Regular,0,0,0,0,78,73,5,9,1,0,25,8,42,39,154,78,0,88,88
2023-08,2023,Agosto,E06010102,CARRERA DE DERECHO ,Derecho,Sin Partner (Propio),Presencial Regular,0,0,0,0,84,75,9,10,0,0,13,16,28,45,160,84,0,94,94
2023-09,2023,Setiembre,E06010102,CARRERA DE DERECHO ,Derecho,Sin Partner (Propio),Presencial Regular,0,0,0,0,76,70,6,8,1,1,24,7,31,42,166,76,0,86,86
2023-10,2023,Octubre,E06010102,CARRERA DE DERECHO ,Derecho,Sin Partner (Propio),Presencial Regular,0,0,0,0,75,63,12,8,0,0,23,12,27,38,173,75,0,83,83
2023-11,2023,Noviembre,E06010102,CARRERA DE DERECHO ,Derecho,Sin Partner (Propio),Presencial Regular,0,0,0,0,71,59,12,6,0,0,24,11,25,38,181,71,0,77,77
2023-12,2023,Diciembre,E06010102,CARRERA DE DERECHO ,Derecho,Sin Partner (Propio),Presencial Regular,0,0,0,0,25,24,1,2,0,0,53,23,31,33,189,25,0,27,27
2024-01,2024,Enero,E06010102,CARRERA DE DERECHO ,Derecho,Sin Partner (Propio),Presencial Regular,0,0,0,0,22,19,3,5,0,0,8,50,41,38,192,22,0,27,27
2024-02,2024,Febrero,E06010102,CARRERA DE DERECHO ,Derecho,Sin Partner (Propio),Presencial Regular,0,0,0,0,23,23,0,4,1,0,4,8,82,30,204,23,0,28,28
2024-03,2024,Marzo,E06010102,CARRERA DE DERECHO ,Derecho,Sin Partner (Propio),Presencial Regular,0,0,0,0,22,20,2,2,0,0,8,2,81,33,208,22,0,24,24
2024-04,2024,Abril,E06010102,CARRERA DE DERECHO ,Derecho,Sin Partner (Propio),Presencial Regular,0,0,0,0,27,23,4,4,0,0,1,4,73,36,211,27,0,31,31
2024-05,2024,Mayo,E06010102,CARRERA DE DERECHO ,Derecho,Sin Partner (Propio),Presencial Regular,0,0,0,0,28,28,0,3,1,0,3,1,54,47,219,28,0,32,32
2024-06,2024,Junio,E06010102,CARRERA DE DERECHO ,Derecho,Sin Partner (Propio),Presencial Regular,0,0,0,0,19,16,3,2,0,0,16,0,6,91,222,19,0,21,21
2024-07,2024,Julio,E06010102,CARRERA DE DERECHO ,Derecho,Sin Partner (Propio),Presencial Regular,0,0,0,0,29,19,10,1,0,0,2,6,2,87,229,29,0,30,30
2024-08,2024,Agosto,E06010102,CARRERA DE DERECHO ,Derecho,Sin Partner (Propio),Presencial Regular,0,0,0,0,27,27,0,0,0,0,3,2,8,82,234,27,0,27,27
2024-09,2024,Setiembre,E06010102,CARRERA DE DERECHO ,Derecho,Sin Partner (Propio),Presencial Regular,0,0,0,0,28,25,3,2,0,0,2,0,6,77,241,28,0,30,30
2024-10,2024,Octubre,E06010102,CARRERA DE DERECHO ,Derecho,Sin Partner (Propio),Presencial Regular,0,0,0,0,28,26,2,0,0,0,4,0,6,71,247,28,0,28,28
2024-11,2024,Noviembre,E06010102,CARRERA DE DERECHO ,Derecho,Sin Partner (Propio),Presencial Regular,0,0,0,0,26,24,2,0,0,0,4,2,6,52,266,26,0,26,26
2024-12,2024,Diciembre,E06010102,CARRERA DE DERECHO ,Derecho,Sin Partner (Propio),Presencial Regular,0,0,0,0,24,23,1,0,0,0,3,3,3,10,313,24,0,24,24
2025-01,2025,Enero,E06010102,CARRERA DE DERECHO ,Derecho,Sin Partner (Propio),Presencial Regular,0,0,0,0,26,23,3,1,0,0,1,0,4,8,316,26,0,27,27
2025-02,2025,Febrero,E06010102,CARRERA DE DERECHO ,Derecho,Sin Partner (Propio),Presencial Regular,0,0,0,0,23,22,1,1,0,0,5,0,3,8,316,23,0,24,24
2025-03,2025,Marzo,E06010102,CARRERA DE DERECHO ,Derecho,Sin Partner (Propio),Presencial Regular,0,0,0,0,24,21,3,0,0,0,3,2,3,6,318,24,0,24,24
2025-04,2025,Abril,E06010102,CARRERA DE DERECHO ,Derecho,Sin Partner (Propio),Presencial Regular,0,0,0,0,25,23,2,1,0,0,1,1,3,7,318,25,0,26,26
2025-05,2025,Mayo,E06010102,CARRERA DE DERECHO ,Derecho,Sin Partner (Propio),Presencial Regular,0,0,0,0,23,22,1,1,0,0,4,0,1,9,318,23,0,24,24
2025-06,2025,Junio,E06010102,CARRERA DE DERECHO ,Derecho,Sin Partner (Propio),Presencial Regular,0,0,0,0,25,24,1,0,0,0,0,3,1,4,323,25,0,25,25
2025-07,2025,Julio,E06010102,CARRERA DE DERECHO ,Derecho,Sin Partner (Propio),Presencial Regular,0,0,0,0,22,22,0,0,0,0,3,0,4,3,324,22,0,22,22
2025-08,2025,Agosto,E06010102,CARRERA DE DERECHO ,Derecho,Sin Partner (Propio),Presencial Regular,0,0,0,0,21,19,2,0,0,0,3,1,4,3,324,21,0,21,21
2025-09,2025,Setiembre,E06010102,CARRERA DE DERECHO ,Derecho,Sin Partner (Propio),Presencial Regular,0,0,0,0,22,21,1,1,0,0,0,2,3,4,324,22,0,23,23
2025-10,2025,Octubre,E06010102,CARRERA DE DERECHO ,Derecho,Sin Partner (Propio),Presencial Regular,0,0,0,0,22,22,0,3,0,0,1,0,2,3,325,22,0,25,25
2025-11,2025,Noviembre,E06010102,CARRERA DE DERECHO ,Derecho,Sin Partner (Propio),Presencial Regular,0,0,0,0,25,24,1,0,0,0,1,0,0,3,327,25,0,25,25
2025-12,2025,Diciembre,E06010102,CARRERA DE DERECHO ,Derecho,Sin Partner (Propio),Presencial Regular,3,0,0,0,18,18,0,0,0,0,4,1,0,3,327,18,0,21,21
2026-01,2026,Enero,E06010102,CARRERA DE DERECHO ,Derecho,Sin Partner (Propio),Presencial Regular,1,0,0,0,17,13,4,0,0,0,4,0,1,3,327,17,0,18,18
2026-02,2026,Febrero,E06010102,CARRERA DE DERECHO ,Derecho,Sin Partner (Propio),Presencial Regular,0,0,0,0,20,16,4,0,0,0,1,0,1,3,327,20,0,20,20
2026-03,2026,Marzo,E06010102,CARRERA DE DERECHO ,Derecho,Sin Partner (Propio),Presencial Regular,0,0,0,0,18,17,1,0,0,0,3,0,1,2,328,18,0,18,18
2026-04,2026,Abril,E06010102,CARRERA DE DERECHO ,Derecho,Sin Partner (Propio),Presencial Regular,1,0,0,0,18,16,2,0,0,0,1,1,1,2,328,18,0,19,19
2026-05,2026,Mayo,E06010102,CARRERA DE DERECHO ,Derecho,Sin Partner (Propio),Presencial Regular,0,0,0,0,18,18,0,0,0,0,0,1,1,1,330,18,0,18,18
2026-06,2026,Junio,E06010102,CARRERA DE DERECHO ,Derecho,Sin Partner (Propio),Presencial Regular,0,0,0,0,18,18,0,0,0,0,0,0,2,1,330,18,0,18,18
2018-09,2018,Setiembre,E07010107,CARRERA PROFESIONAL DE EDUCACION CON MENCION EN PRIMARIA - (70/30 AP),Educación,Con Partner (AP),Presencial (Híbrido),0,1,0,1,0,0,0,0,0,0,0,0,0,0,0,0,1,0,1
2018-10,2018,Octubre,E07010107,CARRERA PROFESIONAL DE EDUCACION CON MENCION EN PRIMARIA - (70/30 AP),Educación,Con Partner (AP),Presencial (Híbrido),0,0,0,0,1,1,0,0,0,0,0,0,0,0,0,1,1,0,1
2018-11,2018,Noviembre,E07010107,CARRERA PROFESIONAL DE EDUCACION CON MENCION EN PRIMARIA - (70/30 AP),Educación,Con Partner (AP),Presencial (Híbrido),0,0,0,0,1,1,0,0,0,0,0,0,0,0,0,1,1,0,1
2018-12,2018,N/A,E07010107,CARRERA PROFESIONAL DE EDUCACION CON MENCION EN PRIMARIA - (70/30 AP),Educación,Con Partner (AP),Presencial (Híbrido),0,0,0,0,0,0,0,0,0,0,1,0,0,0,0,0,0,0,0
2019-01,2019,Enero,E07010107,CARRERA PROFESIONAL DE EDUCACION CON MENCION EN PRIMARIA - (70/30 AP),Educación,Con Partner (AP),Presencial (Híbrido),0,0,0,0,1,0,1,0,0,0,0,0,0,0,0,1,1,0,1
2019-02,2019,Febrero,E07010107,CARRERA PROFESIONAL DE EDUCACION CON MENCION EN PRIMARIA - (70/30 AP),Educación,Con Partner (AP),Presencial (Híbrido),0,0,0,0,1,1,0,0,0,0,0,0,0,0,0,1,1,0,1
2019-03,2019,Marzo,E07010107,CARRERA PROFESIONAL DE EDUCACION CON MENCION EN PRIMARIA - (70/30 AP),Educación,Con Partner (AP),Presencial (Híbrido),0,0,0,0,1,1,0,0,0,0,0,0,0,0,0,1,1,0,1
2019-04,2019,Abril,E07010107,CARRERA PROFESIONAL DE EDUCACION CON MENCION EN PRIMARIA - (70/30 AP),Educación,Con Partner (AP),Presencial (Híbrido),0,0,0,0,1,1,0,0,0,0,0,0,0,0,0,1,1,0,1
2019-05,2019,Mayo,E07010107,CARRERA PROFESIONAL DE EDUCACION CON MENCION EN PRIMARIA - (70/30 AP),Educación,Con Partner (AP),Presencial (Híbrido),0,0,0,0,1,1,0,0,0,0,0,0,0,0,0,1,1,0,1
2019-06,2019,Junio,E07010107,CARRERA PROFESIONAL DE EDUCACION CON MENCION EN PRIMARIA - (70/30 AP),Educación,Con Partner (AP),Presencial (Híbrido),0,0,0,0,1,1,0,0,0,0,0,0,0,0,0,1,1,0,1
2019-07,2019,Julio,E07010107,CARRERA PROFESIONAL DE EDUCACION CON MENCION EN PRIMARIA - (70/30 AP),Educación,Con Partner (AP),Presencial (Híbrido),0,0,0,0,1,1,0,0,0,0,0,0,0,0,0,1,1,0,1
2019-08,2019,Agosto,E07010107,CARRERA PROFESIONAL DE EDUCACION CON MENCION EN PRIMARIA - (70/30 AP),Educación,Con Partner (AP),Presencial (Híbrido),0,0,0,0,1,1,0,0,0,0,0,0,0,0,0,1,1,0,1
2019-09,2019,Setiembre,E07010107,CARRERA PROFESIONAL DE EDUCACION CON MENCION EN PRIMARIA - (70/30 AP),Educación,Con Partner (AP),Presencial (Híbrido),0,0,0,0,1,1,0,0,0,0,0,0,0,0,0,1,1,0,1
2019-10,2019,Octubre,E07010107,CARRERA PROFESIONAL DE EDUCACION CON MENCION EN PRIMARIA - (70/30 AP),Educación,Con Partner (AP),Presencial (Híbrido),0,0,0,0,1,1,0,0,0,0,0,0,0,0,0,1,1,0,1
2019-11,2019,Noviembre,E07010107,CARRERA PROFESIONAL DE EDUCACION CON MENCION EN PRIMARIA - (70/30 AP),Educación,Con Partner (AP),Presencial (Híbrido),0,1,0,1,1,1,0,0,0,0,0,0,0,0,0,1,2,0,2
2019-12,2019,Diciembre,E07010107,CARRERA PROFESIONAL DE EDUCACION CON MENCION EN PRIMARIA - (70/30 AP),Educación,Con Partner (AP),Presencial (Híbrido),0,0,0,0,1,1,0,0,0,0,1,0,0,0,0,1,1,0,1
2020-01,2020,Enero,E07010107,CARRERA PROFESIONAL DE EDUCACION CON MENCION EN PRIMARIA - (70/30 AP),Educación,Con Partner (AP),Presencial (Híbrido),0,0,0,0,1,1,0,0,0,0,0,1,0,0,0,1,1,0,1
2020-02,2020,Febrero,E07010107,CARRERA PROFESIONAL DE EDUCACION CON MENCION EN PRIMARIA - (70/30 AP),Educación,Con Partner (AP),Presencial (Híbrido),0,0,0,0,1,1,0,0,0,0,0,0,1,0,0,1,1,0,1
2020-03,2020,Marzo,E07010107,CARRERA PROFESIONAL DE EDUCACION CON MENCION EN PRIMARIA - (70/30 AP),Educación,Con Partner (AP),Presencial (Híbrido),0,0,0,0,0,0,0,1,0,0,1,0,0,0,0,0,1,0,1
2020-04,2020,Abril,E07010107,CARRERA PROFESIONAL DE EDUCACION CON MENCION EN PRIMARIA - (70/30 AP),Educación,Con Partner (AP),Presencial (Híbrido),0,0,0,0,1,0,1,0,0,0,1,0,0,0,0,1,1,0,1
2020-05,2020,Mayo,E07010107,CARRERA PROFESIONAL DE EDUCACION CON MENCION EN PRIMARIA - (70/30 AP),Educación,Con Partner (AP),Presencial (Híbrido),0,0,0,0,1,1,0,0,0,0,0,1,0,0,0,1,1,0,1
2020-06,2020,N/A,E07010107,CARRERA PROFESIONAL DE EDUCACION CON MENCION EN PRIMARIA - (70/30 AP),Educación,Con Partner (AP),Presencial (Híbrido),0,0,0,0,0,0,0,0,0,0,1,0,1,0,0,0,0,0,0
2020-07,2020,N/A,E07010107,CARRERA PROFESIONAL DE EDUCACION CON MENCION EN PRIMARIA - (70/30 AP),Educación,Con Partner (AP),Presencial (Híbrido),0,0,0,0,0,0,0,0,0,0,0,1,1,0,0,0,0,0,0
2020-08,2020,N/A,E07010107,CARRERA PROFESIONAL DE EDUCACION CON MENCION EN PRIMARIA - (70/30 AP),Educación,Con Partner (AP),Presencial (Híbrido),0,0,0,0,0,0,0,0,0,0,0,0,2,0,0,0,0,0,0
2020-09,2020,Setiembre,E07010107,CARRERA PROFESIONAL DE EDUCACION CON MENCION EN PRIMARIA - (70/30 AP),Educación,Con Partner (AP),Presencial (Híbrido),0,1,0,1,0,0,0,0,0,0,0,0,2,0,0,0,1,0,1
2020-10,2020,Octubre,E07010107,CARRERA PROFESIONAL DE EDUCACION CON MENCION EN PRIMARIA - (70/30 AP),Educación,Con Partner (AP),Presencial (Híbrido),0,0,0,0,1,1,0,0,0,0,0,0,1,1,0,1,1,0,1
2020-11,2020,N/A,E07010107,CARRERA PROFESIONAL DE EDUCACION CON MENCION EN PRIMARIA - (70/30 AP),Educación,Con Partner (AP),Presencial (Híbrido),0,0,0,0,0,0,0,0,0,0,1,0,1,1,0,0,0,0,0
2020-12,2020,N/A,E07010107,CARRERA PROFESIONAL DE EDUCACION CON MENCION EN PRIMARIA - (70/30 AP),Educación,Con Partner (AP),Presencial (Híbrido),0,0,0,0,0,0,0,0,0,0,0,1,0,2,0,0,0,0,0
2021-01,2021,Enero,E07010107,CARRERA PROFESIONAL DE EDUCACION CON MENCION EN PRIMARIA - (70/30 AP),Educación,Con Partner (AP),Presencial (Híbrido),0,0,0,0,0,0,0,1,1,0,0,0,0,1,0,0,2,0,2
2021-02,2021,Febrero,E07010107,CARRERA PROFESIONAL DE EDUCACION CON MENCION EN PRIMARIA - (70/30 AP),Educación,Con Partner (AP),Presencial (Híbrido),0,1,0,1,2,2,0,0,0,0,0,0,0,1,0,2,3,0,3
2021-03,2021,Marzo,E07010107,CARRERA PROFESIONAL DE EDUCACION CON MENCION EN PRIMARIA - (70/30 AP),Educación,Con Partner (AP),Presencial (Híbrido),0,0,0,0,3,3,0,0,0,0,0,0,0,1,0,3,3,0,3
2021-04,2021,Abril,E07010107,CARRERA PROFESIONAL DE EDUCACION CON MENCION EN PRIMARIA - (70/30 AP),Educación,Con Partner (AP),Presencial (Híbrido),0,0,0,0,1,1,0,0,0,0,2,0,0,0,1,1,1,0,1
2021-05,2021,Mayo,E07010107,CARRERA PROFESIONAL DE EDUCACION CON MENCION EN PRIMARIA - (70/30 AP),Educación,Con Partner (AP),Presencial (Híbrido),0,0,0,0,2,1,1,0,0,0,0,1,0,0,1,2,1,1,2
2021-06,2021,Junio,E07010107,CARRERA PROFESIONAL DE EDUCACION CON MENCION EN PRIMARIA - (70/30 AP),Educación,Con Partner (AP),Presencial (Híbrido),0,0,0,0,1,1,0,0,0,0,1,0,1,0,1,1,1,0,1
2021-07,2021,Julio,E07010107,CARRERA PROFESIONAL DE EDUCACION CON MENCION EN PRIMARIA - (70/30 AP),Educación,Con Partner (AP),Presencial (Híbrido),0,2,0,1,1,1,0,0,0,0,0,1,1,0,1,1,3,0,3
2021-08,2021,Agosto,E07010107,CARRERA PROFESIONAL DE EDUCACION CON MENCION EN PRIMARIA - (70/30 AP),Educación,Con Partner (AP),Presencial (Híbrido),0,0,0,0,3,3,0,0,0,0,0,0,2,0,1,3,3,0,3
2021-09,2021,Setiembre,E07010107,CARRERA PROFESIONAL DE EDUCACION CON MENCION EN PRIMARIA - (70/30 AP),Educación,Con Partner (AP),Presencial (Híbrido),0,0,0,0,3,3,0,1,0,0,0,0,1,0,1,3,4,0,4
2021-10,2021,Octubre,E07010107,CARRERA PROFESIONAL DE EDUCACION CON MENCION EN PRIMARIA - (70/30 AP),Educación,Con Partner (AP),Presencial (Híbrido),0,0,0,0,3,3,0,0,0,1,1,0,0,1,0,3,4,0,4
2021-11,2021,Noviembre,E07010107,CARRERA PROFESIONAL DE EDUCACION CON MENCION EN PRIMARIA - (70/30 AP),Educación,Con Partner (AP),Presencial (Híbrido),0,0,0,0,3,3,0,0,0,0,1,1,0,1,0,3,3,0,3
2021-12,2021,Diciembre,E07010107,CARRERA PROFESIONAL DE EDUCACION CON MENCION EN PRIMARIA - (70/30 AP),Educación,Con Partner (AP),Presencial (Híbrido),0,0,0,0,2,2,0,0,0,0,1,1,1,1,0,2,2,0,2
2022-01,2022,N/A,E07010107,CARRERA PROFESIONAL DE EDUCACION CON MENCION EN PRIMARIA - (70/30 AP),Educación,Con Partner (AP),Presencial (Híbrido),0,0,0,0,0,0,0,0,0,0,2,1,2,1,0,0,0,0,0
2022-02,2022,N/A,E07010107,CARRERA PROFESIONAL DE EDUCACION CON MENCION EN PRIMARIA - (70/30 AP),Educación,Con Partner (AP),Presencial (Híbrido),0,0,0,0,0,0,0,0,0,0,0,2,3,1,0,0,0,0,0
2022-03,2022,N/A,E07010107,CARRERA PROFESIONAL DE EDUCACION CON MENCION EN PRIMARIA - (70/30 AP),Educación,Con Partner (AP),Presencial (Híbrido),0,0,0,0,0,0,0,0,0,0,0,0,5,1,0,0,0,0,0
2022-04,2022,N/A,E07010107,CARRERA PROFESIONAL DE EDUCACION CON MENCION EN PRIMARIA - (70/30 AP),Educación,Con Partner (AP),Presencial (Híbrido),0,0,0,0,0,0,0,0,0,0,0,0,4,1,1,0,0,0,0
2022-05,2022,N/A,E07010107,CARRERA PROFESIONAL DE EDUCACION CON MENCION EN PRIMARIA - (70/30 AP),Educación,Con Partner (AP),Presencial (Híbrido),0,0,0,0,0,0,0,0,0,0,0,0,3,2,1,0,0,0,0
2022-06,2022,N/A,E07010107,CARRERA PROFESIONAL DE EDUCACION CON MENCION EN PRIMARIA - (70/30 AP),Educación,Con Partner (AP),Presencial (Híbrido),0,0,0,0,0,0,0,0,0,0,0,0,2,3,1,0,0,0,0
2022-07,2022,N/A,E07010107,CARRERA PROFESIONAL DE EDUCACION CON MENCION EN PRIMARIA - (70/30 AP),Educación,Con Partner (AP),Presencial (Híbrido),0,0,0,0,0,0,0,0,0,0,0,0,0,5,1,0,0,0,0
2022-08,2022,N/A,E07010107,CARRERA PROFESIONAL DE EDUCACION CON MENCION EN PRIMARIA - (70/30 AP),Educación,Con Partner (AP),Presencial (Híbrido),0,0,0,0,0,0,0,0,0,0,0,0,0,5,1,0,0,0,0
2022-09,2022,N/A,E07010107,CARRERA PROFESIONAL DE EDUCACION CON MENCION EN PRIMARIA - (70/30 AP),Educación,Con Partner (AP),Presencial (Híbrido),0,0,0,0,0,0,0,0,0,0,0,0,0,5,1,0,0,0,0
2022-10,2022,N/A,E07010107,CARRERA PROFESIONAL DE EDUCACION CON MENCION EN PRIMARIA - (70/30 AP),Educación,Con Partner (AP),Presencial (Híbrido),0,0,0,0,0,0,0,0,0,0,0,0,0,4,2,0,0,0,0
2022-11,2022,N/A,E07010107,CARRERA PROFESIONAL DE EDUCACION CON MENCION EN PRIMARIA - (70/30 AP),Educación,Con Partner (AP),Presencial (Híbrido),0,0,0,0,0,0,0,0,0,0,0,0,0,3,3,0,0,0,0
2022-12,2022,N/A,E07010107,CARRERA PROFESIONAL DE EDUCACION CON MENCION EN PRIMARIA - (70/30 AP),Educación,Con Partner (AP),Presencial (Híbrido),0,0,0,0,0,0,0,0,0,0,0,0,0,2,4,0,0,0,0
2023-01,2023,Enero,E07010107,CARRERA PROFESIONAL DE EDUCACION CON MENCION EN PRIMARIA - (70/30 AP),Educación,Con Partner (AP),Presencial (Híbrido),0,10,0,3,0,0,0,0,1,1,0,0,0,0,4,0,11,1,12
2023-02,2023,Febrero,E07010107,CARRERA PROFESIONAL DE EDUCACION CON MENCION EN PRIMARIA - (70/30 AP),Educación,Con Partner (AP),Presencial (Híbrido),0,23,0,6,10,10,0,0,0,0,2,0,0,0,4,10,33,0,33
2023-03,2023,Marzo,E07010107,CARRERA PROFESIONAL DE EDUCACION CON MENCION EN PRIMARIA - (70/30 AP),Educación,Con Partner (AP),Presencial (Híbrido),0,8,0,2,28,27,1,0,0,1,6,1,0,0,3,28,37,0,37
2023-04,2023,Abril,E07010107,CARRERA PROFESIONAL DE EDUCACION CON MENCION EN PRIMARIA - (70/30 AP),Educación,Con Partner (AP),Presencial (Híbrido),0,11,0,1,24,23,1,0,0,0,14,5,1,0,3,24,35,0,35
2023-05,2023,Mayo,E07010107,CARRERA PROFESIONAL DE EDUCACION CON MENCION EN PRIMARIA - (70/30 AP),Educación,Con Partner (AP),Presencial (Híbrido),0,7,0,1,29,27,2,1,0,0,8,12,5,0,3,29,36,1,37
2023-06,2023,Junio,E07010107,CARRERA PROFESIONAL DE EDUCACION CON MENCION EN PRIMARIA - (70/30 AP),Educación,Con Partner (AP),Presencial (Híbrido),0,11,0,1,34,33,1,1,0,0,4,7,16,0,3,34,46,0,46
2023-07,2023,Julio,E07010107,CARRERA PROFESIONAL DE EDUCACION CON MENCION EN PRIMARIA - (70/30 AP),Educación,Con Partner (AP),Presencial (Híbrido),0,20,0,9,31,30,1,1,0,0,16,3,22,0,3,31,51,1,52
2023-08,2023,Agosto,E07010107,CARRERA PROFESIONAL DE EDUCACION CON MENCION EN PRIMARIA - (70/30 AP),Educación,Con Partner (AP),Presencial (Híbrido),0,16,0,8,54,47,7,3,0,0,5,9,21,1,3,54,73,0,73
2023-09,2023,Setiembre,E07010107,CARRERA PROFESIONAL DE EDUCACION CON MENCION EN PRIMARIA - (70/30 AP),Educación,Con Partner (AP),Presencial (Híbrido),0,5,0,1,60,58,2,3,0,0,15,3,24,4,3,60,68,0,68
2023-10,2023,Octubre,E07010107,CARRERA PROFESIONAL DE EDUCACION CON MENCION EN PRIMARIA - (70/30 AP),Educación,Con Partner (AP),Presencial (Híbrido),0,5,0,2,54,50,4,2,0,0,18,11,17,12,3,54,61,0,61
2023-11,2023,Noviembre,E07010107,CARRERA PROFESIONAL DE EDUCACION CON MENCION EN PRIMARIA - (70/30 AP),Educación,Con Partner (AP),Presencial (Híbrido),0,3,0,1,55,49,6,1,1,0,12,12,22,16,3,55,60,0,60
2023-12,2023,Diciembre,E07010107,CARRERA PROFESIONAL DE EDUCACION CON MENCION EN PRIMARIA - (70/30 AP),Educación,Con Partner (AP),Presencial (Híbrido),0,1,0,0,45,41,4,4,0,0,19,8,27,19,3,45,50,0,50
2024-01,2024,Enero,E07010107,CARRERA PROFESIONAL DE EDUCACION CON MENCION EN PRIMARIA - (70/30 AP),Educación,Con Partner (AP),Presencial (Híbrido),0,2,0,1,49,40,9,5,0,0,10,10,23,26,3,49,56,0,56
2024-02,2024,Febrero,E07010107,CARRERA PROFESIONAL DE EDUCACION CON MENCION EN PRIMARIA - (70/30 AP),Educación,Con Partner (AP),Presencial (Híbrido),0,1,0,0,51,49,2,8,0,0,7,8,23,27,4,51,60,0,60
2024-03,2024,Marzo,E07010107,CARRERA PROFESIONAL DE EDUCACION CON MENCION EN PRIMARIA - (70/30 AP),Educación,Con Partner (AP),Presencial (Híbrido),0,2,0,0,46,42,4,1,0,0,18,3,25,29,7,46,49,0,49
2024-04,2024,Abril,E07010107,CARRERA PROFESIONAL DE EDUCACION CON MENCION EN PRIMARIA - (70/30 AP),Educación,Con Partner (AP),Presencial (Híbrido),0,3,0,2,48,38,10,3,1,0,11,8,19,27,14,48,54,1,55
2024-05,2024,Mayo,E07010107,CARRERA PROFESIONAL DE EDUCACION CON MENCION EN PRIMARIA - (70/30 AP),Educación,Con Partner (AP),Presencial (Híbrido),0,1,0,1,46,40,6,2,0,1,15,5,23,25,17,46,49,1,50
2024-06,2024,Junio,E07010107,CARRERA PROFESIONAL DE EDUCACION CON MENCION EN PRIMARIA - (70/30 AP),Educación,Con Partner (AP),Presencial (Híbrido),0,0,0,0,52,43,9,4,0,0,7,6,16,30,20,52,56,0,56
2024-07,2024,Julio,E07010107,CARRERA PROFESIONAL DE EDUCACION CON MENCION EN PRIMARIA - (70/30 AP),Educación,Con Partner (AP),Presencial (Híbrido),0,0,0,0,47,43,4,2,1,0,13,3,15,27,27,47,49,1,50
2024-08,2024,Agosto,E07010107,CARRERA PROFESIONAL DE EDUCACION CON MENCION EN PRIMARIA - (70/30 AP),Educación,Con Partner (AP),Presencial (Híbrido),0,2,0,2,49,39,10,5,1,0,11,3,10,27,29,49,47,10,57
2024-09,2024,Setiembre,E07010107,CARRERA PROFESIONAL DE EDUCACION CON MENCION EN PRIMARIA - (70/30 AP),Educación,Con Partner (AP),Presencial (Híbrido),0,1,0,1,51,48,3,4,0,0,9,8,7,24,34,51,50,6,56
2024-10,2024,Octubre,E07010107,CARRERA PROFESIONAL DE EDUCACION CON MENCION EN PRIMARIA - (70/30 AP),Educación,Con Partner (AP),Presencial (Híbrido),0,0,0,0,51,45,6,3,0,0,11,3,10,20,40,51,52,2,54
2024-11,2024,Noviembre,E07010107,CARRERA PROFESIONAL DE EDUCACION CON MENCION EN PRIMARIA - (70/30 AP),Educación,Con Partner (AP),Presencial (Híbrido),0,0,0,0,47,43,4,2,0,0,11,7,9,20,42,47,40,9,49
2024-12,2024,Diciembre,E07010107,CARRERA PROFESIONAL DE EDUCACION CON MENCION EN PRIMARIA - (70/30 AP),Educación,Con Partner (AP),Presencial (Híbrido),0,0,0,0,41,38,3,1,0,0,11,8,13,16,48,41,42,0,42
2025-01,2025,Enero,E07010107,CARRERA PROFESIONAL DE EDUCACION CON MENCION EN PRIMARIA - (70/30 AP),Educación,Con Partner (AP),Presencial (Híbrido),0,0,0,0,42,36,6,3,1,0,6,5,18,10,53,42,46,0,46
2025-02,2025,Febrero,E07010107,CARRERA PROFESIONAL DE EDUCACION CON MENCION EN PRIMARIA - (70/30 AP),Educación,Con Partner (AP),Presencial (Híbrido),0,0,0,0,35,34,1,5,0,0,12,5,15,10,56,35,35,5,40
2025-03,2025,Marzo,E07010107,CARRERA PROFESIONAL DE EDUCACION CON MENCION EN PRIMARIA - (70/30 AP),Educación,Con Partner (AP),Presencial (Híbrido),0,0,0,0,30,26,4,2,0,0,14,8,15,11,58,30,26,6,32
2025-04,2025,Abril,E07010107,CARRERA PROFESIONAL DE EDUCACION CON MENCION EN PRIMARIA - (70/30 AP),Educación,Con Partner (AP),Presencial (Híbrido),0,0,0,0,29,25,4,2,0,0,7,10,18,13,59,29,25,6,31
2025-05,2025,Mayo,E07010107,CARRERA PROFESIONAL DE EDUCACION CON MENCION EN PRIMARIA - (70/30 AP),Educación,Con Partner (AP),Presencial (Híbrido),0,0,0,0,25,24,1,2,0,0,7,6,20,17,61,25,22,5,27
2025-06,2025,Junio,E07010107,CARRERA PROFESIONAL DE EDUCACION CON MENCION EN PRIMARIA - (70/30 AP),Educación,Con Partner (AP),Presencial (Híbrido),0,0,0,0,24,21,3,2,0,0,6,4,23,16,63,24,26,0,26
2025-07,2025,Julio,E07010107,CARRERA PROFESIONAL DE EDUCACION CON MENCION EN PRIMARIA - (70/30 AP),Educación,Con Partner (AP),Presencial (Híbrido),0,0,0,0,25,25,0,0,0,0,1,6,24,19,63,25,25,0,25
2025-08,2025,Agosto,E07010107,CARRERA PROFESIONAL DE EDUCACION CON MENCION EN PRIMARIA - (70/30 AP),Educación,Con Partner (AP),Presencial (Híbrido),0,0,0,0,22,22,0,4,0,0,3,1,19,23,66,22,19,7,26
2025-09,2025,Setiembre,E07010107,CARRERA PROFESIONAL DE EDUCACION CON MENCION EN PRIMARIA - (70/30 AP),Educación,Con Partner (AP),Presencial (Híbrido),0,0,0,0,27,24,3,0,0,0,2,0,11,29,69,27,18,9,27
2025-10,2025,Octubre,E07010107,CARRERA PROFESIONAL DE EDUCACION CON MENCION EN PRIMARIA - (70/30 AP),Educación,Con Partner (AP),Presencial (Híbrido),0,0,0,0,22,21,1,0,0,0,6,1,8,29,72,22,15,7,22
2025-11,2025,Noviembre,E07010107,CARRERA PROFESIONAL DE EDUCACION CON MENCION EN PRIMARIA - (70/30 AP),Educación,Con Partner (AP),Presencial (Híbrido),0,0,0,0,20,16,4,0,0,0,6,2,6,26,78,20,6,14,20
2025-12,2025,Diciembre,E07010107,CARRERA PROFESIONAL DE EDUCACION CON MENCION EN PRIMARIA - (70/30 AP),Educación,Con Partner (AP),Presencial (Híbrido),0,0,0,0,20,17,3,0,0,0,3,3,4,29,79,20,20,0,20
2026-01,2026,Enero,E07010107,CARRERA PROFESIONAL DE EDUCACION CON MENCION EN PRIMARIA - (70/30 AP),Educación,Con Partner (AP),Presencial (Híbrido),2,0,0,0,21,19,2,3,0,0,0,1,2,27,82,21,23,3,26
2026-02,2026,Febrero,E07010107,CARRERA PROFESIONAL DE EDUCACION CON MENCION EN PRIMARIA - (70/30 AP),Educación,Con Partner (AP),Presencial (Híbrido),0,0,0,0,21,21,0,0,0,0,3,0,3,20,89,21,13,8,21
2026-03,2026,Marzo,E07010107,CARRERA PROFESIONAL DE EDUCACION CON MENCION EN PRIMARIA - (70/30 AP),Educación,Con Partner (AP),Presencial (Híbrido),0,0,0,0,17,17,0,0,0,0,4,3,2,12,98,17,9,8,17
2026-04,2026,Abril,E07010107,CARRERA PROFESIONAL DE EDUCACION CON MENCION EN PRIMARIA - (70/30 AP),Educación,Con Partner (AP),Presencial (Híbrido),0,0,0,0,15,15,0,0,0,0,2,4,4,10,101,15,6,9,15
2026-05,2026,Mayo,E07010107,CARRERA PROFESIONAL DE EDUCACION CON MENCION EN PRIMARIA - (70/30 AP),Educación,Con Partner (AP),Presencial (Híbrido),0,0,0,0,15,14,1,1,0,0,1,1,7,7,104,15,6,10,16
2026-06,2026,Junio,E07010107,CARRERA PROFESIONAL DE EDUCACION CON MENCION EN PRIMARIA - (70/30 AP),Educación,Con Partner (AP),Presencial (Híbrido),0,0,0,0,16,15,1,1,0,0,1,0,6,4,108,16,12,5,17
2019-01,2019,Enero,E02010101,CARRERA DE ADMINISTRACION ,CC. Administrativas y RRHH,Sin Partner (Propio),Presencial Regular,0,1,0,0,0,0,0,0,0,0,0,0,0,0,0,0,0,1,1
2019-02,2019,N/A,E02010101,CARRERA DE ADMINISTRACION ,CC. Administrativas y RRHH,Sin Partner (Propio),Presencial Regular,0,0,0,0,0,0,0,0,0,0,1,0,0,0,0,0,0,0,0
2019-03,2019,N/A,E02010101,CARRERA DE ADMINISTRACION ,CC. Administrativas y RRHH,Sin Partner (Propio),Presencial Regular,0,0,0,0,0,0,0,0,0,0,0,1,0,0,0,0,0,0,0
2019-04,2019,N/A,E02010101,CARRERA DE ADMINISTRACION ,CC. Administrativas y RRHH,Sin Partner (Propio),Presencial Regular,0,0,0,0,0,0,0,0,0,0,0,0,1,0,0,0,0,0,0
2019-05,2019,N/A,E02010101,CARRERA DE ADMINISTRACION ,CC. Administrativas y RRHH,Sin Partner (Propio),Presencial Regular,0,0,0,0,0,0,0,0,0,0,0,0,1,0,0,0,0,0,0
2019-06,2019,N/A,E02010101,CARRERA DE ADMINISTRACION ,CC. Administrativas y RRHH,Sin Partner (Propio),Presencial Regular,0,0,0,0,0,0,0,0,0,0,0,0,1,0,0,0,0,0,0
2019-07,2019,N/A,E02010101,CARRERA DE ADMINISTRACION ,CC. Administrativas y RRHH,Sin Partner (Propio),Presencial Regular,0,0,0,0,0,0,0,0,0,0,0,0,1,0,0,0,0,0,0
2019-08,2019,N/A,E02010101,CARRERA DE ADMINISTRACION ,CC. Administrativas y RRHH,Sin Partner (Propio),Presencial Regular,0,0,0,0,0,0,0,0,0,0,0,0,0,1,0,0,0,0,0
2019-09,2019,N/A,E02010101,CARRERA DE ADMINISTRACION ,CC. Administrativas y RRHH,Sin Partner (Propio),Presencial Regular,0,0,0,0,0,0,0,0,0,0,0,0,0,1,0,0,0,0,0
2019-10,2019,N/A,E02010101,CARRERA DE ADMINISTRACION ,CC. Administrativas y RRHH,Sin Partner (Propio),Presencial Regular,0,0,0,0,0,0,0,0,0,0,0,0,0,1,0,0,0,0,0
2019-11,2019,Noviembre,E02010101,CARRERA DE ADMINISTRACION ,CC. Administrativas y RRHH,Sin Partner (Propio),Presencial Regular,0,3,0,0,0,0,0,0,0,0,0,0,0,1,0,0,0,3,3
2019-12,2019,Diciembre,E02010101,CARRERA DE ADMINISTRACION ,CC. Administrativas y RRHH,Sin Partner (Propio),Presencial Regular,0,0,0,0,2,2,0,0,0,0,1,0,0,1,0,2,0,2,2
2020-01,2020,Enero,E02010101,CARRERA DE ADMINISTRACION ,CC. Administrativas y RRHH,Sin Partner (Propio),Presencial Regular,0,0,0,0,2,2,0,0,0,0,0,1,0,1,0,2,0,2,2
2020-02,2020,Febrero,E02010101,CARRERA DE ADMINISTRACION ,CC. Administrativas y RRHH,Sin Partner (Propio),Presencial Regular,0,0,0,0,2,2,0,1,0,0,0,0,0,0,1,2,0,3,3
2020-03,2020,Marzo,E02010101,CARRERA DE ADMINISTRACION ,CC. Administrativas y RRHH,Sin Partner (Propio),Presencial Regular,0,1,0,0,2,2,0,0,0,0,1,0,0,0,1,2,0,3,3
2020-04,2020,Abril,E02010101,CARRERA DE ADMINISTRACION ,CC. Administrativas y RRHH,Sin Partner (Propio),Presencial Regular,0,0,0,0,1,1,0,0,0,0,2,1,0,0,1,1,0,1,1
2020-05,2020,Mayo,E02010101,CARRERA DE ADMINISTRACION ,CC. Administrativas y RRHH,Sin Partner (Propio),Presencial Regular,0,0,0,0,3,1,2,0,0,0,0,0,1,0,1,3,0,3,3
2020-06,2020,N/A,E02010101,CARRERA DE ADMINISTRACION ,CC. Administrativas y RRHH,Sin Partner (Propio),Presencial Regular,0,0,0,0,0,0,0,0,0,0,3,0,1,0,1,0,0,0,0
2020-07,2020,N/A,E02010101,CARRERA DE ADMINISTRACION ,CC. Administrativas y RRHH,Sin Partner (Propio),Presencial Regular,0,0,0,0,0,0,0,0,0,0,0,3,1,0,1,0,0,0,0
2020-08,2020,N/A,E02010101,CARRERA DE ADMINISTRACION ,CC. Administrativas y RRHH,Sin Partner (Propio),Presencial Regular,0,0,0,0,0,0,0,0,0,0,0,0,4,0,1,0,0,0,0
2020-09,2020,Setiembre,E02010101,CARRERA DE ADMINISTRACION ,CC. Administrativas y RRHH,Sin Partner (Propio),Presencial Regular,0,1,0,0,0,0,0,0,0,0,0,0,3,1,1,0,0,1,1
2020-10,2020,Octubre,E02010101,CARRERA DE ADMINISTRACION ,CC. Administrativas y RRHH,Sin Partner (Propio),Presencial Regular,0,2,0,0,0,0,0,2,0,0,1,0,1,1,1,0,0,4,4
2020-11,2020,Noviembre,E02010101,CARRERA DE ADMINISTRACION ,CC. Administrativas y RRHH,Sin Partner (Propio),Presencial Regular,0,0,0,0,2,1,1,0,0,0,3,0,1,1,1,2,0,2,2
2020-12,2020,Diciembre,E02010101,CARRERA DE ADMINISTRACION ,CC. Administrativas y RRHH,Sin Partner (Propio),Presencial Regular,0,0,0,0,2,1,1,0,0,0,1,2,0,2,1,2,0,2,2
2021-01,2021,Enero,E02010101,CARRERA DE ADMINISTRACION ,CC. Administrativas y RRHH,Sin Partner (Propio),Presencial Regular,0,0,0,0,1,0,1,0,0,0,2,0,2,2,1,1,0,1,1
2021-02,2021,N/A,E02010101,CARRERA DE ADMINISTRACION ,CC. Administrativas y RRHH,Sin Partner (Propio),Presencial Regular,0,0,0,0,0,0,0,0,0,0,1,2,2,2,1,0,0,0,0
2021-03,2021,N/A,E02010101,CARRERA DE ADMINISTRACION ,CC. Administrativas y RRHH,Sin Partner (Propio),Presencial Regular,0,0,0,0,0,0,0,0,0,0,0,1,4,1,2,0,0,0,0
2021-04,2021,Abril,E02010101,CARRERA DE ADMINISTRACION ,CC. Administrativas y RRHH,Sin Partner (Propio),Presencial Regular,0,0,0,0,0,0,0,1,0,0,0,0,4,1,2,0,0,1,1
2021-05,2021,N/A,E02010101,CARRERA DE ADMINISTRACION ,CC. Administrativas y RRHH,Sin Partner (Propio),Presencial Regular,0,0,0,0,0,0,0,0,0,0,1,0,2,3,2,0,0,0,0
2021-06,2021,N/A,E02010101,CARRERA DE ADMINISTRACION ,CC. Administrativas y RRHH,Sin Partner (Propio),Presencial Regular,0,0,0,0,0,0,0,0,0,0,0,1,2,2,3,0,0,0,0
2021-07,2021,N/A,E02010101,CARRERA DE ADMINISTRACION ,CC. Administrativas y RRHH,Sin Partner (Propio),Presencial Regular,0,0,0,0,0,0,0,0,0,0,0,0,2,3,3,0,0,0,0
2021-08,2021,N/A,E02010101,CARRERA DE ADMINISTRACION ,CC. Administrativas y RRHH,Sin Partner (Propio),Presencial Regular,0,0,0,0,0,0,0,0,0,0,0,0,1,4,3,0,0,0,0
2021-09,2021,N/A,E02010101,CARRERA DE ADMINISTRACION ,CC. Administrativas y RRHH,Sin Partner (Propio),Presencial Regular,0,0,0,0,0,0,0,0,0,0,0,0,1,4,3,0,0,0,0
2021-10,2021,N/A,E02010101,CARRERA DE ADMINISTRACION ,CC. Administrativas y RRHH,Sin Partner (Propio),Presencial Regular,0,0,0,0,0,0,0,0,0,0,0,0,1,4,3,0,0,0,0
2021-11,2021,N/A,E02010101,CARRERA DE ADMINISTRACION ,CC. Administrativas y RRHH,Sin Partner (Propio),Presencial Regular,0,0,0,0,0,0,0,0,0,0,0,0,0,3,5,0,0,0,0
2021-12,2021,N/A,E02010101,CARRERA DE ADMINISTRACION ,CC. Administrativas y RRHH,Sin Partner (Propio),Presencial Regular,0,0,0,0,0,0,0,0,0,0,0,0,0,3,5,0,0,0,0
2022-01,2022,N/A,E02010101,CARRERA DE ADMINISTRACION ,CC. Administrativas y RRHH,Sin Partner (Propio),Presencial Regular,0,0,0,0,0,0,0,0,0,0,0,0,0,2,6,0,0,0,0
2022-02,2022,N/A,E02010101,CARRERA DE ADMINISTRACION ,CC. Administrativas y RRHH,Sin Partner (Propio),Presencial Regular,0,0,0,0,0,0,0,0,0,0,0,0,0,1,7,0,0,0,0
2022-03,2022,N/A,E02010101,CARRERA DE ADMINISTRACION ,CC. Administrativas y RRHH,Sin Partner (Propio),Presencial Regular,0,0,0,0,0,0,0,0,0,0,0,0,0,1,7,0,0,0,0
2022-04,2022,N/A,E02010101,CARRERA DE ADMINISTRACION ,CC. Administrativas y RRHH,Sin Partner (Propio),Presencial Regular,0,0,0,0,0,0,0,0,0,0,0,0,0,1,7,0,0,0,0
2022-05,2022,N/A,E02010101,CARRERA DE ADMINISTRACION ,CC. Administrativas y RRHH,Sin Partner (Propio),Presencial Regular,0,0,0,0,0,0,0,0,0,0,0,0,0,0,8,0,0,0,0
2022-06,2022,N/A,E02010101,CARRERA DE ADMINISTRACION ,CC. Administrativas y RRHH,Sin Partner (Propio),Presencial Regular,0,0,0,0,0,0,0,0,0,0,0,0,0,0,8,0,0,0,0
2022-07,2022,N/A,E02010101,CARRERA DE ADMINISTRACION ,CC. Administrativas y RRHH,Sin Partner (Propio),Presencial Regular,0,0,0,0,0,0,0,0,0,0,0,0,0,0,8,0,0,0,0
2022-08,2022,N/A,E02010101,CARRERA DE ADMINISTRACION ,CC. Administrativas y RRHH,Sin Partner (Propio),Presencial Regular,0,0,0,0,0,0,0,0,0,0,0,0,0,0,8,0,0,0,0
2022-09,2022,N/A,E02010101,CARRERA DE ADMINISTRACION ,CC. Administrativas y RRHH,Sin Partner (Propio),Presencial Regular,0,0,0,0,0,0,0,0,0,0,0,0,0,0,8,0,0,0,0
2022-10,2022,N/A,E02010101,CARRERA DE ADMINISTRACION ,CC. Administrativas y RRHH,Sin Partner (Propio),Presencial Regular,0,0,0,0,0,0,0,0,0,0,0,0,0,0,8,0,0,0,0
2022-11,2022,N/A,E02010101,CARRERA DE ADMINISTRACION ,CC. Administrativas y RRHH,Sin Partner (Propio),Presencial Regular,0,0,0,0,0,0,0,0,0,0,0,0,0,0,8,0,0,0,0
2022-12,2022,N/A,E02010101,CARRERA DE ADMINISTRACION ,CC. Administrativas y RRHH,Sin Partner (Propio),Presencial Regular,0,0,0,0,0,0,0,0,0,0,0,0,0,0,8,0,0,0,0
2023-01,2023,N/A,E02010101,CARRERA DE ADMINISTRACION ,CC. Administrativas y RRHH,Sin Partner (Propio),Presencial Regular,0,0,0,0,0,0,0,0,0,0,0,0,0,0,8,0,0,0,0
2023-02,2023,N/A,E02010101,CARRERA DE ADMINISTRACION ,CC. Administrativas y RRHH,Sin Partner (Propio),Presencial Regular,0,0,0,0,0,0,0,0,0,0,0,0,0,0,8,0,0,0,0
2023-03,2023,N/A,E02010101,CARRERA DE ADMINISTRACION ,CC. Administrativas y RRHH,Sin Partner (Propio),Presencial Regular,0,0,0,0,0,0,0,0,0,0,0,0,0,0,8,0,0,0,0
2023-04,2023,N/A,E02010101,CARRERA DE ADMINISTRACION ,CC. Administrativas y RRHH,Sin Partner (Propio),Presencial Regular,0,0,0,0,0,0,0,0,0,0,0,0,0,0,8,0,0,0,0
2023-05,2023,N/A,E02010101,CARRERA DE ADMINISTRACION ,CC. Administrativas y RRHH,Sin Partner (Propio),Presencial Regular,0,0,0,0,0,0,0,0,0,0,0,0,0,0,8,0,0,0,0
2023-06,2023,N/A,E02010101,CARRERA DE ADMINISTRACION ,CC. Administrativas y RRHH,Sin Partner (Propio),Presencial Regular,0,0,0,0,0,0,0,0,0,0,0,0,0,0,8,0,0,0,0
2023-07,2023,N/A,E02010101,CARRERA DE ADMINISTRACION ,CC. Administrativas y RRHH,Sin Partner (Propio),Presencial Regular,0,0,0,0,0,0,0,0,0,0,0,0,0,0,8,0,0,0,0
2023-08,2023,N/A,E02010101,CARRERA DE ADMINISTRACION ,CC. Administrativas y RRHH,Sin Partner (Propio),Presencial Regular,0,0,0,0,0,0,0,0,0,0,0,0,0,0,8,0,0,0,0
2023-09,2023,N/A,E02010101,CARRERA DE ADMINISTRACION ,CC. Administrativas y RRHH,Sin Partner (Propio),Presencial Regular,0,0,0,0,0,0,0,0,0,0,0,0,0,0,8,0,0,0,0
2023-10,2023,N/A,E02010101,CARRERA DE ADMINISTRACION ,CC. Administrativas y RRHH,Sin Partner (Propio),Presencial Regular,0,0,0,0,0,0,0,0,0,0,0,0,0,0,8,0,0,0,0
2023-11,2023,N/A,E02010101,CARRERA DE ADMINISTRACION ,CC. Administrativas y RRHH,Sin Partner (Propio),Presencial Regular,0,0,0,0,0,0,0,0,0,0,0,0,0,0,8,0,0,0,0
2023-12,2023,N/A,E02010101,CARRERA DE ADMINISTRACION ,CC. Administrativas y RRHH,Sin Partner (Propio),Presencial Regular,0,0,0,0,0,0,0,0,0,0,0,0,0,0,8,0,0,0,0
2024-01,2024,N/A,E02010101,CARRERA DE ADMINISTRACION ,CC. Administrativas y RRHH,Sin Partner (Propio),Presencial Regular,0,0,0,0,0,0,0,0,0,0,0,0,0,0,8,0,0,0,0
2024-02,2024,N/A,E02010101,CARRERA DE ADMINISTRACION ,CC. Administrativas y RRHH,Sin Partner (Propio),Presencial Regular,0,0,0,0,0,0,0,0,0,0,0,0,0,0,8,0,0,0,0
2024-03,2024,N/A,E02010101,CARRERA DE ADMINISTRACION ,CC. Administrativas y RRHH,Sin Partner (Propio),Presencial Regular,0,0,0,0,0,0,0,0,0,0,0,0,0,0,8,0,0,0,0
2024-04,2024,N/A,E02010101,CARRERA DE ADMINISTRACION ,CC. Administrativas y RRHH,Sin Partner (Propio),Presencial Regular,0,0,0,0,0,0,0,0,0,0,0,0,0,0,8,0,0,0,0
2024-05,2024,N/A,E02010101,CARRERA DE ADMINISTRACION ,CC. Administrativas y RRHH,Sin Partner (Propio),Presencial Regular,0,0,0,0,0,0,0,0,0,0,0,0,0,0,8,0,0,0,0
2024-06,2024,N/A,E02010101,CARRERA DE ADMINISTRACION ,CC. Administrativas y RRHH,Sin Partner (Propio),Presencial Regular,0,0,0,0,0,0,0,0,0,0,0,0,0,0,8,0,0,0,0
2024-07,2024,N/A,E02010101,CARRERA DE ADMINISTRACION ,CC. Administrativas y RRHH,Sin Partner (Propio),Presencial Regular,0,0,0,0,0,0,0,0,0,0,0,0,0,0,8,0,0,0,0
2024-08,2024,N/A,E02010101,CARRERA DE ADMINISTRACION ,CC. Administrativas y RRHH,Sin Partner (Propio),Presencial Regular,0,0,0,0,0,0,0,0,0,0,0,0,0,0,8,0,0,0,0
2024-09,2024,N/A,E02010101,CARRERA DE ADMINISTRACION ,CC. Administrativas y RRHH,Sin Partner (Propio),Presencial Regular,0,0,0,0,0,0,0,0,0,0,0,0,0,0,8,0,0,0,0
2024-10,2024,N/A,E02010101,CARRERA DE ADMINISTRACION ,CC. Administrativas y RRHH,Sin Partner (Propio),Presencial Regular,0,0,0,0,0,0,0,0,0,0,0,0,0,0,8,0,0,0,0
2024-11,2024,N/A,E02010101,CARRERA DE ADMINISTRACION ,CC. Administrativas y RRHH,Sin Partner (Propio),Presencial Regular,0,0,0,0,0,0,0,0,0,0,0,0,0,0,8,0,0,0,0
2024-12,2024,N/A,E02010101,CARRERA DE ADMINISTRACION ,CC. Administrativas y RRHH,Sin Partner (Propio),Presencial Regular,0,0,0,0,0,0,0,0,0,0,0,0,0,0,8,0,0,0,0
2025-01,2025,N/A,E02010101,CARRERA DE ADMINISTRACION ,CC. Administrativas y RRHH,Sin Partner (Propio),Presencial Regular,0,0,0,0,0,0,0,0,0,0,0,0,0,0,8,0,0,0,0
2025-02,2025,N/A,E02010101,CARRERA DE ADMINISTRACION ,CC. Administrativas y RRHH,Sin Partner (Propio),Presencial Regular,0,0,0,0,0,0,0,0,0,0,0,0,0,0,8,0,0,0,0
2025-03,2025,N/A,E02010101,CARRERA DE ADMINISTRACION ,CC. Administrativas y RRHH,Sin Partner (Propio),Presencial Regular,0,0,0,0,0,0,0,0,0,0,0,0,0,0,8,0,0,0,0
2025-04,2025,N/A,E02010101,CARRERA DE ADMINISTRACION ,CC. Administrativas y RRHH,Sin Partner (Propio),Presencial Regular,0,0,0,0,0,0,0,0,0,0,0,0,0,0,8,0,0,0,0
2025-05,2025,N/A,E02010101,CARRERA DE ADMINISTRACION ,CC. Administrativas y RRHH,Sin Partner (Propio),Presencial Regular,0,0,0,0,0,0,0,0,0,0,0,0,0,0,8,0,0,0,0
2025-06,2025,N/A,E02010101,CARRERA DE ADMINISTRACION ,CC. Administrativas y RRHH,Sin Partner (Propio),Presencial Regular,0,0,0,0,0,0,0,0,0,0,0,0,0,0,8,0,0,0,0
2025-07,2025,N/A,E02010101,CARRERA DE ADMINISTRACION ,CC. Administrativas y RRHH,Sin Partner (Propio),Presencial Regular,0,0,0,0,0,0,0,0,0,0,0,0,0,0,8,0,0,0,0
2025-08,2025,N/A,E02010101,CARRERA DE ADMINISTRACION ,CC. Administrativas y RRHH,Sin Partner (Propio),Presencial Regular,0,0,0,0,0,0,0,0,0,0,0,0,0,0,8,0,0,0,0
2025-09,2025,N/A,E02010101,CARRERA DE ADMINISTRACION ,CC. Administrativas y RRHH,Sin Partner (Propio),Presencial Regular,0,0,0,0,0,0,0,0,0,0,0,0,0,0,8,0,0,0,0
2025-10,2025,N/A,E02010101,CARRERA DE ADMINISTRACION ,CC. Administrativas y RRHH,Sin Partner (Propio),Presencial Regular,0,0,0,0,0,0,0,0,0,0,0,0,0,0,8,0,0,0,0
2025-11,2025,N/A,E02010101,CARRERA DE ADMINISTRACION ,CC. Administrativas y RRHH,Sin Partner (Propio),Presencial Regular,0,0,0,0,0,0,0,0,0,0,0,0,0,0,8,0,0,0,0
2025-12,2025,N/A,E02010101,CARRERA DE ADMINISTRACION ,CC. Administrativas y RRHH,Sin Partner (Propio),Presencial Regular,0,0,0,0,0,0,0,0,0,0,0,0,0,0,8,0,0,0,0
2026-01,2026,N/A,E02010101,CARRERA DE ADMINISTRACION ,CC. Administrativas y RRHH,Sin Partner (Propio),Presencial Regular,0,0,0,0,0,0,0,0,0,0,0,0,0,0,8,0,0,0,0
2026-02,2026,N/A,E02010101,CARRERA DE ADMINISTRACION ,CC. Administrativas y RRHH,Sin Partner (Propio),Presencial Regular,0,0,0,0,0,0,0,0,0,0,0,0,0,0,8,0,0,0,0
2026-03,2026,N/A,E02010101,CARRERA DE ADMINISTRACION ,CC. Administrativas y RRHH,Sin Partner (Propio),Presencial Regular,0,0,0,0,0,0,0,0,0,0,0,0,0,0,8,0,0,0,0
2026-04,2026,N/A,E02010101,CARRERA DE ADMINISTRACION ,CC. Administrativas y RRHH,Sin Partner (Propio),Presencial Regular,0,0,0,0,0,0,0,0,0,0,0,0,0,0,8,0,0,0,0
2026-05,2026,N/A,E02010101,CARRERA DE ADMINISTRACION ,CC. Administrativas y RRHH,Sin Partner (Propio),Presencial Regular,0,0,0,0,0,0,0,0,0,0,0,0,0,0,8,0,0,0,0
2026-06,2026,N/A,E02010101,CARRERA DE ADMINISTRACION ,CC. Administrativas y RRHH,Sin Partner (Propio),Presencial Regular,0,0,0,0,0,0,0,0,0,0,0,0,0,0,8,0,0,0,0
2019-01,2019,Enero,E07010109,CARRERA PROFESIONAL DE EDUCACION CON MENCION EN CIENCIAS SOCIALES Y COMUNICACIÓN - (70/30 AP),Educación,Con Partner (AP),Presencial (Híbrido),0,1,0,0,0,0,0,0,0,0,0,0,0,0,0,0,1,0,1
2019-02,2019,Febrero,E07010109,CARRERA PROFESIONAL DE EDUCACION CON MENCION EN CIENCIAS SOCIALES Y COMUNICACIÓN - (70/30 AP),Educación,Con Partner (AP),Presencial (Híbrido),0,0,0,0,1,1,0,0,0,0,0,0,0,0,0,1,1,0,1
2019-03,2019,Marzo,E07010109,CARRERA PROFESIONAL DE EDUCACION CON MENCION EN CIENCIAS SOCIALES Y COMUNICACIÓN - (70/30 AP),Educación,Con Partner (AP),Presencial (Híbrido),0,0,0,0,1,1,0,0,0,0,0,0,0,0,0,1,1,0,1
2019-04,2019,N/A,E07010109,CARRERA PROFESIONAL DE EDUCACION CON MENCION EN CIENCIAS SOCIALES Y COMUNICACIÓN - (70/30 AP),Educación,Con Partner (AP),Presencial (Híbrido),0,0,0,0,0,0,0,0,0,0,1,0,0,0,0,0,0,0,0
2019-05,2019,N/A,E07010109,CARRERA PROFESIONAL DE EDUCACION CON MENCION EN CIENCIAS SOCIALES Y COMUNICACIÓN - (70/30 AP),Educación,Con Partner (AP),Presencial (Híbrido),0,0,0,0,0,0,0,0,0,0,0,1,0,0,0,0,0,0,0
2019-06,2019,Junio,E07010109,CARRERA PROFESIONAL DE EDUCACION CON MENCION EN CIENCIAS SOCIALES Y COMUNICACIÓN - (70/30 AP),Educación,Con Partner (AP),Presencial (Híbrido),0,0,0,0,0,0,0,1,0,0,0,0,0,0,0,0,1,0,1
2019-07,2019,Julio,E07010109,CARRERA PROFESIONAL DE EDUCACION CON MENCION EN CIENCIAS SOCIALES Y COMUNICACIÓN - (70/30 AP),Educación,Con Partner (AP),Presencial (Híbrido),0,0,0,0,1,1,0,0,0,0,0,0,0,0,0,1,1,0,1
2019-08,2019,Agosto,E07010109,CARRERA PROFESIONAL DE EDUCACION CON MENCION EN CIENCIAS SOCIALES Y COMUNICACIÓN - (70/30 AP),Educación,Con Partner (AP),Presencial (Híbrido),0,0,0,0,1,1,0,0,0,0,0,0,0,0,0,1,1,0,1
2019-09,2019,Setiembre,E07010109,CARRERA PROFESIONAL DE EDUCACION CON MENCION EN CIENCIAS SOCIALES Y COMUNICACIÓN - (70/30 AP),Educación,Con Partner (AP),Presencial (Híbrido),0,0,0,0,1,1,0,0,0,0,0,0,0,0,0,1,1,0,1
2019-10,2019,Octubre,E07010109,CARRERA PROFESIONAL DE EDUCACION CON MENCION EN CIENCIAS SOCIALES Y COMUNICACIÓN - (70/30 AP),Educación,Con Partner (AP),Presencial (Híbrido),0,0,0,0,1,1,0,0,0,0,0,0,0,0,0,1,1,0,1
2019-11,2019,Noviembre,E07010109,CARRERA PROFESIONAL DE EDUCACION CON MENCION EN CIENCIAS SOCIALES Y COMUNICACIÓN - (70/30 AP),Educación,Con Partner (AP),Presencial (Híbrido),0,0,0,0,1,1,0,0,0,0,0,0,0,0,0,1,1,0,1
2019-12,2019,Diciembre,E07010109,CARRERA PROFESIONAL DE EDUCACION CON MENCION EN CIENCIAS SOCIALES Y COMUNICACIÓN - (70/30 AP),Educación,Con Partner (AP),Presencial (Híbrido),0,0,0,0,1,1,0,0,0,0,0,0,0,0,0,1,1,0,1
2020-01,2020,Enero,E07010109,CARRERA PROFESIONAL DE EDUCACION CON MENCION EN CIENCIAS SOCIALES Y COMUNICACIÓN - (70/30 AP),Educación,Con Partner (AP),Presencial (Híbrido),0,0,0,0,1,1,0,0,0,0,0,0,0,0,0,1,1,0,1
2020-02,2020,Febrero,E07010109,CARRERA PROFESIONAL DE EDUCACION CON MENCION EN CIENCIAS SOCIALES Y COMUNICACIÓN - (70/30 AP),Educación,Con Partner (AP),Presencial (Híbrido),0,0,0,0,1,1,0,0,0,0,0,0,0,0,0,1,1,0,1
2020-03,2020,N/A,E07010109,CARRERA PROFESIONAL DE EDUCACION CON MENCION EN CIENCIAS SOCIALES Y COMUNICACIÓN - (70/30 AP),Educación,Con Partner (AP),Presencial (Híbrido),0,0,0,0,0,0,0,0,0,0,1,0,0,0,0,0,0,0,0
2020-04,2020,N/A,E07010109,CARRERA PROFESIONAL DE EDUCACION CON MENCION EN CIENCIAS SOCIALES Y COMUNICACIÓN - (70/30 AP),Educación,Con Partner (AP),Presencial (Híbrido),0,0,0,0,0,0,0,0,0,0,0,1,0,0,0,0,0,0,0
2020-05,2020,Mayo,E07010109,CARRERA PROFESIONAL DE EDUCACION CON MENCION EN CIENCIAS SOCIALES Y COMUNICACIÓN - (70/30 AP),Educación,Con Partner (AP),Presencial (Híbrido),0,0,0,0,0,0,0,1,0,0,0,0,0,0,0,0,1,0,1
2020-06,2020,Junio,E07010109,CARRERA PROFESIONAL DE EDUCACION CON MENCION EN CIENCIAS SOCIALES Y COMUNICACIÓN - (70/30 AP),Educación,Con Partner (AP),Presencial (Híbrido),0,0,0,0,1,1,0,0,0,0,0,0,0,0,0,1,1,0,1
2020-07,2020,Julio,E07010109,CARRERA PROFESIONAL DE EDUCACION CON MENCION EN CIENCIAS SOCIALES Y COMUNICACIÓN - (70/30 AP),Educación,Con Partner (AP),Presencial (Híbrido),0,0,0,0,1,1,0,0,0,0,0,0,0,0,0,1,1,0,1
2020-08,2020,Agosto,E07010109,CARRERA PROFESIONAL DE EDUCACION CON MENCION EN CIENCIAS SOCIALES Y COMUNICACIÓN - (70/30 AP),Educación,Con Partner (AP),Presencial (Híbrido),0,1,0,0,1,1,0,0,0,0,0,0,0,0,0,1,2,0,2
2020-09,2020,Setiembre,E07010109,CARRERA PROFESIONAL DE EDUCACION CON MENCION EN CIENCIAS SOCIALES Y COMUNICACIÓN - (70/30 AP),Educación,Con Partner (AP),Presencial (Híbrido),0,2,0,1,2,2,0,0,0,0,0,0,0,0,0,2,3,1,4
2020-10,2020,Octubre,E07010109,CARRERA PROFESIONAL DE EDUCACION CON MENCION EN CIENCIAS SOCIALES Y COMUNICACIÓN - (70/30 AP),Educación,Con Partner (AP),Presencial (Híbrido),0,0,0,0,2,2,0,0,0,0,2,0,0,0,0,2,2,0,2
2020-11,2020,Noviembre,E07010109,CARRERA PROFESIONAL DE EDUCACION CON MENCION EN CIENCIAS SOCIALES Y COMUNICACIÓN - (70/30 AP),Educación,Con Partner (AP),Presencial (Híbrido),0,0,0,0,2,2,0,0,0,0,0,2,0,0,0,2,2,0,2
2020-12,2020,Diciembre,E07010109,CARRERA PROFESIONAL DE EDUCACION CON MENCION EN CIENCIAS SOCIALES Y COMUNICACIÓN - (70/30 AP),Educación,Con Partner (AP),Presencial (Híbrido),0,0,0,0,1,1,0,1,0,0,1,0,1,0,0,1,2,0,2
2021-01,2021,Enero,E07010109,CARRERA PROFESIONAL DE EDUCACION CON MENCION EN CIENCIAS SOCIALES Y COMUNICACIÓN - (70/30 AP),Educación,Con Partner (AP),Presencial (Híbrido),0,0,0,0,3,2,1,0,0,0,0,0,1,0,0,3,3,0,3
2021-02,2021,Febrero,E07010109,CARRERA PROFESIONAL DE EDUCACION CON MENCION EN CIENCIAS SOCIALES Y COMUNICACIÓN - (70/30 AP),Educación,Con Partner (AP),Presencial (Híbrido),0,0,0,0,2,2,0,1,0,0,1,0,0,0,0,2,3,0,3
2021-03,2021,Marzo,E07010109,CARRERA PROFESIONAL DE EDUCACION CON MENCION EN CIENCIAS SOCIALES Y COMUNICACIÓN - (70/30 AP),Educación,Con Partner (AP),Presencial (Híbrido),0,0,0,0,3,3,0,0,0,0,0,1,0,0,0,3,3,0,3
2021-04,2021,Abril,E07010109,CARRERA PROFESIONAL DE EDUCACION CON MENCION EN CIENCIAS SOCIALES Y COMUNICACIÓN - (70/30 AP),Educación,Con Partner (AP),Presencial (Híbrido),0,0,0,0,3,3,0,0,0,0,0,0,1,0,0,3,3,0,3
2021-05,2021,Mayo,E07010109,CARRERA PROFESIONAL DE EDUCACION CON MENCION EN CIENCIAS SOCIALES Y COMUNICACIÓN - (70/30 AP),Educación,Con Partner (AP),Presencial (Híbrido),0,0,0,0,1,1,0,0,0,0,2,0,1,0,0,1,1,0,1
2021-06,2021,Junio,E07010109,CARRERA PROFESIONAL DE EDUCACION CON MENCION EN CIENCIAS SOCIALES Y COMUNICACIÓN - (70/30 AP),Educación,Con Partner (AP),Presencial (Híbrido),0,0,0,0,1,0,1,0,0,0,1,1,1,0,0,1,1,0,1
2021-07,2021,Julio,E07010109,CARRERA PROFESIONAL DE EDUCACION CON MENCION EN CIENCIAS SOCIALES Y COMUNICACIÓN - (70/30 AP),Educación,Con Partner (AP),Presencial (Híbrido),0,0,0,0,2,1,1,1,0,0,0,0,1,0,0,2,2,1,3
2021-08,2021,Agosto,E07010109,CARRERA PROFESIONAL DE EDUCACION CON MENCION EN CIENCIAS SOCIALES Y COMUNICACIÓN - (70/30 AP),Educación,Con Partner (AP),Presencial (Híbrido),0,1,0,1,2,2,0,0,0,0,1,0,1,0,0,2,3,0,3
2021-09,2021,Setiembre,E07010109,CARRERA PROFESIONAL DE EDUCACION CON MENCION EN CIENCIAS SOCIALES Y COMUNICACIÓN - (70/30 AP),Educación,Con Partner (AP),Presencial (Híbrido),0,0,0,0,3,3,0,0,0,0,0,1,1,0,0,3,3,0,3
2021-10,2021,Octubre,E07010109,CARRERA PROFESIONAL DE EDUCACION CON MENCION EN CIENCIAS SOCIALES Y COMUNICACIÓN - (70/30 AP),Educación,Con Partner (AP),Presencial (Híbrido),0,0,0,0,3,3,0,0,0,0,0,0,2,0,0,3,3,0,3
2021-11,2021,Noviembre,E07010109,CARRERA PROFESIONAL DE EDUCACION CON MENCION EN CIENCIAS SOCIALES Y COMUNICACIÓN - (70/30 AP),Educación,Con Partner (AP),Presencial (Híbrido),0,0,0,0,2,2,0,0,0,0,1,0,1,1,0,2,2,0,2
2021-12,2021,Diciembre,E07010109,CARRERA PROFESIONAL DE EDUCACION CON MENCION EN CIENCIAS SOCIALES Y COMUNICACIÓN - (70/30 AP),Educación,Con Partner (AP),Presencial (Híbrido),0,0,0,0,2,1,1,1,0,0,1,0,0,1,0,2,3,0,3
2022-01,2022,N/A,E07010109,CARRERA PROFESIONAL DE EDUCACION CON MENCION EN CIENCIAS SOCIALES Y COMUNICACIÓN - (70/30 AP),Educación,Con Partner (AP),Presencial (Híbrido),0,0,0,0,0,0,0,0,0,0,3,1,0,1,0,0,0,0,0
2022-02,2022,N/A,E07010109,CARRERA PROFESIONAL DE EDUCACION CON MENCION EN CIENCIAS SOCIALES Y COMUNICACIÓN - (70/30 AP),Educación,Con Partner (AP),Presencial (Híbrido),0,0,0,0,0,0,0,0,0,0,0,3,1,1,0,0,0,0,0
2022-03,2022,N/A,E07010109,CARRERA PROFESIONAL DE EDUCACION CON MENCION EN CIENCIAS SOCIALES Y COMUNICACIÓN - (70/30 AP),Educación,Con Partner (AP),Presencial (Híbrido),0,0,0,0,0,0,0,0,0,0,0,0,4,1,0,0,0,0,0
2022-04,2022,N/A,E07010109,CARRERA PROFESIONAL DE EDUCACION CON MENCION EN CIENCIAS SOCIALES Y COMUNICACIÓN - (70/30 AP),Educación,Con Partner (AP),Presencial (Híbrido),0,0,0,0,0,0,0,0,0,0,0,0,4,1,0,0,0,0,0
2022-05,2022,N/A,E07010109,CARRERA PROFESIONAL DE EDUCACION CON MENCION EN CIENCIAS SOCIALES Y COMUNICACIÓN - (70/30 AP),Educación,Con Partner (AP),Presencial (Híbrido),0,0,0,0,0,0,0,0,0,0,0,0,4,0,1,0,0,0,0
2022-06,2022,N/A,E07010109,CARRERA PROFESIONAL DE EDUCACION CON MENCION EN CIENCIAS SOCIALES Y COMUNICACIÓN - (70/30 AP),Educación,Con Partner (AP),Presencial (Híbrido),0,0,0,0,0,0,0,0,0,0,0,0,3,1,1,0,0,0,0
2022-07,2022,N/A,E07010109,CARRERA PROFESIONAL DE EDUCACION CON MENCION EN CIENCIAS SOCIALES Y COMUNICACIÓN - (70/30 AP),Educación,Con Partner (AP),Presencial (Híbrido),0,0,0,0,0,0,0,0,0,0,0,0,0,4,1,0,0,0,0
2022-08,2022,N/A,E07010109,CARRERA PROFESIONAL DE EDUCACION CON MENCION EN CIENCIAS SOCIALES Y COMUNICACIÓN - (70/30 AP),Educación,Con Partner (AP),Presencial (Híbrido),0,0,0,0,0,0,0,0,0,0,0,0,0,4,1,0,0,0,0
2022-09,2022,N/A,E07010109,CARRERA PROFESIONAL DE EDUCACION CON MENCION EN CIENCIAS SOCIALES Y COMUNICACIÓN - (70/30 AP),Educación,Con Partner (AP),Presencial (Híbrido),0,0,0,0,0,0,0,0,0,0,0,0,0,4,1,0,0,0,0
2022-10,2022,N/A,E07010109,CARRERA PROFESIONAL DE EDUCACION CON MENCION EN CIENCIAS SOCIALES Y COMUNICACIÓN - (70/30 AP),Educación,Con Partner (AP),Presencial (Híbrido),0,0,0,0,0,0,0,0,0,0,0,0,0,4,1,0,0,0,0
2022-11,2022,N/A,E07010109,CARRERA PROFESIONAL DE EDUCACION CON MENCION EN CIENCIAS SOCIALES Y COMUNICACIÓN - (70/30 AP),Educación,Con Partner (AP),Presencial (Híbrido),0,0,0,0,0,0,0,0,0,0,0,0,0,4,1,0,0,0,0
2022-12,2022,N/A,E07010109,CARRERA PROFESIONAL DE EDUCACION CON MENCION EN CIENCIAS SOCIALES Y COMUNICACIÓN - (70/30 AP),Educación,Con Partner (AP),Presencial (Híbrido),0,0,0,0,0,0,0,0,0,0,0,0,0,3,2,0,0,0,0
2023-01,2023,Enero,E07010109,CARRERA PROFESIONAL DE EDUCACION CON MENCION EN CIENCIAS SOCIALES Y COMUNICACIÓN - (70/30 AP),Educación,Con Partner (AP),Presencial (Híbrido),0,9,0,5,0,0,0,0,3,1,0,0,0,0,1,0,10,3,13
2023-02,2023,Febrero,E07010109,CARRERA PROFESIONAL DE EDUCACION CON MENCION EN CIENCIAS SOCIALES Y COMUNICACIÓN - (70/30 AP),Educación,Con Partner (AP),Presencial (Híbrido),0,6,0,4,9,9,0,0,0,0,4,0,0,0,1,9,15,0,15
2023-03,2023,Marzo,E07010109,CARRERA PROFESIONAL DE EDUCACION CON MENCION EN CIENCIAS SOCIALES Y COMUNICACIÓN - (70/30 AP),Educación,Con Partner (AP),Presencial (Híbrido),0,8,0,4,15,13,2,0,0,0,2,2,0,0,1,15,23,0,23
2023-04,2023,Abril,E07010109,CARRERA PROFESIONAL DE EDUCACION CON MENCION EN CIENCIAS SOCIALES Y COMUNICACIÓN - (70/30 AP),Educación,Con Partner (AP),Presencial (Híbrido),0,5,0,2,18,17,1,0,0,0,6,1,2,0,1,18,23,0,23
2023-05,2023,Mayo,E07010109,CARRERA PROFESIONAL DE EDUCACION CON MENCION EN CIENCIAS SOCIALES Y COMUNICACIÓN - (70/30 AP),Educación,Con Partner (AP),Presencial (Híbrido),0,4,0,0,22,20,2,1,0,0,3,4,2,0,1,22,27,0,27
2023-06,2023,Junio,E07010109,CARRERA PROFESIONAL DE EDUCACION CON MENCION EN CIENCIAS SOCIALES Y COMUNICACIÓN - (70/30 AP),Educación,Con Partner (AP),Presencial (Híbrido),0,5,0,4,22,20,2,1,0,0,7,1,5,0,1,22,28,0,28
2023-07,2023,Julio,E07010109,CARRERA PROFESIONAL DE EDUCACION CON MENCION EN CIENCIAS SOCIALES Y COMUNICACIÓN - (70/30 AP),Educación,Con Partner (AP),Presencial (Híbrido),0,20,0,14,24,21,3,0,0,0,7,4,6,0,1,24,43,1,44
2023-08,2023,Agosto,E07010109,CARRERA PROFESIONAL DE EDUCACION CON MENCION EN CIENCIAS SOCIALES Y COMUNICACIÓN - (70/30 AP),Educación,Con Partner (AP),Presencial (Híbrido),0,5,0,2,40,36,4,1,0,0,8,3,8,1,1,40,46,0,46
2023-09,2023,Setiembre,E07010109,CARRERA PROFESIONAL DE EDUCACION CON MENCION EN CIENCIAS SOCIALES Y COMUNICACIÓN - (70/30 AP),Educación,Con Partner (AP),Presencial (Híbrido),0,2,0,0,41,39,2,2,0,0,7,6,8,2,1,41,45,0,45
2023-10,2023,Octubre,E07010109,CARRERA PROFESIONAL DE EDUCACION CON MENCION EN CIENCIAS SOCIALES Y COMUNICACIÓN - (70/30 AP),Educación,Con Partner (AP),Presencial (Híbrido),0,2,0,1,36,33,3,1,1,0,12,4,10,4,1,36,40,0,40
2023-11,2023,Noviembre,E07010109,CARRERA PROFESIONAL DE EDUCACION CON MENCION EN CIENCIAS SOCIALES Y COMUNICACIÓN - (70/30 AP),Educación,Con Partner (AP),Presencial (Híbrido),0,2,0,1,36,29,7,4,0,0,11,5,9,5,1,36,42,0,42
2023-12,2023,Diciembre,E07010109,CARRERA PROFESIONAL DE EDUCACION CON MENCION EN CIENCIAS SOCIALES Y COMUNICACIÓN - (70/30 AP),Educación,Con Partner (AP),Presencial (Híbrido),0,1,0,1,28,25,3,1,0,0,17,8,10,8,1,28,30,0,30
2024-01,2024,Enero,E07010109,CARRERA PROFESIONAL DE EDUCACION CON MENCION EN CIENCIAS SOCIALES Y COMUNICACIÓN - (70/30 AP),Educación,Con Partner (AP),Presencial (Híbrido),0,1,0,1,43,27,16,9,1,0,3,1,8,8,1,43,54,0,54
2024-02,2024,Febrero,E07010109,CARRERA PROFESIONAL DE EDUCACION CON MENCION EN CIENCIAS SOCIALES Y COMUNICACIÓN - (70/30 AP),Educación,Con Partner (AP),Presencial (Híbrido),0,2,0,1,47,46,1,0,0,0,8,2,5,11,2,47,49,0,49
2024-03,2024,Marzo,E07010109,CARRERA PROFESIONAL DE EDUCACION CON MENCION EN CIENCIAS SOCIALES Y COMUNICACIÓN - (70/30 AP),Educación,Con Partner (AP),Presencial (Híbrido),0,2,0,2,35,35,0,2,0,0,14,8,5,10,3,35,36,3,39
2024-04,2024,Abril,E07010109,CARRERA PROFESIONAL DE EDUCACION CON MENCION EN CIENCIAS SOCIALES Y COMUNICACIÓN - (70/30 AP),Educación,Con Partner (AP),Presencial (Híbrido),0,0,0,0,40,34,6,4,0,0,5,8,8,9,5,40,43,1,44
2024-05,2024,Mayo,E07010109,CARRERA PROFESIONAL DE EDUCACION CON MENCION EN CIENCIAS SOCIALES Y COMUNICACIÓN - (70/30 AP),Educación,Con Partner (AP),Presencial (Híbrido),0,2,0,1,40,36,4,4,0,0,8,1,10,10,6,40,45,1,46
2024-06,2024,Junio,E07010109,CARRERA PROFESIONAL DE EDUCACION CON MENCION EN CIENCIAS SOCIALES Y COMUNICACIÓN - (70/30 AP),Educación,Con Partner (AP),Presencial (Híbrido),0,4,0,2,43,37,6,3,0,0,9,2,7,9,8,43,50,0,50
2024-07,2024,Julio,E07010109,CARRERA PROFESIONAL DE EDUCACION CON MENCION EN CIENCIAS SOCIALES Y COMUNICACIÓN - (70/30 AP),Educación,Con Partner (AP),Presencial (Híbrido),0,0,0,0,46,41,5,3,0,0,9,4,6,8,9,46,49,0,49
2024-08,2024,Agosto,E07010109,CARRERA PROFESIONAL DE EDUCACION CON MENCION EN CIENCIAS SOCIALES Y COMUNICACIÓN - (70/30 AP),Educación,Con Partner (AP),Presencial (Híbrido),0,1,0,1,49,41,8,6,0,0,8,1,3,5,13,49,54,2,56
2024-09,2024,Setiembre,E07010109,CARRERA PROFESIONAL DE EDUCACION CON MENCION EN CIENCIAS SOCIALES Y COMUNICACIÓN - (70/30 AP),Educación,Con Partner (AP),Presencial (Híbrido),0,2,0,1,45,41,4,1,0,0,15,4,1,7,13,45,45,3,48
2024-10,2024,Octubre,E07010109,CARRERA PROFESIONAL DE EDUCACION CON MENCION EN CIENCIAS SOCIALES Y COMUNICACIÓN - (70/30 AP),Educación,Con Partner (AP),Presencial (Híbrido),0,1,0,1,46,38,8,3,0,0,10,7,2,6,14,46,47,3,50
2024-11,2024,Noviembre,E07010109,CARRERA PROFESIONAL DE EDUCACION CON MENCION EN CIENCIAS SOCIALES Y COMUNICACIÓN - (70/30 AP),Educación,Con Partner (AP),Presencial (Híbrido),0,0,0,0,45,37,8,1,0,0,13,2,8,4,16,45,42,4,46
2024-12,2024,Diciembre,E07010109,CARRERA PROFESIONAL DE EDUCACION CON MENCION EN CIENCIAS SOCIALES Y COMUNICACIÓN - (70/30 AP),Educación,Con Partner (AP),Presencial (Híbrido),0,0,0,0,31,31,0,0,0,0,15,13,10,3,17,31,31,0,31
2025-01,2025,Enero,E07010109,CARRERA PROFESIONAL DE EDUCACION CON MENCION EN CIENCIAS SOCIALES Y COMUNICACIÓN - (70/30 AP),Educación,Con Partner (AP),Presencial (Híbrido),0,0,0,0,32,25,7,9,0,0,6,8,14,3,17,32,41,0,41
2025-02,2025,Febrero,E07010109,CARRERA PROFESIONAL DE EDUCACION CON MENCION EN CIENCIAS SOCIALES Y COMUNICACIÓN - (70/30 AP),Educación,Con Partner (AP),Presencial (Híbrido),0,0,0,0,25,21,4,2,0,0,20,2,19,3,18,25,23,4,27
2025-03,2025,Marzo,E07010109,CARRERA PROFESIONAL DE EDUCACION CON MENCION EN CIENCIAS SOCIALES Y COMUNICACIÓN - (70/30 AP),Educación,Con Partner (AP),Presencial (Híbrido),0,0,0,0,27,23,4,3,0,0,4,16,14,5,20,27,27,3,30
2025-04,2025,Abril,E07010109,CARRERA PROFESIONAL DE EDUCACION CON MENCION EN CIENCIAS SOCIALES Y COMUNICACIÓN - (70/30 AP),Educación,Con Partner (AP),Presencial (Híbrido),0,0,0,0,28,26,2,4,0,0,4,2,26,5,20,28,28,4,32
2025-05,2025,Mayo,E07010109,CARRERA PROFESIONAL DE EDUCACION CON MENCION EN CIENCIAS SOCIALES Y COMUNICACIÓN - (70/30 AP),Educación,Con Partner (AP),Presencial (Híbrido),0,0,0,0,23,22,1,0,0,0,10,3,20,13,20,23,21,2,23
2025-06,2025,Junio,E07010109,CARRERA PROFESIONAL DE EDUCACION CON MENCION EN CIENCIAS SOCIALES Y COMUNICACIÓN - (70/30 AP),Educación,Con Partner (AP),Presencial (Híbrido),0,0,0,0,21,18,3,1,0,0,5,7,17,18,20,21,22,0,22
2025-07,2025,Julio,E07010109,CARRERA PROFESIONAL DE EDUCACION CON MENCION EN CIENCIAS SOCIALES Y COMUNICACIÓN - (70/30 AP),Educación,Con Partner (AP),Presencial (Híbrido),0,0,0,0,20,17,3,1,0,0,5,2,23,18,20,20,19,2,21
2025-08,2025,Agosto,E07010109,CARRERA PROFESIONAL DE EDUCACION CON MENCION EN CIENCIAS SOCIALES Y COMUNICACIÓN - (70/30 AP),Educación,Con Partner (AP),Presencial (Híbrido),0,0,0,0,20,19,1,0,0,0,2,4,12,30,21,20,16,4,20
2025-09,2025,Setiembre,E07010109,CARRERA PROFESIONAL DE EDUCACION CON MENCION EN CIENCIAS SOCIALES Y COMUNICACIÓN - (70/30 AP),Educación,Con Partner (AP),Presencial (Híbrido),0,0,0,0,21,20,1,0,0,0,0,1,14,28,25,21,16,5,21
2025-10,2025,Octubre,E07010109,CARRERA PROFESIONAL DE EDUCACION CON MENCION EN CIENCIAS SOCIALES Y COMUNICACIÓN - (70/30 AP),Educación,Con Partner (AP),Presencial (Híbrido),0,0,0,0,19,19,0,1,0,0,2,0,12,30,25,19,14,6,20
2025-11,2025,Noviembre,E07010109,CARRERA PROFESIONAL DE EDUCACION CON MENCION EN CIENCIAS SOCIALES Y COMUNICACIÓN - (70/30 AP),Educación,Con Partner (AP),Presencial (Híbrido),0,0,0,0,16,16,0,0,0,0,4,2,6,28,33,16,10,6,16
2025-12,2025,Diciembre,E07010109,CARRERA PROFESIONAL DE EDUCACION CON MENCION EN CIENCIAS SOCIALES Y COMUNICACIÓN - (70/30 AP),Educación,Con Partner (AP),Presencial (Híbrido),1,0,0,0,17,15,2,0,0,0,1,2,5,25,38,17,18,0,18
2026-01,2026,Enero,E07010109,CARRERA PROFESIONAL DE EDUCACION CON MENCION EN CIENCIAS SOCIALES Y COMUNICACIÓN - (70/30 AP),Educación,Con Partner (AP),Presencial (Híbrido),0,0,0,0,16,15,1,2,0,0,2,0,1,29,38,16,17,1,18
2026-02,2026,Febrero,E07010109,CARRERA PROFESIONAL DE EDUCACION CON MENCION EN CIENCIAS SOCIALES Y COMUNICACIÓN - (70/30 AP),Educación,Con Partner (AP),Presencial (Híbrido),0,0,0,0,20,18,2,0,0,0,0,0,1,16,51,20,13,7,20
2026-03,2026,Marzo,E07010109,CARRERA PROFESIONAL DE EDUCACION CON MENCION EN CIENCIAS SOCIALES Y COMUNICACIÓN - (70/30 AP),Educación,Con Partner (AP),Presencial (Híbrido),1,0,0,0,16,16,0,0,0,0,3,0,1,14,53,16,13,4,17
2026-04,2026,Abril,E07010109,CARRERA PROFESIONAL DE EDUCACION CON MENCION EN CIENCIAS SOCIALES Y COMUNICACIÓN - (70/30 AP),Educación,Con Partner (AP),Presencial (Híbrido),0,0,0,0,15,14,1,0,0,0,2,2,0,13,55,15,9,6,15
2026-05,2026,Mayo,E07010109,CARRERA PROFESIONAL DE EDUCACION CON MENCION EN CIENCIAS SOCIALES Y COMUNICACIÓN - (70/30 AP),Educación,Con Partner (AP),Presencial (Híbrido),0,0,0,0,12,10,2,0,0,0,5,0,2,7,61,12,2,10,12
2026-06,2026,Junio,E07010109,CARRERA PROFESIONAL DE EDUCACION CON MENCION EN CIENCIAS SOCIALES Y COMUNICACIÓN - (70/30 AP),Educación,Con Partner (AP),Presencial (Híbrido),0,0,0,0,15,12,3,0,0,0,0,2,2,5,63,15,14,1,15
2019-02,2019,Febrero,E07010108,CARRERA PROFESIONAL DE EDUCACION CON MENCION EN MATEMÁTICA E INFORMÁTICA - (70/30 AP),Educación,Con Partner (AP),Presencial (Híbrido),0,2,0,2,0,0,0,0,0,0,0,0,0,0,0,0,2,0,2
2019-03,2019,Marzo,E07010108,CARRERA PROFESIONAL DE EDUCACION CON MENCION EN MATEMÁTICA E INFORMÁTICA - (70/30 AP),Educación,Con Partner (AP),Presencial (Híbrido),0,0,0,0,2,2,0,0,0,0,0,0,0,0,0,2,2,0,2
2019-04,2019,Abril,E07010108,CARRERA PROFESIONAL DE EDUCACION CON MENCION EN MATEMÁTICA E INFORMÁTICA - (70/30 AP),Educación,Con Partner (AP),Presencial (Híbrido),0,0,0,0,2,2,0,0,0,0,0,0,0,0,0,2,2,0,2
2019-05,2019,Mayo,E07010108,CARRERA PROFESIONAL DE EDUCACION CON MENCION EN MATEMÁTICA E INFORMÁTICA - (70/30 AP),Educación,Con Partner (AP),Presencial (Híbrido),0,0,0,0,2,2,0,0,0,0,0,0,0,0,0,2,2,0,2
2019-06,2019,Junio,E07010108,CARRERA PROFESIONAL DE EDUCACION CON MENCION EN MATEMÁTICA E INFORMÁTICA - (70/30 AP),Educación,Con Partner (AP),Presencial (Híbrido),0,0,0,0,2,2,0,0,0,0,0,0,0,0,0,2,2,0,2
2019-07,2019,N/A,E07010108,CARRERA PROFESIONAL DE EDUCACION CON MENCION EN MATEMÁTICA E INFORMÁTICA - (70/30 AP),Educación,Con Partner (AP),Presencial (Híbrido),0,0,0,0,0,0,0,0,0,0,2,0,0,0,0,0,0,0,0
2019-08,2019,N/A,E07010108,CARRERA PROFESIONAL DE EDUCACION CON MENCION EN MATEMÁTICA E INFORMÁTICA - (70/30 AP),Educación,Con Partner (AP),Presencial (Híbrido),0,0,0,0,0,0,0,0,0,0,0,2,0,0,0,0,0,0,0
2019-09,2019,N/A,E07010108,CARRERA PROFESIONAL DE EDUCACION CON MENCION EN MATEMÁTICA E INFORMÁTICA - (70/30 AP),Educación,Con Partner (AP),Presencial (Híbrido),0,0,0,0,0,0,0,0,0,0,0,0,2,0,0,0,0,0,0
2019-10,2019,Octubre,E07010108,CARRERA PROFESIONAL DE EDUCACION CON MENCION EN MATEMÁTICA E INFORMÁTICA - (70/30 AP),Educación,Con Partner (AP),Presencial (Híbrido),0,0,0,0,0,0,0,2,0,0,0,0,0,0,0,0,2,0,2
2019-11,2019,N/A,E07010108,CARRERA PROFESIONAL DE EDUCACION CON MENCION EN MATEMÁTICA E INFORMÁTICA - (70/30 AP),Educación,Con Partner (AP),Presencial (Híbrido),0,0,0,0,0,0,0,0,0,0,2,0,0,0,0,0,0,0,0
2019-12,2019,Diciembre,E07010108,CARRERA PROFESIONAL DE EDUCACION CON MENCION EN MATEMÁTICA E INFORMÁTICA - (70/30 AP),Educación,Con Partner (AP),Presencial (Híbrido),0,0,0,0,2,0,2,0,0,0,0,0,0,0,0,2,2,0,2
2020-01,2020,N/A,E07010108,CARRERA PROFESIONAL DE EDUCACION CON MENCION EN MATEMÁTICA E INFORMÁTICA - (70/30 AP),Educación,Con Partner (AP),Presencial (Híbrido),0,0,0,0,0,0,0,0,0,0,2,0,0,0,0,0,0,0,0
2020-02,2020,N/A,E07010108,CARRERA PROFESIONAL DE EDUCACION CON MENCION EN MATEMÁTICA E INFORMÁTICA - (70/30 AP),Educación,Con Partner (AP),Presencial (Híbrido),0,0,0,0,0,0,0,0,0,0,0,2,0,0,0,0,0,0,0
2020-03,2020,N/A,E07010108,CARRERA PROFESIONAL DE EDUCACION CON MENCION EN MATEMÁTICA E INFORMÁTICA - (70/30 AP),Educación,Con Partner (AP),Presencial (Híbrido),0,0,0,0,0,0,0,0,0,0,0,0,2,0,0,0,0,0,0
2020-04,2020,N/A,E07010108,CARRERA PROFESIONAL DE EDUCACION CON MENCION EN MATEMÁTICA E INFORMÁTICA - (70/30 AP),Educación,Con Partner (AP),Presencial (Híbrido),0,0,0,0,0,0,0,0,0,0,0,0,2,0,0,0,0,0,0
2020-05,2020,N/A,E07010108,CARRERA PROFESIONAL DE EDUCACION CON MENCION EN MATEMÁTICA E INFORMÁTICA - (70/30 AP),Educación,Con Partner (AP),Presencial (Híbrido),0,0,0,0,0,0,0,0,0,0,0,0,2,0,0,0,0,0,0
2020-06,2020,Junio,E07010108,CARRERA PROFESIONAL DE EDUCACION CON MENCION EN MATEMÁTICA E INFORMÁTICA - (70/30 AP),Educación,Con Partner (AP),Presencial (Híbrido),0,0,0,0,0,0,0,2,0,0,0,0,0,0,0,0,2,0,2
2020-07,2020,Julio,E07010108,CARRERA PROFESIONAL DE EDUCACION CON MENCION EN MATEMÁTICA E INFORMÁTICA - (70/30 AP),Educación,Con Partner (AP),Presencial (Híbrido),0,0,0,0,2,2,0,0,0,0,0,0,0,0,0,2,2,0,2
2020-08,2020,N/A,E07010108,CARRERA PROFESIONAL DE EDUCACION CON MENCION EN MATEMÁTICA E INFORMÁTICA - (70/30 AP),Educación,Con Partner (AP),Presencial (Híbrido),0,0,0,0,0,0,0,0,0,0,2,0,0,0,0,0,0,0,0
2020-09,2020,N/A,E07010108,CARRERA PROFESIONAL DE EDUCACION CON MENCION EN MATEMÁTICA E INFORMÁTICA - (70/30 AP),Educación,Con Partner (AP),Presencial (Híbrido),0,0,0,0,0,0,0,0,0,0,0,2,0,0,0,0,0,0,0
2020-10,2020,N/A,E07010108,CARRERA PROFESIONAL DE EDUCACION CON MENCION EN MATEMÁTICA E INFORMÁTICA - (70/30 AP),Educación,Con Partner (AP),Presencial (Híbrido),0,0,0,0,0,0,0,0,0,0,0,0,2,0,0,0,0,0,0
2020-11,2020,N/A,E07010108,CARRERA PROFESIONAL DE EDUCACION CON MENCION EN MATEMÁTICA E INFORMÁTICA - (70/30 AP),Educación,Con Partner (AP),Presencial (Híbrido),0,0,0,0,0,0,0,0,0,0,0,0,2,0,0,0,0,0,0
2020-12,2020,N/A,E07010108,CARRERA PROFESIONAL DE EDUCACION CON MENCION EN MATEMÁTICA E INFORMÁTICA - (70/30 AP),Educación,Con Partner (AP),Presencial (Híbrido),0,0,0,0,0,0,0,0,0,0,0,0,2,0,0,0,0,0,0
2021-01,2021,N/A,E07010108,CARRERA PROFESIONAL DE EDUCACION CON MENCION EN MATEMÁTICA E INFORMÁTICA - (70/30 AP),Educación,Con Partner (AP),Presencial (Híbrido),0,0,0,0,0,0,0,0,0,0,0,0,2,0,0,0,0,0,0
2021-02,2021,N/A,E07010108,CARRERA PROFESIONAL DE EDUCACION CON MENCION EN MATEMÁTICA E INFORMÁTICA - (70/30 AP),Educación,Con Partner (AP),Presencial (Híbrido),0,0,0,0,0,0,0,0,0,0,0,0,0,2,0,0,0,0,0
2021-03,2021,N/A,E07010108,CARRERA PROFESIONAL DE EDUCACION CON MENCION EN MATEMÁTICA E INFORMÁTICA - (70/30 AP),Educación,Con Partner (AP),Presencial (Híbrido),0,0,0,0,0,0,0,0,0,0,0,0,0,2,0,0,0,0,0
2021-04,2021,N/A,E07010108,CARRERA PROFESIONAL DE EDUCACION CON MENCION EN MATEMÁTICA E INFORMÁTICA - (70/30 AP),Educación,Con Partner (AP),Presencial (Híbrido),0,0,0,0,0,0,0,0,0,0,0,0,0,2,0,0,0,0,0
2021-05,2021,N/A,E07010108,CARRERA PROFESIONAL DE EDUCACION CON MENCION EN MATEMÁTICA E INFORMÁTICA - (70/30 AP),Educación,Con Partner (AP),Presencial (Híbrido),0,0,0,0,0,0,0,0,0,0,0,0,0,2,0,0,0,0,0
2021-06,2021,Junio,E07010108,CARRERA PROFESIONAL DE EDUCACION CON MENCION EN MATEMÁTICA E INFORMÁTICA - (70/30 AP),Educación,Con Partner (AP),Presencial (Híbrido),0,0,0,0,0,0,0,0,2,0,0,0,0,0,0,0,2,0,2
2021-07,2021,Julio,E07010108,CARRERA PROFESIONAL DE EDUCACION CON MENCION EN MATEMÁTICA E INFORMÁTICA - (70/30 AP),Educación,Con Partner (AP),Presencial (Híbrido),0,1,0,1,0,0,0,0,0,0,2,0,0,0,0,0,1,0,1
2021-08,2021,Agosto,E07010108,CARRERA PROFESIONAL DE EDUCACION CON MENCION EN MATEMÁTICA E INFORMÁTICA - (70/30 AP),Educación,Con Partner (AP),Presencial (Híbrido),0,0,0,0,3,1,2,0,0,0,0,0,0,0,0,3,3,0,3
2021-09,2021,Setiembre,E07010108,CARRERA PROFESIONAL DE EDUCACION CON MENCION EN MATEMÁTICA E INFORMÁTICA - (70/30 AP),Educación,Con Partner (AP),Presencial (Híbrido),0,0,0,0,1,1,0,0,0,0,2,0,0,0,0,1,1,0,1
2021-10,2021,Octubre,E07010108,CARRERA PROFESIONAL DE EDUCACION CON MENCION EN MATEMÁTICA E INFORMÁTICA - (70/30 AP),Educación,Con Partner (AP),Presencial (Híbrido),0,0,0,0,3,1,2,0,0,0,0,0,0,0,0,3,3,0,3
2021-11,2021,Noviembre,E07010108,CARRERA PROFESIONAL DE EDUCACION CON MENCION EN MATEMÁTICA E INFORMÁTICA - (70/30 AP),Educación,Con Partner (AP),Presencial (Híbrido),0,0,0,0,2,2,0,0,0,0,1,0,0,0,0,2,2,0,2
2021-12,2021,Diciembre,E07010108,CARRERA PROFESIONAL DE EDUCACION CON MENCION EN MATEMÁTICA E INFORMÁTICA - (70/30 AP),Educación,Con Partner (AP),Presencial (Híbrido),0,0,0,0,1,0,1,0,0,0,2,0,0,0,0,1,1,0,1
2022-01,2022,N/A,E07010108,CARRERA PROFESIONAL DE EDUCACION CON MENCION EN MATEMÁTICA E INFORMÁTICA - (70/30 AP),Educación,Con Partner (AP),Presencial (Híbrido),0,0,0,0,0,0,0,0,0,0,1,2,0,0,0,0,0,0,0
2022-02,2022,N/A,E07010108,CARRERA PROFESIONAL DE EDUCACION CON MENCION EN MATEMÁTICA E INFORMÁTICA - (70/30 AP),Educación,Con Partner (AP),Presencial (Híbrido),0,0,0,0,0,0,0,0,0,0,0,1,2,0,0,0,0,0,0
2022-03,2022,N/A,E07010108,CARRERA PROFESIONAL DE EDUCACION CON MENCION EN MATEMÁTICA E INFORMÁTICA - (70/30 AP),Educación,Con Partner (AP),Presencial (Híbrido),0,0,0,0,0,0,0,0,0,0,0,0,3,0,0,0,0,0,0
2022-04,2022,N/A,E07010108,CARRERA PROFESIONAL DE EDUCACION CON MENCION EN MATEMÁTICA E INFORMÁTICA - (70/30 AP),Educación,Con Partner (AP),Presencial (Híbrido),0,0,0,0,0,0,0,0,0,0,0,0,3,0,0,0,0,0,0
2022-05,2022,N/A,E07010108,CARRERA PROFESIONAL DE EDUCACION CON MENCION EN MATEMÁTICA E INFORMÁTICA - (70/30 AP),Educación,Con Partner (AP),Presencial (Híbrido),0,0,0,0,0,0,0,0,0,0,0,0,3,0,0,0,0,0,0
2022-06,2022,N/A,E07010108,CARRERA PROFESIONAL DE EDUCACION CON MENCION EN MATEMÁTICA E INFORMÁTICA - (70/30 AP),Educación,Con Partner (AP),Presencial (Híbrido),0,0,0,0,0,0,0,0,0,0,0,0,1,2,0,0,0,0,0
2022-07,2022,N/A,E07010108,CARRERA PROFESIONAL DE EDUCACION CON MENCION EN MATEMÁTICA E INFORMÁTICA - (70/30 AP),Educación,Con Partner (AP),Presencial (Híbrido),0,0,0,0,0,0,0,0,0,0,0,0,0,3,0,0,0,0,0
2022-08,2022,N/A,E07010108,CARRERA PROFESIONAL DE EDUCACION CON MENCION EN MATEMÁTICA E INFORMÁTICA - (70/30 AP),Educación,Con Partner (AP),Presencial (Híbrido),0,0,0,0,0,0,0,0,0,0,0,0,0,3,0,0,0,0,0
2022-09,2022,N/A,E07010108,CARRERA PROFESIONAL DE EDUCACION CON MENCION EN MATEMÁTICA E INFORMÁTICA - (70/30 AP),Educación,Con Partner (AP),Presencial (Híbrido),0,0,0,0,0,0,0,0,0,0,0,0,0,3,0,0,0,0,0
2022-10,2022,N/A,E07010108,CARRERA PROFESIONAL DE EDUCACION CON MENCION EN MATEMÁTICA E INFORMÁTICA - (70/30 AP),Educación,Con Partner (AP),Presencial (Híbrido),0,0,0,0,0,0,0,0,0,0,0,0,0,3,0,0,0,0,0
2022-11,2022,N/A,E07010108,CARRERA PROFESIONAL DE EDUCACION CON MENCION EN MATEMÁTICA E INFORMÁTICA - (70/30 AP),Educación,Con Partner (AP),Presencial (Híbrido),0,0,0,0,0,0,0,0,0,0,0,0,0,3,0,0,0,0,0
2022-12,2022,N/A,E07010108,CARRERA PROFESIONAL DE EDUCACION CON MENCION EN MATEMÁTICA E INFORMÁTICA - (70/30 AP),Educación,Con Partner (AP),Presencial (Híbrido),0,0,0,0,0,0,0,0,0,0,0,0,0,1,2,0,0,0,0
2023-01,2023,Enero,E07010108,CARRERA PROFESIONAL DE EDUCACION CON MENCION EN MATEMÁTICA E INFORMÁTICA - (70/30 AP),Educación,Con Partner (AP),Presencial (Híbrido),0,6,0,2,0,0,0,0,1,0,0,0,0,0,2,0,5,2,7
2023-02,2023,Febrero,E07010108,CARRERA PROFESIONAL DE EDUCACION CON MENCION EN MATEMÁTICA E INFORMÁTICA - (70/30 AP),Educación,Con Partner (AP),Presencial (Híbrido),0,9,0,2,7,7,0,0,0,0,0,0,0,0,2,7,16,0,16
2023-03,2023,Marzo,E07010108,CARRERA PROFESIONAL DE EDUCACION CON MENCION EN MATEMÁTICA E INFORMÁTICA - (70/30 AP),Educación,Con Partner (AP),Presencial (Híbrido),0,5,0,2,12,12,0,0,0,0,4,0,0,0,2,12,17,0,17
2023-04,2023,Abril,E07010108,CARRERA PROFESIONAL DE EDUCACION CON MENCION EN MATEMÁTICA E INFORMÁTICA - (70/30 AP),Educación,Con Partner (AP),Presencial (Híbrido),0,7,0,3,15,14,1,0,0,0,3,3,0,0,2,15,21,1,22
2023-05,2023,Mayo,E07010108,CARRERA PROFESIONAL DE EDUCACION CON MENCION EN MATEMÁTICA E INFORMÁTICA - (70/30 AP),Educación,Con Partner (AP),Presencial (Híbrido),0,3,0,1,19,19,0,0,0,0,3,3,3,0,2,19,21,1,22
2023-06,2023,Junio,E07010108,CARRERA PROFESIONAL DE EDUCACION CON MENCION EN MATEMÁTICA E INFORMÁTICA - (70/30 AP),Educación,Con Partner (AP),Presencial (Híbrido),0,3,0,0,18,17,1,1,0,0,5,2,5,0,2,18,22,0,22
2023-07,2023,Julio,E07010108,CARRERA PROFESIONAL DE EDUCACION CON MENCION EN MATEMÁTICA E INFORMÁTICA - (70/30 AP),Educación,Con Partner (AP),Presencial (Híbrido),0,21,0,11,18,16,2,0,0,0,6,3,7,0,2,18,38,1,39
2023-08,2023,Agosto,E07010108,CARRERA PROFESIONAL DE EDUCACION CON MENCION EN MATEMÁTICA E INFORMÁTICA - (70/30 AP),Educación,Con Partner (AP),Presencial (Híbrido),0,10,0,4,34,33,1,0,0,0,6,5,10,0,2,34,44,0,44
2023-09,2023,Setiembre,E07010108,CARRERA PROFESIONAL DE EDUCACION CON MENCION EN MATEMÁTICA E INFORMÁTICA - (70/30 AP),Educación,Con Partner (AP),Presencial (Híbrido),0,6,0,5,39,36,3,2,0,0,8,3,10,3,2,39,47,0,47
2023-10,2023,Octubre,E07010108,CARRERA PROFESIONAL DE EDUCACION CON MENCION EN MATEMÁTICA E INFORMÁTICA - (70/30 AP),Educación,Con Partner (AP),Presencial (Híbrido),0,5,0,2,37,36,1,1,0,0,11,7,11,4,2,37,43,0,43
2023-11,2023,Noviembre,E07010108,CARRERA PROFESIONAL DE EDUCACION CON MENCION EN MATEMÁTICA E INFORMÁTICA - (70/30 AP),Educación,Con Partner (AP),Presencial (Híbrido),0,3,0,3,39,34,5,0,0,0,9,6,17,5,2,39,42,0,42
2023-12,2023,Diciembre,E07010108,CARRERA PROFESIONAL DE EDUCACION CON MENCION EN MATEMÁTICA E INFORMÁTICA - (70/30 AP),Educación,Con Partner (AP),Presencial (Híbrido),0,1,0,1,37,36,1,5,0,0,6,8,16,7,2,37,43,0,43
2024-01,2024,Enero,E07010108,CARRERA PROFESIONAL DE EDUCACION CON MENCION EN MATEMÁTICA E INFORMÁTICA - (70/30 AP),Educación,Con Partner (AP),Presencial (Híbrido),0,2,0,0,40,34,6,7,0,2,9,0,13,11,0,40,51,0,51
2024-02,2024,Febrero,E07010108,CARRERA PROFESIONAL DE EDUCACION CON MENCION EN MATEMÁTICA E INFORMÁTICA - (70/30 AP),Educación,Con Partner (AP),Presencial (Híbrido),0,1,0,1,47,45,2,1,0,0,6,7,10,13,0,47,44,5,49
2024-03,2024,Marzo,E07010108,CARRERA PROFESIONAL DE EDUCACION CON MENCION EN MATEMÁTICA E INFORMÁTICA - (70/30 AP),Educación,Con Partner (AP),Presencial (Híbrido),0,0,0,0,34,33,1,0,0,0,16,5,12,15,3,34,30,4,34
2024-04,2024,Abril,E07010108,CARRERA PROFESIONAL DE EDUCACION CON MENCION EN MATEMÁTICA E INFORMÁTICA - (70/30 AP),Educación,Con Partner (AP),Presencial (Híbrido),0,0,0,0,40,27,13,2,0,0,7,3,14,15,4,40,41,1,42
2024-05,2024,Mayo,E07010108,CARRERA PROFESIONAL DE EDUCACION CON MENCION EN MATEMÁTICA E INFORMÁTICA - (70/30 AP),Educación,Con Partner (AP),Presencial (Híbrido),0,0,0,0,34,31,3,3,1,0,11,4,10,17,5,34,35,3,38
2024-06,2024,Junio,E07010108,CARRERA PROFESIONAL DE EDUCACION CON MENCION EN MATEMÁTICA E INFORMÁTICA - (70/30 AP),Educación,Con Partner (AP),Presencial (Híbrido),0,1,0,1,35,29,6,4,0,0,9,5,10,15,7,35,40,0,40
2024-07,2024,Julio,E07010108,CARRERA PROFESIONAL DE EDUCACION CON MENCION EN MATEMÁTICA E INFORMÁTICA - (70/30 AP),Educación,Con Partner (AP),Presencial (Híbrido),0,0,0,0,35,28,7,3,0,0,12,2,7,16,11,35,36,2,38
2024-08,2024,Agosto,E07010108,CARRERA PROFESIONAL DE EDUCACION CON MENCION EN MATEMÁTICA E INFORMÁTICA - (70/30 AP),Educación,Con Partner (AP),Presencial (Híbrido),0,1,0,1,40,33,7,4,2,0,5,5,3,15,12,40,39,8,47
2024-09,2024,Setiembre,E07010108,CARRERA PROFESIONAL DE EDUCACION CON MENCION EN MATEMÁTICA E INFORMÁTICA - (70/30 AP),Educación,Con Partner (AP),Presencial (Híbrido),0,0,0,0,40,37,3,3,0,0,10,2,4,11,17,40,37,6,43
2024-10,2024,Octubre,E07010108,CARRERA PROFESIONAL DE EDUCACION CON MENCION EN MATEMÁTICA E INFORMÁTICA - (70/30 AP),Educación,Con Partner (AP),Presencial (Híbrido),0,0,0,0,42,37,5,2,0,0,6,5,4,10,18,42,44,0,44
2024-11,2024,Noviembre,E07010108,CARRERA PROFESIONAL DE EDUCACION CON MENCION EN MATEMÁTICA E INFORMÁTICA - (70/30 AP),Educación,Con Partner (AP),Presencial (Híbrido),0,0,0,0,29,25,4,1,0,0,19,2,7,7,22,29,24,6,30
2024-12,2024,Diciembre,E07010108,CARRERA PROFESIONAL DE EDUCACION CON MENCION EN MATEMÁTICA E INFORMÁTICA - (70/30 AP),Educación,Con Partner (AP),Presencial (Híbrido),0,0,0,0,33,25,8,1,0,0,5,11,8,7,22,33,32,2,34
2025-01,2025,Enero,E07010108,CARRERA PROFESIONAL DE EDUCACION CON MENCION EN MATEMÁTICA E INFORMÁTICA - (70/30 AP),Educación,Con Partner (AP),Presencial (Híbrido),0,0,0,0,26,24,2,1,0,0,10,3,16,5,26,26,27,0,27
2025-02,2025,Febrero,E07010108,CARRERA PROFESIONAL DE EDUCACION CON MENCION EN MATEMÁTICA E INFORMÁTICA - (70/30 AP),Educación,Con Partner (AP),Presencial (Híbrido),0,0,0,0,22,21,1,5,0,0,6,9,13,5,27,22,20,7,27
2025-03,2025,Marzo,E07010108,CARRERA PROFESIONAL DE EDUCACION CON MENCION EN MATEMÁTICA E INFORMÁTICA - (70/30 AP),Educación,Con Partner (AP),Presencial (Híbrido),0,0,0,0,22,19,3,2,0,0,8,3,19,5,28,22,20,4,24
2025-04,2025,Abril,E07010108,CARRERA PROFESIONAL DE EDUCACION CON MENCION EN MATEMÁTICA E INFORMÁTICA - (70/30 AP),Educación,Con Partner (AP),Presencial (Híbrido),0,0,0,0,24,20,4,0,0,0,4,4,21,6,28,24,18,6,24
2025-05,2025,Mayo,E07010108,CARRERA PROFESIONAL DE EDUCACION CON MENCION EN MATEMÁTICA E INFORMÁTICA - (70/30 AP),Educación,Con Partner (AP),Presencial (Híbrido),0,0,0,0,22,21,1,2,0,0,3,3,15,13,29,22,22,2,24
2025-06,2025,Junio,E07010108,CARRERA PROFESIONAL DE EDUCACION CON MENCION EN MATEMÁTICA E INFORMÁTICA - (70/30 AP),Educación,Con Partner (AP),Presencial (Híbrido),0,0,0,0,15,14,1,1,0,0,10,2,15,15,29,15,14,2,16
2025-07,2025,Julio,E07010108,CARRERA PROFESIONAL DE EDUCACION CON MENCION EN MATEMÁTICA E INFORMÁTICA - (70/30 AP),Educación,Con Partner (AP),Presencial (Híbrido),2,0,0,0,15,14,1,1,0,0,1,8,10,19,31,15,18,0,18
2025-08,2025,Agosto,E07010108,CARRERA PROFESIONAL DE EDUCACION CON MENCION EN MATEMÁTICA E INFORMÁTICA - (70/30 AP),Educación,Con Partner (AP),Presencial (Híbrido),0,0,0,0,14,14,0,1,0,0,2,1,14,21,32,14,10,5,15
2025-09,2025,Setiembre,E07010108,CARRERA PROFESIONAL DE EDUCACION CON MENCION EN MATEMÁTICA E INFORMÁTICA - (70/30 AP),Educación,Con Partner (AP),Presencial (Híbrido),0,0,0,0,13,12,1,1,0,0,3,1,10,24,33,13,10,4,14
2025-10,2025,Octubre,E07010108,CARRERA PROFESIONAL DE EDUCACION CON MENCION EN MATEMÁTICA E INFORMÁTICA - (70/30 AP),Educación,Con Partner (AP),Presencial (Híbrido),0,0,0,0,15,12,3,0,0,0,2,0,10,24,34,15,10,5,15
2025-11,2025,Noviembre,E07010108,CARRERA PROFESIONAL DE EDUCACION CON MENCION EN MATEMÁTICA E INFORMÁTICA - (70/30 AP),Educación,Con Partner (AP),Presencial (Híbrido),0,0,0,0,12,12,0,0,0,0,3,2,9,17,42,12,6,6,12
2025-12,2025,Diciembre,E07010108,CARRERA PROFESIONAL DE EDUCACION CON MENCION EN MATEMÁTICA E INFORMÁTICA - (70/30 AP),Educación,Con Partner (AP),Presencial (Híbrido),0,0,0,0,12,11,1,1,0,0,1,2,2,23,44,12,13,0,13
2026-01,2026,Enero,E07010108,CARRERA PROFESIONAL DE EDUCACION CON MENCION EN MATEMÁTICA E INFORMÁTICA - (70/30 AP),Educación,Con Partner (AP),Presencial (Híbrido),1,0,0,0,11,11,0,2,0,0,1,1,2,17,50,11,10,4,14
2026-02,2026,Febrero,E07010108,CARRERA PROFESIONAL DE EDUCACION CON MENCION EN MATEMÁTICA E INFORMÁTICA - (70/30 AP),Educación,Con Partner (AP),Presencial (Híbrido),0,0,0,0,9,8,1,1,0,0,5,0,2,14,53,9,5,5,10
2026-03,2026,Marzo,E07010108,CARRERA PROFESIONAL DE EDUCACION CON MENCION EN MATEMÁTICA E INFORMÁTICA - (70/30 AP),Educación,Con Partner (AP),Presencial (Híbrido),0,0,0,0,8,7,1,0,0,0,3,4,2,10,57,8,1,7,8
2026-04,2026,Abril,E07010108,CARRERA PROFESIONAL DE EDUCACION CON MENCION EN MATEMÁTICA E INFORMÁTICA - (70/30 AP),Educación,Con Partner (AP),Presencial (Híbrido),0,0,0,0,6,6,0,0,0,0,2,3,5,10,58,6,3,3,6
2026-05,2026,Mayo,E07010108,CARRERA PROFESIONAL DE EDUCACION CON MENCION EN MATEMÁTICA E INFORMÁTICA - (70/30 AP),Educación,Con Partner (AP),Presencial (Híbrido),0,0,0,0,5,4,1,0,0,0,2,1,7,10,59,5,1,4,5
2026-06,2026,Junio,E07010108,CARRERA PROFESIONAL DE EDUCACION CON MENCION EN MATEMÁTICA E INFORMÁTICA - (70/30 AP),Educación,Con Partner (AP),Presencial (Híbrido),0,0,0,0,7,5,2,2,0,0,0,0,6,2,67,7,8,1,9
2019-11,2019,Noviembre,E02090901,CARRERA DE MARKETING ,CC. Administrativas y RRHH,Sin Partner (Propio),Presencial Regular,0,1,0,0,0,0,0,0,0,0,0,0,0,0,0,0,0,1,1
2019-12,2019,Diciembre,E02090901,CARRERA DE MARKETING ,CC. Administrativas y RRHH,Sin Partner (Propio),Presencial Regular,0,0,0,0,1,1,0,0,0,0,0,0,0,0,0,1,0,1,1
2020-01,2020,Enero,E02090901,CARRERA DE MARKETING ,CC. Administrativas y RRHH,Sin Partner (Propio),Presencial Regular,0,0,0,0,1,1,0,0,0,0,0,0,0,0,0,1,0,1,1
2020-02,2020,N/A,E02090901,CARRERA DE MARKETING ,CC. Administrativas y RRHH,Sin Partner (Propio),Presencial Regular,0,0,0,0,0,0,0,0,0,0,1,0,0,0,0,0,0,0,0
2020-03,2020,N/A,E02090901,CARRERA DE MARKETING ,CC. Administrativas y RRHH,Sin Partner (Propio),Presencial Regular,0,0,0,0,0,0,0,0,0,0,0,1,0,0,0,0,0,0,0
2020-04,2020,N/A,E02090901,CARRERA DE MARKETING ,CC. Administrativas y RRHH,Sin Partner (Propio),Presencial Regular,0,0,0,0,0,0,0,0,0,0,0,0,1,0,0,0,0,0,0
2020-05,2020,N/A,E02090901,CARRERA DE MARKETING ,CC. Administrativas y RRHH,Sin Partner (Propio),Presencial Regular,0,0,0,0,0,0,0,0,0,0,0,0,1,0,0,0,0,0,0
2020-06,2020,N/A,E02090901,CARRERA DE MARKETING ,CC. Administrativas y RRHH,Sin Partner (Propio),Presencial Regular,0,0,0,0,0,0,0,0,0,0,0,0,1,0,0,0,0,0,0
2020-07,2020,N/A,E02090901,CARRERA DE MARKETING ,CC. Administrativas y RRHH,Sin Partner (Propio),Presencial Regular,0,0,0,0,0,0,0,0,0,0,0,0,1,0,0,0,0,0,0
2020-08,2020,N/A,E02090901,CARRERA DE MARKETING ,CC. Administrativas y RRHH,Sin Partner (Propio),Presencial Regular,0,0,0,0,0,0,0,0,0,0,0,0,0,1,0,0,0,0,0
2020-09,2020,N/A,E02090901,CARRERA DE MARKETING ,CC. Administrativas y RRHH,Sin Partner (Propio),Presencial Regular,0,0,0,0,0,0,0,0,0,0,0,0,0,1,0,0,0,0,0
2020-10,2020,N/A,E02090901,CARRERA DE MARKETING ,CC. Administrativas y RRHH,Sin Partner (Propio),Presencial Regular,0,0,0,0,0,0,0,0,0,0,0,0,0,1,0,0,0,0,0
2020-11,2020,N/A,E02090901,CARRERA DE MARKETING ,CC. Administrativas y RRHH,Sin Partner (Propio),Presencial Regular,0,0,0,0,0,0,0,0,0,0,0,0,0,1,0,0,0,0,0
2020-12,2020,N/A,E02090901,CARRERA DE MARKETING ,CC. Administrativas y RRHH,Sin Partner (Propio),Presencial Regular,0,0,0,0,0,0,0,0,0,0,0,0,0,1,0,0,0,0,0
2021-01,2021,N/A,E02090901,CARRERA DE MARKETING ,CC. Administrativas y RRHH,Sin Partner (Propio),Presencial Regular,0,0,0,0,0,0,0,0,0,0,0,0,0,1,0,0,0,0,0
2021-02,2021,N/A,E02090901,CARRERA DE MARKETING ,CC. Administrativas y RRHH,Sin Partner (Propio),Presencial Regular,0,0,0,0,0,0,0,0,0,0,0,0,0,0,1,0,0,0,0
2021-03,2021,N/A,E02090901,CARRERA DE MARKETING ,CC. Administrativas y RRHH,Sin Partner (Propio),Presencial Regular,0,0,0,0,0,0,0,0,0,0,0,0,0,0,1,0,0,0,0
2021-04,2021,N/A,E02090901,CARRERA DE MARKETING ,CC. Administrativas y RRHH,Sin Partner (Propio),Presencial Regular,0,0,0,0,0,0,0,0,0,0,0,0,0,0,1,0,0,0,0
2021-05,2021,N/A,E02090901,CARRERA DE MARKETING ,CC. Administrativas y RRHH,Sin Partner (Propio),Presencial Regular,0,0,0,0,0,0,0,0,0,0,0,0,0,0,1,0,0,0,0
2021-06,2021,N/A,E02090901,CARRERA DE MARKETING ,CC. Administrativas y RRHH,Sin Partner (Propio),Presencial Regular,0,0,0,0,0,0,0,0,0,0,0,0,0,0,1,0,0,0,0
2021-07,2021,N/A,E02090901,CARRERA DE MARKETING ,CC. Administrativas y RRHH,Sin Partner (Propio),Presencial Regular,0,0,0,0,0,0,0,0,0,0,0,0,0,0,1,0,0,0,0
2021-08,2021,N/A,E02090901,CARRERA DE MARKETING ,CC. Administrativas y RRHH,Sin Partner (Propio),Presencial Regular,0,0,0,0,0,0,0,0,0,0,0,0,0,0,1,0,0,0,0
2021-09,2021,N/A,E02090901,CARRERA DE MARKETING ,CC. Administrativas y RRHH,Sin Partner (Propio),Presencial Regular,0,0,0,0,0,0,0,0,0,0,0,0,0,0,1,0,0,0,0
2021-10,2021,N/A,E02090901,CARRERA DE MARKETING ,CC. Administrativas y RRHH,Sin Partner (Propio),Presencial Regular,0,0,0,0,0,0,0,0,0,0,0,0,0,0,1,0,0,0,0
2021-11,2021,N/A,E02090901,CARRERA DE MARKETING ,CC. Administrativas y RRHH,Sin Partner (Propio),Presencial Regular,0,0,0,0,0,0,0,0,0,0,0,0,0,0,1,0,0,0,0
2021-12,2021,N/A,E02090901,CARRERA DE MARKETING ,CC. Administrativas y RRHH,Sin Partner (Propio),Presencial Regular,0,0,0,0,0,0,0,0,0,0,0,0,0,0,1,0,0,0,0
2022-01,2022,N/A,E02090901,CARRERA DE MARKETING ,CC. Administrativas y RRHH,Sin Partner (Propio),Presencial Regular,0,0,0,0,0,0,0,0,0,0,0,0,0,0,1,0,0,0,0
2022-02,2022,N/A,E02090901,CARRERA DE MARKETING ,CC. Administrativas y RRHH,Sin Partner (Propio),Presencial Regular,0,0,0,0,0,0,0,0,0,0,0,0,0,0,1,0,0,0,0
2022-03,2022,N/A,E02090901,CARRERA DE MARKETING ,CC. Administrativas y RRHH,Sin Partner (Propio),Presencial Regular,0,0,0,0,0,0,0,0,0,0,0,0,0,0,1,0,0,0,0
2022-04,2022,N/A,E02090901,CARRERA DE MARKETING ,CC. Administrativas y RRHH,Sin Partner (Propio),Presencial Regular,0,0,0,0,0,0,0,0,0,0,0,0,0,0,1,0,0,0,0
2022-05,2022,N/A,E02090901,CARRERA DE MARKETING ,CC. Administrativas y RRHH,Sin Partner (Propio),Presencial Regular,0,0,0,0,0,0,0,0,0,0,0,0,0,0,1,0,0,0,0
2022-06,2022,N/A,E02090901,CARRERA DE MARKETING ,CC. Administrativas y RRHH,Sin Partner (Propio),Presencial Regular,0,0,0,0,0,0,0,0,0,0,0,0,0,0,1,0,0,0,0
2022-07,2022,N/A,E02090901,CARRERA DE MARKETING ,CC. Administrativas y RRHH,Sin Partner (Propio),Presencial Regular,0,0,0,0,0,0,0,0,0,0,0,0,0,0,1,0,0,0,0
2022-08,2022,N/A,E02090901,CARRERA DE MARKETING ,CC. Administrativas y RRHH,Sin Partner (Propio),Presencial Regular,0,0,0,0,0,0,0,0,0,0,0,0,0,0,1,0,0,0,0
2022-09,2022,N/A,E02090901,CARRERA DE MARKETING ,CC. Administrativas y RRHH,Sin Partner (Propio),Presencial Regular,0,0,0,0,0,0,0,0,0,0,0,0,0,0,1,0,0,0,0
2022-10,2022,N/A,E02090901,CARRERA DE MARKETING ,CC. Administrativas y RRHH,Sin Partner (Propio),Presencial Regular,0,0,0,0,0,0,0,0,0,0,0,0,0,0,1,0,0,0,0
2022-11,2022,N/A,E02090901,CARRERA DE MARKETING ,CC. Administrativas y RRHH,Sin Partner (Propio),Presencial Regular,0,0,0,0,0,0,0,0,0,0,0,0,0,0,1,0,0,0,0
2022-12,2022,N/A,E02090901,CARRERA DE MARKETING ,CC. Administrativas y RRHH,Sin Partner (Propio),Presencial Regular,0,0,0,0,0,0,0,0,0,0,0,0,0,0,1,0,0,0,0
2023-01,2023,N/A,E02090901,CARRERA DE MARKETING ,CC. Administrativas y RRHH,Sin Partner (Propio),Presencial Regular,0,0,0,0,0,0,0,0,0,0,0,0,0,0,1,0,0,0,0
2023-02,2023,N/A,E02090901,CARRERA DE MARKETING ,CC. Administrativas y RRHH,Sin Partner (Propio),Presencial Regular,0,0,0,0,0,0,0,0,0,0,0,0,0,0,1,0,0,0,0
2023-03,2023,N/A,E02090901,CARRERA DE MARKETING ,CC. Administrativas y RRHH,Sin Partner (Propio),Presencial Regular,0,0,0,0,0,0,0,0,0,0,0,0,0,0,1,0,0,0,0
2023-04,2023,N/A,E02090901,CARRERA DE MARKETING ,CC. Administrativas y RRHH,Sin Partner (Propio),Presencial Regular,0,0,0,0,0,0,0,0,0,0,0,0,0,0,1,0,0,0,0
2023-05,2023,N/A,E02090901,CARRERA DE MARKETING ,CC. Administrativas y RRHH,Sin Partner (Propio),Presencial Regular,0,0,0,0,0,0,0,0,0,0,0,0,0,0,1,0,0,0,0
2023-06,2023,N/A,E02090901,CARRERA DE MARKETING ,CC. Administrativas y RRHH,Sin Partner (Propio),Presencial Regular,0,0,0,0,0,0,0,0,0,0,0,0,0,0,1,0,0,0,0
2023-07,2023,N/A,E02090901,CARRERA DE MARKETING ,CC. Administrativas y RRHH,Sin Partner (Propio),Presencial Regular,0,0,0,0,0,0,0,0,0,0,0,0,0,0,1,0,0,0,0
2023-08,2023,N/A,E02090901,CARRERA DE MARKETING ,CC. Administrativas y RRHH,Sin Partner (Propio),Presencial Regular,0,0,0,0,0,0,0,0,0,0,0,0,0,0,1,0,0,0,0
2023-09,2023,N/A,E02090901,CARRERA DE MARKETING ,CC. Administrativas y RRHH,Sin Partner (Propio),Presencial Regular,0,0,0,0,0,0,0,0,0,0,0,0,0,0,1,0,0,0,0
2023-10,2023,N/A,E02090901,CARRERA DE MARKETING ,CC. Administrativas y RRHH,Sin Partner (Propio),Presencial Regular,0,0,0,0,0,0,0,0,0,0,0,0,0,0,1,0,0,0,0
2023-11,2023,N/A,E02090901,CARRERA DE MARKETING ,CC. Administrativas y RRHH,Sin Partner (Propio),Presencial Regular,0,0,0,0,0,0,0,0,0,0,0,0,0,0,1,0,0,0,0
2023-12,2023,N/A,E02090901,CARRERA DE MARKETING ,CC. Administrativas y RRHH,Sin Partner (Propio),Presencial Regular,0,0,0,0,0,0,0,0,0,0,0,0,0,0,1,0,0,0,0
2024-01,2024,N/A,E02090901,CARRERA DE MARKETING ,CC. Administrativas y RRHH,Sin Partner (Propio),Presencial Regular,0,0,0,0,0,0,0,0,0,0,0,0,0,0,1,0,0,0,0
2024-02,2024,N/A,E02090901,CARRERA DE MARKETING ,CC. Administrativas y RRHH,Sin Partner (Propio),Presencial Regular,0,0,0,0,0,0,0,0,0,0,0,0,0,0,1,0,0,0,0
2024-03,2024,N/A,E02090901,CARRERA DE MARKETING ,CC. Administrativas y RRHH,Sin Partner (Propio),Presencial Regular,0,0,0,0,0,0,0,0,0,0,0,0,0,0,1,0,0,0,0
2024-04,2024,N/A,E02090901,CARRERA DE MARKETING ,CC. Administrativas y RRHH,Sin Partner (Propio),Presencial Regular,0,0,0,0,0,0,0,0,0,0,0,0,0,0,1,0,0,0,0
2024-05,2024,N/A,E02090901,CARRERA DE MARKETING ,CC. Administrativas y RRHH,Sin Partner (Propio),Presencial Regular,0,0,0,0,0,0,0,0,0,0,0,0,0,0,1,0,0,0,0
2024-06,2024,N/A,E02090901,CARRERA DE MARKETING ,CC. Administrativas y RRHH,Sin Partner (Propio),Presencial Regular,0,0,0,0,0,0,0,0,0,0,0,0,0,0,1,0,0,0,0
2024-07,2024,N/A,E02090901,CARRERA DE MARKETING ,CC. Administrativas y RRHH,Sin Partner (Propio),Presencial Regular,0,0,0,0,0,0,0,0,0,0,0,0,0,0,1,0,0,0,0
2024-08,2024,N/A,E02090901,CARRERA DE MARKETING ,CC. Administrativas y RRHH,Sin Partner (Propio),Presencial Regular,0,0,0,0,0,0,0,0,0,0,0,0,0,0,1,0,0,0,0
2024-09,2024,N/A,E02090901,CARRERA DE MARKETING ,CC. Administrativas y RRHH,Sin Partner (Propio),Presencial Regular,0,0,0,0,0,0,0,0,0,0,0,0,0,0,1,0,0,0,0
2024-10,2024,N/A,E02090901,CARRERA DE MARKETING ,CC. Administrativas y RRHH,Sin Partner (Propio),Presencial Regular,0,0,0,0,0,0,0,0,0,0,0,0,0,0,1,0,0,0,0
2024-11,2024,N/A,E02090901,CARRERA DE MARKETING ,CC. Administrativas y RRHH,Sin Partner (Propio),Presencial Regular,0,0,0,0,0,0,0,0,0,0,0,0,0,0,1,0,0,0,0
2024-12,2024,N/A,E02090901,CARRERA DE MARKETING ,CC. Administrativas y RRHH,Sin Partner (Propio),Presencial Regular,0,0,0,0,0,0,0,0,0,0,0,0,0,0,1,0,0,0,0
2025-01,2025,N/A,E02090901,CARRERA DE MARKETING ,CC. Administrativas y RRHH,Sin Partner (Propio),Presencial Regular,0,0,0,0,0,0,0,0,0,0,0,0,0,0,1,0,0,0,0
2025-02,2025,N/A,E02090901,CARRERA DE MARKETING ,CC. Administrativas y RRHH,Sin Partner (Propio),Presencial Regular,0,0,0,0,0,0,0,0,0,0,0,0,0,0,1,0,0,0,0
2025-03,2025,N/A,E02090901,CARRERA DE MARKETING ,CC. Administrativas y RRHH,Sin Partner (Propio),Presencial Regular,0,0,0,0,0,0,0,0,0,0,0,0,0,0,1,0,0,0,0
2025-04,2025,N/A,E02090901,CARRERA DE MARKETING ,CC. Administrativas y RRHH,Sin Partner (Propio),Presencial Regular,0,0,0,0,0,0,0,0,0,0,0,0,0,0,1,0,0,0,0
2025-05,2025,N/A,E02090901,CARRERA DE MARKETING ,CC. Administrativas y RRHH,Sin Partner (Propio),Presencial Regular,0,0,0,0,0,0,0,0,0,0,0,0,0,0,1,0,0,0,0
2025-06,2025,N/A,E02090901,CARRERA DE MARKETING ,CC. Administrativas y RRHH,Sin Partner (Propio),Presencial Regular,0,0,0,0,0,0,0,0,0,0,0,0,0,0,1,0,0,0,0
2025-07,2025,N/A,E02090901,CARRERA DE MARKETING ,CC. Administrativas y RRHH,Sin Partner (Propio),Presencial Regular,0,0,0,0,0,0,0,0,0,0,0,0,0,0,1,0,0,0,0
2025-08,2025,N/A,E02090901,CARRERA DE MARKETING ,CC. Administrativas y RRHH,Sin Partner (Propio),Presencial Regular,0,0,0,0,0,0,0,0,0,0,0,0,0,0,1,0,0,0,0
2025-09,2025,N/A,E02090901,CARRERA DE MARKETING ,CC. Administrativas y RRHH,Sin Partner (Propio),Presencial Regular,0,0,0,0,0,0,0,0,0,0,0,0,0,0,1,0,0,0,0
2025-10,2025,N/A,E02090901,CARRERA DE MARKETING ,CC. Administrativas y RRHH,Sin Partner (Propio),Presencial Regular,0,0,0,0,0,0,0,0,0,0,0,0,0,0,1,0,0,0,0
2025-11,2025,N/A,E02090901,CARRERA DE MARKETING ,CC. Administrativas y RRHH,Sin Partner (Propio),Presencial Regular,0,0,0,0,0,0,0,0,0,0,0,0,0,0,1,0,0,0,0
2025-12,2025,N/A,E02090901,CARRERA DE MARKETING ,CC. Administrativas y RRHH,Sin Partner (Propio),Presencial Regular,0,0,0,0,0,0,0,0,0,0,0,0,0,0,1,0,0,0,0
2026-01,2026,N/A,E02090901,CARRERA DE MARKETING ,CC. Administrativas y RRHH,Sin Partner (Propio),Presencial Regular,0,0,0,0,0,0,0,0,0,0,0,0,0,0,1,0,0,0,0
2026-02,2026,N/A,E02090901,CARRERA DE MARKETING ,CC. Administrativas y RRHH,Sin Partner (Propio),Presencial Regular,0,0,0,0,0,0,0,0,0,0,0,0,0,0,1,0,0,0,0
2026-03,2026,N/A,E02090901,CARRERA DE MARKETING ,CC. Administrativas y RRHH,Sin Partner (Propio),Presencial Regular,0,0,0,0,0,0,0,0,0,0,0,0,0,0,1,0,0,0,0
2026-04,2026,N/A,E02090901,CARRERA DE MARKETING ,CC. Administrativas y RRHH,Sin Partner (Propio),Presencial Regular,0,0,0,0,0,0,0,0,0,0,0,0,0,0,1,0,0,0,0
2026-05,2026,N/A,E02090901,CARRERA DE MARKETING ,CC. Administrativas y RRHH,Sin Partner (Propio),Presencial Regular,0,0,0,0,0,0,0,0,0,0,0,0,0,0,1,0,0,0,0
2026-06,2026,N/A,E02090901,CARRERA DE MARKETING ,CC. Administrativas y RRHH,Sin Partner (Propio),Presencial Regular,0,0,0,0,0,0,0,0,0,0,0,0,0,0,1,0,0,0,0
2020-02,2020,Febrero,E10010101,CARRERA DE MEDICINA HUMANA,Medicina Humana,Sin Partner (Propio),Presencial Regular,0,2,0,0,0,0,0,0,0,0,0,0,0,0,0,0,0,2,2
2020-03,2020,N/A,E10010101,CARRERA DE MEDICINA HUMANA,Medicina Humana,Sin Partner (Propio),Presencial Regular,0,0,0,0,0,0,0,0,0,0,2,0,0,0,0,0,0,0,0
2020-04,2020,N/A,E10010101,CARRERA DE MEDICINA HUMANA,Medicina Humana,Sin Partner (Propio),Presencial Regular,0,0,0,0,0,0,0,0,0,0,0,2,0,0,0,0,0,0,0
2020-05,2020,N/A,E10010101,CARRERA DE MEDICINA HUMANA,Medicina Humana,Sin Partner (Propio),Presencial Regular,0,0,0,0,0,0,0,0,0,0,0,0,2,0,0,0,0,0,0
2020-06,2020,N/A,E10010101,CARRERA DE MEDICINA HUMANA,Medicina Humana,Sin Partner (Propio),Presencial Regular,0,0,0,0,0,0,0,0,0,0,0,0,2,0,0,0,0,0,0
2020-07,2020,N/A,E10010101,CARRERA DE MEDICINA HUMANA,Medicina Humana,Sin Partner (Propio),Presencial Regular,0,0,0,0,0,0,0,0,0,0,0,0,2,0,0,0,0,0,0
2020-08,2020,N/A,E10010101,CARRERA DE MEDICINA HUMANA,Medicina Humana,Sin Partner (Propio),Presencial Regular,0,0,0,0,0,0,0,0,0,0,0,0,2,0,0,0,0,0,0
2020-09,2020,N/A,E10010101,CARRERA DE MEDICINA HUMANA,Medicina Humana,Sin Partner (Propio),Presencial Regular,0,0,0,0,0,0,0,0,0,0,0,0,0,2,0,0,0,0,0
2020-10,2020,N/A,E10010101,CARRERA DE MEDICINA HUMANA,Medicina Humana,Sin Partner (Propio),Presencial Regular,0,0,0,0,0,0,0,0,0,0,0,0,0,2,0,0,0,0,0
2020-11,2020,N/A,E10010101,CARRERA DE MEDICINA HUMANA,Medicina Humana,Sin Partner (Propio),Presencial Regular,0,0,0,0,0,0,0,0,0,0,0,0,0,2,0,0,0,0,0
2020-12,2020,N/A,E10010101,CARRERA DE MEDICINA HUMANA,Medicina Humana,Sin Partner (Propio),Presencial Regular,0,0,0,0,0,0,0,0,0,0,0,0,0,2,0,0,0,0,0
2021-01,2021,N/A,E10010101,CARRERA DE MEDICINA HUMANA,Medicina Humana,Sin Partner (Propio),Presencial Regular,0,0,0,0,0,0,0,0,0,0,0,0,0,2,0,0,0,0,0
2021-02,2021,N/A,E10010101,CARRERA DE MEDICINA HUMANA,Medicina Humana,Sin Partner (Propio),Presencial Regular,0,0,0,0,0,0,0,0,0,0,0,0,0,2,0,0,0,0,0
2021-03,2021,N/A,E10010101,CARRERA DE MEDICINA HUMANA,Medicina Humana,Sin Partner (Propio),Presencial Regular,0,0,0,0,0,0,0,0,0,0,0,0,0,0,2,0,0,0,0
2021-04,2021,N/A,E10010101,CARRERA DE MEDICINA HUMANA,Medicina Humana,Sin Partner (Propio),Presencial Regular,0,0,0,0,0,0,0,0,0,0,0,0,0,0,2,0,0,0,0
2021-05,2021,N/A,E10010101,CARRERA DE MEDICINA HUMANA,Medicina Humana,Sin Partner (Propio),Presencial Regular,0,0,0,0,0,0,0,0,0,0,0,0,0,0,2,0,0,0,0
2021-06,2021,N/A,E10010101,CARRERA DE MEDICINA HUMANA,Medicina Humana,Sin Partner (Propio),Presencial Regular,0,0,0,0,0,0,0,0,0,0,0,0,0,0,2,0,0,0,0
2021-07,2021,N/A,E10010101,CARRERA DE MEDICINA HUMANA,Medicina Humana,Sin Partner (Propio),Presencial Regular,0,0,0,0,0,0,0,0,0,0,0,0,0,0,2,0,0,0,0
2021-08,2021,N/A,E10010101,CARRERA DE MEDICINA HUMANA,Medicina Humana,Sin Partner (Propio),Presencial Regular,0,0,0,0,0,0,0,0,0,0,0,0,0,0,2,0,0,0,0
2021-09,2021,N/A,E10010101,CARRERA DE MEDICINA HUMANA,Medicina Humana,Sin Partner (Propio),Presencial Regular,0,0,0,0,0,0,0,0,0,0,0,0,0,0,2,0,0,0,0
2021-10,2021,N/A,E10010101,CARRERA DE MEDICINA HUMANA,Medicina Humana,Sin Partner (Propio),Presencial Regular,0,0,0,0,0,0,0,0,0,0,0,0,0,0,2,0,0,0,0
2021-11,2021,N/A,E10010101,CARRERA DE MEDICINA HUMANA,Medicina Humana,Sin Partner (Propio),Presencial Regular,0,0,0,0,0,0,0,0,0,0,0,0,0,0,2,0,0,0,0
2021-12,2021,N/A,E10010101,CARRERA DE MEDICINA HUMANA,Medicina Humana,Sin Partner (Propio),Presencial Regular,0,0,0,0,0,0,0,0,0,0,0,0,0,0,2,0,0,0,0
2022-01,2022,N/A,E10010101,CARRERA DE MEDICINA HUMANA,Medicina Humana,Sin Partner (Propio),Presencial Regular,0,0,0,0,0,0,0,0,0,0,0,0,0,0,2,0,0,0,0
2022-02,2022,N/A,E10010101,CARRERA DE MEDICINA HUMANA,Medicina Humana,Sin Partner (Propio),Presencial Regular,0,0,0,0,0,0,0,0,0,0,0,0,0,0,2,0,0,0,0
2022-03,2022,N/A,E10010101,CARRERA DE MEDICINA HUMANA,Medicina Humana,Sin Partner (Propio),Presencial Regular,0,0,0,0,0,0,0,0,0,0,0,0,0,0,2,0,0,0,0
2022-04,2022,N/A,E10010101,CARRERA DE MEDICINA HUMANA,Medicina Humana,Sin Partner (Propio),Presencial Regular,0,0,0,0,0,0,0,0,0,0,0,0,0,0,2,0,0,0,0
2022-05,2022,N/A,E10010101,CARRERA DE MEDICINA HUMANA,Medicina Humana,Sin Partner (Propio),Presencial Regular,0,0,0,0,0,0,0,0,0,0,0,0,0,0,2,0,0,0,0
2022-06,2022,N/A,E10010101,CARRERA DE MEDICINA HUMANA,Medicina Humana,Sin Partner (Propio),Presencial Regular,0,0,0,0,0,0,0,0,0,0,0,0,0,0,2,0,0,0,0
2022-07,2022,N/A,E10010101,CARRERA DE MEDICINA HUMANA,Medicina Humana,Sin Partner (Propio),Presencial Regular,0,0,0,0,0,0,0,0,0,0,0,0,0,0,2,0,0,0,0
2022-08,2022,N/A,E10010101,CARRERA DE MEDICINA HUMANA,Medicina Humana,Sin Partner (Propio),Presencial Regular,0,0,0,0,0,0,0,0,0,0,0,0,0,0,2,0,0,0,0
2022-09,2022,N/A,E10010101,CARRERA DE MEDICINA HUMANA,Medicina Humana,Sin Partner (Propio),Presencial Regular,0,0,0,0,0,0,0,0,0,0,0,0,0,0,2,0,0,0,0
2022-10,2022,N/A,E10010101,CARRERA DE MEDICINA HUMANA,Medicina Humana,Sin Partner (Propio),Presencial Regular,0,0,0,0,0,0,0,0,0,0,0,0,0,0,2,0,0,0,0
2022-11,2022,N/A,E10010101,CARRERA DE MEDICINA HUMANA,Medicina Humana,Sin Partner (Propio),Presencial Regular,0,0,0,0,0,0,0,0,0,0,0,0,0,0,2,0,0,0,0
2022-12,2022,N/A,E10010101,CARRERA DE MEDICINA HUMANA,Medicina Humana,Sin Partner (Propio),Presencial Regular,0,0,0,0,0,0,0,0,0,0,0,0,0,0,2,0,0,0,0
2023-01,2023,N/A,E10010101,CARRERA DE MEDICINA HUMANA,Medicina Humana,Sin Partner (Propio),Presencial Regular,0,0,0,0,0,0,0,0,0,0,0,0,0,0,2,0,0,0,0
2023-02,2023,N/A,E10010101,CARRERA DE MEDICINA HUMANA,Medicina Humana,Sin Partner (Propio),Presencial Regular,0,0,0,0,0,0,0,0,0,0,0,0,0,0,2,0,0,0,0
2023-03,2023,N/A,E10010101,CARRERA DE MEDICINA HUMANA,Medicina Humana,Sin Partner (Propio),Presencial Regular,0,0,0,0,0,0,0,0,0,0,0,0,0,0,2,0,0,0,0
2023-04,2023,N/A,E10010101,CARRERA DE MEDICINA HUMANA,Medicina Humana,Sin Partner (Propio),Presencial Regular,0,0,0,0,0,0,0,0,0,0,0,0,0,0,2,0,0,0,0
2023-05,2023,N/A,E10010101,CARRERA DE MEDICINA HUMANA,Medicina Humana,Sin Partner (Propio),Presencial Regular,0,0,0,0,0,0,0,0,0,0,0,0,0,0,2,0,0,0,0
2023-06,2023,N/A,E10010101,CARRERA DE MEDICINA HUMANA,Medicina Humana,Sin Partner (Propio),Presencial Regular,0,0,0,0,0,0,0,0,0,0,0,0,0,0,2,0,0,0,0
2023-07,2023,N/A,E10010101,CARRERA DE MEDICINA HUMANA,Medicina Humana,Sin Partner (Propio),Presencial Regular,0,0,0,0,0,0,0,0,0,0,0,0,0,0,2,0,0,0,0
2023-08,2023,N/A,E10010101,CARRERA DE MEDICINA HUMANA,Medicina Humana,Sin Partner (Propio),Presencial Regular,0,0,0,0,0,0,0,0,0,0,0,0,0,0,2,0,0,0,0
2023-09,2023,N/A,E10010101,CARRERA DE MEDICINA HUMANA,Medicina Humana,Sin Partner (Propio),Presencial Regular,0,0,0,0,0,0,0,0,0,0,0,0,0,0,2,0,0,0,0
2023-10,2023,N/A,E10010101,CARRERA DE MEDICINA HUMANA,Medicina Humana,Sin Partner (Propio),Presencial Regular,0,0,0,0,0,0,0,0,0,0,0,0,0,0,2,0,0,0,0
2023-11,2023,N/A,E10010101,CARRERA DE MEDICINA HUMANA,Medicina Humana,Sin Partner (Propio),Presencial Regular,0,0,0,0,0,0,0,0,0,0,0,0,0,0,2,0,0,0,0
2023-12,2023,N/A,E10010101,CARRERA DE MEDICINA HUMANA,Medicina Humana,Sin Partner (Propio),Presencial Regular,0,0,0,0,0,0,0,0,0,0,0,0,0,0,2,0,0,0,0
2024-01,2024,N/A,E10010101,CARRERA DE MEDICINA HUMANA,Medicina Humana,Sin Partner (Propio),Presencial Regular,0,0,0,0,0,0,0,0,0,0,0,0,0,0,2,0,0,0,0
2024-02,2024,N/A,E10010101,CARRERA DE MEDICINA HUMANA,Medicina Humana,Sin Partner (Propio),Presencial Regular,0,0,0,0,0,0,0,0,0,0,0,0,0,0,2,0,0,0,0
2024-03,2024,N/A,E10010101,CARRERA DE MEDICINA HUMANA,Medicina Humana,Sin Partner (Propio),Presencial Regular,0,0,0,0,0,0,0,0,0,0,0,0,0,0,2,0,0,0,0
2024-04,2024,N/A,E10010101,CARRERA DE MEDICINA HUMANA,Medicina Humana,Sin Partner (Propio),Presencial Regular,0,0,0,0,0,0,0,0,0,0,0,0,0,0,2,0,0,0,0
2024-05,2024,N/A,E10010101,CARRERA DE MEDICINA HUMANA,Medicina Humana,Sin Partner (Propio),Presencial Regular,0,0,0,0,0,0,0,0,0,0,0,0,0,0,2,0,0,0,0
2024-06,2024,N/A,E10010101,CARRERA DE MEDICINA HUMANA,Medicina Humana,Sin Partner (Propio),Presencial Regular,0,0,0,0,0,0,0,0,0,0,0,0,0,0,2,0,0,0,0
2024-07,2024,N/A,E10010101,CARRERA DE MEDICINA HUMANA,Medicina Humana,Sin Partner (Propio),Presencial Regular,0,0,0,0,0,0,0,0,0,0,0,0,0,0,2,0,0,0,0
2024-08,2024,N/A,E10010101,CARRERA DE MEDICINA HUMANA,Medicina Humana,Sin Partner (Propio),Presencial Regular,0,0,0,0,0,0,0,0,0,0,0,0,0,0,2,0,0,0,0
2024-09,2024,N/A,E10010101,CARRERA DE MEDICINA HUMANA,Medicina Humana,Sin Partner (Propio),Presencial Regular,0,0,0,0,0,0,0,0,0,0,0,0,0,0,2,0,0,0,0
2024-10,2024,N/A,E10010101,CARRERA DE MEDICINA HUMANA,Medicina Humana,Sin Partner (Propio),Presencial Regular,0,0,0,0,0,0,0,0,0,0,0,0,0,0,2,0,0,0,0
2024-11,2024,N/A,E10010101,CARRERA DE MEDICINA HUMANA,Medicina Humana,Sin Partner (Propio),Presencial Regular,0,0,0,0,0,0,0,0,0,0,0,0,0,0,2,0,0,0,0
2024-12,2024,N/A,E10010101,CARRERA DE MEDICINA HUMANA,Medicina Humana,Sin Partner (Propio),Presencial Regular,0,0,0,0,0,0,0,0,0,0,0,0,0,0,2,0,0,0,0
2025-01,2025,N/A,E10010101,CARRERA DE MEDICINA HUMANA,Medicina Humana,Sin Partner (Propio),Presencial Regular,0,0,0,0,0,0,0,0,0,0,0,0,0,0,2,0,0,0,0
2025-02,2025,N/A,E10010101,CARRERA DE MEDICINA HUMANA,Medicina Humana,Sin Partner (Propio),Presencial Regular,0,0,0,0,0,0,0,0,0,0,0,0,0,0,2,0,0,0,0
2025-03,2025,N/A,E10010101,CARRERA DE MEDICINA HUMANA,Medicina Humana,Sin Partner (Propio),Presencial Regular,0,0,0,0,0,0,0,0,0,0,0,0,0,0,2,0,0,0,0
2025-04,2025,N/A,E10010101,CARRERA DE MEDICINA HUMANA,Medicina Humana,Sin Partner (Propio),Presencial Regular,0,0,0,0,0,0,0,0,0,0,0,0,0,0,2,0,0,0,0
2025-05,2025,N/A,E10010101,CARRERA DE MEDICINA HUMANA,Medicina Humana,Sin Partner (Propio),Presencial Regular,0,0,0,0,0,0,0,0,0,0,0,0,0,0,2,0,0,0,0
2025-06,2025,N/A,E10010101,CARRERA DE MEDICINA HUMANA,Medicina Humana,Sin Partner (Propio),Presencial Regular,0,0,0,0,0,0,0,0,0,0,0,0,0,0,2,0,0,0,0
2025-07,2025,N/A,E10010101,CARRERA DE MEDICINA HUMANA,Medicina Humana,Sin Partner (Propio),Presencial Regular,0,0,0,0,0,0,0,0,0,0,0,0,0,0,2,0,0,0,0
2025-08,2025,N/A,E10010101,CARRERA DE MEDICINA HUMANA,Medicina Humana,Sin Partner (Propio),Presencial Regular,0,0,0,0,0,0,0,0,0,0,0,0,0,0,2,0,0,0,0
2025-09,2025,N/A,E10010101,CARRERA DE MEDICINA HUMANA,Medicina Humana,Sin Partner (Propio),Presencial Regular,0,0,0,0,0,0,0,0,0,0,0,0,0,0,2,0,0,0,0
2025-10,2025,N/A,E10010101,CARRERA DE MEDICINA HUMANA,Medicina Humana,Sin Partner (Propio),Presencial Regular,0,0,0,0,0,0,0,0,0,0,0,0,0,0,2,0,0,0,0
2025-11,2025,N/A,E10010101,CARRERA DE MEDICINA HUMANA,Medicina Humana,Sin Partner (Propio),Presencial Regular,0,0,0,0,0,0,0,0,0,0,0,0,0,0,2,0,0,0,0
2025-12,2025,N/A,E10010101,CARRERA DE MEDICINA HUMANA,Medicina Humana,Sin Partner (Propio),Presencial Regular,0,0,0,0,0,0,0,0,0,0,0,0,0,0,2,0,0,0,0
2026-01,2026,N/A,E10010101,CARRERA DE MEDICINA HUMANA,Medicina Humana,Sin Partner (Propio),Presencial Regular,0,0,0,0,0,0,0,0,0,0,0,0,0,0,2,0,0,0,0
2026-02,2026,N/A,E10010101,CARRERA DE MEDICINA HUMANA,Medicina Humana,Sin Partner (Propio),Presencial Regular,0,0,0,0,0,0,0,0,0,0,0,0,0,0,2,0,0,0,0
2026-03,2026,N/A,E10010101,CARRERA DE MEDICINA HUMANA,Medicina Humana,Sin Partner (Propio),Presencial Regular,0,0,0,0,0,0,0,0,0,0,0,0,0,0,2,0,0,0,0
2026-04,2026,N/A,E10010101,CARRERA DE MEDICINA HUMANA,Medicina Humana,Sin Partner (Propio),Presencial Regular,0,0,0,0,0,0,0,0,0,0,0,0,0,0,2,0,0,0,0
2026-05,2026,N/A,E10010101,CARRERA DE MEDICINA HUMANA,Medicina Humana,Sin Partner (Propio),Presencial Regular,0,0,0,0,0,0,0,0,0,0,0,0,0,0,2,0,0,0,0
2026-06,2026,N/A,E10010101,CARRERA DE MEDICINA HUMANA,Medicina Humana,Sin Partner (Propio),Presencial Regular,0,0,0,0,0,0,0,0,0,0,0,0,0,0,2,0,0,0,0
2020-03,2020,Marzo,E02050501,CARRERA DE GESTION DE RECURSOS HUMANOS ,CC. Administrativas y RRHH,Sin Partner (Propio),Presencial Regular,0,1,0,0,0,0,0,0,0,0,0,0,0,0,0,0,0,1,1
2020-04,2020,Abril,E02050501,CARRERA DE GESTION DE RECURSOS HUMANOS ,CC. Administrativas y RRHH,Sin Partner (Propio),Presencial Regular,0,0,0,0,1,1,0,0,0,0,0,0,0,0,0,1,0,1,1
2020-05,2020,Mayo,E02050501,CARRERA DE GESTION DE RECURSOS HUMANOS ,CC. Administrativas y RRHH,Sin Partner (Propio),Presencial Regular,0,0,0,0,1,1,0,0,0,0,0,0,0,0,0,1,0,1,1
2020-06,2020,Junio,E02050501,CARRERA DE GESTION DE RECURSOS HUMANOS ,CC. Administrativas y RRHH,Sin Partner (Propio),Presencial Regular,0,0,0,0,1,1,0,0,0,0,0,0,0,0,0,1,0,1,1
2020-07,2020,Julio,E02050501,CARRERA DE GESTION DE RECURSOS HUMANOS ,CC. Administrativas y RRHH,Sin Partner (Propio),Presencial Regular,0,1,0,0,1,1,0,0,0,0,0,0,0,0,0,1,0,2,2
2020-08,2020,Agosto,E02050501,CARRERA DE GESTION DE RECURSOS HUMANOS ,CC. Administrativas y RRHH,Sin Partner (Propio),Presencial Regular,0,0,0,0,2,2,0,0,0,0,0,0,0,0,0,2,0,2,2
2020-09,2020,Setiembre,E02050501,CARRERA DE GESTION DE RECURSOS HUMANOS ,CC. Administrativas y RRHH,Sin Partner (Propio),Presencial Regular,0,0,0,0,1,1,0,0,0,0,1,0,0,0,0,1,0,1,1
2020-10,2020,Octubre,E02050501,CARRERA DE GESTION DE RECURSOS HUMANOS ,CC. Administrativas y RRHH,Sin Partner (Propio),Presencial Regular,0,1,0,0,1,1,0,0,0,0,0,1,0,0,0,1,0,2,2
2020-11,2020,N/A,E02050501,CARRERA DE GESTION DE RECURSOS HUMANOS ,CC. Administrativas y RRHH,Sin Partner (Propio),Presencial Regular,0,0,0,0,0,0,0,0,0,0,2,0,1,0,0,0,0,0,0
2020-12,2020,Diciembre,E02050501,CARRERA DE GESTION DE RECURSOS HUMANOS ,CC. Administrativas y RRHH,Sin Partner (Propio),Presencial Regular,0,0,0,0,1,0,1,1,0,0,0,1,0,0,0,1,0,2,2
2021-01,2021,Enero,E02050501,CARRERA DE GESTION DE RECURSOS HUMANOS ,CC. Administrativas y RRHH,Sin Partner (Propio),Presencial Regular,0,0,0,0,2,2,0,0,0,0,0,0,1,0,0,2,0,2,2
2021-02,2021,Febrero,E02050501,CARRERA DE GESTION DE RECURSOS HUMANOS ,CC. Administrativas y RRHH,Sin Partner (Propio),Presencial Regular,0,0,0,0,2,2,0,0,0,0,0,0,1,0,0,2,0,2,2
2021-03,2021,Marzo,E02050501,CARRERA DE GESTION DE RECURSOS HUMANOS ,CC. Administrativas y RRHH,Sin Partner (Propio),Presencial Regular,0,0,0,0,2,2,0,0,0,0,0,0,1,0,0,2,0,2,2
2021-04,2021,N/A,E02050501,CARRERA DE GESTION DE RECURSOS HUMANOS ,CC. Administrativas y RRHH,Sin Partner (Propio),Presencial Regular,0,0,0,0,0,0,0,0,0,0,2,0,1,0,0,0,0,0,0
2021-05,2021,Mayo,E02050501,CARRERA DE GESTION DE RECURSOS HUMANOS ,CC. Administrativas y RRHH,Sin Partner (Propio),Presencial Regular,0,0,0,0,2,0,2,0,0,0,0,0,0,1,0,2,0,2,2
2021-06,2021,Junio,E02050501,CARRERA DE GESTION DE RECURSOS HUMANOS ,CC. Administrativas y RRHH,Sin Partner (Propio),Presencial Regular,0,0,0,0,2,2,0,0,0,0,0,0,0,1,0,2,0,2,2
2021-07,2021,N/A,E02050501,CARRERA DE GESTION DE RECURSOS HUMANOS ,CC. Administrativas y RRHH,Sin Partner (Propio),Presencial Regular,0,0,0,0,0,0,0,0,0,0,2,0,0,1,0,0,0,0,0
2021-08,2021,N/A,E02050501,CARRERA DE GESTION DE RECURSOS HUMANOS ,CC. Administrativas y RRHH,Sin Partner (Propio),Presencial Regular,0,0,0,0,0,0,0,0,0,0,0,2,0,1,0,0,0,0,0
2021-09,2021,N/A,E02050501,CARRERA DE GESTION DE RECURSOS HUMANOS ,CC. Administrativas y RRHH,Sin Partner (Propio),Presencial Regular,0,0,0,0,0,0,0,0,0,0,0,0,2,1,0,0,0,0,0
2021-10,2021,N/A,E02050501,CARRERA DE GESTION DE RECURSOS HUMANOS ,CC. Administrativas y RRHH,Sin Partner (Propio),Presencial Regular,0,0,0,0,0,0,0,0,0,0,0,0,2,1,0,0,0,0,0
2021-11,2021,N/A,E02050501,CARRERA DE GESTION DE RECURSOS HUMANOS ,CC. Administrativas y RRHH,Sin Partner (Propio),Presencial Regular,0,0,0,0,0,0,0,0,0,0,0,0,2,0,1,0,0,0,0
2021-12,2021,N/A,E02050501,CARRERA DE GESTION DE RECURSOS HUMANOS ,CC. Administrativas y RRHH,Sin Partner (Propio),Presencial Regular,0,0,0,0,0,0,0,0,0,0,0,0,2,0,1,0,0,0,0
2022-01,2022,N/A,E02050501,CARRERA DE GESTION DE RECURSOS HUMANOS ,CC. Administrativas y RRHH,Sin Partner (Propio),Presencial Regular,0,0,0,0,0,0,0,0,0,0,0,0,0,2,1,0,0,0,0
2022-02,2022,N/A,E02050501,CARRERA DE GESTION DE RECURSOS HUMANOS ,CC. Administrativas y RRHH,Sin Partner (Propio),Presencial Regular,0,0,0,0,0,0,0,0,0,0,0,0,0,2,1,0,0,0,0
2022-03,2022,N/A,E02050501,CARRERA DE GESTION DE RECURSOS HUMANOS ,CC. Administrativas y RRHH,Sin Partner (Propio),Presencial Regular,0,0,0,0,0,0,0,0,0,0,0,0,0,2,1,0,0,0,0
2022-04,2022,N/A,E02050501,CARRERA DE GESTION DE RECURSOS HUMANOS ,CC. Administrativas y RRHH,Sin Partner (Propio),Presencial Regular,0,0,0,0,0,0,0,0,0,0,0,0,0,2,1,0,0,0,0
2022-05,2022,N/A,E02050501,CARRERA DE GESTION DE RECURSOS HUMANOS ,CC. Administrativas y RRHH,Sin Partner (Propio),Presencial Regular,0,0,0,0,0,0,0,0,0,0,0,0,0,2,1,0,0,0,0
2022-06,2022,N/A,E02050501,CARRERA DE GESTION DE RECURSOS HUMANOS ,CC. Administrativas y RRHH,Sin Partner (Propio),Presencial Regular,0,0,0,0,0,0,0,0,0,0,0,0,0,2,1,0,0,0,0
2022-07,2022,N/A,E02050501,CARRERA DE GESTION DE RECURSOS HUMANOS ,CC. Administrativas y RRHH,Sin Partner (Propio),Presencial Regular,0,0,0,0,0,0,0,0,0,0,0,0,0,0,3,0,0,0,0
2022-08,2022,N/A,E02050501,CARRERA DE GESTION DE RECURSOS HUMANOS ,CC. Administrativas y RRHH,Sin Partner (Propio),Presencial Regular,0,0,0,0,0,0,0,0,0,0,0,0,0,0,3,0,0,0,0
2022-09,2022,N/A,E02050501,CARRERA DE GESTION DE RECURSOS HUMANOS ,CC. Administrativas y RRHH,Sin Partner (Propio),Presencial Regular,0,0,0,0,0,0,0,0,0,0,0,0,0,0,3,0,0,0,0
2022-10,2022,N/A,E02050501,CARRERA DE GESTION DE RECURSOS HUMANOS ,CC. Administrativas y RRHH,Sin Partner (Propio),Presencial Regular,0,0,0,0,0,0,0,0,0,0,0,0,0,0,3,0,0,0,0
2022-11,2022,N/A,E02050501,CARRERA DE GESTION DE RECURSOS HUMANOS ,CC. Administrativas y RRHH,Sin Partner (Propio),Presencial Regular,0,0,0,0,0,0,0,0,0,0,0,0,0,0,3,0,0,0,0
2022-12,2022,N/A,E02050501,CARRERA DE GESTION DE RECURSOS HUMANOS ,CC. Administrativas y RRHH,Sin Partner (Propio),Presencial Regular,0,0,0,0,0,0,0,0,0,0,0,0,0,0,3,0,0,0,0
2023-01,2023,N/A,E02050501,CARRERA DE GESTION DE RECURSOS HUMANOS ,CC. Administrativas y RRHH,Sin Partner (Propio),Presencial Regular,0,0,0,0,0,0,0,0,0,0,0,0,0,0,3,0,0,0,0
2023-02,2023,N/A,E02050501,CARRERA DE GESTION DE RECURSOS HUMANOS ,CC. Administrativas y RRHH,Sin Partner (Propio),Presencial Regular,0,0,0,0,0,0,0,0,0,0,0,0,0,0,3,0,0,0,0
2023-03,2023,N/A,E02050501,CARRERA DE GESTION DE RECURSOS HUMANOS ,CC. Administrativas y RRHH,Sin Partner (Propio),Presencial Regular,0,0,0,0,0,0,0,0,0,0,0,0,0,0,3,0,0,0,0
2023-04,2023,N/A,E02050501,CARRERA DE GESTION DE RECURSOS HUMANOS ,CC. Administrativas y RRHH,Sin Partner (Propio),Presencial Regular,0,0,0,0,0,0,0,0,0,0,0,0,0,0,3,0,0,0,0
2023-05,2023,N/A,E02050501,CARRERA DE GESTION DE RECURSOS HUMANOS ,CC. Administrativas y RRHH,Sin Partner (Propio),Presencial Regular,0,0,0,0,0,0,0,0,0,0,0,0,0,0,3,0,0,0,0
2023-06,2023,N/A,E02050501,CARRERA DE GESTION DE RECURSOS HUMANOS ,CC. Administrativas y RRHH,Sin Partner (Propio),Presencial Regular,0,0,0,0,0,0,0,0,0,0,0,0,0,0,3,0,0,0,0
2023-07,2023,N/A,E02050501,CARRERA DE GESTION DE RECURSOS HUMANOS ,CC. Administrativas y RRHH,Sin Partner (Propio),Presencial Regular,0,0,0,0,0,0,0,0,0,0,0,0,0,0,3,0,0,0,0
2023-08,2023,N/A,E02050501,CARRERA DE GESTION DE RECURSOS HUMANOS ,CC. Administrativas y RRHH,Sin Partner (Propio),Presencial Regular,0,0,0,0,0,0,0,0,0,0,0,0,0,0,3,0,0,0,0
2023-09,2023,N/A,E02050501,CARRERA DE GESTION DE RECURSOS HUMANOS ,CC. Administrativas y RRHH,Sin Partner (Propio),Presencial Regular,0,0,0,0,0,0,0,0,0,0,0,0,0,0,3,0,0,0,0
2023-10,2023,N/A,E02050501,CARRERA DE GESTION DE RECURSOS HUMANOS ,CC. Administrativas y RRHH,Sin Partner (Propio),Presencial Regular,0,0,0,0,0,0,0,0,0,0,0,0,0,0,3,0,0,0,0
2023-11,2023,N/A,E02050501,CARRERA DE GESTION DE RECURSOS HUMANOS ,CC. Administrativas y RRHH,Sin Partner (Propio),Presencial Regular,0,0,0,0,0,0,0,0,0,0,0,0,0,0,3,0,0,0,0
2023-12,2023,N/A,E02050501,CARRERA DE GESTION DE RECURSOS HUMANOS ,CC. Administrativas y RRHH,Sin Partner (Propio),Presencial Regular,0,0,0,0,0,0,0,0,0,0,0,0,0,0,3,0,0,0,0
2024-01,2024,N/A,E02050501,CARRERA DE GESTION DE RECURSOS HUMANOS ,CC. Administrativas y RRHH,Sin Partner (Propio),Presencial Regular,0,0,0,0,0,0,0,0,0,0,0,0,0,0,3,0,0,0,0
2024-02,2024,N/A,E02050501,CARRERA DE GESTION DE RECURSOS HUMANOS ,CC. Administrativas y RRHH,Sin Partner (Propio),Presencial Regular,0,0,0,0,0,0,0,0,0,0,0,0,0,0,3,0,0,0,0
2024-03,2024,N/A,E02050501,CARRERA DE GESTION DE RECURSOS HUMANOS ,CC. Administrativas y RRHH,Sin Partner (Propio),Presencial Regular,0,0,0,0,0,0,0,0,0,0,0,0,0,0,3,0,0,0,0
2024-04,2024,N/A,E02050501,CARRERA DE GESTION DE RECURSOS HUMANOS ,CC. Administrativas y RRHH,Sin Partner (Propio),Presencial Regular,0,0,0,0,0,0,0,0,0,0,0,0,0,0,3,0,0,0,0
2024-05,2024,N/A,E02050501,CARRERA DE GESTION DE RECURSOS HUMANOS ,CC. Administrativas y RRHH,Sin Partner (Propio),Presencial Regular,0,0,0,0,0,0,0,0,0,0,0,0,0,0,3,0,0,0,0
2024-06,2024,N/A,E02050501,CARRERA DE GESTION DE RECURSOS HUMANOS ,CC. Administrativas y RRHH,Sin Partner (Propio),Presencial Regular,0,0,0,0,0,0,0,0,0,0,0,0,0,0,3,0,0,0,0
2024-07,2024,N/A,E02050501,CARRERA DE GESTION DE RECURSOS HUMANOS ,CC. Administrativas y RRHH,Sin Partner (Propio),Presencial Regular,0,0,0,0,0,0,0,0,0,0,0,0,0,0,3,0,0,0,0
2024-08,2024,N/A,E02050501,CARRERA DE GESTION DE RECURSOS HUMANOS ,CC. Administrativas y RRHH,Sin Partner (Propio),Presencial Regular,0,0,0,0,0,0,0,0,0,0,0,0,0,0,3,0,0,0,0
2024-09,2024,N/A,E02050501,CARRERA DE GESTION DE RECURSOS HUMANOS ,CC. Administrativas y RRHH,Sin Partner (Propio),Presencial Regular,0,0,0,0,0,0,0,0,0,0,0,0,0,0,3,0,0,0,0
2024-10,2024,N/A,E02050501,CARRERA DE GESTION DE RECURSOS HUMANOS ,CC. Administrativas y RRHH,Sin Partner (Propio),Presencial Regular,0,0,0,0,0,0,0,0,0,0,0,0,0,0,3,0,0,0,0
2024-11,2024,N/A,E02050501,CARRERA DE GESTION DE RECURSOS HUMANOS ,CC. Administrativas y RRHH,Sin Partner (Propio),Presencial Regular,0,0,0,0,0,0,0,0,0,0,0,0,0,0,3,0,0,0,0
2024-12,2024,N/A,E02050501,CARRERA DE GESTION DE RECURSOS HUMANOS ,CC. Administrativas y RRHH,Sin Partner (Propio),Presencial Regular,0,0,0,0,0,0,0,0,0,0,0,0,0,0,3,0,0,0,0
2025-01,2025,N/A,E02050501,CARRERA DE GESTION DE RECURSOS HUMANOS ,CC. Administrativas y RRHH,Sin Partner (Propio),Presencial Regular,0,0,0,0,0,0,0,0,0,0,0,0,0,0,3,0,0,0,0
2025-02,2025,N/A,E02050501,CARRERA DE GESTION DE RECURSOS HUMANOS ,CC. Administrativas y RRHH,Sin Partner (Propio),Presencial Regular,0,0,0,0,0,0,0,0,0,0,0,0,0,0,3,0,0,0,0
2025-03,2025,N/A,E02050501,CARRERA DE GESTION DE RECURSOS HUMANOS ,CC. Administrativas y RRHH,Sin Partner (Propio),Presencial Regular,0,0,0,0,0,0,0,0,0,0,0,0,0,0,3,0,0,0,0
2025-04,2025,N/A,E02050501,CARRERA DE GESTION DE RECURSOS HUMANOS ,CC. Administrativas y RRHH,Sin Partner (Propio),Presencial Regular,0,0,0,0,0,0,0,0,0,0,0,0,0,0,3,0,0,0,0
2025-05,2025,N/A,E02050501,CARRERA DE GESTION DE RECURSOS HUMANOS ,CC. Administrativas y RRHH,Sin Partner (Propio),Presencial Regular,0,0,0,0,0,0,0,0,0,0,0,0,0,0,3,0,0,0,0
2025-06,2025,N/A,E02050501,CARRERA DE GESTION DE RECURSOS HUMANOS ,CC. Administrativas y RRHH,Sin Partner (Propio),Presencial Regular,0,0,0,0,0,0,0,0,0,0,0,0,0,0,3,0,0,0,0
2025-07,2025,N/A,E02050501,CARRERA DE GESTION DE RECURSOS HUMANOS ,CC. Administrativas y RRHH,Sin Partner (Propio),Presencial Regular,0,0,0,0,0,0,0,0,0,0,0,0,0,0,3,0,0,0,0
2025-08,2025,N/A,E02050501,CARRERA DE GESTION DE RECURSOS HUMANOS ,CC. Administrativas y RRHH,Sin Partner (Propio),Presencial Regular,0,0,0,0,0,0,0,0,0,0,0,0,0,0,3,0,0,0,0
2025-09,2025,N/A,E02050501,CARRERA DE GESTION DE RECURSOS HUMANOS ,CC. Administrativas y RRHH,Sin Partner (Propio),Presencial Regular,0,0,0,0,0,0,0,0,0,0,0,0,0,0,3,0,0,0,0
2025-10,2025,N/A,E02050501,CARRERA DE GESTION DE RECURSOS HUMANOS ,CC. Administrativas y RRHH,Sin Partner (Propio),Presencial Regular,0,0,0,0,0,0,0,0,0,0,0,0,0,0,3,0,0,0,0
2025-11,2025,N/A,E02050501,CARRERA DE GESTION DE RECURSOS HUMANOS ,CC. Administrativas y RRHH,Sin Partner (Propio),Presencial Regular,0,0,0,0,0,0,0,0,0,0,0,0,0,0,3,0,0,0,0
2025-12,2025,N/A,E02050501,CARRERA DE GESTION DE RECURSOS HUMANOS ,CC. Administrativas y RRHH,Sin Partner (Propio),Presencial Regular,0,0,0,0,0,0,0,0,0,0,0,0,0,0,3,0,0,0,0
2026-01,2026,N/A,E02050501,CARRERA DE GESTION DE RECURSOS HUMANOS ,CC. Administrativas y RRHH,Sin Partner (Propio),Presencial Regular,0,0,0,0,0,0,0,0,0,0,0,0,0,0,3,0,0,0,0
2026-02,2026,N/A,E02050501,CARRERA DE GESTION DE RECURSOS HUMANOS ,CC. Administrativas y RRHH,Sin Partner (Propio),Presencial Regular,0,0,0,0,0,0,0,0,0,0,0,0,0,0,3,0,0,0,0
2026-03,2026,N/A,E02050501,CARRERA DE GESTION DE RECURSOS HUMANOS ,CC. Administrativas y RRHH,Sin Partner (Propio),Presencial Regular,0,0,0,0,0,0,0,0,0,0,0,0,0,0,3,0,0,0,0
2026-04,2026,N/A,E02050501,CARRERA DE GESTION DE RECURSOS HUMANOS ,CC. Administrativas y RRHH,Sin Partner (Propio),Presencial Regular,0,0,0,0,0,0,0,0,0,0,0,0,0,0,3,0,0,0,0
2026-05,2026,N/A,E02050501,CARRERA DE GESTION DE RECURSOS HUMANOS ,CC. Administrativas y RRHH,Sin Partner (Propio),Presencial Regular,0,0,0,0,0,0,0,0,0,0,0,0,0,0,3,0,0,0,0
2026-06,2026,N/A,E02050501,CARRERA DE GESTION DE RECURSOS HUMANOS ,CC. Administrativas y RRHH,Sin Partner (Propio),Presencial Regular,0,0,0,0,0,0,0,0,0,0,0,0,0,0,3,0,0,0,0
2020-06,2020,Junio,E02020201,CARRERA DE ADMINISTRACION DE NEGOCIOS INTERNACIONALES ,CC. Administrativas y RRHH,Sin Partner (Propio),Presencial Regular,0,1,0,0,0,0,0,0,0,0,0,0,0,0,0,0,0,1,1
2020-07,2020,Julio,E02020201,CARRERA DE ADMINISTRACION DE NEGOCIOS INTERNACIONALES ,CC. Administrativas y RRHH,Sin Partner (Propio),Presencial Regular,0,3,0,0,0,0,0,0,0,0,1,0,0,0,0,0,0,3,3
2020-08,2020,Agosto,E02020201,CARRERA DE ADMINISTRACION DE NEGOCIOS INTERNACIONALES ,CC. Administrativas y RRHH,Sin Partner (Propio),Presencial Regular,0,0,0,0,1,1,0,0,0,0,2,1,0,0,0,1,0,1,1
2020-09,2020,N/A,E02020201,CARRERA DE ADMINISTRACION DE NEGOCIOS INTERNACIONALES ,CC. Administrativas y RRHH,Sin Partner (Propio),Presencial Regular,0,0,0,0,0,0,0,0,0,0,1,2,1,0,0,0,0,0,0
2020-10,2020,N/A,E02020201,CARRERA DE ADMINISTRACION DE NEGOCIOS INTERNACIONALES ,CC. Administrativas y RRHH,Sin Partner (Propio),Presencial Regular,0,0,0,0,0,0,0,0,0,0,0,1,3,0,0,0,0,0,0
2020-11,2020,N/A,E02020201,CARRERA DE ADMINISTRACION DE NEGOCIOS INTERNACIONALES ,CC. Administrativas y RRHH,Sin Partner (Propio),Presencial Regular,0,0,0,0,0,0,0,0,0,0,0,0,4,0,0,0,0,0,0
2020-12,2020,N/A,E02020201,CARRERA DE ADMINISTRACION DE NEGOCIOS INTERNACIONALES ,CC. Administrativas y RRHH,Sin Partner (Propio),Presencial Regular,0,0,0,0,0,0,0,0,0,0,0,0,4,0,0,0,0,0,0
2021-01,2021,N/A,E02020201,CARRERA DE ADMINISTRACION DE NEGOCIOS INTERNACIONALES ,CC. Administrativas y RRHH,Sin Partner (Propio),Presencial Regular,0,0,0,0,0,0,0,0,0,0,0,0,3,1,0,0,0,0,0
2021-02,2021,N/A,E02020201,CARRERA DE ADMINISTRACION DE NEGOCIOS INTERNACIONALES ,CC. Administrativas y RRHH,Sin Partner (Propio),Presencial Regular,0,0,0,0,0,0,0,0,0,0,0,0,1,3,0,0,0,0,0
2021-03,2021,N/A,E02020201,CARRERA DE ADMINISTRACION DE NEGOCIOS INTERNACIONALES ,CC. Administrativas y RRHH,Sin Partner (Propio),Presencial Regular,0,0,0,0,0,0,0,0,0,0,0,0,0,4,0,0,0,0,0
2021-04,2021,N/A,E02020201,CARRERA DE ADMINISTRACION DE NEGOCIOS INTERNACIONALES ,CC. Administrativas y RRHH,Sin Partner (Propio),Presencial Regular,0,0,0,0,0,0,0,0,0,0,0,0,0,4,0,0,0,0,0
2021-05,2021,N/A,E02020201,CARRERA DE ADMINISTRACION DE NEGOCIOS INTERNACIONALES ,CC. Administrativas y RRHH,Sin Partner (Propio),Presencial Regular,0,0,0,0,0,0,0,0,0,0,0,0,0,4,0,0,0,0,0
2021-06,2021,N/A,E02020201,CARRERA DE ADMINISTRACION DE NEGOCIOS INTERNACIONALES ,CC. Administrativas y RRHH,Sin Partner (Propio),Presencial Regular,0,0,0,0,0,0,0,0,0,0,0,0,0,4,0,0,0,0,0
2021-07,2021,N/A,E02020201,CARRERA DE ADMINISTRACION DE NEGOCIOS INTERNACIONALES ,CC. Administrativas y RRHH,Sin Partner (Propio),Presencial Regular,0,0,0,0,0,0,0,0,0,0,0,0,0,3,1,0,0,0,0
2021-08,2021,N/A,E02020201,CARRERA DE ADMINISTRACION DE NEGOCIOS INTERNACIONALES ,CC. Administrativas y RRHH,Sin Partner (Propio),Presencial Regular,0,0,0,0,0,0,0,0,0,0,0,0,0,1,3,0,0,0,0
2021-09,2021,N/A,E02020201,CARRERA DE ADMINISTRACION DE NEGOCIOS INTERNACIONALES ,CC. Administrativas y RRHH,Sin Partner (Propio),Presencial Regular,0,0,0,0,0,0,0,0,0,0,0,0,0,0,4,0,0,0,0
2021-10,2021,N/A,E02020201,CARRERA DE ADMINISTRACION DE NEGOCIOS INTERNACIONALES ,CC. Administrativas y RRHH,Sin Partner (Propio),Presencial Regular,0,0,0,0,0,0,0,0,0,0,0,0,0,0,4,0,0,0,0
2021-11,2021,N/A,E02020201,CARRERA DE ADMINISTRACION DE NEGOCIOS INTERNACIONALES ,CC. Administrativas y RRHH,Sin Partner (Propio),Presencial Regular,0,0,0,0,0,0,0,0,0,0,0,0,0,0,4,0,0,0,0
2021-12,2021,N/A,E02020201,CARRERA DE ADMINISTRACION DE NEGOCIOS INTERNACIONALES ,CC. Administrativas y RRHH,Sin Partner (Propio),Presencial Regular,0,0,0,0,0,0,0,0,0,0,0,0,0,0,4,0,0,0,0
2022-01,2022,N/A,E02020201,CARRERA DE ADMINISTRACION DE NEGOCIOS INTERNACIONALES ,CC. Administrativas y RRHH,Sin Partner (Propio),Presencial Regular,0,0,0,0,0,0,0,0,0,0,0,0,0,0,4,0,0,0,0
2022-02,2022,N/A,E02020201,CARRERA DE ADMINISTRACION DE NEGOCIOS INTERNACIONALES ,CC. Administrativas y RRHH,Sin Partner (Propio),Presencial Regular,0,0,0,0,0,0,0,0,0,0,0,0,0,0,4,0,0,0,0
2022-03,2022,N/A,E02020201,CARRERA DE ADMINISTRACION DE NEGOCIOS INTERNACIONALES ,CC. Administrativas y RRHH,Sin Partner (Propio),Presencial Regular,0,0,0,0,0,0,0,0,0,0,0,0,0,0,4,0,0,0,0
2022-04,2022,N/A,E02020201,CARRERA DE ADMINISTRACION DE NEGOCIOS INTERNACIONALES ,CC. Administrativas y RRHH,Sin Partner (Propio),Presencial Regular,0,0,0,0,0,0,0,0,0,0,0,0,0,0,4,0,0,0,0
2022-05,2022,N/A,E02020201,CARRERA DE ADMINISTRACION DE NEGOCIOS INTERNACIONALES ,CC. Administrativas y RRHH,Sin Partner (Propio),Presencial Regular,0,0,0,0,0,0,0,0,0,0,0,0,0,0,4,0,0,0,0
2022-06,2022,N/A,E02020201,CARRERA DE ADMINISTRACION DE NEGOCIOS INTERNACIONALES ,CC. Administrativas y RRHH,Sin Partner (Propio),Presencial Regular,0,0,0,0,0,0,0,0,0,0,0,0,0,0,4,0,0,0,0
2022-07,2022,N/A,E02020201,CARRERA DE ADMINISTRACION DE NEGOCIOS INTERNACIONALES ,CC. Administrativas y RRHH,Sin Partner (Propio),Presencial Regular,0,0,0,0,0,0,0,0,0,0,0,0,0,0,4,0,0,0,0
2022-08,2022,N/A,E02020201,CARRERA DE ADMINISTRACION DE NEGOCIOS INTERNACIONALES ,CC. Administrativas y RRHH,Sin Partner (Propio),Presencial Regular,0,0,0,0,0,0,0,0,0,0,0,0,0,0,4,0,0,0,0
2022-09,2022,N/A,E02020201,CARRERA DE ADMINISTRACION DE NEGOCIOS INTERNACIONALES ,CC. Administrativas y RRHH,Sin Partner (Propio),Presencial Regular,0,0,0,0,0,0,0,0,0,0,0,0,0,0,4,0,0,0,0
2022-10,2022,N/A,E02020201,CARRERA DE ADMINISTRACION DE NEGOCIOS INTERNACIONALES ,CC. Administrativas y RRHH,Sin Partner (Propio),Presencial Regular,0,0,0,0,0,0,0,0,0,0,0,0,0,0,4,0,0,0,0
2022-11,2022,N/A,E02020201,CARRERA DE ADMINISTRACION DE NEGOCIOS INTERNACIONALES ,CC. Administrativas y RRHH,Sin Partner (Propio),Presencial Regular,0,0,0,0,0,0,0,0,0,0,0,0,0,0,4,0,0,0,0
2022-12,2022,N/A,E02020201,CARRERA DE ADMINISTRACION DE NEGOCIOS INTERNACIONALES ,CC. Administrativas y RRHH,Sin Partner (Propio),Presencial Regular,0,0,0,0,0,0,0,0,0,0,0,0,0,0,4,0,0,0,0
2023-01,2023,N/A,E02020201,CARRERA DE ADMINISTRACION DE NEGOCIOS INTERNACIONALES ,CC. Administrativas y RRHH,Sin Partner (Propio),Presencial Regular,0,0,0,0,0,0,0,0,0,0,0,0,0,0,4,0,0,0,0
2023-02,2023,N/A,E02020201,CARRERA DE ADMINISTRACION DE NEGOCIOS INTERNACIONALES ,CC. Administrativas y RRHH,Sin Partner (Propio),Presencial Regular,0,0,0,0,0,0,0,0,0,0,0,0,0,0,4,0,0,0,0
2023-03,2023,N/A,E02020201,CARRERA DE ADMINISTRACION DE NEGOCIOS INTERNACIONALES ,CC. Administrativas y RRHH,Sin Partner (Propio),Presencial Regular,0,0,0,0,0,0,0,0,0,0,0,0,0,0,4,0,0,0,0
2023-04,2023,N/A,E02020201,CARRERA DE ADMINISTRACION DE NEGOCIOS INTERNACIONALES ,CC. Administrativas y RRHH,Sin Partner (Propio),Presencial Regular,0,0,0,0,0,0,0,0,0,0,0,0,0,0,4,0,0,0,0
2023-05,2023,N/A,E02020201,CARRERA DE ADMINISTRACION DE NEGOCIOS INTERNACIONALES ,CC. Administrativas y RRHH,Sin Partner (Propio),Presencial Regular,0,0,0,0,0,0,0,0,0,0,0,0,0,0,4,0,0,0,0
2023-06,2023,N/A,E02020201,CARRERA DE ADMINISTRACION DE NEGOCIOS INTERNACIONALES ,CC. Administrativas y RRHH,Sin Partner (Propio),Presencial Regular,0,0,0,0,0,0,0,0,0,0,0,0,0,0,4,0,0,0,0
2023-07,2023,N/A,E02020201,CARRERA DE ADMINISTRACION DE NEGOCIOS INTERNACIONALES ,CC. Administrativas y RRHH,Sin Partner (Propio),Presencial Regular,0,0,0,0,0,0,0,0,0,0,0,0,0,0,4,0,0,0,0
2023-08,2023,N/A,E02020201,CARRERA DE ADMINISTRACION DE NEGOCIOS INTERNACIONALES ,CC. Administrativas y RRHH,Sin Partner (Propio),Presencial Regular,0,0,0,0,0,0,0,0,0,0,0,0,0,0,4,0,0,0,0
2023-09,2023,N/A,E02020201,CARRERA DE ADMINISTRACION DE NEGOCIOS INTERNACIONALES ,CC. Administrativas y RRHH,Sin Partner (Propio),Presencial Regular,0,0,0,0,0,0,0,0,0,0,0,0,0,0,4,0,0,0,0
2023-10,2023,N/A,E02020201,CARRERA DE ADMINISTRACION DE NEGOCIOS INTERNACIONALES ,CC. Administrativas y RRHH,Sin Partner (Propio),Presencial Regular,0,0,0,0,0,0,0,0,0,0,0,0,0,0,4,0,0,0,0
2023-11,2023,N/A,E02020201,CARRERA DE ADMINISTRACION DE NEGOCIOS INTERNACIONALES ,CC. Administrativas y RRHH,Sin Partner (Propio),Presencial Regular,0,0,0,0,0,0,0,0,0,0,0,0,0,0,4,0,0,0,0
2023-12,2023,N/A,E02020201,CARRERA DE ADMINISTRACION DE NEGOCIOS INTERNACIONALES ,CC. Administrativas y RRHH,Sin Partner (Propio),Presencial Regular,0,0,0,0,0,0,0,0,0,0,0,0,0,0,4,0,0,0,0
2024-01,2024,N/A,E02020201,CARRERA DE ADMINISTRACION DE NEGOCIOS INTERNACIONALES ,CC. Administrativas y RRHH,Sin Partner (Propio),Presencial Regular,0,0,0,0,0,0,0,0,0,0,0,0,0,0,4,0,0,0,0
2024-02,2024,N/A,E02020201,CARRERA DE ADMINISTRACION DE NEGOCIOS INTERNACIONALES ,CC. Administrativas y RRHH,Sin Partner (Propio),Presencial Regular,0,0,0,0,0,0,0,0,0,0,0,0,0,0,4,0,0,0,0
2024-03,2024,N/A,E02020201,CARRERA DE ADMINISTRACION DE NEGOCIOS INTERNACIONALES ,CC. Administrativas y RRHH,Sin Partner (Propio),Presencial Regular,0,0,0,0,0,0,0,0,0,0,0,0,0,0,4,0,0,0,0
2024-04,2024,N/A,E02020201,CARRERA DE ADMINISTRACION DE NEGOCIOS INTERNACIONALES ,CC. Administrativas y RRHH,Sin Partner (Propio),Presencial Regular,0,0,0,0,0,0,0,0,0,0,0,0,0,0,4,0,0,0,0
2024-05,2024,N/A,E02020201,CARRERA DE ADMINISTRACION DE NEGOCIOS INTERNACIONALES ,CC. Administrativas y RRHH,Sin Partner (Propio),Presencial Regular,0,0,0,0,0,0,0,0,0,0,0,0,0,0,4,0,0,0,0
2024-06,2024,N/A,E02020201,CARRERA DE ADMINISTRACION DE NEGOCIOS INTERNACIONALES ,CC. Administrativas y RRHH,Sin Partner (Propio),Presencial Regular,0,0,0,0,0,0,0,0,0,0,0,0,0,0,4,0,0,0,0
2024-07,2024,N/A,E02020201,CARRERA DE ADMINISTRACION DE NEGOCIOS INTERNACIONALES ,CC. Administrativas y RRHH,Sin Partner (Propio),Presencial Regular,0,0,0,0,0,0,0,0,0,0,0,0,0,0,4,0,0,0,0
2024-08,2024,N/A,E02020201,CARRERA DE ADMINISTRACION DE NEGOCIOS INTERNACIONALES ,CC. Administrativas y RRHH,Sin Partner (Propio),Presencial Regular,0,0,0,0,0,0,0,0,0,0,0,0,0,0,4,0,0,0,0
2024-09,2024,N/A,E02020201,CARRERA DE ADMINISTRACION DE NEGOCIOS INTERNACIONALES ,CC. Administrativas y RRHH,Sin Partner (Propio),Presencial Regular,0,0,0,0,0,0,0,0,0,0,0,0,0,0,4,0,0,0,0
2024-10,2024,N/A,E02020201,CARRERA DE ADMINISTRACION DE NEGOCIOS INTERNACIONALES ,CC. Administrativas y RRHH,Sin Partner (Propio),Presencial Regular,0,0,0,0,0,0,0,0,0,0,0,0,0,0,4,0,0,0,0
2024-11,2024,N/A,E02020201,CARRERA DE ADMINISTRACION DE NEGOCIOS INTERNACIONALES ,CC. Administrativas y RRHH,Sin Partner (Propio),Presencial Regular,0,0,0,0,0,0,0,0,0,0,0,0,0,0,4,0,0,0,0
2024-12,2024,N/A,E02020201,CARRERA DE ADMINISTRACION DE NEGOCIOS INTERNACIONALES ,CC. Administrativas y RRHH,Sin Partner (Propio),Presencial Regular,0,0,0,0,0,0,0,0,0,0,0,0,0,0,4,0,0,0,0
2025-01,2025,N/A,E02020201,CARRERA DE ADMINISTRACION DE NEGOCIOS INTERNACIONALES ,CC. Administrativas y RRHH,Sin Partner (Propio),Presencial Regular,0,0,0,0,0,0,0,0,0,0,0,0,0,0,4,0,0,0,0
2025-02,2025,N/A,E02020201,CARRERA DE ADMINISTRACION DE NEGOCIOS INTERNACIONALES ,CC. Administrativas y RRHH,Sin Partner (Propio),Presencial Regular,0,0,0,0,0,0,0,0,0,0,0,0,0,0,4,0,0,0,0
2025-03,2025,N/A,E02020201,CARRERA DE ADMINISTRACION DE NEGOCIOS INTERNACIONALES ,CC. Administrativas y RRHH,Sin Partner (Propio),Presencial Regular,0,0,0,0,0,0,0,0,0,0,0,0,0,0,4,0,0,0,0
2025-04,2025,N/A,E02020201,CARRERA DE ADMINISTRACION DE NEGOCIOS INTERNACIONALES ,CC. Administrativas y RRHH,Sin Partner (Propio),Presencial Regular,0,0,0,0,0,0,0,0,0,0,0,0,0,0,4,0,0,0,0
2025-05,2025,N/A,E02020201,CARRERA DE ADMINISTRACION DE NEGOCIOS INTERNACIONALES ,CC. Administrativas y RRHH,Sin Partner (Propio),Presencial Regular,0,0,0,0,0,0,0,0,0,0,0,0,0,0,4,0,0,0,0
2025-06,2025,N/A,E02020201,CARRERA DE ADMINISTRACION DE NEGOCIOS INTERNACIONALES ,CC. Administrativas y RRHH,Sin Partner (Propio),Presencial Regular,0,0,0,0,0,0,0,0,0,0,0,0,0,0,4,0,0,0,0
2025-07,2025,N/A,E02020201,CARRERA DE ADMINISTRACION DE NEGOCIOS INTERNACIONALES ,CC. Administrativas y RRHH,Sin Partner (Propio),Presencial Regular,0,0,0,0,0,0,0,0,0,0,0,0,0,0,4,0,0,0,0
2025-08,2025,N/A,E02020201,CARRERA DE ADMINISTRACION DE NEGOCIOS INTERNACIONALES ,CC. Administrativas y RRHH,Sin Partner (Propio),Presencial Regular,0,0,0,0,0,0,0,0,0,0,0,0,0,0,4,0,0,0,0
2025-09,2025,N/A,E02020201,CARRERA DE ADMINISTRACION DE NEGOCIOS INTERNACIONALES ,CC. Administrativas y RRHH,Sin Partner (Propio),Presencial Regular,0,0,0,0,0,0,0,0,0,0,0,0,0,0,4,0,0,0,0
2025-10,2025,N/A,E02020201,CARRERA DE ADMINISTRACION DE NEGOCIOS INTERNACIONALES ,CC. Administrativas y RRHH,Sin Partner (Propio),Presencial Regular,0,0,0,0,0,0,0,0,0,0,0,0,0,0,4,0,0,0,0
2025-11,2025,N/A,E02020201,CARRERA DE ADMINISTRACION DE NEGOCIOS INTERNACIONALES ,CC. Administrativas y RRHH,Sin Partner (Propio),Presencial Regular,0,0,0,0,0,0,0,0,0,0,0,0,0,0,4,0,0,0,0
2025-12,2025,N/A,E02020201,CARRERA DE ADMINISTRACION DE NEGOCIOS INTERNACIONALES ,CC. Administrativas y RRHH,Sin Partner (Propio),Presencial Regular,0,0,0,0,0,0,0,0,0,0,0,0,0,0,4,0,0,0,0
2026-01,2026,N/A,E02020201,CARRERA DE ADMINISTRACION DE NEGOCIOS INTERNACIONALES ,CC. Administrativas y RRHH,Sin Partner (Propio),Presencial Regular,0,0,0,0,0,0,0,0,0,0,0,0,0,0,4,0,0,0,0
2026-02,2026,N/A,E02020201,CARRERA DE ADMINISTRACION DE NEGOCIOS INTERNACIONALES ,CC. Administrativas y RRHH,Sin Partner (Propio),Presencial Regular,0,0,0,0,0,0,0,0,0,0,0,0,0,0,4,0,0,0,0
2026-03,2026,N/A,E02020201,CARRERA DE ADMINISTRACION DE NEGOCIOS INTERNACIONALES ,CC. Administrativas y RRHH,Sin Partner (Propio),Presencial Regular,0,0,0,0,0,0,0,0,0,0,0,0,0,0,4,0,0,0,0
2026-04,2026,N/A,E02020201,CARRERA DE ADMINISTRACION DE NEGOCIOS INTERNACIONALES ,CC. Administrativas y RRHH,Sin Partner (Propio),Presencial Regular,0,0,0,0,0,0,0,0,0,0,0,0,0,0,4,0,0,0,0
2026-05,2026,N/A,E02020201,CARRERA DE ADMINISTRACION DE NEGOCIOS INTERNACIONALES ,CC. Administrativas y RRHH,Sin Partner (Propio),Presencial Regular,0,0,0,0,0,0,0,0,0,0,0,0,0,0,4,0,0,0,0
2026-06,2026,N/A,E02020201,CARRERA DE ADMINISTRACION DE NEGOCIOS INTERNACIONALES ,CC. Administrativas y RRHH,Sin Partner (Propio),Presencial Regular,0,0,0,0,0,0,0,0,0,0,0,0,0,0,4,0,0,0,0
2021-02,2021,Febrero,E07010111,CARRERA PROFESIONAL DE EDUCACION CON MENCION EN PRIMARIA - (A DISTANCIA AP),Educación,Con Partner (AP),Distancia,0,1,0,0,0,0,0,0,0,0,0,0,0,0,0,0,1,0,1
2021-03,2021,N/A,E07010111,CARRERA PROFESIONAL DE EDUCACION CON MENCION EN PRIMARIA - (A DISTANCIA AP),Educación,Con Partner (AP),Distancia,0,0,0,0,0,0,0,0,0,0,1,0,0,0,0,0,0,0,0
2021-04,2021,N/A,E07010111,CARRERA PROFESIONAL DE EDUCACION CON MENCION EN PRIMARIA - (A DISTANCIA AP),Educación,Con Partner (AP),Distancia,0,0,0,0,0,0,0,0,0,0,0,1,0,0,0,0,0,0,0
2021-05,2021,N/A,E07010111,CARRERA PROFESIONAL DE EDUCACION CON MENCION EN PRIMARIA - (A DISTANCIA AP),Educación,Con Partner (AP),Distancia,0,0,0,0,0,0,0,0,0,0,0,0,1,0,0,0,0,0,0
2021-06,2021,Junio,E07010111,CARRERA PROFESIONAL DE EDUCACION CON MENCION EN PRIMARIA - (A DISTANCIA AP),Educación,Con Partner (AP),Distancia,0,0,0,0,0,0,0,1,0,0,0,0,0,0,0,0,1,0,1
2021-07,2021,Julio,E07010111,CARRERA PROFESIONAL DE EDUCACION CON MENCION EN PRIMARIA - (A DISTANCIA AP),Educación,Con Partner (AP),Distancia,0,0,0,0,1,1,0,0,0,0,0,0,0,0,0,1,1,0,1
2021-08,2021,Agosto,E07010111,CARRERA PROFESIONAL DE EDUCACION CON MENCION EN PRIMARIA - (A DISTANCIA AP),Educación,Con Partner (AP),Distancia,0,0,0,0,1,1,0,0,0,0,0,0,0,0,0,1,1,0,1
2021-09,2021,Setiembre,E07010111,CARRERA PROFESIONAL DE EDUCACION CON MENCION EN PRIMARIA - (A DISTANCIA AP),Educación,Con Partner (AP),Distancia,0,0,0,0,1,1,0,0,0,0,0,0,0,0,0,1,1,0,1
2021-10,2021,Octubre,E07010111,CARRERA PROFESIONAL DE EDUCACION CON MENCION EN PRIMARIA - (A DISTANCIA AP),Educación,Con Partner (AP),Distancia,0,0,0,0,1,1,0,0,0,0,0,0,0,0,0,1,1,0,1
2021-11,2021,Noviembre,E07010111,CARRERA PROFESIONAL DE EDUCACION CON MENCION EN PRIMARIA - (A DISTANCIA AP),Educación,Con Partner (AP),Distancia,0,0,0,0,1,1,0,0,0,0,0,0,0,0,0,1,1,0,1
2021-12,2021,N/A,E07010111,CARRERA PROFESIONAL DE EDUCACION CON MENCION EN PRIMARIA - (A DISTANCIA AP),Educación,Con Partner (AP),Distancia,0,0,0,0,0,0,0,0,0,0,1,0,0,0,0,0,0,0,0
2022-01,2022,N/A,E07010111,CARRERA PROFESIONAL DE EDUCACION CON MENCION EN PRIMARIA - (A DISTANCIA AP),Educación,Con Partner (AP),Distancia,0,0,0,0,0,0,0,0,0,0,0,1,0,0,0,0,0,0,0
2022-02,2022,Febrero,E07010111,CARRERA PROFESIONAL DE EDUCACION CON MENCION EN PRIMARIA - (A DISTANCIA AP),Educación,Con Partner (AP),Distancia,0,0,0,0,0,0,0,1,0,0,0,0,0,0,0,0,1,0,1
2022-03,2022,Marzo,E07010111,CARRERA PROFESIONAL DE EDUCACION CON MENCION EN PRIMARIA - (A DISTANCIA AP),Educación,Con Partner (AP),Distancia,0,0,0,0,1,1,0,0,0,0,0,0,0,0,0,1,1,0,1
2022-04,2022,N/A,E07010111,CARRERA PROFESIONAL DE EDUCACION CON MENCION EN PRIMARIA - (A DISTANCIA AP),Educación,Con Partner (AP),Distancia,0,0,0,0,0,0,0,0,0,0,1,0,0,0,0,0,0,0,0
2022-05,2022,N/A,E07010111,CARRERA PROFESIONAL DE EDUCACION CON MENCION EN PRIMARIA - (A DISTANCIA AP),Educación,Con Partner (AP),Distancia,0,0,0,0,0,0,0,0,0,0,0,1,0,0,0,0,0,0,0
2022-06,2022,N/A,E07010111,CARRERA PROFESIONAL DE EDUCACION CON MENCION EN PRIMARIA - (A DISTANCIA AP),Educación,Con Partner (AP),Distancia,0,0,0,0,0,0,0,0,0,0,0,0,1,0,0,0,0,0,0
2022-07,2022,N/A,E07010111,CARRERA PROFESIONAL DE EDUCACION CON MENCION EN PRIMARIA - (A DISTANCIA AP),Educación,Con Partner (AP),Distancia,0,0,0,0,0,0,0,0,0,0,0,0,1,0,0,0,0,0,0
2022-08,2022,Agosto,E07010111,CARRERA PROFESIONAL DE EDUCACION CON MENCION EN PRIMARIA - (A DISTANCIA AP),Educación,Con Partner (AP),Distancia,0,0,0,0,0,0,0,1,0,0,0,0,0,0,0,0,1,0,1
2022-09,2022,N/A,E07010111,CARRERA PROFESIONAL DE EDUCACION CON MENCION EN PRIMARIA - (A DISTANCIA AP),Educación,Con Partner (AP),Distancia,0,0,0,0,0,0,0,0,0,0,1,0,0,0,0,0,0,0,0
2022-10,2022,N/A,E07010111,CARRERA PROFESIONAL DE EDUCACION CON MENCION EN PRIMARIA - (A DISTANCIA AP),Educación,Con Partner (AP),Distancia,0,0,0,0,0,0,0,0,0,0,0,1,0,0,0,0,0,0,0
2022-11,2022,N/A,E07010111,CARRERA PROFESIONAL DE EDUCACION CON MENCION EN PRIMARIA - (A DISTANCIA AP),Educación,Con Partner (AP),Distancia,0,0,0,0,0,0,0,0,0,0,0,0,1,0,0,0,0,0,0
2022-12,2022,N/A,E07010111,CARRERA PROFESIONAL DE EDUCACION CON MENCION EN PRIMARIA - (A DISTANCIA AP),Educación,Con Partner (AP),Distancia,0,0,0,0,0,0,0,0,0,0,0,0,1,0,0,0,0,0,0
2023-01,2023,N/A,E07010111,CARRERA PROFESIONAL DE EDUCACION CON MENCION EN PRIMARIA - (A DISTANCIA AP),Educación,Con Partner (AP),Distancia,0,0,0,0,0,0,0,0,0,0,0,0,1,0,0,0,0,0,0
2023-02,2023,N/A,E07010111,CARRERA PROFESIONAL DE EDUCACION CON MENCION EN PRIMARIA - (A DISTANCIA AP),Educación,Con Partner (AP),Distancia,0,0,0,0,0,0,0,0,0,0,0,0,1,0,0,0,0,0,0
2023-03,2023,N/A,E07010111,CARRERA PROFESIONAL DE EDUCACION CON MENCION EN PRIMARIA - (A DISTANCIA AP),Educación,Con Partner (AP),Distancia,0,0,0,0,0,0,0,0,0,0,0,0,0,1,0,0,0,0,0
2023-04,2023,N/A,E07010111,CARRERA PROFESIONAL DE EDUCACION CON MENCION EN PRIMARIA - (A DISTANCIA AP),Educación,Con Partner (AP),Distancia,0,0,0,0,0,0,0,0,0,0,0,0,0,1,0,0,0,0,0
2023-05,2023,N/A,E07010111,CARRERA PROFESIONAL DE EDUCACION CON MENCION EN PRIMARIA - (A DISTANCIA AP),Educación,Con Partner (AP),Distancia,0,0,0,0,0,0,0,0,0,0,0,0,0,1,0,0,0,0,0
2023-06,2023,N/A,E07010111,CARRERA PROFESIONAL DE EDUCACION CON MENCION EN PRIMARIA - (A DISTANCIA AP),Educación,Con Partner (AP),Distancia,0,0,0,0,0,0,0,0,0,0,0,0,0,1,0,0,0,0,0
2023-07,2023,N/A,E07010111,CARRERA PROFESIONAL DE EDUCACION CON MENCION EN PRIMARIA - (A DISTANCIA AP),Educación,Con Partner (AP),Distancia,0,0,0,0,0,0,0,0,0,0,0,0,0,1,0,0,0,0,0
2023-08,2023,N/A,E07010111,CARRERA PROFESIONAL DE EDUCACION CON MENCION EN PRIMARIA - (A DISTANCIA AP),Educación,Con Partner (AP),Distancia,0,0,0,0,0,0,0,0,0,0,0,0,0,1,0,0,0,0,0
2023-09,2023,N/A,E07010111,CARRERA PROFESIONAL DE EDUCACION CON MENCION EN PRIMARIA - (A DISTANCIA AP),Educación,Con Partner (AP),Distancia,0,0,0,0,0,0,0,0,0,0,0,0,0,0,1,0,0,0,0
2023-10,2023,N/A,E07010111,CARRERA PROFESIONAL DE EDUCACION CON MENCION EN PRIMARIA - (A DISTANCIA AP),Educación,Con Partner (AP),Distancia,0,0,0,0,0,0,0,0,0,0,0,0,0,0,1,0,0,0,0
2023-11,2023,N/A,E07010111,CARRERA PROFESIONAL DE EDUCACION CON MENCION EN PRIMARIA - (A DISTANCIA AP),Educación,Con Partner (AP),Distancia,0,0,0,0,0,0,0,0,0,0,0,0,0,0,1,0,0,0,0
2023-12,2023,N/A,E07010111,CARRERA PROFESIONAL DE EDUCACION CON MENCION EN PRIMARIA - (A DISTANCIA AP),Educación,Con Partner (AP),Distancia,0,0,0,0,0,0,0,0,0,0,0,0,0,0,1,0,0,0,0
2024-01,2024,Enero,E07010111,CARRERA PROFESIONAL DE EDUCACION CON MENCION EN PRIMARIA - (A DISTANCIA AP),Educación,Con Partner (AP),Distancia,0,1,0,0,0,0,0,0,0,0,0,0,0,0,1,0,1,0,1
2024-02,2024,Febrero,E07010111,CARRERA PROFESIONAL DE EDUCACION CON MENCION EN PRIMARIA - (A DISTANCIA AP),Educación,Con Partner (AP),Distancia,0,1,0,0,1,1,0,0,0,0,0,0,0,0,1,1,2,0,2
2024-03,2024,Marzo,E07010111,CARRERA PROFESIONAL DE EDUCACION CON MENCION EN PRIMARIA - (A DISTANCIA AP),Educación,Con Partner (AP),Distancia,0,15,0,0,1,1,0,0,0,0,1,0,0,0,1,1,16,0,16
2024-04,2024,Abril,E07010111,CARRERA PROFESIONAL DE EDUCACION CON MENCION EN PRIMARIA - (A DISTANCIA AP),Educación,Con Partner (AP),Distancia,0,10,0,0,10,10,0,0,0,0,6,1,0,0,1,10,20,0,20
2024-05,2024,Mayo,E07010111,CARRERA PROFESIONAL DE EDUCACION CON MENCION EN PRIMARIA - (A DISTANCIA AP),Educación,Con Partner (AP),Distancia,0,8,0,0,20,18,2,0,0,0,2,4,1,0,1,20,28,0,28
2024-06,2024,Junio,E07010111,CARRERA PROFESIONAL DE EDUCACION CON MENCION EN PRIMARIA - (A DISTANCIA AP),Educación,Con Partner (AP),Distancia,0,3,0,0,19,18,1,1,0,0,10,1,4,0,1,19,23,0,23
2024-07,2024,Julio,E07010111,CARRERA PROFESIONAL DE EDUCACION CON MENCION EN PRIMARIA - (A DISTANCIA AP),Educación,Con Partner (AP),Distancia,0,4,0,0,25,19,6,0,0,0,4,4,5,0,1,25,29,0,29
2024-08,2024,Agosto,E07010111,CARRERA PROFESIONAL DE EDUCACION CON MENCION EN PRIMARIA - (A DISTANCIA AP),Educación,Con Partner (AP),Distancia,0,6,0,0,28,26,2,0,0,0,3,2,9,0,1,28,34,0,34
2024-09,2024,Setiembre,E07010111,CARRERA PROFESIONAL DE EDUCACION CON MENCION EN PRIMARIA - (A DISTANCIA AP),Educación,Con Partner (AP),Distancia,0,12,0,0,27,27,0,0,0,0,7,3,10,1,1,27,39,0,39
2024-10,2024,Octubre,E07010111,CARRERA PROFESIONAL DE EDUCACION CON MENCION EN PRIMARIA - (A DISTANCIA AP),Educación,Con Partner (AP),Distancia,0,10,0,0,34,30,4,0,0,0,9,3,10,4,1,34,44,0,44
2024-11,2024,Noviembre,E07010111,CARRERA PROFESIONAL DE EDUCACION CON MENCION EN PRIMARIA - (A DISTANCIA AP),Educación,Con Partner (AP),Distancia,0,9,0,0,40,37,3,1,0,0,7,6,11,5,1,40,50,0,50
2024-12,2024,Diciembre,E07010111,CARRERA PROFESIONAL DE EDUCACION CON MENCION EN PRIMARIA - (A DISTANCIA AP),Educación,Con Partner (AP),Distancia,0,11,0,0,41,39,2,0,1,0,11,5,13,8,1,41,53,0,53
2025-01,2025,Enero,E07010111,CARRERA PROFESIONAL DE EDUCACION CON MENCION EN PRIMARIA - (A DISTANCIA AP),Educación,Con Partner (AP),Distancia,0,19,0,0,52,46,6,0,0,0,7,5,16,10,1,52,71,0,71
2025-02,2025,Febrero,E07010111,CARRERA PROFESIONAL DE EDUCACION CON MENCION EN PRIMARIA - (A DISTANCIA AP),Educación,Con Partner (AP),Distancia,0,22,0,0,63,59,4,2,0,0,12,3,16,13,1,63,87,0,87
2025-03,2025,Marzo,E07010111,CARRERA PROFESIONAL DE EDUCACION CON MENCION EN PRIMARIA - (A DISTANCIA AP),Educación,Con Partner (AP),Distancia,0,35,0,0,77,72,5,0,0,1,15,7,17,15,0,77,113,0,113
2025-04,2025,Abril,E07010111,CARRERA PROFESIONAL DE EDUCACION CON MENCION EN PRIMARIA - (A DISTANCIA AP),Educación,Con Partner (AP),Distancia,0,34,0,0,102,95,7,0,1,0,18,8,18,17,3,102,137,0,137
2025-05,2025,Mayo,E07010111,CARRERA PROFESIONAL DE EDUCACION CON MENCION EN PRIMARIA - (A DISTANCIA AP),Educación,Con Partner (AP),Distancia,0,16,0,0,122,117,5,4,0,0,20,13,17,21,4,122,142,0,142
2025-06,2025,Junio,E07010111,CARRERA PROFESIONAL DE EDUCACION CON MENCION EN PRIMARIA - (A DISTANCIA AP),Educación,Con Partner (AP),Distancia,0,10,0,0,136,128,8,3,0,0,14,12,24,20,8,136,149,0,149
2025-07,2025,Julio,E07010111,CARRERA PROFESIONAL DE EDUCACION CON MENCION EN PRIMARIA - (A DISTANCIA AP),Educación,Con Partner (AP),Distancia,0,17,0,0,135,128,7,2,0,0,21,7,32,20,10,135,154,0,154
2025-08,2025,Agosto,E07010111,CARRERA PROFESIONAL DE EDUCACION CON MENCION EN PRIMARIA - (A DISTANCIA AP),Educación,Con Partner (AP),Distancia,0,24,0,0,142,137,5,7,0,0,17,16,26,24,12,142,173,0,173
2025-09,2025,Setiembre,E07010111,CARRERA PROFESIONAL DE EDUCACION CON MENCION EN PRIMARIA - (A DISTANCIA AP),Educación,Con Partner (AP),Distancia,0,11,0,0,167,158,9,3,0,0,15,8,34,27,14,167,181,0,181
2025-10,2025,Octubre,E07010111,CARRERA PROFESIONAL DE EDUCACION CON MENCION EN PRIMARIA - (A DISTANCIA AP),Educación,Con Partner (AP),Distancia,0,7,0,0,159,154,5,3,1,0,27,10,29,31,19,159,170,0,170
2025-11,2025,Noviembre,E07010111,CARRERA PROFESIONAL DE EDUCACION CON MENCION EN PRIMARIA - (A DISTANCIA AP),Educación,Con Partner (AP),Distancia,0,4,0,0,154,146,8,2,0,0,24,19,30,33,24,154,160,0,160
2025-12,2025,Diciembre,E07010111,CARRERA PROFESIONAL DE EDUCACION CON MENCION EN PRIMARIA - (A DISTANCIA AP),Educación,Con Partner (AP),Distancia,0,4,0,0,148,139,9,8,0,0,21,15,37,34,27,148,160,0,160
2026-01,2026,Enero,E07010111,CARRERA PROFESIONAL DE EDUCACION CON MENCION EN PRIMARIA - (A DISTANCIA AP),Educación,Con Partner (AP),Distancia,0,5,0,0,151,138,13,11,0,0,22,8,28,45,29,151,167,0,167
2026-02,2026,Febrero,E07010111,CARRERA PROFESIONAL DE EDUCACION CON MENCION EN PRIMARIA - (A DISTANCIA AP),Educación,Con Partner (AP),Distancia,0,15,0,0,159,147,12,4,0,0,20,10,29,42,35,159,178,0,178
2026-03,2026,Marzo,E07010111,CARRERA PROFESIONAL DE EDUCACION CON MENCION EN PRIMARIA - (A DISTANCIA AP),Educación,Con Partner (AP),Distancia,0,6,0,0,163,156,7,6,0,0,22,13,28,42,40,163,175,0,175
2026-04,2026,Abril,E07010111,CARRERA PROFESIONAL DE EDUCACION CON MENCION EN PRIMARIA - (A DISTANCIA AP),Educación,Con Partner (AP),Distancia,0,6,0,0,163,155,8,4,0,0,20,14,28,41,50,163,173,0,173
2026-05,2026,Mayo,E07010111,CARRERA PROFESIONAL DE EDUCACION CON MENCION EN PRIMARIA - (A DISTANCIA AP),Educación,Con Partner (AP),Distancia,1,9,0,0,161,151,10,9,0,0,21,10,24,43,57,161,180,0,180
2026-06,2026,Junio,E07010111,CARRERA PROFESIONAL DE EDUCACION CON MENCION EN PRIMARIA - (A DISTANCIA AP),Educación,Con Partner (AP),Distancia,0,4,0,0,175,160,15,10,1,0,19,6,21,41,61,175,190,0,190
2024-01,2024,Enero,E07010112,CARRERA PROFESIONAL DE EDUCACION CON MENCION EN MATEMÁTICA E INFORMÁTICA - (A DISTANCIA AP),Educación,Con Partner (AP),Distancia,0,1,0,0,0,0,0,0,0,0,0,0,0,0,0,0,1,0,1
2024-02,2024,Febrero,E07010112,CARRERA PROFESIONAL DE EDUCACION CON MENCION EN MATEMÁTICA E INFORMÁTICA - (A DISTANCIA AP),Educación,Con Partner (AP),Distancia,0,0,0,0,1,1,0,0,0,0,0,0,0,0,0,1,1,0,1
2024-03,2024,Marzo,E07010112,CARRERA PROFESIONAL DE EDUCACION CON MENCION EN MATEMÁTICA E INFORMÁTICA - (A DISTANCIA AP),Educación,Con Partner (AP),Distancia,0,19,0,0,1,1,0,0,0,0,0,0,0,0,0,1,20,0,20
2024-04,2024,Abril,E07010112,CARRERA PROFESIONAL DE EDUCACION CON MENCION EN MATEMÁTICA E INFORMÁTICA - (A DISTANCIA AP),Educación,Con Partner (AP),Distancia,0,6,0,0,12,12,0,0,0,0,8,0,0,0,0,12,18,0,18
2024-05,2024,Mayo,E07010112,CARRERA PROFESIONAL DE EDUCACION CON MENCION EN MATEMÁTICA E INFORMÁTICA - (A DISTANCIA AP),Educación,Con Partner (AP),Distancia,0,14,0,0,15,15,0,0,0,0,3,8,0,0,0,15,29,0,29
2024-06,2024,Junio,E07010112,CARRERA PROFESIONAL DE EDUCACION CON MENCION EN MATEMÁTICA E INFORMÁTICA - (A DISTANCIA AP),Educación,Con Partner (AP),Distancia,0,5,0,0,24,24,0,0,0,0,5,3,8,0,0,24,29,0,29
2024-07,2024,Julio,E07010112,CARRERA PROFESIONAL DE EDUCACION CON MENCION EN MATEMÁTICA E INFORMÁTICA - (A DISTANCIA AP),Educación,Con Partner (AP),Distancia,0,9,0,0,28,27,1,1,0,0,2,4,10,0,0,28,38,0,38
2024-08,2024,Agosto,E07010112,CARRERA PROFESIONAL DE EDUCACION CON MENCION EN MATEMÁTICA E INFORMÁTICA - (A DISTANCIA AP),Educación,Con Partner (AP),Distancia,0,13,0,0,30,30,0,2,0,0,8,2,12,0,0,30,45,0,45
2024-09,2024,Setiembre,E07010112,CARRERA PROFESIONAL DE EDUCACION CON MENCION EN MATEMÁTICA E INFORMÁTICA - (A DISTANCIA AP),Educación,Con Partner (AP),Distancia,0,14,0,0,31,31,0,0,0,0,14,8,14,0,0,31,45,0,45
2024-10,2024,Octubre,E07010112,CARRERA PROFESIONAL DE EDUCACION CON MENCION EN MATEMÁTICA E INFORMÁTICA - (A DISTANCIA AP),Educación,Con Partner (AP),Distancia,0,11,0,0,40,36,4,1,0,0,9,10,13,8,0,40,52,0,52
2024-11,2024,Noviembre,E07010112,CARRERA PROFESIONAL DE EDUCACION CON MENCION EN MATEMÁTICA E INFORMÁTICA - (A DISTANCIA AP),Educación,Con Partner (AP),Distancia,0,9,0,0,45,44,1,2,0,0,8,8,19,10,0,45,56,0,56
2024-12,2024,Diciembre,E07010112,CARRERA PROFESIONAL DE EDUCACION CON MENCION EN MATEMÁTICA E INFORMÁTICA - (A DISTANCIA AP),Educación,Con Partner (AP),Distancia,0,16,0,0,48,46,2,2,0,0,10,6,23,12,0,48,66,0,66
2025-01,2025,Enero,E07010112,CARRERA PROFESIONAL DE EDUCACION CON MENCION EN MATEMÁTICA E INFORMÁTICA - (A DISTANCIA AP),Educación,Con Partner (AP),Distancia,0,25,0,0,62,59,3,4,0,0,7,7,23,14,0,62,91,0,91
2025-02,2025,Febrero,E07010112,CARRERA PROFESIONAL DE EDUCACION CON MENCION EN MATEMÁTICA E INFORMÁTICA - (A DISTANCIA AP),Educación,Con Partner (AP),Distancia,0,43,0,0,84,80,4,2,2,0,11,3,24,16,0,84,131,0,131
2025-03,2025,Marzo,E07010112,CARRERA PROFESIONAL DE EDUCACION CON MENCION EN MATEMÁTICA E INFORMÁTICA - (A DISTANCIA AP),Educación,Con Partner (AP),Distancia,0,39,0,0,117,112,5,0,0,0,19,6,20,23,0,117,156,0,156
2025-04,2025,Abril,E07010112,CARRERA PROFESIONAL DE EDUCACION CON MENCION EN MATEMÁTICA E INFORMÁTICA - (A DISTANCIA AP),Educación,Con Partner (AP),Distancia,0,27,0,0,143,135,8,0,0,0,21,11,19,23,7,143,170,0,170
2025-05,2025,Mayo,E07010112,CARRERA PROFESIONAL DE EDUCACION CON MENCION EN MATEMÁTICA E INFORMÁTICA - (A DISTANCIA AP),Educación,Con Partner (AP),Distancia,1,21,0,0,141,139,2,2,0,0,30,19,24,25,9,141,165,0,165
2025-06,2025,Junio,E07010112,CARRERA PROFESIONAL DE EDUCACION CON MENCION EN MATEMÁTICA E INFORMÁTICA - (A DISTANCIA AP),Educación,Con Partner (AP),Distancia,0,16,0,0,158,147,11,2,0,0,17,19,36,28,11,158,176,0,176
2025-07,2025,Julio,E07010112,CARRERA PROFESIONAL DE EDUCACION CON MENCION EN MATEMÁTICA E INFORMÁTICA - (A DISTANCIA AP),Educación,Con Partner (AP),Distancia,0,21,0,0,167,154,13,5,1,0,22,4,47,28,13,167,194,0,194
2025-08,2025,Agosto,E07010112,CARRERA PROFESIONAL DE EDUCACION CON MENCION EN MATEMÁTICA E INFORMÁTICA - (A DISTANCIA AP),Educación,Con Partner (AP),Distancia,0,16,0,0,176,169,7,3,0,0,25,15,43,30,16,176,195,0,195
2025-09,2025,Setiembre,E07010112,CARRERA PROFESIONAL DE EDUCACION CON MENCION EN MATEMÁTICA E INFORMÁTICA - (A DISTANCIA AP),Educación,Con Partner (AP),Distancia,0,18,0,0,189,182,7,2,0,1,13,18,46,33,22,189,210,0,210
2025-10,2025,Octubre,E07010112,CARRERA PROFESIONAL DE EDUCACION CON MENCION EN MATEMÁTICA E INFORMÁTICA - (A DISTANCIA AP),Educación,Con Partner (AP),Distancia,0,13,0,0,184,179,5,6,0,0,31,8,46,38,29,184,203,0,203
2025-11,2025,Noviembre,E07010112,CARRERA PROFESIONAL DE EDUCACION CON MENCION EN MATEMÁTICA E INFORMÁTICA - (A DISTANCIA AP),Educación,Con Partner (AP),Distancia,0,13,0,0,187,175,12,5,0,1,28,19,33,50,32,187,206,0,206
2025-12,2025,Diciembre,E07010112,CARRERA PROFESIONAL DE EDUCACION CON MENCION EN MATEMÁTICA E INFORMÁTICA - (A DISTANCIA AP),Educación,Con Partner (AP),Distancia,2,12,0,0,191,183,8,6,0,0,22,19,42,49,37,191,211,0,211
2026-01,2026,Enero,E07010112,CARRERA PROFESIONAL DE EDUCACION CON MENCION EN MATEMÁTICA E INFORMÁTICA - (A DISTANCIA AP),Educación,Con Partner (AP),Distancia,0,13,0,0,199,187,12,5,1,0,22,10,45,57,39,199,218,0,218
2026-02,2026,Febrero,E07010112,CARRERA PROFESIONAL DE EDUCACION CON MENCION EN MATEMÁTICA E INFORMÁTICA - (A DISTANCIA AP),Educación,Con Partner (AP),Distancia,0,40,0,0,206,199,7,6,0,0,19,15,38,63,44,206,252,0,252
2026-03,2026,Marzo,E07010112,CARRERA PROFESIONAL DE EDUCACION CON MENCION EN MATEMÁTICA E INFORMÁTICA - (A DISTANCIA AP),Educación,Con Partner (AP),Distancia,0,17,0,0,234,228,6,8,0,0,24,13,42,56,54,234,259,0,259
2026-04,2026,Abril,E07010112,CARRERA PROFESIONAL DE EDUCACION CON MENCION EN MATEMÁTICA E INFORMÁTICA - (A DISTANCIA AP),Educación,Con Partner (AP),Distancia,0,24,0,0,231,220,11,3,0,0,39,13,41,55,66,231,258,0,258
2026-05,2026,Mayo,E07010112,CARRERA PROFESIONAL DE EDUCACION CON MENCION EN MATEMÁTICA E INFORMÁTICA - (A DISTANCIA AP),Educación,Con Partner (AP),Distancia,2,15,0,0,238,228,10,4,0,0,29,28,40,49,82,238,259,0,259
2026-06,2026,Junio,E07010112,CARRERA PROFESIONAL DE EDUCACION CON MENCION EN MATEMÁTICA E INFORMÁTICA - (A DISTANCIA AP),Educación,Con Partner (AP),Distancia,0,6,0,0,249,237,12,12,2,0,20,17,49,50,86,249,269,0,269
2024-03,2024,Marzo,E07010110,CARRERA PROFESIONAL DE EDUCACION CON MENCION EN INICIAL - (A DISTANCIA AP),Educación,Con Partner (AP),Distancia,0,17,0,0,0,0,0,0,0,0,0,0,0,0,0,0,17,0,17
2024-04,2024,Abril,E07010110,CARRERA PROFESIONAL DE EDUCACION CON MENCION EN INICIAL - (A DISTANCIA AP),Educación,Con Partner (AP),Distancia,0,6,0,0,9,9,0,0,0,0,8,0,0,0,0,9,15,0,15
2024-05,2024,Mayo,E07010110,CARRERA PROFESIONAL DE EDUCACION CON MENCION EN INICIAL - (A DISTANCIA AP),Educación,Con Partner (AP),Distancia,0,7,0,0,13,12,1,0,0,0,3,7,0,0,0,13,20,0,20
2024-06,2024,Junio,E07010110,CARRERA PROFESIONAL DE EDUCACION CON MENCION EN INICIAL - (A DISTANCIA AP),Educación,Con Partner (AP),Distancia,0,7,0,0,14,14,0,0,0,0,6,3,7,0,0,14,21,0,21
2024-07,2024,Julio,E07010110,CARRERA PROFESIONAL DE EDUCACION CON MENCION EN INICIAL - (A DISTANCIA AP),Educación,Con Partner (AP),Distancia,0,9,0,0,19,18,1,0,0,0,3,5,10,0,0,19,28,0,28
2024-08,2024,Agosto,E07010110,CARRERA PROFESIONAL DE EDUCACION CON MENCION EN INICIAL - (A DISTANCIA AP),Educación,Con Partner (AP),Distancia,0,9,0,0,25,24,1,0,0,0,4,2,15,0,0,25,34,0,34
2024-09,2024,Setiembre,E07010110,CARRERA PROFESIONAL DE EDUCACION CON MENCION EN INICIAL - (A DISTANCIA AP),Educación,Con Partner (AP),Distancia,0,11,0,0,28,28,0,0,0,0,6,4,17,0,0,28,39,0,39
2024-10,2024,Octubre,E07010110,CARRERA PROFESIONAL DE EDUCACION CON MENCION EN INICIAL - (A DISTANCIA AP),Educación,Con Partner (AP),Distancia,0,6,0,0,31,30,1,0,0,0,9,5,14,7,0,31,37,0,37
2024-11,2024,Noviembre,E07010110,CARRERA PROFESIONAL DE EDUCACION CON MENCION EN INICIAL - (A DISTANCIA AP),Educación,Con Partner (AP),Distancia,0,9,0,0,28,27,1,1,0,0,10,8,15,10,0,28,38,0,38
2024-12,2024,Diciembre,E07010110,CARRERA PROFESIONAL DE EDUCACION CON MENCION EN INICIAL - (A DISTANCIA AP),Educación,Con Partner (AP),Distancia,0,11,0,0,35,32,3,0,0,0,6,7,18,15,0,35,46,0,46
2025-01,2025,Enero,E07010110,CARRERA PROFESIONAL DE EDUCACION CON MENCION EN INICIAL - (A DISTANCIA AP),Educación,Con Partner (AP),Distancia,0,20,0,0,43,42,1,4,0,0,4,5,19,17,0,43,67,0,67
2025-02,2025,Febrero,E07010110,CARRERA PROFESIONAL DE EDUCACION CON MENCION EN INICIAL - (A DISTANCIA AP),Educación,Con Partner (AP),Distancia,0,23,0,0,66,63,3,1,1,0,4,1,20,19,0,66,91,0,91
2025-03,2025,Marzo,E07010110,CARRERA PROFESIONAL DE EDUCACION CON MENCION EN INICIAL - (A DISTANCIA AP),Educación,Con Partner (AP),Distancia,0,33,0,0,75,74,1,0,0,0,17,3,18,22,0,75,108,0,108
2025-04,2025,Abril,E07010110,CARRERA PROFESIONAL DE EDUCACION CON MENCION EN INICIAL - (A DISTANCIA AP),Educación,Con Partner (AP),Distancia,0,26,0,0,105,98,7,2,0,0,10,10,12,23,6,105,133,0,133
2025-05,2025,Mayo,E07010110,CARRERA PROFESIONAL DE EDUCACION CON MENCION EN INICIAL - (A DISTANCIA AP),Educación,Con Partner (AP),Distancia,0,19,0,0,111,108,3,2,0,0,25,7,15,25,9,111,132,0,132
2025-06,2025,Junio,E07010110,CARRERA PROFESIONAL DE EDUCACION CON MENCION EN INICIAL - (A DISTANCIA AP),Educación,Con Partner (AP),Distancia,0,16,0,0,122,113,9,2,0,0,19,16,15,25,14,122,140,0,140
2025-07,2025,Julio,E07010110,CARRERA PROFESIONAL DE EDUCACION CON MENCION EN INICIAL - (A DISTANCIA AP),Educación,Con Partner (AP),Distancia,0,26,0,0,128,121,7,4,0,0,19,12,27,23,16,128,158,0,158
2025-08,2025,Agosto,E07010110,CARRERA PROFESIONAL DE EDUCACION CON MENCION EN INICIAL - (A DISTANCIA AP),Educación,Con Partner (AP),Distancia,0,19,0,0,141,135,6,8,0,0,23,13,30,21,19,141,168,0,168
2025-09,2025,Setiembre,E07010110,CARRERA PROFESIONAL DE EDUCACION CON MENCION EN INICIAL - (A DISTANCIA AP),Educación,Con Partner (AP),Distancia,0,11,0,0,161,148,13,5,1,0,20,10,30,25,22,161,178,0,178
2025-10,2025,Octubre,E07010110,CARRERA PROFESIONAL DE EDUCACION CON MENCION EN INICIAL - (A DISTANCIA AP),Educación,Con Partner (AP),Distancia,0,6,0,0,157,148,9,4,1,0,30,11,34,19,29,157,168,0,168
2025-11,2025,Noviembre,E07010110,CARRERA PROFESIONAL DE EDUCACION CON MENCION EN INICIAL - (A DISTANCIA AP),Educación,Con Partner (AP),Distancia,1,5,0,0,151,136,15,1,0,0,31,15,34,24,34,151,158,0,158
2025-12,2025,Diciembre,E07010110,CARRERA PROFESIONAL DE EDUCACION CON MENCION EN INICIAL - (A DISTANCIA AP),Educación,Con Partner (AP),Distancia,0,6,0,0,144,133,11,8,0,0,24,20,34,26,39,144,158,0,158
2026-01,2026,Enero,E07010110,CARRERA PROFESIONAL DE EDUCACION CON MENCION EN INICIAL - (A DISTANCIA AP),Educación,Con Partner (AP),Distancia,1,7,0,0,148,136,12,9,0,0,21,12,37,34,39,148,165,0,165
2026-02,2026,Febrero,E07010110,CARRERA PROFESIONAL DE EDUCACION CON MENCION EN INICIAL - (A DISTANCIA AP),Educación,Con Partner (AP),Distancia,0,10,0,0,149,139,10,7,0,0,25,11,35,40,40,149,166,0,166
2026-03,2026,Marzo,E07010110,CARRERA PROFESIONAL DE EDUCACION CON MENCION EN INICIAL - (A DISTANCIA AP),Educación,Con Partner (AP),Distancia,0,10,0,0,161,149,12,6,0,0,17,13,34,39,47,161,177,0,177
2026-04,2026,Abril,E07010110,CARRERA PROFESIONAL DE EDUCACION CON MENCION EN INICIAL - (A DISTANCIA AP),Educación,Con Partner (AP),Distancia,1,8,0,0,163,155,8,8,1,0,21,9,31,45,48,163,181,0,181
2026-05,2026,Mayo,E07010110,CARRERA PROFESIONAL DE EDUCACION CON MENCION EN INICIAL - (A DISTANCIA AP),Educación,Con Partner (AP),Distancia,0,6,0,0,159,153,6,5,1,0,27,15,24,45,58,159,171,0,171
2026-06,2026,Junio,E07010110,CARRERA PROFESIONAL DE EDUCACION CON MENCION EN INICIAL - (A DISTANCIA AP),Educación,Con Partner (AP),Distancia,0,10,0,0,179,159,20,12,0,0,12,7,21,44,65,179,201,0,201
2024-03,2024,Marzo,E07010113,CARRERA PROFESIONAL DE EDUCACION CON MENCION EN CIENCIAS SOCIALES Y COMUNICACIÓN - (A DISTANCIA AP),Educación,Con Partner (AP),Distancia,0,18,0,0,0,0,0,0,0,0,0,0,0,0,0,0,18,0,18
2024-04,2024,Abril,E07010113,CARRERA PROFESIONAL DE EDUCACION CON MENCION EN CIENCIAS SOCIALES Y COMUNICACIÓN - (A DISTANCIA AP),Educación,Con Partner (AP),Distancia,0,9,0,0,14,14,0,0,0,0,4,0,0,0,0,14,23,0,23
2024-05,2024,Mayo,E07010113,CARRERA PROFESIONAL DE EDUCACION CON MENCION EN CIENCIAS SOCIALES Y COMUNICACIÓN - (A DISTANCIA AP),Educación,Con Partner (AP),Distancia,0,10,0,0,20,19,1,0,0,0,4,3,0,0,0,20,30,0,30
2024-06,2024,Junio,E07010113,CARRERA PROFESIONAL DE EDUCACION CON MENCION EN CIENCIAS SOCIALES Y COMUNICACIÓN - (A DISTANCIA AP),Educación,Con Partner (AP),Distancia,0,3,0,0,28,27,1,1,0,0,3,3,2,0,0,28,32,0,32
2024-07,2024,Julio,E07010113,CARRERA PROFESIONAL DE EDUCACION CON MENCION EN CIENCIAS SOCIALES Y COMUNICACIÓN - (A DISTANCIA AP),Educación,Con Partner (AP),Distancia,0,3,0,0,28,27,1,0,0,0,5,2,5,0,0,28,31,0,31
2024-08,2024,Agosto,E07010113,CARRERA PROFESIONAL DE EDUCACION CON MENCION EN CIENCIAS SOCIALES Y COMUNICACIÓN - (A DISTANCIA AP),Educación,Con Partner (AP),Distancia,0,7,0,0,32,28,4,0,0,0,3,1,7,0,0,32,39,0,39
2024-09,2024,Setiembre,E07010113,CARRERA PROFESIONAL DE EDUCACION CON MENCION EN CIENCIAS SOCIALES Y COMUNICACIÓN - (A DISTANCIA AP),Educación,Con Partner (AP),Distancia,0,6,0,0,32,30,2,0,0,0,9,1,8,0,0,32,38,0,38
2024-10,2024,Octubre,E07010113,CARRERA PROFESIONAL DE EDUCACION CON MENCION EN CIENCIAS SOCIALES Y COMUNICACIÓN - (A DISTANCIA AP),Educación,Con Partner (AP),Distancia,0,6,0,0,31,28,3,0,0,0,10,6,7,2,0,31,37,0,37
2024-11,2024,Noviembre,E07010113,CARRERA PROFESIONAL DE EDUCACION CON MENCION EN CIENCIAS SOCIALES Y COMUNICACIÓN - (A DISTANCIA AP),Educación,Con Partner (AP),Distancia,0,13,0,0,35,32,3,1,0,0,5,7,9,5,0,35,49,0,49
2024-12,2024,Diciembre,E07010113,CARRERA PROFESIONAL DE EDUCACION CON MENCION EN CIENCIAS SOCIALES Y COMUNICACIÓN - (A DISTANCIA AP),Educación,Con Partner (AP),Distancia,0,9,0,0,39,39,0,1,0,0,10,5,13,7,0,39,49,0,49
2025-01,2025,Enero,E07010113,CARRERA PROFESIONAL DE EDUCACION CON MENCION EN CIENCIAS SOCIALES Y COMUNICACIÓN - (A DISTANCIA AP),Educación,Con Partner (AP),Distancia,0,15,0,0,43,39,4,1,0,0,10,6,16,8,0,43,59,0,59
2025-02,2025,Febrero,E07010113,CARRERA PROFESIONAL DE EDUCACION CON MENCION EN CIENCIAS SOCIALES Y COMUNICACIÓN - (A DISTANCIA AP),Educación,Con Partner (AP),Distancia,0,39,0,0,53,50,3,2,0,0,9,7,19,9,0,53,94,0,94
2025-03,2025,Marzo,E07010113,CARRERA PROFESIONAL DE EDUCACION CON MENCION EN CIENCIAS SOCIALES Y COMUNICACIÓN - (A DISTANCIA AP),Educación,Con Partner (AP),Distancia,0,33,0,0,79,75,4,3,0,0,19,5,18,14,0,79,115,0,115
2025-04,2025,Abril,E07010113,CARRERA PROFESIONAL DE EDUCACION CON MENCION EN CIENCIAS SOCIALES Y COMUNICACIÓN - (A DISTANCIA AP),Educación,Con Partner (AP),Distancia,0,29,0,0,113,105,8,2,0,0,10,11,15,18,2,113,144,0,144
2025-05,2025,Mayo,E07010113,CARRERA PROFESIONAL DE EDUCACION CON MENCION EN CIENCIAS SOCIALES Y COMUNICACIÓN - (A DISTANCIA AP),Educación,Con Partner (AP),Distancia,0,20,0,0,113,111,2,1,0,0,33,8,22,18,5,113,134,0,134
2025-06,2025,Junio,E07010113,CARRERA PROFESIONAL DE EDUCACION CON MENCION EN CIENCIAS SOCIALES Y COMUNICACIÓN - (A DISTANCIA AP),Educación,Con Partner (AP),Distancia,0,17,0,0,134,120,14,3,0,0,14,19,24,19,7,134,154,0,154
2025-07,2025,Julio,E07010113,CARRERA PROFESIONAL DE EDUCACION CON MENCION EN CIENCIAS SOCIALES Y COMUNICACIÓN - (A DISTANCIA AP),Educación,Con Partner (AP),Distancia,0,22,0,0,141,134,7,4,0,0,20,7,35,22,8,141,167,0,167
2025-08,2025,Agosto,E07010113,CARRERA PROFESIONAL DE EDUCACION CON MENCION EN CIENCIAS SOCIALES Y COMUNICACIÓN - (A DISTANCIA AP),Educación,Con Partner (AP),Distancia,0,18,0,0,155,146,9,4,0,0,21,11,34,25,9,155,177,0,177
2025-09,2025,Setiembre,E07010113,CARRERA PROFESIONAL DE EDUCACION CON MENCION EN CIENCIAS SOCIALES Y COMUNICACIÓN - (A DISTANCIA AP),Educación,Con Partner (AP),Distancia,0,17,0,0,166,157,9,1,0,0,20,12,35,29,14,166,184,0,184
2025-10,2025,Octubre,E07010113,CARRERA PROFESIONAL DE EDUCACION CON MENCION EN CIENCIAS SOCIALES Y COMUNICACIÓN - (A DISTANCIA AP),Educación,Con Partner (AP),Distancia,0,4,0,0,168,160,8,3,0,0,24,12,38,29,20,168,175,0,175
2025-11,2025,Noviembre,E07010113,CARRERA PROFESIONAL DE EDUCACION CON MENCION EN CIENCIAS SOCIALES Y COMUNICACIÓN - (A DISTANCIA AP),Educación,Con Partner (AP),Distancia,1,7,0,0,165,154,11,3,0,0,20,13,34,39,23,165,176,0,176
2025-12,2025,Diciembre,E07010113,CARRERA PROFESIONAL DE EDUCACION CON MENCION EN CIENCIAS SOCIALES Y COMUNICACIÓN - (A DISTANCIA AP),Educación,Con Partner (AP),Distancia,0,3,0,0,160,150,10,6,1,0,25,10,36,40,26,160,170,0,170
2026-01,2026,Enero,E07010113,CARRERA PROFESIONAL DE EDUCACION CON MENCION EN CIENCIAS SOCIALES Y COMUNICACIÓN - (A DISTANCIA AP),Educación,Con Partner (AP),Distancia,1,7,0,0,163,147,16,5,0,0,23,8,32,45,30,163,176,0,176
2026-02,2026,Febrero,E07010113,CARRERA PROFESIONAL DE EDUCACION CON MENCION EN CIENCIAS SOCIALES Y COMUNICACIÓN - (A DISTANCIA AP),Educación,Con Partner (AP),Distancia,1,24,0,0,165,158,7,7,1,0,17,15,26,47,34,165,198,0,198
2026-03,2026,Marzo,E07010113,CARRERA PROFESIONAL DE EDUCACION CON MENCION EN CIENCIAS SOCIALES Y COMUNICACIÓN - (A DISTANCIA AP),Educación,Con Partner (AP),Distancia,0,27,0,0,175,167,8,7,1,0,30,9,26,45,43,175,210,0,210
2026-04,2026,Abril,E07010113,CARRERA PROFESIONAL DE EDUCACION CON MENCION EN CIENCIAS SOCIALES Y COMUNICACIÓN - (A DISTANCIA AP),Educación,Con Partner (AP),Distancia,0,15,0,0,194,186,8,8,1,1,24,22,23,43,47,194,219,0,219
2026-05,2026,Mayo,E07010113,CARRERA PROFESIONAL DE EDUCACION CON MENCION EN CIENCIAS SOCIALES Y COMUNICACIÓN - (A DISTANCIA AP),Educación,Con Partner (AP),Distancia,0,10,0,0,199,189,10,6,0,0,30,14,32,37,60,199,215,0,215
2026-06,2026,Junio,E07010113,CARRERA PROFESIONAL DE EDUCACION CON MENCION EN CIENCIAS SOCIALES Y COMUNICACIÓN - (A DISTANCIA AP),Educación,Con Partner (AP),Distancia,0,8,0,0,217,201,16,11,0,0,14,14,33,35,64,217,236,0,236
2025-04,2025,Abril,E02050503,CARRERA PROFESIONAL DE GESTION DE RECURSOS HUMANOS - (2DA ESPECIALIDAD),CC. Administrativas y RRHH,Sin Partner (Propio),Presencial Regular,0,13,0,0,0,0,0,0,0,0,0,0,0,0,0,0,13,0,13
2025-05,2025,Mayo,E02050503,CARRERA PROFESIONAL DE GESTION DE RECURSOS HUMANOS - (2DA ESPECIALIDAD),CC. Administrativas y RRHH,Sin Partner (Propio),Presencial Regular,0,0,0,0,13,13,0,0,0,0,0,0,0,0,0,13,13,0,13
2025-06,2025,Junio,E02050503,CARRERA PROFESIONAL DE GESTION DE RECURSOS HUMANOS - (2DA ESPECIALIDAD),CC. Administrativas y RRHH,Sin Partner (Propio),Presencial Regular,0,0,0,0,11,11,0,0,0,0,2,0,0,0,0,11,11,0,11
2025-07,2025,Julio,E02050503,CARRERA PROFESIONAL DE GESTION DE RECURSOS HUMANOS - (2DA ESPECIALIDAD),CC. Administrativas y RRHH,Sin Partner (Propio),Presencial Regular,0,0,0,0,10,10,0,0,0,0,1,2,0,0,0,10,10,0,10
2025-08,2025,Agosto,E02050503,CARRERA PROFESIONAL DE GESTION DE RECURSOS HUMANOS - (2DA ESPECIALIDAD),CC. Administrativas y RRHH,Sin Partner (Propio),Presencial Regular,0,0,0,0,10,9,1,0,0,0,1,0,2,0,0,10,10,0,10
2025-09,2025,Setiembre,E02050503,CARRERA PROFESIONAL DE GESTION DE RECURSOS HUMANOS - (2DA ESPECIALIDAD),CC. Administrativas y RRHH,Sin Partner (Propio),Presencial Regular,0,0,0,0,11,10,1,0,0,0,0,0,2,0,0,11,11,0,11
2025-10,2025,Octubre,E02050503,CARRERA PROFESIONAL DE GESTION DE RECURSOS HUMANOS - (2DA ESPECIALIDAD),CC. Administrativas y RRHH,Sin Partner (Propio),Presencial Regular,0,0,0,0,11,11,0,0,0,0,0,0,2,0,0,11,11,0,11
2025-11,2025,Noviembre,E02050503,CARRERA PROFESIONAL DE GESTION DE RECURSOS HUMANOS - (2DA ESPECIALIDAD),CC. Administrativas y RRHH,Sin Partner (Propio),Presencial Regular,0,0,0,0,10,10,0,0,0,0,1,0,2,0,0,10,10,0,10
2025-12,2025,Diciembre,E02050503,CARRERA PROFESIONAL DE GESTION DE RECURSOS HUMANOS - (2DA ESPECIALIDAD),CC. Administrativas y RRHH,Sin Partner (Propio),Presencial Regular,0,0,0,0,9,9,0,0,0,0,1,1,0,2,0,9,9,0,9
2026-01,2026,N/A,E02050503,CARRERA PROFESIONAL DE GESTION DE RECURSOS HUMANOS - (2DA ESPECIALIDAD),CC. Administrativas y RRHH,Sin Partner (Propio),Presencial Regular,0,0,0,0,0,0,0,0,0,0,9,1,1,2,0,0,0,0,0
2026-02,2026,Febrero,E02050503,CARRERA PROFESIONAL DE GESTION DE RECURSOS HUMANOS - (2DA ESPECIALIDAD),CC. Administrativas y RRHH,Sin Partner (Propio),Presencial Regular,0,0,0,0,2,0,2,1,0,0,0,7,1,2,0,2,3,0,3
2026-03,2026,Marzo,E02050503,CARRERA PROFESIONAL DE GESTION DE RECURSOS HUMANOS - (2DA ESPECIALIDAD),CC. Administrativas y RRHH,Sin Partner (Propio),Presencial Regular,0,0,0,0,3,3,0,7,0,0,0,0,1,2,0,3,10,0,10
2026-04,2026,Abril,E02050503,CARRERA PROFESIONAL DE GESTION DE RECURSOS HUMANOS - (2DA ESPECIALIDAD),CC. Administrativas y RRHH,Sin Partner (Propio),Presencial Regular,0,0,0,0,10,10,0,0,0,0,0,0,1,2,0,10,10,0,10
2026-05,2026,Mayo,E02050503,CARRERA PROFESIONAL DE GESTION DE RECURSOS HUMANOS - (2DA ESPECIALIDAD),CC. Administrativas y RRHH,Sin Partner (Propio),Presencial Regular,0,0,0,0,10,10,0,0,0,0,0,0,1,2,0,10,10,0,10
2026-06,2026,Junio,E02050503,CARRERA PROFESIONAL DE GESTION DE RECURSOS HUMANOS - (2DA ESPECIALIDAD),CC. Administrativas y RRHH,Sin Partner (Propio),Presencial Regular,0,0,0,0,8,8,0,0,0,0,2,0,0,1,2,8,8,0,8
2026-03,2026,Marzo,E02010104,CARRERA PROFESIONAL DE ADMINISTRACION (A DISTANCIA),CC. Administrativas y RRHH,Sin Partner (Propio),Distancia,0,9,0,0,0,0,0,0,0,0,0,0,0,0,0,0,9,0,9
2026-04,2026,Abril,E02010104,CARRERA PROFESIONAL DE ADMINISTRACION (A DISTANCIA),CC. Administrativas y RRHH,Sin Partner (Propio),Distancia,0,6,0,0,8,8,0,0,0,0,1,0,0,0,0,8,14,0,14
2026-05,2026,Mayo,E02010104,CARRERA PROFESIONAL DE ADMINISTRACION (A DISTANCIA),CC. Administrativas y RRHH,Sin Partner (Propio),Distancia,0,1,0,0,11,11,0,0,0,0,3,1,0,0,0,11,12,0,12
2026-06,2026,Junio,E02010104,CARRERA PROFESIONAL DE ADMINISTRACION (A DISTANCIA),CC. Administrativas y RRHH,Sin Partner (Propio),Distancia,0,4,0,0,11,11,0,0,0,0,1,3,1,0,0,11,15,0,15
2026-03,2026,Marzo,E02020204,CARRERA PROFESIONAL DE ADMINISTRACION Y NEGOCIOS INTERNACIONALES (A DISTANCIA),CC. Administrativas y RRHH,Sin Partner (Propio),Distancia,0,5,0,0,0,0,0,0,0,0,0,0,0,0,0,0,5,0,5
2026-04,2026,Abril,E02020204,CARRERA PROFESIONAL DE ADMINISTRACION Y NEGOCIOS INTERNACIONALES (A DISTANCIA),CC. Administrativas y RRHH,Sin Partner (Propio),Distancia,0,2,0,0,4,4,0,0,0,0,1,0,0,0,0,4,6,0,6
2026-05,2026,Mayo,E02020204,CARRERA PROFESIONAL DE ADMINISTRACION Y NEGOCIOS INTERNACIONALES (A DISTANCIA),CC. Administrativas y RRHH,Sin Partner (Propio),Distancia,0,1,0,0,5,5,0,0,0,0,1,1,0,0,0,5,6,0,6
2026-06,2026,Junio,E02020204,CARRERA PROFESIONAL DE ADMINISTRACION Y NEGOCIOS INTERNACIONALES (A DISTANCIA),CC. Administrativas y RRHH,Sin Partner (Propio),Distancia,0,3,0,0,5,5,0,0,0,0,1,1,1,0,0,5,8,0,8
2026-03,2026,Marzo,E02050504,CARRERA PROFESIONAL DE GESTION DE RECURSOS HUMANOS (A DISTANCIA),CC. Administrativas y RRHH,Sin Partner (Propio),Distancia,0,2,0,0,0,0,0,0,0,0,0,0,0,0,0,0,2,0,2
2026-04,2026,Abril,E02050504,CARRERA PROFESIONAL DE GESTION DE RECURSOS HUMANOS (A DISTANCIA),CC. Administrativas y RRHH,Sin Partner (Propio),Distancia,0,2,0,0,2,2,0,0,0,0,0,0,0,0,0,2,4,0,4
2026-05,2026,Mayo,E02050504,CARRERA PROFESIONAL DE GESTION DE RECURSOS HUMANOS (A DISTANCIA),CC. Administrativas y RRHH,Sin Partner (Propio),Distancia,0,0,0,0,3,3,0,0,0,0,1,0,0,0,0,3,3,0,3
2026-06,2026,Junio,E02050504,CARRERA PROFESIONAL DE GESTION DE RECURSOS HUMANOS (A DISTANCIA),CC. Administrativas y RRHH,Sin Partner (Propio),Distancia,0,0,0,0,2,2,0,0,0,0,1,1,0,0,0,2,2,0,2
2026-03,2026,Marzo,E02090904,CARRERA PROFESIONAL DE MARKETING (A DISTANCIA),CC. Administrativas y RRHH,Sin Partner (Propio),Distancia,0,2,0,0,0,0,0,0,0,0,0,0,0,0,0,0,2,0,2
2026-04,2026,Abril,E02090904,CARRERA PROFESIONAL DE MARKETING (A DISTANCIA),CC. Administrativas y RRHH,Sin Partner (Propio),Distancia,0,0,0,0,1,1,0,0,0,0,1,0,0,0,0,1,1,0,1
2026-05,2026,Mayo,E02090904,CARRERA PROFESIONAL DE MARKETING (A DISTANCIA),CC. Administrativas y RRHH,Sin Partner (Propio),Distancia,0,0,0,0,1,1,0,0,0,0,0,1,0,0,0,1,1,0,1
2026-06,2026,Junio,E02090904,CARRERA PROFESIONAL DE MARKETING (A DISTANCIA),CC. Administrativas y RRHH,Sin Partner (Propio),Distancia,0,1,0,0,1,1,0,0,0,0,0,0,1,0,0,1,2,0,2
